id,default_code,active,product_tmpl_id/id,barcode,combination_indices,volume,weight,base_unit_count,x_studio_item_approved_temp,x_studio_item_approved,x_studio_item_approval_request_sent,x_studio_item_approval_request_sent_temp
product_product_id_137909,,1,Jinasena_MasterData_Stock.product_template_centric_type_pumping_unit_epc_10cj_024s,,"980,981,982,983,984,985",0.0,0.0,0.0,,,,
product_product_id_137908,,1,Jinasena_MasterData_Stock.product_template_centric_type_pumping_unit_epc_10cj_030s,,"974,975,976,977,978,979",0.0,0.0,0.0,,,,
product_product_id_130226,02BB 023,1,Jinasena_MasterData_Stock.product_template_ball_bearing_6202_2rs,02BB 023,,0.0,250.0,0.0,,,,
product_product_id_3715,10CJ 020S,1,Jinasena_MasterData_Stock.product_template_centric_type_pumping_unit_10cj_020s,10CJ 020S,"341,342,594,843,844",0.0,0.0,0.0,1,1,1,1
product_product_id_3716,10CJ 024S,1,Jinasena_MasterData_Stock.product_template_centric_type_pumping_unit_10cj_024s,10CJ 024S,"343,344,595,845,846",0.0,0.0,0.0,1,1,1,1
product_product_id_3717,10CJ 030S,1,Jinasena_MasterData_Stock.product_template_centric_type_pumping_unit_10cj_030s,10CJ 030S,"345,346,599,929,930",0.0,0.0,0.0,1,1,1,1
product_product_id_3747,200/1-W,1,Jinasena_MasterData_Stock.product_template_centric_type_pumping_unit_200_1_w,200/1-W,"431,432,433,434,871,872",0.0,0.0,0.0,,1,1,
product_product_id_137193,26EC N110T/1N-GP,1,Jinasena_MasterData_Stock.product_template_c_i_end_cover_n110t_1n_gold_painted,26EC N110T/1N-GP,,0.0,0.0,0.0,1,1,1,1
product_product_id_3779,DDH500/100,1,Jinasena_MasterData_Stock.product_template_centric_type_pumping_unit_ddh500_100_dir,DDH500/100,"561,562,563,564,565,566,899,900",0.0,0.0,0.0,1,1,1,1
product_product_id_3775,DDH500/40,1,Jinasena_MasterData_Stock.product_template_centric_type_pumping_unit_ddh500_40,DDH500/40,"537,538,539,540,541,542,891,892",0.0,0.0,0.0,1,1,1,1
product_product_id_3776,DDH500/50,1,Jinasena_MasterData_Stock.product_template_centric_type_pumping_unit_ddh500_50,DDH500/50,"543,544,545,546,547,548,893,894",0.0,0.0,0.0,1,1,1,1
product_product_id_3777,DDH500/60,1,Jinasena_MasterData_Stock.product_template_centric_type_pumping_unit_ddh500_60,DDH500/60,"549,550,551,552,553,554,895,896",0.0,0.0,0.0,1,1,1,1
product_product_id_3778,DDH500/75,1,Jinasena_MasterData_Stock.product_template_centric_type_pumping_unit_ddh500_75,DDH500/75,"555,556,557,558,559,560,897,898",0.0,0.0,0.0,1,1,1,1
product_product_id_3795,DDH600/30,1,Jinasena_MasterData_Stock.product_template_centric_type_pumping_unit_ddh600_30_dire,DDH600/30,"617,618,619,621,623,624,625,905,906",0.0,0.0,0.0,1,1,1,1
product_product_id_3796,DDH600/40,1,Jinasena_MasterData_Stock.product_template_centric_type_pumping_unit_ddh600_40_dire,DDH600/40,"626,627,628,629,630,631,632,907,908",0.0,0.0,0.0,1,1,1,1
product_product_id_3798,DDH600/60,1,Jinasena_MasterData_Stock.product_template_centric_type_pumping_unit_ddh600_60,DDH600/60,"640,641,642,643,644,645,646,911,912",0.0,0.0,0.0,1,1,1,1
product_product_id_3797,DDH600/75,1,Jinasena_MasterData_Stock.product_template_centric_type_pumping_unit_ddh600_75_dire,DDH600/75,"633,634,635,636,637,638,639,909,910",0.0,0.0,0.0,1,1,1,1
product_product_id_3808,DDI600/100,1,Jinasena_MasterData_Stock.product_template_direct_drive_high_head_6_x_6_100_hp_thre,DDI600/100,"654,656,657,658,659,660",0.0,0.0,0.0,1,1,1,1
product_product_id_3809,DDI600/120,1,Jinasena_MasterData_Stock.product_template_direct_drive_high_head_6_x_6_120_hp_thre,DDI600/120,"661,662,663,664,665,666",0.0,0.0,0.0,1,1,1,1
product_product_id_3811,DDJ300/30,1,Jinasena_MasterData_Stock.product_template_centric_type_pumping_unit_ddj300_30,DDJ300/30,"667,668,670,671,673,674,675,685,913,914",0.0,0.0,0.0,1,1,1,1
product_product_id_3813,DDJ300/40,1,Jinasena_MasterData_Stock.product_template_centric_type_pumping_unit_ddj300_40,DDJ300/40,"686,687,688,689,690,691,692,693,915,916",0.0,0.0,0.0,1,1,1,1
product_product_id_3814,DDJ300/50,1,Jinasena_MasterData_Stock.product_template_centric_type_pumping_unit_ddj300_50,DDJ300/50,"694,695,696,697,698,699,700,701",0.0,0.0,0.0,1,1,1,1
product_product_id_137385,DDM500/30,1,Jinasena_MasterData_Stock.product_template_centrifugal_water_pump_three_phase_30_hp,DDM500/30,,0.0,0.0,0.0,1,1,1,1
product_product_id_3780,DDM500/40,1,Jinasena_MasterData_Stock.product_template_centrifugal_water_pump_three_phase_40_hp,DDM500/40,"567,568,569,570,571,572,903,904",0.0,0.0,0.0,1,1,1,1
product_product_id_3758,DH200/3-W,1,Jinasena_MasterData_Stock.product_template_centric_type_pumping_unit_dh200_3_w,DH200/3-W,"465,466,467,468,879,880",0.0,0.0,0.0,1,1,1,1
product_product_id_3734,DM140/1-W,1,Jinasena_MasterData_Stock.product_template_centric_type_pumping_unit_dm140_1_w,DM140/1-W,"380,381,382,849,850",0.0,0.0,0.0,,1,1,
product_product_id_3737,DM140/3-W,1,Jinasena_MasterData_Stock.product_template_centric_type_pumping_unit_dm140_3_w,DM140/3-W,"391,393,394,395,853,854",0.0,0.0,0.0,1,1,1,1
product_product_id_3753,DM200/3-W,1,Jinasena_MasterData_Stock.product_template_centric_type_pumping_unit_dm200_3_w,DM200/3-W,"457,458,459,460,877,878",0.0,0.0,0.0,1,1,1,1
product_product_id_3721,EPC 10CJ 020S,1,Jinasena_MasterData_Stock.product_template_centric_type_pumping_unit_epc_10cj_020s,EPC 10CJ 020S,"356,357,368,598,931,932",0.0,0.0,0.0,1,1,1,1
product_product_id_3707,EPC N110T/1N,1,Jinasena_MasterData_Stock.product_template_centric_type_pumping_unit_epc_n110t_1n,EPC N110T/1N,"323,324,333,590,923,924",0.0,0.0,0.0,1,1,1,1
product_product_id_3709,EPC N115T/1N,1,Jinasena_MasterData_Stock.product_template_centric_type_pumping_unit_epc_n115t_1n,EPC N115T/1N,"327,328,329,592,927,928",0.0,0.0,0.0,1,1,1,1
product_product_id_3706,EPC PPO110/1N,1,Jinasena_MasterData_Stock.product_template_centric_type_pumping_unit_epc_ppo110_1n,EPC PPO110/1N,"321,322,332,589,921,922",0.0,0.0,0.0,1,1,1,1
product_product_id_3708,EPC PPO115/1N,1,Jinasena_MasterData_Stock.product_template_centric_type_pumping_unit_epc_ppo115_1n,EPC PPO115/1N,"325,326,334,591,925,926",0.0,0.0,0.0,1,1,1,1
product_product_id_3724,H140/1-W,1,Jinasena_MasterData_Stock.product_template_centric_type_pumping_unit_h140_1_w,H140/1-W,"363,364,365,375,847,848",0.0,0.0,0.0,,1,1,
product_product_id_3736,H140/3-W,1,Jinasena_MasterData_Stock.product_template_centric_type_pumping_unit_h140_3_w,H140/3-W,"387,388,389,390,851,852",0.0,0.0,0.0,1,1,1,1
product_product_id_3748,H200/1-W,1,Jinasena_MasterData_Stock.product_template_centric_type_pumping_unit_h200_1_w,H200/1-W,"436,437,438,439,865,866",0.0,0.0,0.0,1,1,1,1
product_product_id_3752,H200/3-W,1,Jinasena_MasterData_Stock.product_template_centric_type_pumping_unit_h200_3_w,H200/3-W,"453,454,455,456,479,875,876",0.0,0.0,0.0,1,1,1,1
product_product_id_137352,H275/3-W,1,Jinasena_MasterData_Stock.product_template_centric_type_pumping_unit_h275_3_w,H275/3-W,"769,770,771,772,773,774,775,819,820",0.0,0.0,0.0,1,1,1,1
product_product_id_3691,H300/3-W,1,Jinasena_MasterData_Stock.product_template_centric_type_pumping_unit_h300_3_w,H300/3-W,"287,290,291,410,823,824",0.0,0.0,0.0,1,1,1,1
product_product_id_3692,H315/3-W,1,Jinasena_MasterData_Stock.product_template_centric_type_pumping_unit_h315_3_w,H315/3-W,"292,294,295,411,825,826",0.0,0.0,0.0,1,1,1,1
product_product_id_3762,HM200/3-W,1,Jinasena_MasterData_Stock.product_template_centric_type_pumping_unit_hm200_3_w,HM200/3-W,"484,485,486,487,579,887,888",0.0,0.0,0.0,1,1,1,1
product_product_id_137353,I275/3-W,1,Jinasena_MasterData_Stock.product_template_centric_type_pumping_unit_i275_3_w,I275/3-W,"776,777,778,779,781,782,783,784,817,818",0.0,0.0,0.0,1,1,1,1
product_product_id_3694,I300/3-4X3-W,1,Jinasena_MasterData_Stock.product_template_centric_type_pumping_unit_i300_3_4x3_w,I300/3-4X3-W,"301,302,303,304,414,833,834",0.0,0.0,0.0,1,1,1,1
product_product_id_3773,I500/25-W,1,Jinasena_MasterData_Stock.product_template_centric_type_pumping_unit_i500_25_w,I500/25-W,"531,532,533,534,535,536,901,902",0.0,0.0,0.0,1,1,1,1
product_product_id_137354,J275/3-W,1,Jinasena_MasterData_Stock.product_template_centric_type_pumping_unit_j275_3_w,J275/3-W,"785,786,787,788,789,790,791,792,793,815,816",0.0,0.0,0.0,1,1,1,1
product_product_id_3695,J300/3-4X3-W,1,Jinasena_MasterData_Stock.product_template_centric_type_pumping_unit_j300_3_4x3_w,J300/3-4X3-W,"305,306,307,308,415,835,836",0.0,0.0,0.0,1,1,1,1
product_product_id_3693,J300/3-W,1,Jinasena_MasterData_Stock.product_template_centric_type_pumping_unit_j300_3_w,J300/3-W,"296,297,298,299,300,413,827,828",0.0,0.0,0.0,1,1,1,1
product_product_id_136394,JMC6,1,Jinasena_MasterData_Stock.product_template_multi_chopper_6hp_tractor_type,JMC6,,0.0,0.0,0.0,,,1,1
product_product_id_3744,L200/1-W,1,Jinasena_MasterData_Stock.product_template_centric_type_pumping_unit_l200_1_w,L200/1-W,"421,422,423,435,861,862",0.0,0.0,0.0,,1,1,
product_product_id_3749,L200/3-W,1,Jinasena_MasterData_Stock.product_template_centric_type_pumping_unit_l200_3_w,L200/3-W,"440,442,443,444,873,874",0.0,0.0,0.0,1,1,1,1
product_product_id_137703,L400/3-W,1,Jinasena_MasterData_Stock.product_template_centric_type_pumping_unit_l400_3_w,L400/3-W,"802,803,805,917,918",0.0,0.0,0.0,,,,
product_product_id_3733,M140/1-W,1,Jinasena_MasterData_Stock.product_template_centric_type_pumping_unit_m140_1_w,M140/1-W,"376,378,379,406,837,838",0.0,0.0,0.0,,1,1,
product_product_id_137368,M140/3-W,1,Jinasena_MasterData_Stock.product_template_centric_type_pumping_unit_m140_3_w,M140/3-W,"794,796,797,798,933,934",0.0,0.0,0.0,,,,
product_product_id_3739,M150/1,1,Jinasena_MasterData_Stock.product_template_centric_type_pumping_unit_m150_1,M150/1,"402,403,404,405,857,858",0.0,0.0,0.0,1,1,1,1
product_product_id_3740,M150/1-2X2,1,Jinasena_MasterData_Stock.product_template_centric_type_pumping_unit_m150_1_2x2,M150/1-2X2,"417,418,420,859,860",0.0,0.0,0.0,1,1,1,1
product_product_id_3745,M200/1-DV,1,Jinasena_MasterData_Stock.product_template_centric_type_pumping_unit_m200_1_dv,M200/1-DV,"424,425,426,869,870",0.0,0.0,0.0,1,1,1,1
product_product_id_3746,M200/1-W,1,Jinasena_MasterData_Stock.product_template_centric_type_pumping_unit_m200_1_w,M200/1-W,"427,428,429,430,863,864",0.0,0.0,0.0,1,1,1,1
product_product_id_3751,M200/3-W,1,Jinasena_MasterData_Stock.product_template_centric_type_pumping_unit_m200_3_w,M200/3-W,"449,450,451,452,867,868",0.0,0.0,0.0,1,1,1,1
product_product_id_137351,M275/3-W,1,Jinasena_MasterData_Stock.product_template_centric_type_pumping_unit_m275_3_w,M275/3-W,"758,759,764,765,766,767,768,821,822",0.0,0.0,0.0,1,1,1,1
product_product_id_3771,M400/3-W,1,Jinasena_MasterData_Stock.product_template_centric_type_pumping_unit_m400_3_w,M400/3-W,"516,517,518,520,521,523,889,890",0.0,0.0,0.0,1,1,1,1
product_product_id_1487,N110T/1N,1,Jinasena_MasterData_Stock.product_template_centric_type_pumping_unit_n110t_1n,N110T/1N,"811,812,829,830",0.0,0.0,1.0,,1,1,
product_product_id_3700,N115T/1N,1,Jinasena_MasterData_Stock.product_template_centric_type_pumping_unit_n115t_1n,N115T/1N,"309,310,583,839,840",0.0,0.0,0.0,1,1,1,1
product_product_id_137910,PBS PPO110/1N,1,Jinasena_MasterData_Stock.product_template_centric_type_polymer_water_pump_pbs_ppo1,PBS PPO110/1N,"986,987,988,989,990",0.0,0.0,0.0,,,,
product_product_id_137911,PBS PPO115/1N,1,Jinasena_MasterData_Stock.product_template_centric_type_polymer_water_pump_pbs_ppo1_338246,PBS PPO115/1N,"991,992,993,994,995",0.0,0.0,0.0,,,,
product_product_id_3761,PM200/3-W,1,Jinasena_MasterData_Stock.product_template_centric_type_pumping_unit_pm200_3_w,PM200/3-W,"480,481,482,483,885,886",0.0,0.0,0.0,1,1,1,1
product_product_id_3702,PPO110/1N,1,Jinasena_MasterData_Stock.product_template_centric_type_polymer_water_pump_ppo110_1,PPO110/1N,"313,314,585,831,832",0.0,0.0,0.0,1,1,1,1
product_product_id_3703,PPO115/1N,1,Jinasena_MasterData_Stock.product_template_centric_type_polymer_water_pump_ppo115_1,PPO115/1N,"315,316,586,841,842",0.0,0.0,0.0,1,1,1,1
product_product_id_3760,QH200/3-W,1,Jinasena_MasterData_Stock.product_template_centric_type_pumping_unit_qh200_3_w,QH200/3-W,"473,474,475,476,883,884",0.0,0.0,0.0,1,1,1,1
product_product_id_3759,QM200/3-W,1,Jinasena_MasterData_Stock.product_template_centric_type_pumping_unit_qm200_3_w,QM200/3-W,"470,471,472,881,882",0.0,0.0,0.0,1,1,1,1
product_product_id_3868,VIMS10-5/3,1,Jinasena_MasterData_Stock.product_template_centric_type_vims_pumping_unit_vims10_5_,VIMS10-5/3,"722,725,726,728,729,730",0.0,0.0,0.0,1,1,1,1
product_product_id_3869,VIMS10-6/3,1,Jinasena_MasterData_Stock.product_template_centric_type_vims_pumping_unit_vims10_6_,VIMS10-6/3,"731,732,733,734,735,736",0.0,0.0,0.0,1,1,1,1
product_product_id_3870,VIMS10-7/3,1,Jinasena_MasterData_Stock.product_template_centric_type_vims_pumping_unit_vims10_7_,VIMS10-7/3,"737,738,739,740,741,742",0.0,0.0,0.0,1,1,1,1
product_product_id_3871,VIMS10-8/3,1,Jinasena_MasterData_Stock.product_template_centric_type_vims_pumping_unit_vims10_8_,VIMS10-8/3,"743,744,745,746,747,748",0.0,0.0,0.0,1,1,1,1
product_product_id_137894,0.3-2-1S,1,Jinasena_MasterData_Stock.product_template_0_3hp_1phase_face_mounted_sale_motor_wit,0.3-2-1S,,0.0,0.0,0.0,,,,
product_product_id_137892,001 10061 20,1,Jinasena_MasterData_Stock.product_template_bolt_washer_assembly,001 10061 20,,0.0,0.0,0.0,,,,
product_product_id_130001,017 90800 12,1,Jinasena_MasterData_Stock.product_template_wing_nut,017 90800 12,,0.0,0.0,0.0,,,,
product_product_id_130002,01BC 030,1,Jinasena_MasterData_Stock.product_template_wire_wheel_brush_150x30mm,01BC 030,,0.0,0.0,0.0,,,,
product_product_id_130003,01BC 060,1,Jinasena_MasterData_Stock.product_template_cup_wire_brush,01BC 060,,0.0,0.0,0.0,,,,
product_product_id_130004,01BP 002,1,Jinasena_MasterData_Stock.product_template_paint_brush_1_2,01BP 002,,0.0,0.0,0.0,,,,
product_product_id_130005,01BP 004,1,Jinasena_MasterData_Stock.product_template_paint_brush_1,01BP 004,,0.0,0.0,0.0,,,,
product_product_id_130006,01BP 008,1,Jinasena_MasterData_Stock.product_template_paint_brush_2,01BP 008,,0.0,0.0,0.0,,,,
product_product_id_130007,01BW 600,1,Jinasena_MasterData_Stock.product_template_hand_wire_brush_6,01BW 600,,0.0,0.0,0.0,,,,
product_product_id_130008,01CD 070,1,Jinasena_MasterData_Stock.product_template_concreat_drill_bit_7_0mm_ss_mg,01CD 070,,0.0,0.0,0.0,,,,
product_product_id_130009,01DC 003,1,Jinasena_MasterData_Stock.product_template_centre_drill_b_s_3,01DC 003,,0.0,0.0,0.0,,,,
product_product_id_130010,01DC 004,1,Jinasena_MasterData_Stock.product_template_centre_drill_b_s_4,01DC 004,,0.0,0.0,0.0,,,,
product_product_id_130011,01DC 005,1,Jinasena_MasterData_Stock.product_template_centre_drill_b_s_5,01DC 005,,0.0,0.0,0.0,,,,
product_product_id_130012,01DC 01-13,1,Jinasena_MasterData_Stock.product_template_drill_chuck_1_13mm_tapered_mount,01DC 01-13,,0.0,0.0,0.0,,,,
product_product_id_130013,01DC 01-3/8,1,Jinasena_MasterData_Stock.product_template_drill_chuck_1_3_8_lfa_france,01DC 01-3/8,,0.0,0.0,0.0,,,,
product_product_id_130014,01DC 03-16,1,Jinasena_MasterData_Stock.product_template_drill_chuck_3_16mm_tapered_mount,01DC 03-16,,0.0,0.0,0.0,,,,
product_product_id_130015,01DL 100,1,Jinasena_MasterData_Stock.product_template_extra_length_drill_10mm,01DL 100,,0.0,0.0,0.0,,,,
product_product_id_130016,01DL 130,1,Jinasena_MasterData_Stock.product_template_extra_lenght_drill_13mm,01DL 130,,0.0,0.0,0.0,,,,
product_product_id_130017,01DL 516,1,Jinasena_MasterData_Stock.product_template_taper_shank_ext_len_1_4_inch,01DL 516,,0.0,0.0,0.0,,,,
product_product_id_130018,01DS 010,1,Jinasena_MasterData_Stock.product_template_s_s_drill_bits_1mm,01DS 010,,0.0,0.0,0.0,,,,
product_product_id_130019,01DS 020,1,Jinasena_MasterData_Stock.product_template_s_s_drill_bit2_0mm,01DS 020,,0.0,0.0,0.0,,,,
product_product_id_130020,01DS 023,1,Jinasena_MasterData_Stock.product_template_s_s_drill_bit_2_3,01DS 023,,0.0,0.0,0.0,,,,
product_product_id_130021,01DS 025,1,Jinasena_MasterData_Stock.product_template_s_s_drill_2_5mm,01DS 025,,0.0,0.0,0.0,,,,
product_product_id_130022,01DS 029,1,Jinasena_MasterData_Stock.product_template_s_s_drill_bit_2_9mm,01DS 029,,0.0,0.0,0.0,,,,
product_product_id_130023,01DS 030,1,Jinasena_MasterData_Stock.product_template_s_s_drill_bit_3mm,01DS 030,,0.0,0.0,0.0,,,,
product_product_id_130024,01DS 034,1,Jinasena_MasterData_Stock.product_template_s_s_drill_bits_3_4mm,01DS 034,,0.0,0.0,0.0,,,,
product_product_id_130025,01DS 035,1,Jinasena_MasterData_Stock.product_template_s_s_drill_bit_3_5mm,01DS 035,,0.0,0.0,0.0,,,,
product_product_id_130026,01DS 040,1,Jinasena_MasterData_Stock.product_template_h_s_s_drill_bits_4mm,01DS 040,,0.0,0.0,0.0,,,,
product_product_id_130027,01DS 042,1,Jinasena_MasterData_Stock.product_template_s_s_drill_4_2mm,01DS 042,,0.0,0.0,0.0,,,,
product_product_id_130028,01DS 045,1,Jinasena_MasterData_Stock.product_template_s_s_drill_bit_4_5mm,01DS 045,,0.0,0.0,0.0,,,,
product_product_id_130029,01DS 047,1,Jinasena_MasterData_Stock.product_template_s_s_drill_bit_4_7mm,01DS 047,,0.0,0.0,0.0,,,,
product_product_id_130030,01DS 050,1,Jinasena_MasterData_Stock.product_template_s_s_drill_bit_5_0mm,01DS 050,,0.0,0.0,0.0,,,,
product_product_id_130031,01DS 052,1,Jinasena_MasterData_Stock.product_template_s_s_drill_bit_5_2mm,01DS 052,,0.0,0.0,0.0,,,,
product_product_id_130032,01DS 055,1,Jinasena_MasterData_Stock.product_template_s_s_drill_bit_5_5mm,01DS 055,,0.0,0.0,0.0,,,,
product_product_id_130033,01DS 060,1,Jinasena_MasterData_Stock.product_template_s_s_drill_bit_6mm,01DS 060,,0.0,0.0,0.0,,,,
product_product_id_130034,01DS 064,1,Jinasena_MasterData_Stock.product_template_s_s_drill_bit_6_4mm,01DS 064,,0.0,0.0,0.0,,,,
product_product_id_130035,01DS 067,1,Jinasena_MasterData_Stock.product_template_s_s_drill_bit_6_7mm,01DS 067,,0.0,0.0,0.0,,,,
product_product_id_130036,01DS 068,1,Jinasena_MasterData_Stock.product_template_s_s_drill_6_8mm,01DS 068,,0.0,0.0,0.0,,,,
product_product_id_130037,01DS 070,1,Jinasena_MasterData_Stock.product_template_s_s_drill_bits_7mm,01DS 070,,0.0,0.0,0.0,,,,
product_product_id_130038,01DS 075,1,Jinasena_MasterData_Stock.product_template_s_s_drill_bit_7_5mm,01DS 075,,0.0,0.0,0.0,,,,
product_product_id_130039,01DS 080,1,Jinasena_MasterData_Stock.product_template_s_s_drill_bits_8_0mm,01DS 080,,0.0,0.0,0.0,,,,
product_product_id_130040,01DS 085,1,Jinasena_MasterData_Stock.product_template_s_s_drill_8_5mm,01DS 085,,0.0,0.0,0.0,,,,
product_product_id_130041,01DS 087,1,Jinasena_MasterData_Stock.product_template_s_s_drill_bits_8_7mm,01DS 087,,0.0,0.0,0.0,,,,
product_product_id_130042,01DS 088,1,Jinasena_MasterData_Stock.product_template_s_s_drill_bits_8_8mm,01DS 088,,0.0,0.0,0.0,,,,
product_product_id_130043,01DS 090,1,Jinasena_MasterData_Stock.product_template_s_s_drill_bit_9mm,01DS 090,,0.0,0.0,0.0,,,,
product_product_id_130044,01DS 100,1,Jinasena_MasterData_Stock.product_template_s_s_drill_bit_10_0mm,01DS 100,,0.0,0.0,0.0,,,,
product_product_id_130045,01DS 102,1,Jinasena_MasterData_Stock.product_template_s_s_drill_10_2mm,01DS 102,,0.0,0.0,0.0,,,,
product_product_id_130046,01DS 105,1,Jinasena_MasterData_Stock.product_template_s_s_drill_bit_10_5mm,01DS 105,,0.0,0.0,0.0,,,,
product_product_id_130047,01DS 110,1,Jinasena_MasterData_Stock.product_template_s_s_drill_bit_11_0mm,01DS 110,,0.0,0.0,0.0,,,,
product_product_id_130048,01DS 115,1,Jinasena_MasterData_Stock.product_template_s_s_drill_bit_11_5mm,01DS 115,,0.0,0.0,0.0,,,,
product_product_id_130049,01DS 120,1,Jinasena_MasterData_Stock.product_template_s_s_drill_12_0mm,01DS 120,,0.0,0.0,0.0,,,,
product_product_id_130050,01DS 125,1,Jinasena_MasterData_Stock.product_template_s_s_drill_bit_12_5mm,01DS 125,,0.0,0.0,0.0,,,,
product_product_id_130051,01DS 128,1,Jinasena_MasterData_Stock.product_template_s_s_drill_12_8mm,01DS 128,,0.0,0.0,0.0,,,,
product_product_id_130052,01DS 130,1,Jinasena_MasterData_Stock.product_template_s_s_drill_bits_13_0mm,01DS 130,,0.0,0.0,0.0,,,,
product_product_id_130053,01DS 140,1,Jinasena_MasterData_Stock.product_template_s_s_drill_bit_14mm,01DS 140,,0.0,0.0,0.0,,,,
product_product_id_130054,01DS 145,1,Jinasena_MasterData_Stock.product_template_s_s_drill_bit_14_5mm,01DS 145,,0.0,0.0,0.0,,,,
product_product_id_130055,01DS 150,1,Jinasena_MasterData_Stock.product_template_s_s_drill_bit_15_0mm,01DS 150,,0.0,0.0,0.0,,,,
product_product_id_130056,01DS 160,1,Jinasena_MasterData_Stock.product_template_s_s_drill_bit_16_0mm,01DS 160,,0.0,0.0,0.0,,,,
product_product_id_130057,01DS 508,1,Jinasena_MasterData_Stock.product_template_s_s_drill_1_8,01DS 508,,0.0,0.0,0.0,,,,
product_product_id_130058,01DS 509,1,Jinasena_MasterData_Stock.product_template_s_s_drill_9_64,01DS 509,,0.0,0.0,0.0,,,,
product_product_id_130059,01DS 512,1,Jinasena_MasterData_Stock.product_template_s_s_drill_3_16,01DS 512,,0.0,0.0,0.0,,,,
product_product_id_130060,01DS 516,1,Jinasena_MasterData_Stock.product_template_s_s_drill_1_4,01DS 516,,0.0,0.0,0.0,,,,
product_product_id_130061,01DS 521,1,Jinasena_MasterData_Stock.product_template_s_s_drill_21_64,01DS 521,,0.0,0.0,0.0,,,,
product_product_id_130062,01DS 524,1,Jinasena_MasterData_Stock.product_template_s_s_drill_3_8,01DS 524,,0.0,0.0,0.0,,,,
product_product_id_130063,01DS 532,1,Jinasena_MasterData_Stock.product_template_s_s_drill_1_2,01DS 532,,0.0,0.0,0.0,,,,
product_product_id_130064,01DS 536,1,Jinasena_MasterData_Stock.product_template_s_s_drill_9_16,01DS 536,,0.0,0.0,0.0,,,,
product_product_id_130065,01DT 060,1,Jinasena_MasterData_Stock.product_template_t_s_drill_bit_6mm,01DT 060,,0.0,0.0,0.0,,,,
product_product_id_130066,01DT 090,1,Jinasena_MasterData_Stock.product_template_t_s_drill_bits_9_0mm,01DT 090,,0.0,0.0,0.0,,,,
product_product_id_130067,01DT 105,1,Jinasena_MasterData_Stock.product_template_t_s_drill_bit_10_5mm,01DT 105,,0.0,0.0,0.0,,,,
product_product_id_130068,01DT 120,1,Jinasena_MasterData_Stock.product_template_t_s_drill_bit_12mm,01DT 120,,0.0,0.0,0.0,,,,
product_product_id_130069,01DT 125,1,Jinasena_MasterData_Stock.product_template_t_s_drill_bits_12_5mm,01DT 125,,0.0,0.0,0.0,,,,
product_product_id_130070,01DT 140,1,Jinasena_MasterData_Stock.product_template_t_s_drill_14_0mm,01DT 140,,0.0,0.0,0.0,,,,
product_product_id_130071,01DT 150,1,Jinasena_MasterData_Stock.product_template_t_s_drill_bits_15_0mm,01DT 150,,0.0,0.0,0.0,,,,
product_product_id_130072,01DT 160,1,Jinasena_MasterData_Stock.product_template_t_s_drill_bits_16_0mm,01DT 160,,0.0,0.0,0.0,,,,
product_product_id_130073,01DT 165,1,Jinasena_MasterData_Stock.product_template_t_shank_drill_bit_16_5mm,01DT 165,,0.0,0.0,0.0,,,,
product_product_id_130074,01DT 170,1,Jinasena_MasterData_Stock.product_template_t_s_drill_bits_17_0mm,01DT 170,,0.0,0.0,0.0,,,,
product_product_id_130075,01DT 180,1,Jinasena_MasterData_Stock.product_template_drill_bits_18_mm,01DT 180,,0.0,0.0,0.0,,,,
product_product_id_130076,01DT 190,1,Jinasena_MasterData_Stock.product_template_t_s_drill_bits_19_0mm,01DT 190,,0.0,0.0,0.0,,,,
product_product_id_130077,01DT 200,1,Jinasena_MasterData_Stock.product_template_t_s_drillbit_20mm,01DT 200,,0.0,0.0,0.0,,,,
product_product_id_130078,01DT 205,1,Jinasena_MasterData_Stock.product_template_t_s_drill_bits_20_5mm,01DT 205,,0.0,0.0,0.0,,,,
product_product_id_130079,01DT 210,1,Jinasena_MasterData_Stock.product_template_t_s_drill_bit_21_0mm,01DT 210,,0.0,0.0,0.0,,,,
product_product_id_130080,01DT 220,1,Jinasena_MasterData_Stock.product_template_t_s_drillbit_22mm,01DT 220,,0.0,0.0,0.0,,,,
product_product_id_130081,01DT 230,1,Jinasena_MasterData_Stock.product_template_t_s_drill_bit_23_0mm,01DT 230,,0.0,0.0,0.0,,,,
product_product_id_130082,01DT 240,1,Jinasena_MasterData_Stock.product_template_t_s_drill_bit_24_0mm,01DT 240,,0.0,0.0,0.0,,,,
product_product_id_130083,01DT 250,1,Jinasena_MasterData_Stock.product_template_t_s_drill_bit_25_0mm,01DT 250,,0.0,0.0,0.0,,,,
product_product_id_130084,01DT 255,1,Jinasena_MasterData_Stock.product_template_t_s_drill_bits_25_5mm,01DT 255,,0.0,0.0,0.0,,,,
product_product_id_130085,01DT 260,1,Jinasena_MasterData_Stock.product_template_t_s_drill_bit_26_0mm,01DT 260,,0.0,0.0,0.0,,,,
product_product_id_130086,01DT 265,1,Jinasena_MasterData_Stock.product_template_t_s_drill_bits_26_5mm,01DT 265,,0.0,0.0,0.0,,,,
product_product_id_130087,01DT 280,1,Jinasena_MasterData_Stock.product_template_t_s_drill_bit_28_0mm,01DT 280,,0.0,0.0,0.0,,,,
product_product_id_130088,01DT 290,1,Jinasena_MasterData_Stock.product_template_t_s_drill_bit_29_0mm,01DT 290,,0.0,0.0,0.0,,,,
product_product_id_130089,01DT 300,1,Jinasena_MasterData_Stock.product_template_t_s_drill_bit_30_0mm,01DT 300,,0.0,0.0,0.0,,,,
product_product_id_130090,01DT 320,1,Jinasena_MasterData_Stock.product_template_t_s_drill_bit_32_0mm,01DT 320,,0.0,0.0,0.0,,,,
product_product_id_130091,01DT 350,1,Jinasena_MasterData_Stock.product_template_t_s_drill_bit_35_0mm,01DT 350,,0.0,0.0,0.0,,,,
product_product_id_130092,01DT 360,1,Jinasena_MasterData_Stock.product_template_t_s_drill_bit_36_0mm,01DT 360,,0.0,0.0,0.0,,,,
product_product_id_130093,01DT 390,1,Jinasena_MasterData_Stock.product_template_t_s_drill_bit_39_0mm,01DT 390,,0.0,0.0,0.0,,,,
product_product_id_130094,01DT 500,1,Jinasena_MasterData_Stock.product_template_t_s_drill_bit_50_0mm,01DT 500,,0.0,0.0,0.0,,,,
product_product_id_130095,01DT 516,1,Jinasena_MasterData_Stock.product_template_t_s_drill_1_4,01DT 516,,0.0,0.0,0.0,,,,
product_product_id_130096,01DT 517,1,Jinasena_MasterData_Stock.product_template_t_s_drill_17_64,01DT 517,,0.0,0.0,0.0,,,,
product_product_id_130097,01DT 544,1,Jinasena_MasterData_Stock.product_template_t_s_drill_11_16,01DT 544,,0.0,0.0,0.0,,,,
product_product_id_130098,01DT 548,1,Jinasena_MasterData_Stock.product_template_t_s_drill_3_4,01DT 548,,0.0,0.0,0.0,,,,
product_product_id_137836,01DT 549,1,Jinasena_MasterData_Stock.product_template_t_s_drill_49_64,01DT 549,,0.0,0.0,0.0,,,,
product_product_id_130099,01DT 556,1,Jinasena_MasterData_Stock.product_template_t_s_drill_7_8,01DT 556,,0.0,0.0,0.0,,,,
product_product_id_130100,01DT 558,1,Jinasena_MasterData_Stock.product_template_t_s_drill_29_32,01DT 558,,0.0,0.0,0.0,,,,
product_product_id_130101,01DT 564,1,Jinasena_MasterData_Stock.product_template_t_s_drill_1,01DT 564,,0.0,0.0,0.0,,,,
product_product_id_130102,01DT 580,1,Jinasena_MasterData_Stock.product_template_t_s_drill_1_1_4,01DT 580,,0.0,0.0,0.0,,,,
product_product_id_130103,01ED 001,1,Jinasena_MasterData_Stock.product_template_electric_hand_drill,01ED 001,,0.0,0.0,0.0,,,,
product_product_id_130104,01FF 061,1,Jinasena_MasterData_Stock.product_template_files_flat_6_rough,01FF 061,,0.0,0.0,0.0,,,,
product_product_id_130105,01FF 062,1,Jinasena_MasterData_Stock.product_template_files_flat_6_smooth,01FF 062,,0.0,0.0,0.0,,,,
product_product_id_130106,01FF 081,1,Jinasena_MasterData_Stock.product_template_files_flat_8_rough,01FF 081,,0.0,0.0,0.0,,,,
product_product_id_130107,01FF 121,1,Jinasena_MasterData_Stock.product_template_files_flat_12_rough,01FF 121,,0.0,0.0,0.0,,,,
product_product_id_130108,01FF 141,1,Jinasena_MasterData_Stock.product_template_files_flat_14_rough,01FF 141,,0.0,0.0,0.0,,,,
product_product_id_130109,01FH 101,1,Jinasena_MasterData_Stock.product_template_files_h_rd_10_rough,01FH 101,,0.0,0.0,0.0,,,,
product_product_id_130110,01FR 061,1,Jinasena_MasterData_Stock.product_template_file_rd_3_16_6_rough,01FR 061,,0.0,0.0,0.0,,,,
product_product_id_130111,01FR 101,1,Jinasena_MasterData_Stock.product_template_file_rd_5_16_10_rough,01FR 101,,0.0,0.0,0.0,,,,
product_product_id_130112,01FR 121,1,Jinasena_MasterData_Stock.product_template_file_rd_3_8_12_rough,01FR 121,,0.0,0.0,0.0,,,,
product_product_id_130113,01GA 132,1,Jinasena_MasterData_Stock.product_template_01ga_132_grinding_wheel_125x6x22,01GA 132,,0.0,0.0,0.0,,,,
product_product_id_130114,01GA 135,1,Jinasena_MasterData_Stock.product_template_grinding_wheel_100x6x16_mm,01GA 135,,0.0,0.0,0.0,,,,
product_product_id_130115,01GA 136,1,Jinasena_MasterData_Stock.product_template_grinding_disc_115x6x22_mm,01GA 136,,0.0,0.0,0.0,,,,
product_product_id_130116,01GP 026,1,Jinasena_MasterData_Stock.product_template_rotary_grinding_m_stone,01GP 026,,0.0,0.0,0.0,,,,
product_product_id_130117,01GR 050,1,Jinasena_MasterData_Stock.product_template_cutting_wheels_4_x1_8_x5_8,01GR 050,,0.0,0.0,0.0,,,,
product_product_id_130118,01GR 054,1,Jinasena_MasterData_Stock.product_template_cutting_disc_14_x_1_8_x_1,01GR 054,,0.0,0.0,0.0,,,,
product_product_id_130119,01GR 091,1,Jinasena_MasterData_Stock.product_template_cutting_disc_16_x1_x1_8,01GR 091,,0.0,0.0,0.0,,,,
product_product_id_130120,01GR 096,1,Jinasena_MasterData_Stock.product_template_cutting_disc_100_x_0_8_x_16_mm,01GR 096,,0.0,0.0,0.0,,,,
product_product_id_130121,01GR 097,1,Jinasena_MasterData_Stock.product_template_cutting_disc_4_1_2_x_1_16_x_7_8,01GR 097,,0.0,0.0,0.0,,,,
product_product_id_130122,01GR 098,1,Jinasena_MasterData_Stock.product_template_cup_lighter_stone,01GR 098,,0.0,0.0,0.0,,,,
product_product_id_130123,01GW 002,1,Jinasena_MasterData_Stock.product_template_grinding_wheels_200x25x31_75,01GW 002,,0.0,0.0,0.0,,,,
product_product_id_130124,01GW 013,1,Jinasena_MasterData_Stock.product_template_grinding_wheel_100x6x16mm,01GW 013,,0.0,0.0,0.0,,,,
product_product_id_130125,01GW 014,1,Jinasena_MasterData_Stock.product_template_cup_grinding_wheel_100x40x3l2,01GW 014,,0.0,0.0,0.0,,,,
product_product_id_130126,01GW 083,1,Jinasena_MasterData_Stock.product_template_grinding_wheel_150x25x31_75,01GW 083,,0.0,0.0,0.0,,,,
product_product_id_130127,01GW 300,1,Jinasena_MasterData_Stock.product_template_grinding_wheel_300x40x50_8mmm_aj,01GW 300,,0.0,0.0,0.0,,,,
product_product_id_130129,01GW FD-P100,1,Jinasena_MasterData_Stock.product_template_flap_disk_100x16xp100,01GW FD-P100,,0.0,0.0,0.0,,,,
product_product_id_130130,01GW FD-P120,1,Jinasena_MasterData_Stock.product_template_flap_disk_100x16xp120,01GW FD-P120,,0.0,0.0,0.0,,,,
product_product_id_130128,01GW FD115-P80,1,Jinasena_MasterData_Stock.product_template_flap_disk_115x22_2mmxp80,01GW FD115-P80,,0.0,0.0,0.0,,,,
product_product_id_130131,01HB 141,1,Jinasena_MasterData_Stock.product_template_hack_saw_blade_10t_350x25x1_25,01HB 141,,0.0,0.0,0.0,,,,
product_product_id_130132,01IS 162,1,Jinasena_MasterData_Stock.product_template_sq_tool_bits_hss_1_4_x2,01IS 162,,0.0,0.0,0.0,,,,
product_product_id_130133,01IS 243,1,Jinasena_MasterData_Stock.product_template_hss_parting_tool_blade_3_32_x_5_8_x_5,01IS 243,,0.0,0.0,0.0,,,,
product_product_id_130134,01IS 246,1,Jinasena_MasterData_Stock.product_template_hss_parting_tool_blade_1_8_x5_8_x_5,01IS 246,,0.0,0.0,0.0,,,,
product_product_id_130135,01IS 248,1,Jinasena_MasterData_Stock.product_template_hss_parting_tool_blade_1_8_x3_4_x6,01IS 248,,0.0,0.0,0.0,,,,
product_product_id_130136,01IS 327,1,Jinasena_MasterData_Stock.product_template_sq_tool_bits_hss_1_2_x7,01IS 327,,0.0,0.0,0.0,,,,
product_product_id_130137,01IS 3838,1,Jinasena_MasterData_Stock.product_template_square_tool_bit_3_8_x3_8_x2,01IS 3838,,0.0,0.0,0.0,,,,
product_product_id_137837,01IS 6X100,1,Jinasena_MasterData_Stock.product_template_sq_tool_bit_6x100mm,01IS 6X100,,0.0,0.0,0.0,,,,
product_product_id_130138,01ME 203,1,Jinasena_MasterData_Stock.product_template_2flute_end_mill_3mm,01ME 203,,0.0,0.0,0.0,,,,
product_product_id_130139,01ME 204,1,Jinasena_MasterData_Stock.product_template_2flute_end_mill_4mm,01ME 204,,0.0,0.0,0.0,,,,
product_product_id_130140,01ME 205,1,Jinasena_MasterData_Stock.product_template_2flute_end_mill_5mm,01ME 205,,0.0,0.0,0.0,,,,
product_product_id_130141,01ME 206,1,Jinasena_MasterData_Stock.product_template_2flute_end_mill_6mm,01ME 206,,0.0,0.0,0.0,,,,
product_product_id_130142,01ME 208,1,Jinasena_MasterData_Stock.product_template_2flute_end_mill_8mm,01ME 208,,0.0,0.0,0.0,,,,
product_product_id_130143,01ME 210,1,Jinasena_MasterData_Stock.product_template_2flute_end_mill_10mm,01ME 210,,0.0,0.0,0.0,,,,
product_product_id_130144,01ME 212,1,Jinasena_MasterData_Stock.product_template_2flute_end_mill_12mm,01ME 212,,0.0,0.0,0.0,,,,
product_product_id_130145,01ME 216,1,Jinasena_MasterData_Stock.product_template_end_mie_two_flutes_16mm,01ME 216,,0.0,0.0,0.0,,,,
product_product_id_130146,01ME 220,1,Jinasena_MasterData_Stock.product_template_end_mill_20mm_2_flute,01ME 220,,0.0,0.0,0.0,,,,
product_product_id_130147,01NM 003,1,Jinasena_MasterData_Stock.product_template_dies_hss_rnd_m_3_0_5mm,01NM 003,,0.0,0.0,0.0,,,,
product_product_id_130148,01NM 004,1,Jinasena_MasterData_Stock.product_template_dies_hss_rnd_m_4_0_7,01NM 004,,0.0,0.0,0.0,,,,
product_product_id_130149,01NM 005,1,Jinasena_MasterData_Stock.product_template_dies_hss_rnd_m_5_0_8,01NM 005,,0.0,0.0,0.0,,,,
product_product_id_130150,01NM 006,1,Jinasena_MasterData_Stock.product_template_dies_hss_rnd_m_6_1_0,01NM 006,,0.0,0.0,0.0,,,,
product_product_id_130151,01NM 008,1,Jinasena_MasterData_Stock.product_template_dies_hss_rnd_m_8_1_25,01NM 008,,0.0,0.0,0.0,,,,
product_product_id_130152,01NM 010,1,Jinasena_MasterData_Stock.product_template_dies_hss_rnd_m_10_1_5,01NM 010,,0.0,0.0,0.0,,,,
product_product_id_130153,01NM 012,1,Jinasena_MasterData_Stock.product_template_dies_hss_rnd_m_12_1_75m,01NM 012,,0.0,0.0,0.0,,,,
product_product_id_130154,01NM 014,1,Jinasena_MasterData_Stock.product_template_dies_hss_rnd_m_14_2_0mm,01NM 014,,0.0,0.0,0.0,,,,
product_product_id_130155,01NM 016,1,Jinasena_MasterData_Stock.product_template_dies_hss_rnd_m_16_2_0mm,01NM 016,,0.0,0.0,0.0,,,,
product_product_id_130156,01NW 603,1,Jinasena_MasterData_Stock.product_template_dies_hss_hex_bsw_3_16,01NW 603,,0.0,0.0,0.0,,,,
product_product_id_130157,01NW 608,1,Jinasena_MasterData_Stock.product_template_dies_hss_hex_bsw_1_2,01NW 608,,0.0,0.0,0.0,,,,
product_product_id_130158,01RM 180,1,Jinasena_MasterData_Stock.product_template_reamer_m_c_hss_18mm_t_s,01RM 180,,0.0,0.0,0.0,,,,
product_product_id_130159,01RM 250,1,Jinasena_MasterData_Stock.product_template_reamer_m_c_hss_25mm_t_s,01RM 250,,0.0,0.0,0.0,,,,
product_product_id_130160,01SF 120,1,Jinasena_MasterData_Stock.product_template_hack_saw_frame_12,01SF 120,,0.0,0.0,0.0,,,,
product_product_id_130161,01SH 521,1,Jinasena_MasterData_Stock.product_template_hacksaw_blades_12_x1_2,01SH 521,,0.0,0.0,0.0,,,,
product_product_id_130162,01SP 624,1,Jinasena_MasterData_Stock.product_template_power_saw_blade_14_x_1_x_14t,01SP 624,,0.0,0.0,0.0,,,,
product_product_id_137838,01TF 016,1,Jinasena_MasterData_Stock.product_template_taps_h_s_s_spr_m16x1_5mm,01TF 016,,0.0,0.0,0.0,,,,
product_product_id_130163,01TF 2-910,1,Jinasena_MasterData_Stock.product_template_tap_sets_10x1_25mm_hss,01TF 2-910,,0.0,0.0,0.0,,,,
product_product_id_130164,01TF 2-912,1,Jinasena_MasterData_Stock.product_template_tap_set_hss_12x1_5mm,01TF 2-912,,0.0,0.0,0.0,,,,
product_product_id_130165,01TM 006,1,Jinasena_MasterData_Stock.product_template_taps_hss_spr_m_6x1_0mm,01TM 006,,0.0,0.0,0.0,,,,
product_product_id_130166,01TM 008,1,Jinasena_MasterData_Stock.product_template_taps_hss_spr_m_8x1_25mm_spo,01TM 008,,0.0,0.0,0.0,,,,
product_product_id_130167,01TM 010,1,Jinasena_MasterData_Stock.product_template_spiral_tap_10x1_5_mm,01TM 010,,0.0,0.0,0.0,,,,
product_product_id_130168,01TM 012,1,Jinasena_MasterData_Stock.product_template_taps_hss_spr_m_12x1_75m_spo,01TM 012,,0.0,0.0,0.0,,,,
product_product_id_130169,01TM 016,1,Jinasena_MasterData_Stock.product_template_taps_hss_spr_m_16x2_0mm_spo,01TM 016,,0.0,0.0,0.0,,,,
product_product_id_130170,01TM 020,1,Jinasena_MasterData_Stock.product_template_taps_hss_spr_m_20x2_5mm,01TM 020,,0.0,0.0,0.0,,,,
product_product_id_130171,01TM 105,1,Jinasena_MasterData_Stock.product_template_taps_hss_1st_m_5x0_8,01TM 105,,0.0,0.0,0.0,,,,
product_product_id_130172,01TM 114,1,Jinasena_MasterData_Stock.product_template_taps_hss_1st_m_14x2_0mm,01TM 114,,0.0,0.0,0.0,,,,
product_product_id_130173,01TM 904,1,Jinasena_MasterData_Stock.product_template_tap_set_4x0_7mm_h_s_s,01TM 904,,0.0,0.0,0.0,,,,
product_product_id_130174,01TM 908,1,Jinasena_MasterData_Stock.product_template_tap_set_8x1_25mm_h_s_s,01TM 908,,0.0,0.0,0.0,,,,
product_product_id_130175,01TM PO-008,1,Jinasena_MasterData_Stock.product_template_spiral_fluted_tap_8x1_25,01TM PO-008,,0.0,0.0,0.0,,,,
product_product_id_130176,01TM PO-010,1,Jinasena_MasterData_Stock.product_template_spirel_pointed_tap_10x1_5mm,01TM PO-010,,0.0,0.0,0.0,,,,
product_product_id_130177,01TM SB012,1,Jinasena_MasterData_Stock.product_template_br_tap_spl_12x1_75mm,01TM SB012,,0.0,0.0,0.0,,,,
product_product_id_130178,01TM SF-006,1,Jinasena_MasterData_Stock.product_template_6x1_0mm_spiral_taps,01TM SF-006,,0.0,0.0,0.0,,,,
product_product_id_130179,01TP 604,1,Jinasena_MasterData_Stock.product_template_taps_hss_1st_bsp_1_4,01TP 604,,0.0,0.0,0.0,,,,
product_product_id_130180,01TP 813,1,Jinasena_MasterData_Stock.product_template_hand_tap_3_8_unf,01TP 813,,0.0,0.0,0.0,,,,
product_product_id_130181,01TU 606,1,Jinasena_MasterData_Stock.product_template_taps_hss_1st_unf_3_8,01TU 606,,0.0,0.0,0.0,,,,
product_product_id_130182,01TU 610,1,Jinasena_MasterData_Stock.product_template_taps_hss_1st_unf_5_8,01TU 610,,0.0,0.0,0.0,,,,
product_product_id_130183,01TU 710,1,Jinasena_MasterData_Stock.product_template_taps_hss_2nd_unf_5_8,01TU 710,,0.0,0.0,0.0,,,,
product_product_id_130184,01TU 810,1,Jinasena_MasterData_Stock.product_template_taps_hss_3rd_unf_5_8,01TU 810,,0.0,0.0,0.0,,,,
product_product_id_137839,01TU 910,1,Jinasena_MasterData_Stock.product_template_tap_set_5_8_x18_unf_h_s_s,01TU 910,,0.0,0.0,0.0,,,,
product_product_id_130185,01WC 121,1,Jinasena_MasterData_Stock.product_template_tc_tips_brz_c12_k20,01WC 121,,0.0,0.0,0.0,,,,
product_product_id_130186,01WC 124,1,Jinasena_MasterData_Stock.product_template_tc_tips_brz_c12_p30,01WC 124,,0.0,0.0,0.0,,,,
product_product_id_130187,01WC 161,1,Jinasena_MasterData_Stock.product_template_tc_tips_brz_c16_k20,01WC 161,,0.0,0.0,0.0,,,,
product_product_id_130188,01WC 164,1,Jinasena_MasterData_Stock.product_template_tc_tips_brz_c16_p30,01WC 164,,0.0,0.0,0.0,,,,
product_product_id_130189,01WC 168,1,Jinasena_MasterData_Stock.product_template_brazed_tip_t_c_cr16_h13a,01WC 168,,0.0,0.0,0.0,,,,
product_product_id_130190,01WC 201,1,Jinasena_MasterData_Stock.product_template_t_c_tip_brz_c20_k20,01WC 201,,0.0,0.0,0.0,,,,
product_product_id_130191,01WC 204,1,Jinasena_MasterData_Stock.product_template_t_c_tip_brz_c20_p30,01WC 204,,0.0,0.0,0.0,,,,
product_product_id_130192,01WC 206,1,Jinasena_MasterData_Stock.product_template_brazed_tip_t_c_c20_h13a,01WC 206,,0.0,0.0,0.0,,,,
product_product_id_130193,01WC 207,1,Jinasena_MasterData_Stock.product_template_brazed_tip_t_c_c20_s4_p30,01WC 207,,0.0,0.0,0.0,,,,
product_product_id_130194,01WD 031,1,Jinasena_MasterData_Stock.product_template_tc_tips_brz_d3_k20,01WD 031,,0.0,0.0,0.0,,,,
product_product_id_130195,01WD 034,1,Jinasena_MasterData_Stock.product_template_d3_s4_p30_carb_tip,01WD 034,,0.0,0.0,0.0,,,,
product_product_id_130196,01WD 041,1,Jinasena_MasterData_Stock.product_template_tc_tips_brz_d4_k20,01WD 041,,0.0,0.0,0.0,,,,
product_product_id_130197,01WD 044,1,Jinasena_MasterData_Stock.product_template_d4_s4_p30_carb_tip,01WD 044,,0.0,0.0,0.0,,,,
product_product_id_130198,01WJ 121,1,Jinasena_MasterData_Stock.product_template_tc_tips_brz_cr12_k20,01WJ 121,,0.0,0.0,0.0,,,,
product_product_id_130199,01WJ 201,1,Jinasena_MasterData_Stock.product_template_cr20_k20_brz_tips_v_grooved_b_type,01WJ 201,,0.0,0.0,0.0,,,,
product_product_id_130200,01WJ 251,1,Jinasena_MasterData_Stock.product_template_t_c_tip_brazed_cr25k20,01WJ 251,,0.0,0.0,0.0,,,,
product_product_id_137840,01WK 171,1,Jinasena_MasterData_Stock.product_template_t_c_tips_brz_yg6_pcs,01WK 171,,0.0,0.0,0.0,,,,
product_product_id_130201,01WP 327,1,Jinasena_MasterData_Stock.product_template_turning_insert_snmm190612r6_tp40,01WP 327,,0.0,0.0,0.0,,,,
product_product_id_130202,01WP 603,1,Jinasena_MasterData_Stock.product_template_dnmg_150604_k15,01WP 603,,0.0,0.0,0.0,,,,
product_product_id_130203,01WQ 525,1,Jinasena_MasterData_Stock.product_template_t_max_p10_knux_160410,01WQ 525,,0.0,0.0,0.0,,,,
product_product_id_130204,01WS 214,1,Jinasena_MasterData_Stock.product_template_t_max_p30_spkn_1203_edr,01WS 214,,0.0,0.0,0.0,,,,
product_product_id_130205,01WS 252,1,Jinasena_MasterData_Stock.product_template_t_max_k15_spkn_12_03edr,01WS 252,,0.0,0.0,0.0,,,,
product_product_id_130206,01WS 432,1,Jinasena_MasterData_Stock.product_template_spun_120312_k10,01WS 432,,0.0,0.0,0.0,,,,
product_product_id_130207,01WT 411,1,Jinasena_MasterData_Stock.product_template_t_max_k20_tpun_160312,01WT 411,,0.0,0.0,0.0,,,,
product_product_id_130208,01WT 419,1,Jinasena_MasterData_Stock.product_template_insert_t_c_spgn_12_03_08_h1p,01WT 419,,0.0,0.0,0.0,,,,
product_product_id_130209,01WT 442,1,Jinasena_MasterData_Stock.product_template_t_max_k15_tpan_1603_pp,01WT 442,,0.0,0.0,0.0,,,,
product_product_id_130210,01WT 444,1,Jinasena_MasterData_Stock.product_template_t_max_p30_tpan_1603_pp,01WT 444,,0.0,0.0,0.0,,,,
product_product_id_130211,01WT 491,1,Jinasena_MasterData_Stock.product_template_t_max_k20_tnun_160308,01WT 491,,0.0,0.0,0.0,,,,
product_product_id_130212,01WT 741,1,Jinasena_MasterData_Stock.product_template_t_max_k20_tpkn_2204_pdr,01WT 741,,0.0,0.0,0.0,,,,
product_product_id_130213,01WT 744,1,Jinasena_MasterData_Stock.product_template_t_max_p30_tpkn_2204_pdr,01WT 744,,0.0,0.0,0.0,,,,
product_product_id_130214,01XA 059,1,Jinasena_MasterData_Stock.product_template_parting_tool_holder_kgmr2525_kyocera,01XA 059,,0.0,0.0,0.0,,,,
product_product_id_130215,01ZC 008,1,Jinasena_MasterData_Stock.product_template_chisel_1_2,01ZC 008,,0.0,0.0,0.0,,,,
product_product_id_130216,01ZC 012,1,Jinasena_MasterData_Stock.product_template_chisel_3_4,01ZC 012,,0.0,0.0,0.0,,,,
product_product_id_130217,01ZC 016,1,Jinasena_MasterData_Stock.product_template_chisel_1,01ZC 016,,0.0,0.0,0.0,,,,
product_product_id_130218,023 02501 10,1,Jinasena_MasterData_Stock.product_template_spacer_ey20_327145,023 02501 10,,0.0,0.0,0.0,,,,
product_product_id_130219,023 02501 30,1,Jinasena_MasterData_Stock.product_template_spacer_ey20,023 02501 30,,0.0,0.0,0.0,,,,
product_product_id_130220,02BB 002,1,Jinasena_MasterData_Stock.product_template_ball_bearing_rls5,02BB 002,,0.0,0.34,0.0,,,,
product_product_id_130221,02BB 018,1,Jinasena_MasterData_Stock.product_template_ball_bearing_6004,02BB 018,,0.0,0.0,0.0,,,,
product_product_id_130222,02BB 019,1,Jinasena_MasterData_Stock.product_template_ball_bearing_6005,02BB 019,,0.0,0.0,0.0,,,,
product_product_id_130223,02BB 020,1,Jinasena_MasterData_Stock.product_template_ball_bearing_6200_2rs,02BB 020,,0.0,0.0,0.0,,,,
product_product_id_130224,02BB 021,1,Jinasena_MasterData_Stock.product_template_ball_bearing_6201_2rs_327151,02BB 021,,0.0,0.0,0.0,,,,
product_product_id_130225,02BB 022,1,Jinasena_MasterData_Stock.product_template_ball_bearing_6201_2rs,02BB 022,,0.0,0.0,0.0,,,,
product_product_id_137608,02BB 023,1,Jinasena_MasterData_Stock.product_template_ball_bearing_6202_2rs_335871,02BB 023,,0.0,0.0,0.0,,,,
product_product_id_130227,02BB 025,1,Jinasena_MasterData_Stock.product_template_ball_bearing_6203_2rs,02BB 025,,0.0,350.0,0.0,,,,
product_product_id_130228,02BB 028,1,Jinasena_MasterData_Stock.product_template_ball_bearing_6204_2rs,02BB 028,,0.0,0.0,0.0,,,,
product_product_id_130229,02BB 030,1,Jinasena_MasterData_Stock.product_template_ball_bearing_6205_2rs,02BB 030,,0.0,0.0,0.0,,,,
product_product_id_130230,02BB 033,1,Jinasena_MasterData_Stock.product_template_ball_bearing_6206_2rs,02BB 033,,0.0,0.0,0.0,,,,
product_product_id_130231,02BB 042,1,Jinasena_MasterData_Stock.product_template_ball_bearing_6210,02BB 042,,0.0,0.0,0.0,,,,
product_product_id_130232,02BB 044,1,Jinasena_MasterData_Stock.product_template_ball_bearing_6304_2rs,02BB 044,,0.0,0.0,0.0,,,,
product_product_id_130233,02BB 046,1,Jinasena_MasterData_Stock.product_template_ball_bearing_6305_2rs,02BB 046,,0.0,0.0,0.0,,,,
product_product_id_130234,02BB 047,1,Jinasena_MasterData_Stock.product_template_single_trush_bearing_51102_nac,02BB 047,,0.0,0.0,0.0,,,,
product_product_id_130235,02BB 048,1,Jinasena_MasterData_Stock.product_template_ball_bearing_6306_2rs,02BB 048,,0.0,0.0,0.0,,,,
product_product_id_130236,02BB 049,1,Jinasena_MasterData_Stock.product_template_single_trush_bearing_51104_na,02BB 049,,0.0,0.0,0.0,,,,
product_product_id_130237,02BB 051,1,Jinasena_MasterData_Stock.product_template_ball_bearing_6308_2rs,02BB 051,,0.0,0.0,0.0,,,,
product_product_id_130238,02BB 058,1,Jinasena_MasterData_Stock.product_template_30205_j_bearing,02BB 058,,0.0,0.0,0.0,,,,
product_product_id_130239,02BB 063,1,Jinasena_MasterData_Stock.product_template_ball_bearing_6309_2rs,02BB 063,,0.0,0.0,0.0,,,,
product_product_id_130240,02BB 065,1,Jinasena_MasterData_Stock.product_template_ball_bearing_6209_2rs,02BB 065,,0.0,0.0,0.0,,,,
product_product_id_130241,02BB 075,1,Jinasena_MasterData_Stock.product_template_ball_bearing_6307,02BB 075,,0.0,0.0,0.0,,,,
product_product_id_130242,02BB 076,1,Jinasena_MasterData_Stock.product_template_ball_bearing_6307_2rs,02BB 076,,0.0,0.0,0.0,,,,
product_product_id_130243,02BB 080,1,Jinasena_MasterData_Stock.product_template_ball_bearing_6303_2rs,02BB 080,,0.0,0.0,0.0,,,,
product_product_id_130244,02BB 081,1,Jinasena_MasterData_Stock.product_template_ball_racer_with_housing_ucfc207,02BB 081,,0.0,0.0,0.0,,,,
product_product_id_130245,02BB 088,1,Jinasena_MasterData_Stock.product_template_ball_bearing_627_2rs,02BB 088,,0.0,0.0,0.0,,,,
product_product_id_137841,02BB 30211,1,Jinasena_MasterData_Stock.product_template_roller_bearing_30211,02BB 30211,,0.0,0.0,0.0,,,,
product_product_id_130248,02BB 320-32X,1,Jinasena_MasterData_Stock.product_template_taper_roller_bearing_320_32x,02BB 320-32X,,0.0,0.0,0.0,,,,
product_product_id_130246,02BB 32004X,1,Jinasena_MasterData_Stock.product_template_taper_roller_bearings_32004x,02BB 32004X,,0.0,0.0,0.0,,,,
product_product_id_130247,02BB 32007X,1,Jinasena_MasterData_Stock.product_template_32007x_taper_roller_bearings,02BB 32007X,,0.0,0.0,0.0,,,,
product_product_id_130249,02BB 32304,1,Jinasena_MasterData_Stock.product_template_taper_roller_bearing_32304_hrb,02BB 32304,,0.0,0.0,0.0,,,,
product_product_id_130250,02BB 51204,1,Jinasena_MasterData_Stock.product_template_single_trush_bearing_51204_nac,02BB 51204,,0.0,0.0,0.0,,,,
product_product_id_130251,02BB 5304,1,Jinasena_MasterData_Stock.product_template_ball_bearing_5304,02BB 5304,,0.0,0.0,0.0,,,,
product_product_id_130252,02BB 6003,1,Jinasena_MasterData_Stock.product_template_ball_racer_6003_2rs,02BB 6003,,0.0,0.0,0.0,,,,
product_product_id_130253,02BB 6006,1,Jinasena_MasterData_Stock.product_template_ball_bearing_6006,02BB 6006,,0.0,0.0,0.0,,,,
product_product_id_130254,02BB 6007,1,Jinasena_MasterData_Stock.product_template_clutch_bearing_6007_for_rc_gt8_62x35x14,02BB 6007,,0.0,0.0,0.0,,,,
product_product_id_130255,02BB 608,1,Jinasena_MasterData_Stock.product_template_ball_bearing_608z,02BB 608,,0.0,0.0,0.0,,,,
product_product_id_130256,02BB 6202,1,Jinasena_MasterData_Stock.product_template_ball_bearing_6202_zz,02BB 6202,,0.0,0.0,0.0,,,,
product_product_id_130257,02BB 6301,1,Jinasena_MasterData_Stock.product_template_ball_racer_6301_2rs,02BB 6301,,0.0,0.0,0.0,,,,
product_product_id_130258,02BB 7205,1,Jinasena_MasterData_Stock.product_template_taper_roller_bearing_7205,02BB 7205,,0.0,0.0,0.0,,,,
product_product_id_130259,02BB 7206-B,1,Jinasena_MasterData_Stock.product_template_anguler_contact_bearing_7206_b,02BB 7206-B,,0.0,0.0,0.0,,,,
product_product_id_130260,02BB 7306E,1,Jinasena_MasterData_Stock.product_template_taper_roller_bearing_7306e,02BB 7306E,,0.0,0.0,0.0,,,,
product_product_id_130261,02BB 8106,1,Jinasena_MasterData_Stock.product_template_single_trush_bearing_8106,02BB 8106,,0.0,0.0,0.0,,,,
product_product_id_130262,02BB 8306,1,Jinasena_MasterData_Stock.product_template_single_trush_bearing_8306,02BB 8306,,0.0,0.0,0.0,,,,
product_product_id_130263,02BB EJ110,1,Jinasena_MasterData_Stock.product_template_ball_bearing_0_36x2,02BB EJ110,,0.0,0.0,0.0,,,,
product_product_id_130264,02BB NB121616,1,Jinasena_MasterData_Stock.product_template_needle_bearing_12x16x16mm_lathe_centre,02BB NB121616,,0.0,0.0,0.0,,,,
product_product_id_130265,02BB NTN51106,1,Jinasena_MasterData_Stock.product_template_ball_bearing_ntn51106,02BB NTN51106,,0.0,0.0,0.0,,,,
product_product_id_130266,02BB UCF205,1,Jinasena_MasterData_Stock.product_template_sq_flange_bearing_compl,02BB UCF205,,0.0,0.0,0.0,,,,
product_product_id_130267,02BB UCF205-100D1,1,Jinasena_MasterData_Stock.product_template_sq_flange_bearing_compl_cuf205_100d1,02BB UCF205-100D1,,0.0,0.0,0.0,,,,
product_product_id_130268,02BB UCF207,1,Jinasena_MasterData_Stock.product_template_square_flange_bearing_ucfc207,02BB UCF207,,0.0,0.0,0.0,,,,
product_product_id_130269,02BB UCF208,1,Jinasena_MasterData_Stock.product_template_square_flange_bearing_ucf_208,02BB UCF208,,0.0,0.0,0.0,,,,
product_product_id_130270,0392000020,1,Jinasena_MasterData_Stock.product_template_fan,0392000020,,0.0,0.0,0.0,,,,
product_product_id_130271,03AK 025,1,Jinasena_MasterData_Stock.product_template_allen_key_2_5mm,03AK 025,,0.0,0.0,0.0,,,,
product_product_id_130272,03AK 040,1,Jinasena_MasterData_Stock.product_template_allen_key_4mm,03AK 040,,0.0,0.0,0.0,,,,
product_product_id_130273,03AK 201,1,Jinasena_MasterData_Stock.product_template_stanley_allen_key_set_8pcs,03AK 201,,0.0,0.0,0.0,,,,
product_product_id_130274,03AK 202,1,Jinasena_MasterData_Stock.product_template_allen_key_set_10pcs_mm,03AK 202,,0.0,0.0,0.0,,,,
product_product_id_130275,03AK 508,1,Jinasena_MasterData_Stock.product_template_allen_key_1_8,03AK 508,,0.0,0.0,0.0,,,,
product_product_id_130276,03BS 017,1,Jinasena_MasterData_Stock.product_template_box_sockt_17mm,03BS 017,,0.0,0.0,0.0,,,,
product_product_id_130277,03CB 2T,1,Jinasena_MasterData_Stock.product_template_chain_block_2ton_vitali_intl_cr_type,03CB 2T,,0.0,0.0,0.0,,,,
product_product_id_130278,03CM KEW-2007R,1,Jinasena_MasterData_Stock.product_template_clip_on_meter_kew_2007r_kyoritsu,03CM KEW-2007R,,0.0,0.0,0.0,,,,
product_product_id_130279,03CS 006,1,Jinasena_MasterData_Stock.product_template_snip_cutter_6,03CS 006,,0.0,0.0,0.0,,,,
product_product_id_130280,03CS 008,1,Jinasena_MasterData_Stock.product_template_snip_cutter_8,03CS 008,,0.0,0.0,0.0,,,,
product_product_id_130281,03CS 012,1,Jinasena_MasterData_Stock.product_template_snip_cutter_12,03CS 012,,0.0,0.0,0.0,,,,
product_product_id_130282,03CS 016,1,Jinasena_MasterData_Stock.product_template_snip_cutter_16,03CS 016,,0.0,0.0,0.0,,,,
product_product_id_130283,03CS 018,1,Jinasena_MasterData_Stock.product_template_combination_spanner_18mm,03CS 018,,0.0,0.0,0.0,,,,
product_product_id_130284,03CS 023,1,Jinasena_MasterData_Stock.product_template_combination_spanner_23mm,03CS 023,,0.0,0.0,0.0,,,,
product_product_id_130285,03CS 026,1,Jinasena_MasterData_Stock.product_template_combination_spanner_26mm,03CS 026,,0.0,0.0,0.0,,,,
product_product_id_130286,03CS 027,1,Jinasena_MasterData_Stock.product_template_combination_spanner_27mm,03CS 027,,0.0,0.0,0.0,,,,
product_product_id_130287,03CS 030,1,Jinasena_MasterData_Stock.product_template_combination_spanner_30mm,03CS 030,,0.0,0.0,0.0,,,,
product_product_id_130288,03ET 100,1,Jinasena_MasterData_Stock.product_template_electric_testor_100_500v,03ET 100,,0.0,0.0,0.0,,,,
product_product_id_130289,03EX 008,1,Jinasena_MasterData_Stock.product_template_angle_grinder_makita,03EX 008,,0.0,0.0,0.0,,,,
product_product_id_130290,03EX 010,1,Jinasena_MasterData_Stock.product_template_combination_pliers_8,03EX 010,,0.0,0.0,0.0,,,,
product_product_id_130291,03EX 027,1,Jinasena_MasterData_Stock.product_template_ring_spanner_6_32mm_set,03EX 027,,0.0,0.0,0.0,,,,
product_product_id_130292,03GR 001,1,Jinasena_MasterData_Stock.product_template_pop_revert_gun,03GR 001,,0.0,0.0,0.0,,,,
product_product_id_130293,03HB 002,1,Jinasena_MasterData_Stock.product_template_hammer_ball_p_1_2_lb,03HB 002,,0.0,0.0,0.0,,,,
product_product_id_130294,03HB 005,1,Jinasena_MasterData_Stock.product_template_hammer_ball_p_2_lb,03HB 005,,0.0,0.0,0.0,,,,
product_product_id_130295,03HS 001,1,Jinasena_MasterData_Stock.product_template_hammer_sledge_4_lb,03HS 001,,0.0,0.0,0.0,,,,
product_product_id_130296,03HT 003,1,Jinasena_MasterData_Stock.product_template_baby_riveting_hammer_brh_6_yakot,03HT 003,,0.0,0.0,0.0,,,,
product_product_id_130297,03IM 001,1,Jinasena_MasterData_Stock.product_template_tyre_inflater_meter,03IM 001,,0.0,0.0,0.0,,,,
product_product_id_130298,03IS ME-400HI,1,Jinasena_MasterData_Stock.product_template_impulse_sealer_750w_230_240vac,03IS ME-400HI,,0.0,0.0,0.0,,,,
product_product_id_130299,03LC 408,1,Jinasena_MasterData_Stock.product_template_live_lathe_centre_mt4,03LC 408,,0.0,0.0,0.0,,,,
product_product_id_130300,03MG 101,1,Jinasena_MasterData_Stock.product_template_feeler_gauge_05_1_0mm,03MG 101,,0.0,0.0,0.0,,,,
product_product_id_130301,03MH 004,1,Jinasena_MasterData_Stock.product_template_hole_tester_368_707_25_30mm,03MH 004,,0.0,0.0,0.0,,,,
product_product_id_130302,03MH 103,1,Jinasena_MasterData_Stock.product_template_hole_tester_50_63mm,03MH 103,,0.0,0.0,0.0,,,,
product_product_id_130303,03MH 104,1,Jinasena_MasterData_Stock.product_template_368_739_40_50mm_hole_testers,03MH 104,,0.0,0.0,0.0,,,,
product_product_id_130304,03MH 105,1,Jinasena_MasterData_Stock.product_template_hole_tester_50_63mm_327231,03MH 105,,0.0,0.0,0.0,,,,
product_product_id_137842,03ML 006,1,Jinasena_MasterData_Stock.product_template_spirit_level_6,03ML 006,,0.0,0.0,0.0,,,,
product_product_id_130305,03ML 012,1,Jinasena_MasterData_Stock.product_template_spirit_level_12,03ML 012,,0.0,0.0,0.0,,,,
product_product_id_130306,03MM 011,1,Jinasena_MasterData_Stock.product_template_mit_mic_0_25_01mm,03MM 011,,0.0,0.0,0.0,,,,
product_product_id_130307,03MM 122,1,Jinasena_MasterData_Stock.product_template_mit_mic_25_50_001mm,03MM 122,,0.0,0.0,0.0,,,,
product_product_id_130308,03MQ 010,1,Jinasena_MasterData_Stock.product_template_try_square_10,03MQ 010,,0.0,0.0,0.0,,,,
product_product_id_130309,03MQ 012,1,Jinasena_MasterData_Stock.product_template_tri_square_12,03MQ 012,,0.0,0.0,0.0,,,,
product_product_id_130310,03MT 016,1,Jinasena_MasterData_Stock.product_template_steel_tape_3_5mts,03MT 016,,0.0,0.0,0.0,,,,
product_product_id_130311,03MV 051-D,1,Jinasena_MasterData_Stock.product_template_digital_vernier_caliper_150mm,03MV 051-D,,0.0,0.0,0.0,,,,
product_product_id_130312,03MV 062,1,Jinasena_MasterData_Stock.product_template_vernier_caliper_560_108_range_200mm_0_02,03MV 062,,0.0,0.0,0.0,,,,
product_product_id_130313,03MV 070,1,Jinasena_MasterData_Stock.product_template_vernier_caliper_560_109_range_300mm_0_02,03MV 070,,0.0,0.0,0.0,,,,
product_product_id_130314,03MV 071,1,Jinasena_MasterData_Stock.product_template_vernier_calliper_300mm,03MV 071,,0.0,0.0,0.0,,,,
product_product_id_130315,03NH 292411,1,Jinasena_MasterData_Stock.product_template_tester,03NH 292411,,0.0,0.0,0.0,,,,
product_product_id_130316,03NT 003,1,Jinasena_MasterData_Stock.product_template_t_handle_1_4_1_2,03NT 003,,0.0,0.0,0.0,,,,
product_product_id_130317,03NT 005,1,Jinasena_MasterData_Stock.product_template_tap_wrench_capacity_10_to_12mm,03NT 005,,0.0,0.0,0.0,,,,
product_product_id_130318,03PC 060,1,Jinasena_MasterData_Stock.product_template_pliers_comb_6,03PC 060,,0.0,0.0,0.0,,,,
product_product_id_130319,03PC 063S,1,Jinasena_MasterData_Stock.product_template_circlip_pliers_ext_6_s,03PC 063S,,0.0,0.0,0.0,,,,
product_product_id_130320,03PC 073S,1,Jinasena_MasterData_Stock.product_template_circlip_plier_ext_7,03PC 073S,,0.0,0.0,0.0,,,,
product_product_id_130321,03PC 074S,1,Jinasena_MasterData_Stock.product_template_circlip_piler_int_7,03PC 074S,,0.0,0.0,0.0,,,,
product_product_id_130322,03PC 080,1,Jinasena_MasterData_Stock.product_template_pliers_comb_8,03PC 080,,0.0,0.0,0.0,,,,
product_product_id_130323,03PP 061,1,Jinasena_MasterData_Stock.product_template_pliers_pointed_6,03PP 061,,0.0,0.0,0.0,,,,
product_product_id_137843,03PW 061,1,Jinasena_MasterData_Stock.product_template_crimping_tool,03PW 061,,0.0,0.0,0.0,,,,
product_product_id_130324,03RF 004,1,Jinasena_MasterData_Stock.product_template_flat_thin_screwdriver_4,03RF 004,,0.0,0.0,0.0,,,,
product_product_id_130325,03RF 006,1,Jinasena_MasterData_Stock.product_template_flat_thin_scr_p_h_6,03RF 006,,0.0,0.0,0.0,,,,
product_product_id_130326,03RF 008,1,Jinasena_MasterData_Stock.product_template_flat_thin_scr_p_h_8,03RF 008,,0.0,0.0,0.0,,,,
product_product_id_130327,03RP 3X150,1,Jinasena_MasterData_Stock.product_template_philip_screw_driver_3_x_150_mm,03RP 3X150,,0.0,0.0,0.0,,,,
product_product_id_130328,03RP 3X250,1,Jinasena_MasterData_Stock.product_template_philip_screw_driver_3_x_250_mm,03RP 3X250,,0.0,0.0,0.0,,,,
product_product_id_130329,03RP 5X200,1,Jinasena_MasterData_Stock.product_template_philip_head_screw_driver_5x200mm,03RP 5X200,,0.0,0.0,0.0,,,,
product_product_id_130330,03RP 8X300,1,Jinasena_MasterData_Stock.product_template_philip_head_screw_driver_8x300mm,03RP 8X300,,0.0,0.0,0.0,,,,
product_product_id_130331,03SE 100,1,Jinasena_MasterData_Stock.product_template_extension_socket_10,03SE 100,,0.0,0.0,0.0,,,,
product_product_id_130332,03SM 172,1,Jinasena_MasterData_Stock.product_template_spanner_m_open_16_17mm,03SM 172,,0.0,0.0,0.0,,,,
product_product_id_130333,03SM 902,1,Jinasena_MasterData_Stock.product_template_d_e_spanner_set_8pc_mm,03SM 902,,0.0,0.0,0.0,,,,
product_product_id_130334,03SN 111,1,Jinasena_MasterData_Stock.product_template_spanner_m_ring_10_11mm,03SN 111,,0.0,0.0,0.0,,,,
product_product_id_130335,03SN 130,1,Jinasena_MasterData_Stock.product_template_spanner_m_ring_12_13mm,03SN 130,,0.0,0.0,0.0,,,,
product_product_id_130336,03SN 172,1,Jinasena_MasterData_Stock.product_template_spanner_m_ring_16_17mm,03SN 172,,0.0,0.0,0.0,,,,
product_product_id_130337,03SN 191,1,Jinasena_MasterData_Stock.product_template_spanner_m_ring_18_19mm,03SN 191,,0.0,0.0,0.0,,,,
product_product_id_130338,03SN 904,1,Jinasena_MasterData_Stock.product_template_ring_spanner_set_6_27mm_9pcs,03SN 904,,0.0,0.0,0.0,,,,
product_product_id_130339,03SO 907,1,Jinasena_MasterData_Stock.product_template_box_spanner_set_24pcs,03SO 907,,0.0,0.0,0.0,,,,
product_product_id_130340,03SO D080,1,Jinasena_MasterData_Stock.product_template_deep_end_box_socket_12mm,03SO D080,,0.0,0.0,0.0,,,,
product_product_id_130341,03SO D110,1,Jinasena_MasterData_Stock.product_template_deep_box_socket_11mm,03SO D110,,0.0,0.0,0.0,,,,
product_product_id_130342,03SO D120,1,Jinasena_MasterData_Stock.product_template_deep_end_box_socket_8mm,03SO D120,,0.0,0.0,0.0,,,,
product_product_id_130343,03SO D130,1,Jinasena_MasterData_Stock.product_template_deep_box_socket_13mm,03SO D130,,0.0,0.0,0.0,,,,
product_product_id_130344,03SO D160,1,Jinasena_MasterData_Stock.product_template_dep_box_socket_16mm,03SO D160,,0.0,0.0,0.0,,,,
product_product_id_130345,03SO D170,1,Jinasena_MasterData_Stock.product_template_deep_end_box_socket_17mm,03SO D170,,0.0,0.0,0.0,,,,
product_product_id_137844,03SO D190,1,Jinasena_MasterData_Stock.product_template_deep_end_socket_19mm_pcs,03SO D190,,0.0,0.0,0.0,,,,
product_product_id_130346,03SP 001,1,Jinasena_MasterData_Stock.product_template_stud_puller,03SP 001,,0.0,0.0,0.0,,,,
product_product_id_130347,03SP 090,1,Jinasena_MasterData_Stock.product_template_combination_spanner_9mm,03SP 090,,0.0,0.0,0.0,,,,
product_product_id_130348,03SP 100,1,Jinasena_MasterData_Stock.product_template_combination_spanner_10mm,03SP 100,,0.0,0.0,0.0,,,,
product_product_id_130349,03SP 110,1,Jinasena_MasterData_Stock.product_template_combination_spanner_11mm,03SP 110,,0.0,0.0,0.0,,,,
product_product_id_130350,03SP 120,1,Jinasena_MasterData_Stock.product_template_comb_spanner_12mm,03SP 120,,0.0,0.0,0.0,,,,
product_product_id_130351,03SP 130,1,Jinasena_MasterData_Stock.product_template_comination_spanner_13mm_crv,03SP 130,,0.0,0.0,0.0,,,,
product_product_id_130352,03SP 130S,1,Jinasena_MasterData_Stock.product_template_combination_spanner_13mm_gq,03SP 130S,,0.0,0.0,0.0,,,,
product_product_id_130353,03SP 140,1,Jinasena_MasterData_Stock.product_template_combination_spanner_14mm,03SP 140,,0.0,0.0,0.0,,,,
product_product_id_130354,03SP 150,1,Jinasena_MasterData_Stock.product_template_combination_spanner_15mm,03SP 150,,0.0,0.0,0.0,,,,
product_product_id_130355,03SP 160,1,Jinasena_MasterData_Stock.product_template_combination_spanner_16mm,03SP 160,,0.0,0.0,0.0,,,,
product_product_id_130356,03SP 170,1,Jinasena_MasterData_Stock.product_template_combination_spanner_17mm,03SP 170,,0.0,0.0,0.0,,,,
product_product_id_130357,03SP 190,1,Jinasena_MasterData_Stock.product_template_combination_spanner_19mm,03SP 190,,0.0,0.0,0.0,,,,
product_product_id_130358,03SP 210,1,Jinasena_MasterData_Stock.product_template_combination_spanner_21mm,03SP 210,,0.0,0.0,0.0,,,,
product_product_id_130359,03SP 220,1,Jinasena_MasterData_Stock.product_template_combination_spanner_22mm,03SP 220,,0.0,0.0,0.0,,,,
product_product_id_130360,03SP 240,1,Jinasena_MasterData_Stock.product_template_comb_spanner_24mm,03SP 240,,0.0,0.0,0.0,,,,
product_product_id_130361,03SP 320,1,Jinasena_MasterData_Stock.product_template_comb_spanner_32mm,03SP 320,,0.0,0.0,0.0,,,,
product_product_id_130362,03SP 905,1,Jinasena_MasterData_Stock.product_template_combination_spanner_set_6_19mm,03SP 905,,0.0,0.0,0.0,,,,
product_product_id_130363,03UA 002,1,Jinasena_MasterData_Stock.product_template_adapter_arbor_mt_2,03UA 002,,0.0,0.0,0.0,,,,
product_product_id_130364,03UA 003,1,Jinasena_MasterData_Stock.product_template_adapter_arbor_mt_3,03UA 003,,0.0,0.0,0.0,,,,
product_product_id_130365,03UA 004,1,Jinasena_MasterData_Stock.product_template_adapter_arbor_mt_4,03UA 004,,0.0,0.0,0.0,,,,
product_product_id_130366,03UD 140,1,Jinasena_MasterData_Stock.product_template_drill_chuck_1_32_x5_8,03UD 140,,0.0,0.0,0.0,,,,
product_product_id_130367,03UL 304,1,Jinasena_MasterData_Stock.product_template_lathe_chuck_4_3jaw,03UL 304,,0.0,0.0,0.0,,,,
product_product_id_130368,03VR 230,1,Jinasena_MasterData_Stock.product_template_m_t_2_3_red_sleeve,03VR 230,,0.0,0.0,0.0,,,,
product_product_id_130369,03VR 240,1,Jinasena_MasterData_Stock.product_template_m_t_2_4_red_sleeve,03VR 240,,0.0,0.0,0.0,,,,
product_product_id_130370,03WM 010,1,Jinasena_MasterData_Stock.product_template_wrench_mole_10,03WM 010,,0.0,0.0,0.0,,,,
product_product_id_130371,03WP 014S,1,Jinasena_MasterData_Stock.product_template_pipe_wrench_14,03WP 014S,,0.0,0.0,0.0,,,,
product_product_id_130372,03WP 018,1,Jinasena_MasterData_Stock.product_template_wrench_pipe_18,03WP 018,,0.0,0.0,0.0,,,,
product_product_id_130373,03WT 001,1,Jinasena_MasterData_Stock.product_template_welding_tourch_for_gas_welding,03WT 001,,0.0,0.0,0.0,,,,
product_product_id_130374,03ZC 006,1,Jinasena_MasterData_Stock.product_template_c_clamp_6,03ZC 006,,0.0,0.0,0.0,,,,
product_product_id_130375,03ZC 008,1,Jinasena_MasterData_Stock.product_template_c_clamp_8,03ZC 008,,0.0,0.0,0.0,,,,
product_product_id_130376,03ZC 012,1,Jinasena_MasterData_Stock.product_template_c_clamp_12,03ZC 012,,0.0,0.0,0.0,,,,
product_product_id_130377,03ZG 008-G,1,Jinasena_MasterData_Stock.product_template_bench_grinder_8,03ZG 008-G,,0.0,0.0,0.0,,,,
product_product_id_130378,03ZG 013,1,Jinasena_MasterData_Stock.product_template_spray_gun_eminent_brand_e13_hte,03ZG 013,,0.0,0.0,0.0,,,,
product_product_id_130379,03ZI 004,1,Jinasena_MasterData_Stock.product_template_soldering_iron_100w,03ZI 004,,0.0,0.0,0.0,,,,
product_product_id_130380,03ZW 002,1,Jinasena_MasterData_Stock.product_template_welding_tourch_nozzel_no_2,03ZW 002,,0.0,0.0,0.0,,,,
product_product_id_130381,03ZZ 012,1,Jinasena_MasterData_Stock.product_template_cutting_nozzel_gas_1_32,03ZZ 012,,0.0,0.0,0.0,,,,
product_product_id_130382,03ZZ 014,1,Jinasena_MasterData_Stock.product_template_cutting_nozzel_gas_3_64,03ZZ 014,,0.0,0.0,0.0,,,,
product_product_id_130383,03ZZ 016,1,Jinasena_MasterData_Stock.product_template_cutting_nozzel_gas_1_16,03ZZ 016,,0.0,0.0,0.0,,,,
product_product_id_130384,03ZZ 017,1,Jinasena_MasterData_Stock.product_template_cutting_nozzel_gas_1_64,03ZZ 017,,0.0,0.0,0.0,,,,
product_product_id_130385,04MW M0.8,1,Jinasena_MasterData_Stock.product_template_mig_wire_0_8mm_ci_720114,04MW M0.8,,0.0,0.0,0.0,,,,
product_product_id_130386,04SE 001,1,Jinasena_MasterData_Stock.product_template_stan_straight_electroder_t690035,04SE 001,,0.0,0.0,0.0,,,,
product_product_id_130387,04SS 001,1,Jinasena_MasterData_Stock.product_template_s_s_filler_rod_1_16_for_jig,04SS 001,,0.0,0.0,0.0,,,,
product_product_id_130388,04WE 001,1,Jinasena_MasterData_Stock.product_template_tungsten_electrode_2_5mm,04WE 001,,0.0,0.0,0.0,,,,
product_product_id_130389,04WE 002,1,Jinasena_MasterData_Stock.product_template_ferrospeed_electrode_g_6,04WE 002,,0.0,0.0,0.0,,,,
product_product_id_130390,04WE 003,1,Jinasena_MasterData_Stock.product_template_ferrospeed_electrode_g_8,04WE 003,,0.0,0.0,0.0,,,,
product_product_id_130391,04WE 004,1,Jinasena_MasterData_Stock.product_template_ferrospeed_electrode_g10,04WE 004,,0.0,0.0,0.0,,,,
product_product_id_130392,04WE 005,1,Jinasena_MasterData_Stock.product_template_ferr_elect_g12,04WE 005,,0.0,0.0,0.0,,,,
product_product_id_130393,04WE 006,1,Jinasena_MasterData_Stock.product_template_ferrospeed_electrode_g14,04WE 006,,0.0,0.0,0.0,,,,
product_product_id_130394,04WE 010,1,Jinasena_MasterData_Stock.product_template_casting_weld_rod_g10,04WE 010,,0.0,0.0,0.0,,,,
product_product_id_130395,04WE 012SS,1,Jinasena_MasterData_Stock.product_template_ss_ferrospeed_electrode_g12,04WE 012SS,,0.0,0.0,0.0,,,,
product_product_id_130396,04WE 014SS,1,Jinasena_MasterData_Stock.product_template_ssfrrospeed_electroder_g14,04WE 014SS,,0.0,0.0,0.0,,,,
product_product_id_130397,04WE 037,1,Jinasena_MasterData_Stock.product_template_weldel_w_rod_g10,04WE 037,,0.0,0.0,0.0,,,,
product_product_id_130398,04WE 12SS,1,Jinasena_MasterData_Stock.product_template_s_stl_welding_electrode_g12,04WE 12SS,,0.0,0.0,0.0,,,,
product_product_id_130399,04WE AL004,1,Jinasena_MasterData_Stock.product_template_welding_eletroder_aluminium_g10,04WE AL004,,0.0,0.0,0.0,,,,
product_product_id_130400,04WE G12-WA,1,Jinasena_MasterData_Stock.product_template_welding_rod_g12_weldall,04WE G12-WA,,0.0,0.0,0.0,,,,
product_product_id_130401,04WE SS-G12,1,Jinasena_MasterData_Stock.product_template_s_s_welding_rod_g12,04WE SS-G12,,0.0,0.0,0.0,,,,
product_product_id_130402,04WE TT-G10,1,Jinasena_MasterData_Stock.product_template_tooltectic_weld_rod_g10,04WE TT-G10,,0.0,0.0,0.0,,,,
product_product_id_130403,04WF 003,1,Jinasena_MasterData_Stock.product_template_brass_welding_flux,04WF 003,,0.0,0.0,0.0,,,,
product_product_id_130404,04WG 002,1,Jinasena_MasterData_Stock.product_template_bras_wel_rod_1_16,04WG 002,,0.0,0.0,0.0,,,,
product_product_id_130405,04WG 003,1,Jinasena_MasterData_Stock.product_template_brass_welding_rod_1_8,04WG 003,,0.0,0.0,0.0,,,,
product_product_id_130406,04WG 005,1,Jinasena_MasterData_Stock.product_template_mild_steel_weld_rod_1_16,04WG 005,,0.0,0.0,0.0,,,,
product_product_id_130407,04WG 006,1,Jinasena_MasterData_Stock.product_template_mild_steel_weld_rod_1_8,04WG 006,,0.0,0.0,0.0,,,,
product_product_id_130408,04WG 008,1,Jinasena_MasterData_Stock.product_template_stainless_steel_w_r_g_14,04WG 008,,0.0,0.0,0.0,,,,
product_product_id_130409,04WG 010,1,Jinasena_MasterData_Stock.product_template_aluminium_weld_g_rod1_16,04WG 010,,0.0,0.0,0.0,,,,
product_product_id_130410,04WG 011,1,Jinasena_MasterData_Stock.product_template_alum_weld_g_rod_1_8,04WG 011,,0.0,0.0,0.0,,,,
product_product_id_130411,04WG 015,1,Jinasena_MasterData_Stock.product_template_w_rod_copper_tectic_1_16,04WG 015,,0.0,0.0,0.0,,,,
product_product_id_130412,04WS 004,1,Jinasena_MasterData_Stock.product_template_soldering_lead_swg16,04WS 004,,0.0,0.0,0.0,,,,
product_product_id_137697,04WS 004,1,Jinasena_MasterData_Stock.product_template_soldering_lead_swg16_335960,04WS 004,,0.0,0.0,0.0,,,,
product_product_id_130413,04WS 005,1,Jinasena_MasterData_Stock.product_template_soldering_lead_0_8mm,04WS 005,,0.0,0.0,0.0,,,,
product_product_id_135871,05AB 95D-31R-V,1,Jinasena_MasterData_Stock.product_template_battery_12v_95d_31r_volta_maintenance_fr,05AB 95D-31R-V,,0.0,0.0,0.0,,,,
product_product_id_130414,05AC PR,1,Jinasena_MasterData_Stock.product_template_a_c_potential_relay_230v,05AC PR,,0.0,0.0,0.0,,,,
product_product_id_130415,05AP U-8800,1,Jinasena_MasterData_Stock.product_template_air_pump_u_8800_for_carbage_machine,05AP U-8800,,0.0,0.0,0.0,,,,
product_product_id_130416,05AU LA1DN11,1,Jinasena_MasterData_Stock.product_template_aux_contactor_block_la1_dn11,05AU LA1DN11,,0.0,0.0,0.0,,,,
product_product_id_130417,05AU LADN11,1,Jinasena_MasterData_Stock.product_template_aux_contactor_block_ladn11_mount_type,05AU LADN11,,0.0,0.0,0.0,,,,
product_product_id_130418,05BB 004,1,Jinasena_MasterData_Stock.product_template_bus_bar_insulators,05BB 004,,0.0,0.0,0.0,,,,
product_product_id_130419,05BR REC,1,Jinasena_MasterData_Stock.product_template_rectifier,05BR REC,,0.0,0.0,0.0,,,,
product_product_id_130420,05CB 002,1,Jinasena_MasterData_Stock.product_template_carbon_brush_set_bosch_grinder,05CB 002,,0.0,0.0,0.0,,,,
product_product_id_130421,05CB 003,1,Jinasena_MasterData_Stock.product_template_carbon_brush_set_dewalt_grinder,05CB 003,,0.0,0.0,0.0,,,,
product_product_id_130422,05CB 004,1,Jinasena_MasterData_Stock.product_template_carbon_brush_set_dewalt_drill,05CB 004,,0.0,0.0,0.0,,,,
product_product_id_130423,05CB 005,1,Jinasena_MasterData_Stock.product_template_cabon_brush_cb_203_cut_off_m_c,05CB 005,,0.0,0.0,0.0,,,,
product_product_id_130424,05CB 006,1,Jinasena_MasterData_Stock.product_template_carbon_brush_stanley_stgs9100,05CB 006,,0.0,0.0,0.0,,,,
product_product_id_130425,05CB MA-GF30,1,Jinasena_MasterData_Stock.product_template_carbon_brush_set_for_makita_angle_grinde,05CB MA-GF30,,0.0,0.0,0.0,,,,
product_product_id_130426,05CC PC-DT,1,Jinasena_MasterData_Stock.product_template_desktop_computer,05CC PC-DT,,0.0,0.0,0.0,,,,
product_product_id_130427,05CC PRI-DM,1,Jinasena_MasterData_Stock.product_template_dot_matrix_printer,05CC PRI-DM,,0.0,0.0,0.0,,,,
product_product_id_130428,05CC PRI-IJ,1,Jinasena_MasterData_Stock.product_template_inkjet_printer_canon_b410,05CC PRI-IJ,,0.0,0.0,0.0,,,,
product_product_id_130429,05DR 001,1,Jinasena_MasterData_Stock.product_template_din_rall,05DR 001,,0.0,0.0,0.0,,,,
product_product_id_130430,05EB 002,1,Jinasena_MasterData_Stock.product_template_torch_batteries_std_1_5v,05EB 002,,0.0,0.0,0.0,,,,
product_product_id_130431,05EB 005,1,Jinasena_MasterData_Stock.product_template_battery_terminal,05EB 005,,0.0,0.0,0.0,,,,
product_product_id_130432,05EB 12-17,1,Jinasena_MasterData_Stock.product_template_palma_battery_12v_17amp_for_cultivator,05EB 12-17,,0.0,0.0,0.0,,,,
product_product_id_130433,05EB 200AMP,1,Jinasena_MasterData_Stock.product_template_12v_200a_battery,05EB 200AMP,,0.0,0.0,0.0,,,,
product_product_id_130434,05EB 35AMP,1,Jinasena_MasterData_Stock.product_template_exide_battery_12_v_35_amp,05EB 35AMP,,0.0,0.0,0.0,,,,
product_product_id_130435,05EB 60AMP,1,Jinasena_MasterData_Stock.product_template_exide_battery_12_v_60_amp,05EB 60AMP,,0.0,0.0,0.0,,,,
product_product_id_130436,05EC 004,1,Jinasena_MasterData_Stock.product_template_copper_pvc_wire_cu_pvc_pvc_wire_1_1_13,05EC 004,,0.0,0.0,0.0,,,,
product_product_id_130437,05EC 006,1,Jinasena_MasterData_Stock.product_template_two_core_flexible_wire_16_0_20,05EC 006,,0.0,0.0,0.0,,,,
product_product_id_130438,05EC 008,1,Jinasena_MasterData_Stock.product_template_3_core_flex_wire_24_0_20,05EC 008,,0.0,0.0,0.0,,,,
product_product_id_130439,05EC 010,1,Jinasena_MasterData_Stock.product_template_pvc_3_core_cable_15a_30_0_25,05EC 010,,0.0,0.0,0.0,,,,
product_product_id_130440,05EC 011,1,Jinasena_MasterData_Stock.product_template_pvc_earth_wire_7_0_67,05EC 011,,0.0,0.0,0.0,,,,
product_product_id_130441,05EC 012,1,Jinasena_MasterData_Stock.product_template_auto_cable_14_0_30,05EC 012,,0.0,0.0,0.0,,,,
product_product_id_137595,05EC 012-B,1,Jinasena_MasterData_Stock.product_template_auto_cable_black_32_0_20_old_14_0_30,05EC 012-B,,0.0,0.0,0.0,,,,
product_product_id_137596,05EC 012-R,1,Jinasena_MasterData_Stock.product_template_auto_cable_red_32_0_20_old_14_0_30,05EC 012-R,,0.0,0.0,0.0,,,,
product_product_id_137597,05EC 012-Y,1,Jinasena_MasterData_Stock.product_template_auto_cable_yellow_32_0_20_old_14_0_30,05EC 012-Y,,0.0,0.0,0.0,,,,
product_product_id_130442,05EC 013,1,Jinasena_MasterData_Stock.product_template_pvc_4core_wire_4x30_0_25,05EC 013,,0.0,0.0,0.0,,,,
product_product_id_130443,05EC 015,1,Jinasena_MasterData_Stock.product_template_auto_cable_9_0_30,05EC 015,,0.0,0.0,0.0,,,,
product_product_id_130444,05EC 017,1,Jinasena_MasterData_Stock.product_template_auto_cable_35_0_30,05EC 017,,0.0,0.0,0.0,,,,
product_product_id_130445,05EC 024,1,Jinasena_MasterData_Stock.product_template_p_v_c_wire_7_0_85,05EC 024,,0.0,0.0,0.0,,,,
product_product_id_130446,05EC 027,1,Jinasena_MasterData_Stock.product_template_winding_wire_0_95mm,05EC 027,,0.0,0.0,0.0,,,,
product_product_id_130447,05EC 030,1,Jinasena_MasterData_Stock.product_template_winding_wire_0_80mm,05EC 030,,0.0,0.0,0.0,,,,
product_product_id_130448,05EC 031,1,Jinasena_MasterData_Stock.product_template_winding_wire_0_75mm,05EC 031,,0.0,0.0,0.0,,,,
product_product_id_130449,05EC 032,1,Jinasena_MasterData_Stock.product_template_winding_wire_0_71mm,05EC 032,,0.0,0.0,0.0,,,,
product_product_id_137444,05EC 032,1,Jinasena_MasterData_Stock.product_template_winding_wire_0_71mm_335707,05EC 032,,0.0,0.0,0.0,,,,
product_product_id_130450,05EC 033,1,Jinasena_MasterData_Stock.product_template_winding_wire_0_63mm,05EC 033,,0.0,0.0,0.0,,,,
product_product_id_130451,05EC 034,1,Jinasena_MasterData_Stock.product_template_winding_wire_0_60mm,05EC 034,,0.0,0.0,0.0,,,,
product_product_id_137445,05EC 037,1,Jinasena_MasterData_Stock.product_template_winding_wire_0_53mm,05EC 037,,0.0,0.0,0.0,,,,
product_product_id_130452,05EC 040,1,Jinasena_MasterData_Stock.product_template_flexible_wire_4mm_sq,05EC 040,,0.0,0.0,0.0,,,,
product_product_id_130453,05EC 044,1,Jinasena_MasterData_Stock.product_template_auto_cable_65_0_30,05EC 044,,0.0,0.0,0.0,,,,
product_product_id_130454,05EC 052,1,Jinasena_MasterData_Stock.product_template_winding_wire_0_425,05EC 052,,0.0,0.0,0.0,,,,
product_product_id_130455,05EC 069,1,Jinasena_MasterData_Stock.product_template_switch_gear_cable_1_5mm_30_25,05EC 069,,0.0,0.0,0.0,,,,
product_product_id_130456,05EC 070,1,Jinasena_MasterData_Stock.product_template_switch_gear_cable_2_5mm_50_0_25,05EC 070,,0.0,0.0,0.0,,,,
product_product_id_130457,05EC 100,1,Jinasena_MasterData_Stock.product_template_pvc_flex_cable_10mm_sq_unit_m,05EC 100,,0.0,0.0,0.0,,,,
product_product_id_130458,05EC 7/050,1,Jinasena_MasterData_Stock.product_template_pvc_flexible_wire_7_050_twin,05EC 7/050,,0.0,0.0,0.0,,,,
product_product_id_130459,05EC 7135,1,Jinasena_MasterData_Stock.product_template_pvc_cables_7_1_35,05EC 7135,,0.0,0.0,0.0,,,,
product_product_id_137609,05EC TOCW-L,1,Jinasena_MasterData_Stock.product_template_toc_wire_with_lug_long,05EC TOCW-L,,0.0,0.0,0.0,,,,
product_product_id_137610,05EC TOCW-S,1,Jinasena_MasterData_Stock.product_template_toc_wire_with_lug_short,05EC TOCW-S,,0.0,0.0,0.0,,,,
product_product_id_130460,05EC WW315,1,Jinasena_MasterData_Stock.product_template_winding_wire_0_315,05EC WW315,,0.0,0.0,0.0,,,,
product_product_id_130461,05EL 004,1,Jinasena_MasterData_Stock.product_template_electric_bulb_60w,05EL 004,,0.0,0.0,0.0,,,,
product_product_id_130462,05EL 008,1,Jinasena_MasterData_Stock.product_template_halagon_bulb_500w_230v,05EL 008,,0.0,0.0,0.0,,,,
product_product_id_130463,05EL 012,1,Jinasena_MasterData_Stock.product_template_floruscent_tube_2ft,05EL 012,,0.0,0.0,0.0,,,,
product_product_id_130464,05EL 013,1,Jinasena_MasterData_Stock.product_template_floruscent_tube_4ft,05EL 013,,0.0,0.0,0.0,,,,
product_product_id_130465,05EL 015,1,Jinasena_MasterData_Stock.product_template_floruscent_fittings_2_set,05EL 015,,0.0,0.0,0.0,,,,
product_product_id_130466,05EL 016,1,Jinasena_MasterData_Stock.product_template_floruscent_fittings_4_set,05EL 016,,0.0,0.0,0.0,,,,
product_product_id_130467,05EL 017,1,Jinasena_MasterData_Stock.product_template_florescent_tube_starter_40w_80,05EL 017,,0.0,0.0,0.0,,,,
product_product_id_130468,05EL 018,1,Jinasena_MasterData_Stock.product_template_floru_tube_choke_20w_40w,05EL 018,,0.0,0.0,0.0,,,,
product_product_id_130469,05EL 021,1,Jinasena_MasterData_Stock.product_template_lamp_shede_std_aluminium,05EL 021,,0.0,0.0,0.0,,,,
product_product_id_130470,05EL 024,1,Jinasena_MasterData_Stock.product_template_fluorescent_lamp_chain,05EL 024,,0.0,0.0,0.0,,,,
product_product_id_130471,05EL 025,1,Jinasena_MasterData_Stock.product_template_uv_tube_light_230_v_0_6_m,05EL 025,,0.0,0.0,0.0,,,,
product_product_id_130472,05EL 030,1,Jinasena_MasterData_Stock.product_template_indicator_bulb_220v,05EL 030,,0.0,0.0,0.0,,,,
product_product_id_130473,05EL 031,1,Jinasena_MasterData_Stock.product_template_fuse_1a,05EL 031,,0.0,0.0,0.0,,,,
product_product_id_130474,05EL 032,1,Jinasena_MasterData_Stock.product_template_oil_indicater_for_zs1100_swan_engine,05EL 032,,0.0,0.0,0.0,,,,
product_product_id_130475,05EL 037,1,Jinasena_MasterData_Stock.product_template_electric_bulb_110v_60w_screw_type,05EL 037,,0.0,0.0,0.0,,,,
product_product_id_130476,05EL 045,1,Jinasena_MasterData_Stock.product_template_din_rail,05EL 045,,0.0,0.0,0.0,,,,
product_product_id_130477,05EL 047,1,Jinasena_MasterData_Stock.product_template_side_plte_2_5mm,05EL 047,,0.0,0.0,0.0,,,,
product_product_id_130478,05EL 048,1,Jinasena_MasterData_Stock.product_template_terminal_lock,05EL 048,,0.0,0.0,0.0,,,,
product_product_id_130479,05EL 2000W,1,Jinasena_MasterData_Stock.product_template_heater_element_20000w_with_wire,05EL 2000W,,0.0,0.0,0.0,,,,
product_product_id_130480,05EL 23W,1,Jinasena_MasterData_Stock.product_template_cfl_bulb_23w_pin_type,05EL 23W,,0.0,0.0,0.0,,,,
product_product_id_130481,05EL 45WPT-LED,1,Jinasena_MasterData_Stock.product_template_led_bulb_45w_day_light_pin_type,05EL 45WPT-LED,,0.0,0.0,0.0,,,,
product_product_id_130482,05EL 45WST-LED,1,Jinasena_MasterData_Stock.product_template_led_bulb_45w_day_light_screw_type,05EL 45WST-LED,,0.0,0.0,0.0,,,,
product_product_id_130483,05EL 500,1,Jinasena_MasterData_Stock.product_template_heater_bulb_500w,05EL 500,,0.0,0.0,0.0,,,,
product_product_id_130484,05EL 5570,1,Jinasena_MasterData_Stock.product_template_starting_key_switch,05EL 5570,,0.0,0.0,0.0,,,,
product_product_id_130485,05EL 5571,1,Jinasena_MasterData_Stock.product_template_200a_300a_500a_weld_cable,05EL 5571,,0.0,0.0,0.0,,,,
product_product_id_130486,05EL 85W,1,Jinasena_MasterData_Stock.product_template_cfl_bulb_85w_p_type,05EL 85W,,0.0,0.0,0.0,,,,
product_product_id_137845,05EL 9WST-LED,1,Jinasena_MasterData_Stock.product_template_led_bulb_9w_screw_type,05EL 9WST-LED,,0.0,0.0,0.0,,,,
product_product_id_130487,05EM 001,1,Jinasena_MasterData_Stock.product_template_0_75hp_1_motor_for_mmc75,05EM 001,,0.0,0.0,0.0,,,,
product_product_id_130489,05EM 001-2,1,Jinasena_MasterData_Stock.product_template_electric_motor_1_5hp_1_ph_2_pole_pem_chi,05EM 001-2,,0.0,0.0,0.0,,,,
product_product_id_130488,05EM 001/2,1,Jinasena_MasterData_Stock.product_template_electric_motors_1_5hp_1phas_2pole,05EM 001/2,,0.0,0.0,0.0,,,,
product_product_id_130490,05EM 002/2,1,Jinasena_MasterData_Stock.product_template_electric_motors_2hp_1phas_4pole,05EM 002/2,,0.0,0.0,0.0,,,,
product_product_id_130491,05EM 003-1,1,Jinasena_MasterData_Stock.product_template_electric_motor_3hp_1_ph_4_pole_pem_chine,05EM 003-1,,0.0,0.0,0.0,,,,
product_product_id_130492,05EM 008/3,1,Jinasena_MasterData_Stock.product_template_ele_motor_8hp_3pase_4pole,05EM 008/3,,0.0,0.0,0.0,,,,
product_product_id_130494,05EM 010-3,1,Jinasena_MasterData_Stock.product_template_electric_motor_10hp_3ph_4pole_327421,05EM 010-3,,0.0,0.0,0.0,,,,
product_product_id_130493,05EM 010/3,1,Jinasena_MasterData_Stock.product_template_electric_motor_10hp_3ph_4pole,05EM 010/3,,0.0,0.0,0.0,,,,
product_product_id_130495,05EM 015/3,1,Jinasena_MasterData_Stock.product_template_electric_motor_15hp_3ph_4pole,05EM 015/3,,0.0,0.0,0.0,,,,
product_product_id_130496,05EM 025-3,1,Jinasena_MasterData_Stock.product_template_electric_motor_25hp_3ph_4pole,05EM 025-3,,0.0,0.0,0.0,,,,
product_product_id_130497,05EM 030-3,1,Jinasena_MasterData_Stock.product_template_electric_motor_30hp_3ph_4pole,05EM 030-3,,0.0,0.0,0.0,,,,
product_product_id_130499,05EM 1-2-1,1,Jinasena_MasterData_Stock.product_template_electric_motor_1hp_2pole_1ph,05EM 1-2-1,,0.0,0.0,0.0,,,,
product_product_id_130498,05EM 1.5-4-1,1,Jinasena_MasterData_Stock.product_template_electric_motors_1_5hp_1phase_4pole,05EM 1.5-4-1,,0.0,0.0,0.0,,,,
product_product_id_130500,05EM 2-2-1,1,Jinasena_MasterData_Stock.product_template_sale_motor_for_2_2_1_jam_327427,05EM 2-2-1,,0.0,0.0,0.0,,,,
product_product_id_130501,05EM 3.5-2-1,1,Jinasena_MasterData_Stock.product_template_electric_motor_3_5_1ph_2pole_chinese,05EM 3.5-2-1,,0.0,0.0,0.0,,,,
product_product_id_130502,05EM 3/4-2-1,1,Jinasena_MasterData_Stock.product_template_electric_motor_0_75hp_mg75,05EM 3/4-2-1,,0.0,0.0,0.0,,,,
product_product_id_130503,05EP 005,1,Jinasena_MasterData_Stock.product_template_sunk_type_plug_base_15a,05EP 005,,0.0,0.0,0.0,,,,
product_product_id_130504,05EP 006,1,Jinasena_MasterData_Stock.product_template_plain_plug_top_5a,05EP 006,,0.0,0.0,0.0,,,,
product_product_id_130505,05EP 007,1,Jinasena_MasterData_Stock.product_template_plain_plug_top_15a,05EP 007,,0.0,0.0,0.0,,,,
product_product_id_130506,05EP 008,1,Jinasena_MasterData_Stock.product_template_sunk_plug_base_switch_5a,05EP 008,,0.0,0.0,0.0,,,,
product_product_id_130507,05EP 009,1,Jinasena_MasterData_Stock.product_template_sunk_plug_base_switch15a,05EP 009,,0.0,0.0,0.0,,,,
product_product_id_130508,05EP 012,1,Jinasena_MasterData_Stock.product_template_cable_tie_12,05EP 012,,0.0,0.0,0.0,,,,
product_product_id_130509,05EP 015,1,Jinasena_MasterData_Stock.product_template_plastic_lamp_holder,05EP 015,,0.0,0.0,0.0,,,,
product_product_id_130510,05EP 016,1,Jinasena_MasterData_Stock.product_template_wiring_clips_utilux,05EP 016,,0.0,0.0,0.0,,,,
product_product_id_130511,05EP 017,1,Jinasena_MasterData_Stock.product_template_plastic_connector,05EP 017,,0.0,0.0,0.0,,,,
product_product_id_130512,05EP 020,1,Jinasena_MasterData_Stock.product_template_plastic_connector_5a,05EP 020,,0.0,0.0,0.0,,,,
product_product_id_130513,05EP 021,1,Jinasena_MasterData_Stock.product_template_srew_type_ceramic_holder_good_quality,05EP 021,,0.0,0.0,0.0,,,,
product_product_id_130514,05EP 038,1,Jinasena_MasterData_Stock.product_template_plug_top_square_13a,05EP 038,,0.0,0.0,0.0,,,,
product_product_id_130515,05EP 048,1,Jinasena_MasterData_Stock.product_template_plastic_sunk_switch_box,05EP 048,,0.0,0.0,0.0,,,,
product_product_id_130516,05EP 050,1,Jinasena_MasterData_Stock.product_template_sq_pin_plug_base_w_switch_13a,05EP 050,,0.0,0.0,0.0,,,,
product_product_id_130517,05EP 053,1,Jinasena_MasterData_Stock.product_template_cable_traps_6,05EP 053,,0.0,0.0,0.0,,,,
product_product_id_130518,05EP 055,1,Jinasena_MasterData_Stock.product_template_cable_tie_12_h_d,05EP 055,,0.0,0.0,0.0,,,,
product_product_id_130519,05EP 062,1,Jinasena_MasterData_Stock.product_template_copper_ferules_2_5mm,05EP 062,,0.0,0.0,0.0,,,,
product_product_id_130520,05EP 068,1,Jinasena_MasterData_Stock.product_template_plastic_cable_tie_4,05EP 068,,0.0,0.0,0.0,,,,
product_product_id_130521,05EP 069,1,Jinasena_MasterData_Stock.product_template_cable_lug_25s_mm,05EP 069,,0.0,0.0,0.0,,,,
product_product_id_130522,05EP 070,1,Jinasena_MasterData_Stock.product_template_cable_lug_2_5_seq_mts,05EP 070,,0.0,0.0,0.0,,,,
product_product_id_130523,05EP 071,1,Jinasena_MasterData_Stock.product_template_cable_lug_4_seq_mts,05EP 071,,0.0,0.0,0.0,,,,
product_product_id_130524,05EP 072,1,Jinasena_MasterData_Stock.product_template_cable_lug_6_seq_mts,05EP 072,,0.0,0.0,0.0,,,,
product_product_id_130525,05EP 073,1,Jinasena_MasterData_Stock.product_template_cable_lug_10_seq_mts,05EP 073,,0.0,0.0,0.0,,,,
product_product_id_130526,05EP 077,1,Jinasena_MasterData_Stock.product_template_cable_lug_35_seq_mts,05EP 077,,0.0,0.0,0.0,,,,
product_product_id_130527,05EP 080,1,Jinasena_MasterData_Stock.product_template_plastic_cable_tie_8,05EP 080,,0.0,0.0,0.0,,,,
product_product_id_130528,05EP 081,1,Jinasena_MasterData_Stock.product_template_cable_lug_8mm,05EP 081,,0.0,0.0,0.0,,,,
product_product_id_130529,05EP 082,1,Jinasena_MasterData_Stock.product_template_cable_lug_70mm_sq,05EP 082,,0.0,0.0,0.0,,,,
product_product_id_130530,05EP 084,1,Jinasena_MasterData_Stock.product_template_cable_lug_50mm_sq,05EP 084,,0.0,0.0,0.0,,,,
product_product_id_130531,05EP 085,1,Jinasena_MasterData_Stock.product_template_cable_lvg_16mm_sq,05EP 085,,0.0,0.0,0.0,,,,
product_product_id_130532,05EP 14P-B,1,Jinasena_MasterData_Stock.product_template_base_for_14pin_relay,05EP 14P-B,,0.0,0.0,0.0,,,,
product_product_id_130533,05EP 14P-R,1,Jinasena_MasterData_Stock.product_template_relay_14_pin_dc24v,05EP 14P-R,,0.0,0.0,0.0,,,,
product_product_id_130534,05EP 8P-B,1,Jinasena_MasterData_Stock.product_template_base_for_8pin_relay,05EP 8P-B,,0.0,0.0,0.0,,,,
product_product_id_130535,05EP 8P-R,1,Jinasena_MasterData_Stock.product_template_relay_8_pin,05EP 8P-R,,0.0,0.0,0.0,,,,
product_product_id_130536,05EP EPB,1,Jinasena_MasterData_Stock.product_template_emergency_push_button,05EP EPB,,0.0,0.0,0.0,,,,
product_product_id_130537,05ES 001,1,Jinasena_MasterData_Stock.product_template_on_off_switch_teknic_2psf320pp,05ES 001,,0.0,0.54,0.0,,,,
product_product_id_130538,05ES 002,1,Jinasena_MasterData_Stock.product_template_motor_stater_2hp_1ph_for_straw_cutter,05ES 002,,0.0,0.0,0.0,,,,
product_product_id_130539,05ES 003,1,Jinasena_MasterData_Stock.product_template_sunk_type_switch_2_gang_5a,05ES 003,,0.0,0.0,0.0,,,,
product_product_id_130540,05ES 004,1,Jinasena_MasterData_Stock.product_template_dol_stater_with_relay_9a_230v_7,05ES 004,,0.0,0.0,0.0,,,,
product_product_id_130541,05ES 005,1,Jinasena_MasterData_Stock.product_template_motor_stater_5_5hp_2_4pole_3,05ES 005,,0.0,0.0,0.0,,,,
product_product_id_130542,05ES 006,1,Jinasena_MasterData_Stock.product_template_motor_starter_1_5hp_1ph_2pol,05ES 006,,0.0,0.0,0.0,,,,
product_product_id_130543,05ES 007,1,Jinasena_MasterData_Stock.product_template_switch_2pole_20a_230v_clipsal,05ES 007,,0.0,0.0,0.0,,,,
product_product_id_130544,05ES 008,1,Jinasena_MasterData_Stock.product_template_sunk_type_switch_4_gang_5a,05ES 008,,0.0,0.0,0.0,,,,
product_product_id_130545,05ES 009,1,Jinasena_MasterData_Stock.product_template_limit_switch_15a_250v_td_1308_c,05ES 009,,0.0,0.0,0.0,,,,
product_product_id_130546,05ES 010,1,Jinasena_MasterData_Stock.product_template_limit_switch_for_mg75_mmc75,05ES 010,,0.0,0.0,0.0,,,,
product_product_id_130547,05ES 011,1,Jinasena_MasterData_Stock.product_template_limit_switch_ac15_240v_3a,05ES 011,,0.0,0.0,0.0,,,,
product_product_id_130548,05ES 013,1,Jinasena_MasterData_Stock.product_template_24_v_dc_photo_electric_sensor_1meter_adj,05ES 013,,0.0,0.0,0.0,,,,
product_product_id_130549,05ES 027,1,Jinasena_MasterData_Stock.product_template_toggle_switch,05ES 027,,0.0,0.0,0.0,,,,
product_product_id_130550,05ES 030,1,Jinasena_MasterData_Stock.product_template_enclosure_m_500x400x200mm,05ES 030,,0.0,0.0,0.0,,,,
product_product_id_130551,05ES 041,1,Jinasena_MasterData_Stock.product_template_elcb_63a_4p_100hz,05ES 041,,0.0,0.0,0.0,,,,
product_product_id_137847,05ES 042,1,Jinasena_MasterData_Stock.product_template_elcb_40a_2p_30_100_300_ma,05ES 042,,0.0,0.0,0.0,,,,
product_product_id_130552,05ES 046,1,Jinasena_MasterData_Stock.product_template_elcb_100a_4p_300ma,05ES 046,,0.0,0.0,0.0,,,,
product_product_id_130553,05ES 047,1,Jinasena_MasterData_Stock.product_template_elcb_100a_4p_100ma,05ES 047,,0.0,0.0,0.0,,,,
product_product_id_130554,05ES 050,1,Jinasena_MasterData_Stock.product_template_enclosure_400x400x150,05ES 050,,0.0,0.0,0.0,,,,
product_product_id_130555,05ES 100,1,Jinasena_MasterData_Stock.product_template_prot_switch_on_off_1p,05ES 100,,0.0,0.0,0.0,,,,
product_product_id_130556,05ES 102,1,Jinasena_MasterData_Stock.product_template_rot_switch_1_off_2_1p,05ES 102,,0.0,0.0,0.0,,,,
product_product_id_130557,05ES 103,1,Jinasena_MasterData_Stock.product_template_rot_switch_auto_off_man_1p,05ES 103,,0.0,0.0,0.0,,,,
product_product_id_130558,05ES 1308,1,Jinasena_MasterData_Stock.product_template_o_l_relay_lr2d1308_2_5_4a_tel,05ES 1308,,0.0,0.0,0.0,,,,
product_product_id_130559,05ES 1310,1,Jinasena_MasterData_Stock.product_template_o_l_relay_lr2d1310_4_6a_tel,05ES 1310,,0.0,0.0,0.0,,,,
product_product_id_130560,05ES 1312,1,Jinasena_MasterData_Stock.product_template_o_l_relay_lr2d1312_5_5_8a_tel,05ES 1312,,0.0,0.0,0.0,,,,
product_product_id_130561,05ES 1314,1,Jinasena_MasterData_Stock.product_template_o_l_relay_lr2d1314_7_10a_tel,05ES 1314,,0.0,0.0,0.0,,,,
product_product_id_130562,05ES 1316,1,Jinasena_MasterData_Stock.product_template_o_l_relay_lr2d1316_9_13a_tel,05ES 1316,,0.0,0.0,0.0,,,,
product_product_id_130563,05ES 240,1,Jinasena_MasterData_Stock.product_template_2_pole_mcb_housing,05ES 240,,0.0,0.0,0.0,,,,
product_product_id_130564,05ES 340,1,Jinasena_MasterData_Stock.product_template_3_4_pole_mcb_housing,05ES 340,,0.0,0.0,0.0,,,,
product_product_id_130565,05ES 700,1,Jinasena_MasterData_Stock.product_template_abc_700_box,05ES 700,,0.0,0.0,0.0,,,,
product_product_id_130566,05ES C-1210,1,Jinasena_MasterData_Stock.product_template_contactor_lc1d1210_12a_1ph_tel,05ES C-1210,,0.0,0.0,0.0,,,,
product_product_id_130567,05ES C-1210-3,1,Jinasena_MasterData_Stock.product_template_contactor_lc1d12n7_12a_3ph_400v_te,05ES C-1210-3,,0.0,0.0,0.0,,,,
product_product_id_130568,05ES C-12A110V,1,Jinasena_MasterData_Stock.product_template_contactor_12a_110v_3ph,05ES C-12A110V,,0.0,0.0,0.0,,,,
product_product_id_130569,05ES C-2510,1,Jinasena_MasterData_Stock.product_template_contactor_lc1d2510_25a3ph_tel,05ES C-2510,,0.0,0.0,0.0,,,,
product_product_id_130570,05ES C-2510-1,1,Jinasena_MasterData_Stock.product_template_contactor_lc1d2510_25a_1ph_tel,05ES C-2510-1,,0.0,0.0,0.0,,,,
product_product_id_130572,05ES C-910,1,Jinasena_MasterData_Stock.product_template_contactor_lc1d0910_9a_1ph_tel,05ES C-910,,0.0,0.0,0.0,,,,
product_product_id_130573,05ES C-9A,1,Jinasena_MasterData_Stock.product_template_siemens_contactor_9a_1no_230v,05ES C-9A,,0.0,0.0,0.0,,,,
product_product_id_130571,05ES C3210-3,1,Jinasena_MasterData_Stock.product_template_contactor_lc1d32a_3ph,05ES C3210-3,,0.0,0.0,0.0,,,,
product_product_id_130574,05ES CM1.5MM,1,Jinasena_MasterData_Stock.product_template_cable_marker_1_5mm_0_1_2_3_4_5_6_7_8_9_r,05ES CM1.5MM,,0.0,0.0,0.0,,,,
product_product_id_130575,05ES CM2.5MM,1,Jinasena_MasterData_Stock.product_template_cable_marker_2_5mm_0_1_2_3_4_5_6_7_8_9_l,05ES CM2.5MM,,0.0,0.0,0.0,,,,
product_product_id_130576,05ES ESS-RM,1,Jinasena_MasterData_Stock.product_template_emergency_stop_switch_rb_ro_mach,05ES ESS-RM,,0.0,0.0,0.0,,,,
product_product_id_130577,05ES IN-CAP,1,Jinasena_MasterData_Stock.product_template_insulated_caps_6mm,05ES IN-CAP,,0.0,0.0,0.0,,,,
product_product_id_130578,05ES KG9003,1,Jinasena_MasterData_Stock.product_template_empty_enclosure_kg_9003,05ES KG9003,,0.0,0.0,0.0,,,,
product_product_id_130579,05ES LA2DS2,1,Jinasena_MasterData_Stock.product_template_timer_on_delay_la2ds2,05ES LA2DS2,,0.0,0.0,0.0,,,,
product_product_id_130580,05ES MCB06-2,1,Jinasena_MasterData_Stock.product_template_mcb_06a_1pole,05ES MCB06-2,,0.0,0.0,0.0,,,,
product_product_id_130581,05ES MCB10-3,1,Jinasena_MasterData_Stock.product_template_mcb_10a_3pole_type2,05ES MCB10-3,,0.0,0.0,0.0,,,,
product_product_id_130582,05ES MCB16-2,1,Jinasena_MasterData_Stock.product_template_mcb_16a_2pole_type2,05ES MCB16-2,,0.0,0.0,0.0,,,,
product_product_id_130583,05ES MCB16-3,1,Jinasena_MasterData_Stock.product_template_mcb_16a_3pole_type3,05ES MCB16-3,,0.0,0.0,0.0,,,,
product_product_id_130584,05ES MCB20-2,1,Jinasena_MasterData_Stock.product_template_mcb_20a_2pole_type2,05ES MCB20-2,,0.0,0.0,0.0,,,,
product_product_id_130585,05ES MCB20-3,1,Jinasena_MasterData_Stock.product_template_mcb_20a_3pole,05ES MCB20-3,,0.0,0.0,0.0,,,,
product_product_id_130586,05ES MCB25-3,1,Jinasena_MasterData_Stock.product_template_mcb_25a_3pole_type_d,05ES MCB25-3,,0.0,0.0,0.0,,,,
product_product_id_130587,05ES MCB32-3D,1,Jinasena_MasterData_Stock.product_template_mcb_32a_3pole_type_d,05ES MCB32-3D,,0.0,0.0,0.0,,,,
product_product_id_130588,05ES MCB32-4,1,Jinasena_MasterData_Stock.product_template_mcb_6ka_32_4pole_c,05ES MCB32-4,,0.0,0.0,0.0,,,,
product_product_id_130589,05ES MCB40-2,1,Jinasena_MasterData_Stock.product_template_mcb_40a_2_pole,05ES MCB40-2,,0.0,0.0,0.0,,,,
product_product_id_130590,05ES MCB40-4,1,Jinasena_MasterData_Stock.product_template_mcb_40a_4pole,05ES MCB40-4,,0.0,0.0,0.0,,,,
product_product_id_130591,05ES MCB60-2,1,Jinasena_MasterData_Stock.product_template_mcb_60a_2pole_type2,05ES MCB60-2,,0.0,0.0,0.0,,,,
product_product_id_130592,05ES MCB60-4,1,Jinasena_MasterData_Stock.product_template_60amp_4pole_mcb,05ES MCB60-4,,0.0,0.0,0.0,,,,
product_product_id_130593,05ES MCB63-3,1,Jinasena_MasterData_Stock.product_template_mcb_63a_3pole,05ES MCB63-3,,0.0,0.0,0.0,,,,
product_product_id_130594,05ES MIL,1,Jinasena_MasterData_Stock.product_template_mechanical_interlock,05ES MIL,,0.0,0.0,0.0,,,,
product_product_id_130595,05ES PBS,1,Jinasena_MasterData_Stock.product_template_push_button_switch_on_off,05ES PBS,,0.0,0.0,0.0,,,,
product_product_id_130596,05ES T-24H,1,Jinasena_MasterData_Stock.product_template_timer_24hr_230v_grasslin,05ES T-24H,,0.0,0.0,0.0,,,,
product_product_id_130597,05ES T-MR,1,Jinasena_MasterData_Stock.product_template_multi_range_timer_anly_24v,05ES T-MR,,0.0,0.0,0.0,,,,
product_product_id_130598,05EV 004,1,Jinasena_MasterData_Stock.product_template_pvc_insulation_tape_3_4,05EV 004,,0.0,0.0,0.0,,,,
product_product_id_137598,05EV 010,1,Jinasena_MasterData_Stock.product_template_sleeving_1_5mm,05EV 010,,0.0,0.0,0.0,,,,
product_product_id_137599,05EV 011,1,Jinasena_MasterData_Stock.product_template_sleeving_2_0mm,05EV 011,,0.0,0.0,0.0,,,,
product_product_id_137600,05EV 012,1,Jinasena_MasterData_Stock.product_template_sleeving_3_0mm,05EV 012,,0.0,0.0,0.0,,,,
product_product_id_130599,05EV 013,1,Jinasena_MasterData_Stock.product_template_sleeving_4_0mm,05EV 013,,0.0,0.0,0.0,,,,
product_product_id_137606,05EV 027,1,Jinasena_MasterData_Stock.product_template_polyester_film_125mu_sqmeters,05EV 027,,0.0,0.0,0.0,,,,
product_product_id_130600,05EV 033,1,Jinasena_MasterData_Stock.product_template_sleeving_6mm,05EV 033,,0.0,0.0,0.0,,,,
product_product_id_137607,05EV 188X78,1,Jinasena_MasterData_Stock.product_template_polyester_film_0_188mmx78mm,05EV 188X78,,0.0,0.0,0.0,,,,
product_product_id_137601,05EV 250X10.8,1,Jinasena_MasterData_Stock.product_template_polyester_film_0_250mmx10_8mm,05EV 250X10.8,,0.0,0.0,0.0,,,,
product_product_id_130601,05FC 100,1,Jinasena_MasterData_Stock.product_template_flexible_condute_1,05FC 100,,0.0,0.0,0.0,,,,
product_product_id_130602,05FC 125,1,Jinasena_MasterData_Stock.product_template_flexible_condute_1_1_4,05FC 125,,0.0,0.0,0.0,,,,
product_product_id_130603,05IC 125,1,Jinasena_MasterData_Stock.product_template_insulated_cap_model_v1_25_327530,05IC 125,,0.0,0.0,0.0,,,,
product_product_id_137611,05IC 125,1,Jinasena_MasterData_Stock.product_template_insulated_cap_model_v1_25,05IC 125,,0.0,0.0,0.0,,,,
product_product_id_130604,05MA 050,1,Jinasena_MasterData_Stock.product_template_male_adaptor_0_5,05MA 050,,0.0,0.0,0.0,,,,
product_product_id_130605,05MA 050-N,1,Jinasena_MasterData_Stock.product_template_jam_nut_formale_adaptor_1_2,05MA 050-N,,0.0,0.0,0.0,,,,
product_product_id_130606,05MA 075,1,Jinasena_MasterData_Stock.product_template_brass_male_adaptor_3_4,05MA 075,,0.0,0.0,0.0,,,,
product_product_id_130607,05MA 075-N,1,Jinasena_MasterData_Stock.product_template_jam_nut_for_male_adaptor_3_4,05MA 075-N,,0.0,0.0,0.0,,,,
product_product_id_130608,05MA 125,1,Jinasena_MasterData_Stock.product_template_male_adaptor_1_25,05MA 125,,0.0,0.0,0.0,,,,
product_product_id_130609,05MA 125-N,1,Jinasena_MasterData_Stock.product_template_jam_nut_for_male_adaptor_1_1_4,05MA 125-N,,0.0,0.0,0.0,,,,
product_product_id_130610,05MCCB-100A3P,1,Jinasena_MasterData_Stock.product_template_mccb_100amp_3_pole,05MCCB-100A3P,,0.0,0.0,0.0,,,,
product_product_id_130611,05MCCB-63A4P,1,Jinasena_MasterData_Stock.product_template_mccb_63a_4pole,05MCCB-63A4P,,0.0,0.0,0.0,,,,
product_product_id_130612,05NU 025,1,Jinasena_MasterData_Stock.product_template_pneumatic_solenoid_operated_flow_valve_2,05NU 025,,0.0,0.0,0.0,,,,
product_product_id_130613,05PB EA31,1,Jinasena_MasterData_Stock.product_template_push_button_g_xb7_ea31,05PB EA31,,0.0,0.0,0.0,,,,
product_product_id_130614,05PB EA42,1,Jinasena_MasterData_Stock.product_template_push_button_r_xb7_ea42,05PB EA42,,0.0,0.0,0.0,,,,
product_product_id_130615,05PL GREEN,1,Jinasena_MasterData_Stock.product_template_pilot_lamp_green,05PL GREEN,,0.0,0.0,0.0,,,,
product_product_id_130616,05PL RED,1,Jinasena_MasterData_Stock.product_template_pilot_lamp_redteknic,05PL RED,,0.0,0.0,0.0,,,,
product_product_id_130617,05PL YEL,1,Jinasena_MasterData_Stock.product_template_pilot_lamp_yellow_teknic,05PL YEL,,0.0,0.0,0.0,,,,
product_product_id_130618,05PS 16A-F,1,Jinasena_MasterData_Stock.product_template_socket_3pin_16a_female,05PS 16A-F,,0.0,0.0,0.0,,,,
product_product_id_130619,05PS 16A-F3,1,Jinasena_MasterData_Stock.product_template_4_5_pin_female_socket_16a,05PS 16A-F3,,0.0,0.0,0.0,,,,
product_product_id_130620,05PS 16A-M3,1,Jinasena_MasterData_Stock.product_template_4_5_pin_male_plug_16a,05PS 16A-M3,,0.0,0.0,0.0,,,,
product_product_id_130623,05PS 32A-F3,1,Jinasena_MasterData_Stock.product_template_female_socket_32a_4_5_pin,05PS 32A-F3,,0.0,0.0,0.0,,,,
product_product_id_130624,05PS 32A-M3,1,Jinasena_MasterData_Stock.product_template_male_plug_32a_4_5_pin,05PS 32A-M3,,0.0,0.0,0.0,,,,
product_product_id_130621,05PS 32A3P-F,1,Jinasena_MasterData_Stock.product_template_socket_32a_3_pin_female,05PS 32A3P-F,,0.0,0.0,0.0,,,,
product_product_id_130622,05PS 32A3P-M,1,Jinasena_MasterData_Stock.product_template_plug_32a_3_pin_male,05PS 32A3P-M,,0.0,0.0,0.0,,,,
product_product_id_130625,05RT 36020,1,Jinasena_MasterData_Stock.product_template_ring_terminal_model36020_f1_25_4,05RT 36020,,0.0,0.0,0.0,,,,
product_product_id_137612,05RT 36020,1,Jinasena_MasterData_Stock.product_template_ring_terminal_model36020_f1_25_4_335875,05RT 36020,,0.0,0.0,0.0,,,,
product_product_id_137613,05RT CJ-FDD,1,Jinasena_MasterData_Stock.product_template_fdd_type_ring_cable_terminal_connector_f,05RT CJ-FDD,,0.0,0.0,0.0,,,,
product_product_id_130626,05SHR CL4,1,Jinasena_MasterData_Stock.product_template_beta_shrink_clear_size_4,05SHR CL4,,0.0,0.0,0.0,,,,
product_product_id_130627,05SL 058,1,Jinasena_MasterData_Stock.product_template_plastic_tubing_black_5_8,05SL 058,,0.0,0.0,0.0,,,,
product_product_id_130628,05SP 060,1,Jinasena_MasterData_Stock.product_template_side_plate_6m_2,05SP 060,,0.0,0.0,0.0,,,,
product_product_id_130629,05TE 060,1,Jinasena_MasterData_Stock.product_template_earth_terminal_6mm_sq,05TE 060,,0.0,0.0,0.0,,,,
product_product_id_130630,05TIE ADH-BSE-L,1,Jinasena_MasterData_Stock.product_template_adhes_cable_tie_base_nat_large,05TIE ADH-BSE-L,,0.0,0.0,0.0,,,,
product_product_id_130631,05TS 040,1,Jinasena_MasterData_Stock.product_template_terminal_station_4mmsq,05TS 040,,0.0,0.0,0.0,,,,
product_product_id_130632,05TS 060,1,Jinasena_MasterData_Stock.product_template_terminal_station_6m_2,05TS 060,,0.0,0.0,0.0,,,,
product_product_id_130633,05WD 3345,1,Jinasena_MasterData_Stock.product_template_wiring_duct_kss_slotted_33x45,05WD 3345,,0.0,0.0,0.0,,,,
product_product_id_130634,065 01400 20,1,Jinasena_MasterData_Stock.product_template_spark_plug_ey20,065 01400 20,,0.0,0.0,0.0,,,,
product_product_id_130635,066 99002 07,1,Jinasena_MasterData_Stock.product_template_switch_set,066 99002 07,,0.0,0.0,0.0,,,,
product_product_id_130636,06BC 001,1,Jinasena_MasterData_Stock.product_template_roof_cover_for_b_c_riding_seat,06BC 001,,0.0,0.0,0.0,,,,
product_product_id_130637,06CP 3P,1,Jinasena_MasterData_Stock.product_template_ceramic_connector_3p,06CP 3P,,0.0,0.0,0.0,,,,
product_product_id_130638,06EC NR110,1,Jinasena_MasterData_Stock.product_template_pl_end_cover_nr110_1,06EC NR110,,0.0,0.0,0.0,,,,
product_product_id_130639,06FC 015,1,Jinasena_MasterData_Stock.product_template_fan_cover_for_15hp_motor,06FC 015,,0.0,0.0,0.0,,,,
product_product_id_130640,06FC EJ110,1,Jinasena_MasterData_Stock.product_template_ventilator_cover_fan_cover,06FC EJ110,,0.0,0.0,0.0,,,,
product_product_id_130641,06FC NR1101,1,Jinasena_MasterData_Stock.product_template_fan_cover_nr110_1,06FC NR1101,,0.0,0.0,0.0,,,,
product_product_id_137614,06FC NR1101,1,Jinasena_MasterData_Stock.product_template_fan_cover_nr110_1_drilled,06FC NR1101,,0.0,0.0,0.0,,,,
product_product_id_137698,06FC NR1101-IM,1,Jinasena_MasterData_Stock.product_template_fan_cover_nr110_1_injection_moulded,06FC NR1101-IM,,0.0,0.0,0.0,,,,
product_product_id_130642,06HT 1201,1,Jinasena_MasterData_Stock.product_template_roof_cover_cloth_aht12_tractor,06HT 1201,,0.0,0.0,0.0,,,,
product_product_id_137615,06MF NR75,1,Jinasena_MasterData_Stock.product_template_pl_motor_foot,06MF NR75,,0.0,0.0,0.0,,,,
product_product_id_130643,06MJ EJ110,1,Jinasena_MasterData_Stock.product_template_stator_stand_motor_foot,06MJ EJ110,,0.0,0.0,0.0,,,,
product_product_id_130644,06PB 002,1,Jinasena_MasterData_Stock.product_template_plastic_bush_for_multi_chopper,06PB 002,,0.0,0.0,0.0,,,,
product_product_id_130645,06PC 3P,1,Jinasena_MasterData_Stock.product_template_ceremic_connector_3p,06PC 3P,,0.0,0.0,0.0,,,,
product_product_id_130646,06PC 6P,1,Jinasena_MasterData_Stock.product_template_plastic_connector_6_pin,06PC 6P,,0.0,0.0,0.0,,,,
product_product_id_130647,06PC FC-NR115,1,Jinasena_MasterData_Stock.product_template_pl_fan_cover_nr115_1,06PC FC-NR115,,0.0,0.0,0.0,,,,
product_product_id_130648,06PC NR105,1,Jinasena_MasterData_Stock.product_template_plastic_connector_nr105_1_327575,06PC NR105,,0.0,0.0,0.0,,,,
product_product_id_137616,06PC NR105,1,Jinasena_MasterData_Stock.product_template_plastic_connector_nr105_1,06PC NR105,,0.0,0.0,0.0,,,,
product_product_id_130649,06PF 001,1,Jinasena_MasterData_Stock.product_template_5_blade_plastic_fan,06PF 001,,0.0,0.0,0.0,,,,
product_product_id_130650,06PF 015,1,Jinasena_MasterData_Stock.product_template_plastic_cooling_fan_for_15hp_motor,06PF 015,,0.0,0.0,0.0,,,,
product_product_id_130651,06PF EJ110,1,Jinasena_MasterData_Stock.product_template_ventilator_fan,06PF EJ110,,0.0,0.0,0.0,,,,
product_product_id_137617,06PF MU,1,Jinasena_MasterData_Stock.product_template_ultra_dur_fan_m125_red_drilled,06PF MU,,0.0,0.0,0.0,,,,
product_product_id_137618,06PF MU-IM,1,Jinasena_MasterData_Stock.product_template_ultra_dur_fan_m125_red_injection_moulded,06PF MU-IM,,0.0,0.0,0.0,,,,
product_product_id_130654,06PF N-U,1,Jinasena_MasterData_Stock.product_template_fan_327581,06PF N-U,,0.0,0.0,0.0,,,,
product_product_id_130652,06PF NR1001,1,Jinasena_MasterData_Stock.product_template_fan_cover,06PF NR1001,,0.0,0.0,0.0,,,,
product_product_id_130653,06PF NU,1,Jinasena_MasterData_Stock.product_template_fan_327580,06PF NU,,0.0,0.0,0.0,,,,
product_product_id_130655,06PL A-C,1,Jinasena_MasterData_Stock.product_template_plastic_end_cap_for_tractor,06PL A-C,,0.0,0.0,0.0,,,,
product_product_id_130656,06PL BW20P,1,Jinasena_MasterData_Stock.product_template_plastic_gear_wheel_for_rr,06PL BW20P,,0.0,0.0,0.0,,,,
product_product_id_130657,06PL EJ110,1,Jinasena_MasterData_Stock.product_template_capacitor_holding_box,06PL EJ110,,0.0,0.0,0.0,,,,
product_product_id_130658,06PL GW20T,1,Jinasena_MasterData_Stock.product_template_plastic_gear_wheel_for_rubber_roller_20_,06PL GW20T,,0.0,0.0,0.0,,,,
product_product_id_130659,06PL SP300,1,Jinasena_MasterData_Stock.product_template_plastc_end_cap_sp300_pumps,06PL SP300,,0.0,0.0,0.0,,,,
product_product_id_130662,06PL TB-M,1,Jinasena_MasterData_Stock.product_template_terminal_box,06PL TB-M,,0.0,0.0,0.0,,,,
product_product_id_130663,06PL TB-S,1,Jinasena_MasterData_Stock.product_template_plastic_terminal_box_small,06PL TB-S,,0.0,0.0,0.0,,,,
product_product_id_130660,06PL TBC-M,1,Jinasena_MasterData_Stock.product_template_terminal_box_cover,06PL TBC-M,,0.0,0.0,0.0,,,,
product_product_id_130661,06PL TBC-S,1,Jinasena_MasterData_Stock.product_template_pl_terminal_box_cover_small,06PL TBC-S,,0.0,0.0,0.0,,,,
product_product_id_130664,06PP 025,1,Jinasena_MasterData_Stock.product_template_plastic_prime_plug_3_4,06PP 025,,0.0,0.0,0.0,,,,
product_product_id_130665,06PP HMS,1,Jinasena_MasterData_Stock.product_template_plastic_prime_plug_hms,06PP HMS,,0.0,0.0,0.0,,,,
product_product_id_137619,06PP QM100,1,Jinasena_MasterData_Stock.product_template_pl_plug_del_end_qm100,06PP QM100,,0.0,0.0,0.0,,,,
product_product_id_130666,06PT BSM,1,Jinasena_MasterData_Stock.product_template_plastic_basam_for_ptm_1_5ss,06PT BSM,,0.0,0.0,0.0,,,,
product_product_id_130667,06PT JET5,1,Jinasena_MasterData_Stock.product_template_rubber_protector_pad,06PT JET5,,0.0,0.0,0.0,,,,
product_product_id_130668,06PT TRAY,1,Jinasena_MasterData_Stock.product_template_plastic_tray_320x280x80mm_m_grin,06PT TRAY,,0.0,0.0,0.0,,,,
product_product_id_130669,06RA 017,1,Jinasena_MasterData_Stock.product_template_t_box_packing_327596,06RA 017,,0.0,0.0,0.0,,,,
product_product_id_130670,06RA 025,1,Jinasena_MasterData_Stock.product_template_reaper_hand_covers,06RA 025,,0.0,0.0,0.0,,,,
product_product_id_130671,06RA 034,1,Jinasena_MasterData_Stock.product_template_rubber_t_box_packing_n_type,06RA 034,,0.0,0.0,0.0,,,,
product_product_id_130672,06RA NR100P,1,Jinasena_MasterData_Stock.product_template_t_box_packing,06RA NR100P,,0.0,0.0,0.0,,,,
product_product_id_137620,06RA NR115P,1,Jinasena_MasterData_Stock.product_template_rubber_t_box_packing_nr115,06RA NR115P,,0.0,0.0,0.0,,,,
product_product_id_130673,06RA NR115P,1,Jinasena_MasterData_Stock.product_template_stator_packing,06RA NR115P,,0.0,0.0,0.0,,,,
product_product_id_130675,06RA TB-NR100,1,Jinasena_MasterData_Stock.product_template_terminal_box_assy,06RA TB-NR100,,0.0,0.0,0.0,,,,
product_product_id_130676,06RA TB-NR115,1,Jinasena_MasterData_Stock.product_template_terminal_box_and_cover_nr115_1_al_m_hous_327603,06RA TB-NR115,,0.0,0.0,0.0,,,,
product_product_id_137690,06RA TB-NR115,1,Jinasena_MasterData_Stock.product_template_terminal_box_and_cover_nr115_1_ready_to_,06RA TB-NR115,,0.0,0.0,0.0,,,,
product_product_id_137691,06RA TB-NR115-AS,1,Jinasena_MasterData_Stock.product_template_terminal_box_and_cover_nr115_1_assembly,06RA TB-NR115-AS,,0.0,0.0,0.0,,,,
product_product_id_130674,06RA TBC-NR100,1,Jinasena_MasterData_Stock.product_template_terminal_box_cover_for_nr100_1,06RA TBC-NR100,,0.0,0.0,0.0,,,,
product_product_id_130677,06RB 001,1,Jinasena_MasterData_Stock.product_template_base_rubber_gfa100n_gva370,06RB 001,,0.0,0.0,0.0,,,,
product_product_id_130678,06RB 002,1,Jinasena_MasterData_Stock.product_template_rubber_bush_7_8,06RB 002,,0.0,0.0,0.0,,,,
product_product_id_130679,06RB 004,1,Jinasena_MasterData_Stock.product_template_rubber_bush_square_1,06RB 004,,0.0,0.0,0.0,,,,
product_product_id_130680,06RB 015,1,Jinasena_MasterData_Stock.product_template_handlr_cover_clutch_gear,06RB 015,,0.0,0.0,0.0,,,,
product_product_id_130681,06RB 020,1,Jinasena_MasterData_Stock.product_template_handle_cover_for_plough,06RB 020,,0.0,0.0,0.0,,,,
product_product_id_130682,06RB 022,1,Jinasena_MasterData_Stock.product_template_rubber_cycle_handle_grip,06RB 022,,0.0,0.0,0.0,,,,
product_product_id_130683,06RB 023,1,Jinasena_MasterData_Stock.product_template_rubber_gromet_12mm,06RB 023,,0.0,0.0,0.0,,,,
product_product_id_130684,06RB 3/4,1,Jinasena_MasterData_Stock.product_template_rubber_bush_mini_m_chopper,06RB 3/4,,0.0,0.0,0.0,,,,
product_product_id_130685,06RB AHT4-01,1,Jinasena_MasterData_Stock.product_template_dust_seal_rubberclutch_cover,06RB AHT4-01,,0.0,0.0,0.0,,,,
product_product_id_130686,06RB BC-01,1,Jinasena_MasterData_Stock.product_template_bonut_hook_rubber_for_3wh,06RB BC-01,,0.0,0.0,0.0,,,,
product_product_id_130687,06RB BE-01,1,Jinasena_MasterData_Stock.product_template_beidings_for_3wheel,06RB BE-01,,0.0,0.0,0.0,,,,
product_product_id_130688,06RB JET5-01,1,Jinasena_MasterData_Stock.product_template_rb_dust_seal_clutch_cover_jet5_j,06RB JET5-01,,0.0,0.0,0.0,,,,
product_product_id_130689,06RB JET5-03,1,Jinasena_MasterData_Stock.product_template_rb_cycle_handle_grip,06RB JET5-03,,0.0,0.0,0.0,,,,
product_product_id_130690,06RB JET5-05,1,Jinasena_MasterData_Stock.product_template_steering_handle_bush_aht8,06RB JET5-05,,0.0,0.0,0.0,,,,
product_product_id_130691,06RB JET7-02,1,Jinasena_MasterData_Stock.product_template_handle_bush_gear_lever,06RB JET7-02,,0.0,0.0,0.0,,,,
product_product_id_130692,06RB JET7-03,1,Jinasena_MasterData_Stock.product_template_rot_chain_case_rub_bush,06RB JET7-03,,0.0,0.0,0.0,,,,
product_product_id_130693,06RB JET8,1,Jinasena_MasterData_Stock.product_template_rubber_handle_aht8,06RB JET8,,0.0,0.0,0.0,,,,
product_product_id_130694,06RB MG1,1,Jinasena_MasterData_Stock.product_template_rubber_binding_for_mini_grinder,06RB MG1,,0.0,0.0,0.0,,,,
product_product_id_137848,06RB PB1,1,Jinasena_MasterData_Stock.product_template_rubber_beading_for_panel_board,06RB PB1,,0.0,0.0,0.0,,,,
product_product_id_130695,06RB R1.2,1,Jinasena_MasterData_Stock.product_template_rubber_bush_for_balancing_weight,06RB R1.2,,0.0,0.0,0.0,,,,
product_product_id_130696,06RC 022,1,Jinasena_MasterData_Stock.product_template_rubber_diffuser_16mm,06RC 022,,0.0,0.0,0.0,,,,
product_product_id_137621,06RC 030,1,Jinasena_MasterData_Stock.product_template_rubber_diffuser_15mm,06RC 030,,0.0,0.0,0.0,,,,
product_product_id_130697,06RC 050,1,Jinasena_MasterData_Stock.product_template_rb_steering_lever_cap,06RC 050,,0.0,0.0,0.0,,,,
product_product_id_130698,06RC TOC-C,1,Jinasena_MasterData_Stock.product_template_rubber_cap_for_toc,06RC TOC-C,,0.0,0.0,0.0,,,,
product_product_id_130699,06RG NR115,1,Jinasena_MasterData_Stock.product_template_rubber_gromet_nr115_1_327626,06RG NR115,,0.0,0.0,0.0,,,,
product_product_id_137622,06RG NR115,1,Jinasena_MasterData_Stock.product_template_rubber_gromet_nr115_1,06RG NR115,,0.0,0.0,0.0,,,,
product_product_id_130700,06RI JET5-01,1,Jinasena_MasterData_Stock.product_template_stearing_fork_o_ring,06RI JET5-01,,0.0,0.0,0.0,,,,
product_product_id_130701,06RI NR100,1,Jinasena_MasterData_Stock.product_template_rubber_insert_nr100_327628,06RI NR100,,0.0,0.0,0.0,,,,
product_product_id_137623,06RI NR100,1,Jinasena_MasterData_Stock.product_template_rubber_insert_nr100,06RI NR100,,0.0,0.0,0.0,,,,
product_product_id_137624,06RO J125-N110,1,Jinasena_MasterData_Stock.product_template_rubber_o_ring_packing_n110t_1n_j_125,06RO J125-N110,,0.0,0.0,0.0,,,,
product_product_id_130702,06RP NR100S,1,Jinasena_MasterData_Stock.product_template_rb_stator_packing_nr100,06RP NR100S,,0.0,0.0,0.0,,,,
product_product_id_130703,06RP NR110S,1,Jinasena_MasterData_Stock.product_template_rb_stator_packing_nr110,06RP NR110S,,0.0,0.0,0.0,,,,
product_product_id_130704,06RP NR115S,1,Jinasena_MasterData_Stock.product_template_rb_stator_packing_nr115,06RP NR115S,,0.0,0.0,0.0,,,,
product_product_id_130705,06RR 004,1,Jinasena_MasterData_Stock.product_template_govener_folk_oil_seal,06RR 004,,0.0,0.0,0.0,,,,
product_product_id_130706,06RR 005,1,Jinasena_MasterData_Stock.product_template_rubber_ring_7_8,06RR 005,,0.0,0.0,0.0,,,,
product_product_id_130707,06RR 007,1,Jinasena_MasterData_Stock.product_template_rubber_sheet_2_x2_x1_4_thic,06RR 007,,0.0,0.0,0.0,,,,
product_product_id_130708,06RR 008,1,Jinasena_MasterData_Stock.product_template_rubber_sheet_2_x2_x3_8,06RR 008,,0.0,0.0,0.0,,,,
product_product_id_130709,06RR 015,1,Jinasena_MasterData_Stock.product_template_syn_rubber_ring_flat_bott_16mm,06RR 015,,0.0,0.0,0.0,,,,
product_product_id_130710,06RR 036,1,Jinasena_MasterData_Stock.product_template_valve_seat_ring_bhs150_86_o_d,06RR 036,,0.0,0.0,0.0,,,,
product_product_id_130711,06RR 042,1,Jinasena_MasterData_Stock.product_template_o_ring_for_tank_cap,06RR 042,,0.0,0.0,0.0,,,,
product_product_id_130712,06RR 043,1,Jinasena_MasterData_Stock.product_template_cylider_liner_o_ring_aht_8,06RR 043,,0.0,0.0,0.0,,,,
product_product_id_130713,06RR 044,1,Jinasena_MasterData_Stock.product_template_cylinder_liner_o_ring_j_6,06RR 044,,0.0,0.0,0.0,,,,
product_product_id_130714,06RR 1631,1,Jinasena_MasterData_Stock.product_template_o_ring_for_gt8_16x3_1,06RR 1631,,0.0,0.0,0.0,,,,
product_product_id_130715,06RR 2110,1,Jinasena_MasterData_Stock.product_template_o_ring_327642,06RR 2110,,0.0,0.0,0.0,,,,
product_product_id_130716,06RR 2518,1,Jinasena_MasterData_Stock.product_template_o_ring_for_gt8_25x1_8,06RR 2518,,0.0,0.0,0.0,,,,
product_product_id_130717,06RS 002,1,Jinasena_MasterData_Stock.product_template_rubber_sheet_2_x2_x1_8,06RS 002,,0.0,0.0,0.0,,,,
product_product_id_130718,06RS 005,1,Jinasena_MasterData_Stock.product_template_arpifoam_sheet_1_sponch,06RS 005,,0.0,0.0,0.0,,,,
product_product_id_130719,06RS 007,1,Jinasena_MasterData_Stock.product_template_rexin_sheet,06RS 007,,0.0,0.0,0.0,,,,
product_product_id_130720,06RS 009,1,Jinasena_MasterData_Stock.product_template_rubber_grooved_matting_black,06RS 009,,0.0,0.0,0.0,,,,
product_product_id_130721,06RS 010,1,Jinasena_MasterData_Stock.product_template_arpifoam_sheet_1_2,06RS 010,,0.0,0.0,0.0,,,,
product_product_id_130722,06RS 011,1,Jinasena_MasterData_Stock.product_template_carpet,06RS 011,,0.0,0.0,0.0,,,,
product_product_id_130723,06RS 070,1,Jinasena_MasterData_Stock.product_template_steering_lever_plastic_spacer,06RS 070,,0.0,0.0,0.0,,,,
product_product_id_137625,06RW 005,1,Jinasena_MasterData_Stock.product_template_priming_plug_washer,06RW 005,,0.0,0.0,0.0,,,,
product_product_id_130724,06TF TH-2BL,1,Jinasena_MasterData_Stock.product_template_plastic_fan_2blade_th6_7,06TF TH-2BL,,0.0,0.0,0.0,,,,
product_product_id_130725,06WH 001,1,Jinasena_MasterData_Stock.product_template_wooden_handle_for_rubber_roler,06WH 001,,0.0,0.0,0.0,,,,
product_product_id_137626,07AH JIN2-118,1,Jinasena_MasterData_Stock.product_template_extruded_al_housing_jin2_118mm,07AH JIN2-118,,0.0,0.0,0.0,,,,
product_product_id_137627,07AH JIN2-118-GP,1,Jinasena_MasterData_Stock.product_template_extruded_alu_housing_jin2_118mm_n110_gol,07AH JIN2-118-GP,,0.0,0.0,0.0,,,,
product_product_id_137628,07AH JIN2-118-MC,1,Jinasena_MasterData_Stock.product_template_extruded_al_housing_jin2_118_machining_c,07AH JIN2-118-MC,,0.0,0.0,0.0,,,,
product_product_id_130726,07AL 009,1,Jinasena_MasterData_Stock.product_template_aluminium_sheet_8_x4_xg20,07AL 009,,0.0,0.0,0.0,,,,
product_product_id_130727,07AL 024,1,Jinasena_MasterData_Stock.product_template_alu_sheet_g_24,07AL 024,,0.0,0.0,0.0,,,,
product_product_id_130728,07AL CH-32,1,Jinasena_MasterData_Stock.product_template_aluminium_checker_plate_8_x4_xg1_8,07AL CH-32,,0.0,0.0,0.0,,,,
product_product_id_130729,07AP 03-24G,1,Jinasena_MasterData_Stock.product_template_amano_plain_zin_corted_sheet_3_x0_47_mm_,07AP 03-24G,,0.0,0.0,0.0,,,,
product_product_id_130730,07AR 12-03,1,Jinasena_MasterData_Stock.product_template_amano_roofing_sheet_12_x03_xg0_35mm,07AR 12-03,,0.0,0.0,0.0,,,,
product_product_id_130731,07AS 500,1,Jinasena_MasterData_Stock.product_template_asab_steel_bar_50mm,07AS 500,,0.0,0.0,0.0,,,,
product_product_id_137602,07CF BRT5.3,1,Jinasena_MasterData_Stock.product_template_cold_finish_round_bar_5_3mm,07CF BRT5.3,,0.0,0.0,0.0,,,,
product_product_id_130732,07CF BRT6.0,1,Jinasena_MasterData_Stock.product_template_cold_finished_round_bar_6_0mm,07CF BRT6.0,,0.0,0.0,0.0,,,,
product_product_id_130733,07CF BRT9.0,1,Jinasena_MasterData_Stock.product_template_cold_finish_bt_steel_9_0mm_5_8m,07CF BRT9.0,,0.0,0.0,0.0,,,,
product_product_id_130734,07CP 1/4,1,Jinasena_MasterData_Stock.product_template_copper_tube_1_4_dia,07CP 1/4,,0.0,0.0,0.0,,,,
product_product_id_130735,07CS 022,1,Jinasena_MasterData_Stock.product_template_carbon_steel_bar_22mm_7_8,07CS 022,,0.0,0.0,0.0,,,,
product_product_id_130736,07CS 125,1,Jinasena_MasterData_Stock.product_template_carbon_steel_bar_1_1_4,07CS 125,,0.0,0.0,0.0,,,,
product_product_id_130737,07FT 038SS,1,Jinasena_MasterData_Stock.product_template_ss_furniture_tube_38x1_2_mm,07FT 038SS,,0.0,0.0,0.0,,,,
product_product_id_130738,07FT 075,1,Jinasena_MasterData_Stock.product_template_ms_furniture_tube_3_4_xg18_1_2m,07FT 075,,0.0,0.0,0.0,,,,
product_product_id_130739,07FT 100,1,Jinasena_MasterData_Stock.product_template_ms_furniture_tube_1_xg16_1_5mm,07FT 100,,0.0,0.0,0.0,,,,
product_product_id_130740,07FT 7/8,1,Jinasena_MasterData_Stock.product_template_ms_furniture_tube_7_8_xg16_1_5m,07FT 7/8,,0.0,0.0,0.0,,,,
product_product_id_130741,07FW 038,1,Jinasena_MasterData_Stock.product_template_fly_wood_sheet_8_x4_3_8,07FW 038,,0.0,0.0,0.0,,,,
product_product_id_130742,07FW 039,1,Jinasena_MasterData_Stock.product_template_ply_wood_sheet_3_4,07FW 039,,0.0,0.0,0.0,,,,
product_product_id_130743,07FW 040,1,Jinasena_MasterData_Stock.product_template_ply_wood_sheet_1_4,07FW 040,,0.0,0.0,0.0,,,,
product_product_id_130744,07GW 125,1,Jinasena_MasterData_Stock.product_template_g_i_wire_1_8in,07GW 125,,0.0,0.0,0.0,,,,
product_product_id_130745,07HI 1X1/4,1,Jinasena_MasterData_Stock.product_template_m_s_hoop_iron_1x1_4_for_seever,07HI 1X1/4,,0.0,0.0,0.0,,,,
product_product_id_130746,07HR 015,1,Jinasena_MasterData_Stock.product_template_b_i_hook_ring_1_5inch,07HR 015,,0.0,0.0,0.0,,,,
product_product_id_130747,07MB 004,1,Jinasena_MasterData_Stock.product_template_brass_round_5_8_mt,07MB 004,,0.0,0.0,0.0,,,,
product_product_id_130748,07MB 006,1,Jinasena_MasterData_Stock.product_template_brass_round_1_mt,07MB 006,,0.0,0.0,0.0,,,,
product_product_id_130749,07MB 007,1,Jinasena_MasterData_Stock.product_template_brass_round_11_4_mt,07MB 007,,0.0,0.0,0.0,,,,
product_product_id_130750,07MB 008,1,Jinasena_MasterData_Stock.product_template_brass_round_1_5_mt,07MB 008,,0.0,0.0,0.0,,,,
product_product_id_137629,07MB 017,1,Jinasena_MasterData_Stock.product_template_brass_sheet_4_x_14_x_18g,07MB 017,,0.0,0.0,0.0,,,,
product_product_id_130751,07MB 026,1,Jinasena_MasterData_Stock.product_template_brass_hex_bar_13_16_x12_327678,07MB 026,,0.0,0.0,0.0,,,,
product_product_id_137603,07MB 026,1,Jinasena_MasterData_Stock.product_template_brass_hex_bar_13_16_x12,07MB 026,,0.0,0.0,0.0,,,,
product_product_id_130752,07MB 100,1,Jinasena_MasterData_Stock.product_template_brass_hex_bar_1,07MB 100,,0.0,0.0,0.0,,,,
product_product_id_130753,07MB 40X25X100,1,Jinasena_MasterData_Stock.product_template_vesconite_hilube_bushing_1025100,07MB 40X25X100,,0.0,0.0,0.0,,,,
product_product_id_130754,07MC 003,1,Jinasena_MasterData_Stock.product_template_copper_rod_bar_22mm_7_8,07MC 003,,0.0,0.0,0.0,,,,
product_product_id_130755,07MC 004,1,Jinasena_MasterData_Stock.product_template_cu_round_bar_1_mt,07MC 004,,0.0,0.0,0.0,,,,
product_product_id_130756,07MC 009,1,Jinasena_MasterData_Stock.product_template_cu_tubing_1_4_mt,07MC 009,,0.0,0.0,0.0,,,,
product_product_id_130757,07MC 012,1,Jinasena_MasterData_Stock.product_template_copper_tubing_5_16_mt,07MC 012,,0.0,0.0,0.0,,,,
product_product_id_130758,07MC 013,1,Jinasena_MasterData_Stock.product_template_copper_flat_1_x1_4_mt,07MC 013,,0.0,0.0,0.0,,,,
product_product_id_130759,07MC 030,1,Jinasena_MasterData_Stock.product_template_copper_sheet_2_x4_x30g_sheet,07MC 030,,0.0,0.0,0.0,,,,
product_product_id_130760,07MC 032,1,Jinasena_MasterData_Stock.product_template_copper_rod_bar_1_1_4_mt,07MC 032,,0.0,0.0,0.0,,,,
product_product_id_130761,07MG 003,1,Jinasena_MasterData_Stock.product_template_br_st_shaft_5_16,07MG 003,,0.0,0.0,0.0,,,,
product_product_id_130762,07MG 005,1,Jinasena_MasterData_Stock.product_template_bright_st_round_bar_12mm,07MG 005,,0.0,0.0,0.0,,,,
product_product_id_130763,07MG 006,1,Jinasena_MasterData_Stock.product_template_brt_st_rd_5_8_mt,07MG 006,,0.0,0.0,0.0,,,,
product_product_id_130764,07MG 007,1,Jinasena_MasterData_Stock.product_template_bright_st_round_0_75_mt,07MG 007,,0.0,0.0,0.0,,,,
product_product_id_130765,07MG 008,1,Jinasena_MasterData_Stock.product_template_bds_round_bar_22mm_17_8,07MG 008,,0.0,0.0,0.0,,,,
product_product_id_130766,07MG 009,1,Jinasena_MasterData_Stock.product_template_bds_round_bar_25_4mm_1,07MG 009,,0.0,0.0,0.0,,,,
product_product_id_130767,07MG 010,1,Jinasena_MasterData_Stock.product_template_bright_st_round_11_8_28mm_mt,07MG 010,,0.0,0.0,0.0,,,,
product_product_id_130768,07MG 012,1,Jinasena_MasterData_Stock.product_template_bright_st_round_bar_1_5_38mm,07MG 012,,0.0,0.0,0.0,,,,
product_product_id_130769,07MG 013,1,Jinasena_MasterData_Stock.product_template_bright_steel_round_bar_35mm,07MG 013,,0.0,0.0,0.0,,,,
product_product_id_130770,07MG 017,1,Jinasena_MasterData_Stock.product_template_bright_st_round_3_16_mt,07MG 017,,0.0,0.0,0.0,,,,
product_product_id_130771,07MG 020,1,Jinasena_MasterData_Stock.product_template_bds_round_bar_20mm,07MG 020,,0.0,0.0,0.0,,,,
product_product_id_130772,07MG 021,1,Jinasena_MasterData_Stock.product_template_ms_square_bar_1_4_x1_4_key,07MG 021,,0.0,0.0,0.0,,,,
product_product_id_130773,07MG 022,1,Jinasena_MasterData_Stock.product_template_stainless_st_key_bar_5x5mm,07MG 022,,0.0,0.0,0.0,,,,
product_product_id_130774,07MG 023,1,Jinasena_MasterData_Stock.product_template_square_bar_3_8_inch,07MG 023,,0.0,0.0,0.0,,,,
product_product_id_130775,07MG 024,1,Jinasena_MasterData_Stock.product_template_m_s_square_bar_8x8mm,07MG 024,,0.0,0.0,0.0,,,,
product_product_id_130776,07MG 025,1,Jinasena_MasterData_Stock.product_template_bds_round_bar_25mm,07MG 025,,0.0,0.0,0.0,,,,
product_product_id_130777,07MG 028,1,Jinasena_MasterData_Stock.product_template_bds_round_bar_28_0mm,07MG 028,,0.0,0.0,0.0,,,,
product_product_id_130778,07MG 032,1,Jinasena_MasterData_Stock.product_template_bds_round_bar_32mm_1_1_4,07MG 032,,0.0,0.0,0.0,,,,
product_product_id_130779,07MG 035,1,Jinasena_MasterData_Stock.product_template_m_s_hex_bar_7_8,07MG 035,,0.0,0.0,0.0,,,,
product_product_id_130780,07MG 047,1,Jinasena_MasterData_Stock.product_template_carbon_steel_round_bar_12_mm_mt,07MG 047,,0.0,0.0,0.0,,,,
product_product_id_130781,07MG 049,1,Jinasena_MasterData_Stock.product_template_bright_steel_round_bar_3_m,07MG 049,,0.0,0.0,0.0,,,,
product_product_id_130782,07MG 050,1,Jinasena_MasterData_Stock.product_template_bright_steel_round_2_5,07MG 050,,0.0,0.0,0.0,,,,
product_product_id_130783,07MG 075,1,Jinasena_MasterData_Stock.product_template_m_c_s_rod_3_4,07MG 075,,0.0,0.0,0.0,,,,
product_product_id_130784,07MG 100,1,Jinasena_MasterData_Stock.product_template_carbon_steel_rod_25mm_1in,07MG 100,,0.0,0.0,0.0,,,,
product_product_id_130785,07MG 125,1,Jinasena_MasterData_Stock.product_template_m_s_hexagonal_bar_1_1_4,07MG 125,,0.0,0.0,0.0,,,,
product_product_id_130786,07MG 200,1,Jinasena_MasterData_Stock.product_template_carbon_steel_rod_50mm_2in,07MG 200,,0.0,0.0,0.0,,,,
product_product_id_130787,07MH 004,1,Jinasena_MasterData_Stock.product_template_hight_speed_steel_3_4dia,07MH 004,,0.0,0.0,0.0,,,,
product_product_id_130788,07MJ 007,1,Jinasena_MasterData_Stock.product_template_jump_st_hex_1_mt,07MJ 007,,0.0,0.0,0.0,,,,
product_product_id_130789,07MR 011,1,Jinasena_MasterData_Stock.product_template_bnz_hollow_1_5_75_mt,07MR 011,,0.0,0.0,0.0,,,,
product_product_id_130790,07MR 1.75X1,1,Jinasena_MasterData_Stock.product_template_bronze_hollow_bar_1_3_4_x1_m,07MR 1.75X1,,0.0,0.0,0.0,,,,
product_product_id_130791,07MS 001,1,Jinasena_MasterData_Stock.product_template_heavy_steel_tube_2_61_50mm,07MS 001,,0.0,0.0,0.0,,,,
product_product_id_130792,07MS 002,1,Jinasena_MasterData_Stock.product_template_m_st_flat_0_5_x0_25_mt,07MS 002,,0.0,0.0,0.0,,,,
product_product_id_130793,07MS 003,1,Jinasena_MasterData_Stock.product_template_m_st_flat_3_4_x_1_4_mt,07MS 003,,0.0,0.0,0.0,,,,
product_product_id_130794,07MS 003M,1,Jinasena_MasterData_Stock.product_template_3mm_ms_rod,07MS 003M,,0.0,0.0,0.0,,,,
product_product_id_130795,07MS 004,1,Jinasena_MasterData_Stock.product_template_m_st_flat_1_x_1_4_mt,07MS 004,,0.0,0.0,0.0,,,,
product_product_id_130796,07MS 005,1,Jinasena_MasterData_Stock.product_template_m_st_flat_1_1_4_x_1_4_mt,07MS 005,,0.0,0.0,0.0,,,,
product_product_id_130797,07MS 005M,1,Jinasena_MasterData_Stock.product_template_m_st_round_bars_5mm,07MS 005M,,0.0,0.0,0.0,,,,
product_product_id_130798,07MS 006,1,Jinasena_MasterData_Stock.product_template_m_st_flat_1_1_2_x1_4_mt,07MS 006,,0.0,0.0,0.0,,,,
product_product_id_130799,07MS 007,1,Jinasena_MasterData_Stock.product_template_m_st_flat_2_x_1_4_mt,07MS 007,,0.0,0.0,0.0,,,,
product_product_id_130800,07MS 008,1,Jinasena_MasterData_Stock.product_template_m_s_flat_iron_1_1_4_x3_8,07MS 008,,0.0,0.0,0.0,,,,
product_product_id_130801,07MS 008M,1,Jinasena_MasterData_Stock.product_template_m_s_round_bar_8mm,07MS 008M,,0.0,0.0,0.0,,,,
product_product_id_130802,07MS 009,1,Jinasena_MasterData_Stock.product_template_ms_flat_iron_1_1_2x1_2_for_c,07MS 009,,0.0,0.0,0.0,,,,
product_product_id_130803,07MS 010,1,Jinasena_MasterData_Stock.product_template_m_st_flat_1_1_2_x_3_8_mt,07MS 010,,0.0,0.0,0.0,,,,
product_product_id_130804,07MS 011,1,Jinasena_MasterData_Stock.product_template_ms_flat_iron_48_x_4_0mm,07MS 011,,0.0,0.0,0.0,,,,
product_product_id_130805,07MS 012,1,Jinasena_MasterData_Stock.product_template_m_st_flat_2_x3_8_mt,07MS 012,,0.0,0.0,0.0,,,,
product_product_id_130806,07MS 013,1,Jinasena_MasterData_Stock.product_template_m_s_flat_iron_2_1_2_x1_4,07MS 013,,0.0,0.0,0.0,,,,
product_product_id_130807,07MS 014M,1,Jinasena_MasterData_Stock.product_template_m_s_round_bar_14mm,07MS 014M,,0.0,0.0,0.0,,,,
product_product_id_130808,07MS 015,1,Jinasena_MasterData_Stock.product_template_m_st_flat_1_x3_8_mt,07MS 015,,0.0,0.0,0.0,,,,
product_product_id_130809,07MS 015M,1,Jinasena_MasterData_Stock.product_template_ms_round_bar_15_0mm,07MS 015M,,0.0,0.0,0.0,,,,
product_product_id_130810,07MS 016,1,Jinasena_MasterData_Stock.product_template_m_st_flat_3_x3_8_mt,07MS 016,,0.0,0.0,0.0,,,,
product_product_id_130811,07MS 017,1,Jinasena_MasterData_Stock.product_template_ms_flat_iron_48x4_0mm,07MS 017,,0.0,0.0,0.0,,,,
product_product_id_130812,07MS 018,1,Jinasena_MasterData_Stock.product_template_m_s_rods_1_4,07MS 018,,0.0,0.0,0.0,,,,
product_product_id_130813,07MS 019,1,Jinasena_MasterData_Stock.product_template_m_s_round_bar_3_8,07MS 019,,0.0,0.0,0.0,,,,
product_product_id_130814,07MS 020,1,Jinasena_MasterData_Stock.product_template_m_s_round_bar_12mm,07MS 020,,0.0,0.0,0.0,,,,
product_product_id_130815,07MS 021,1,Jinasena_MasterData_Stock.product_template_m_st_round_bars_5_8_m,07MS 021,,0.0,0.0,0.0,,,,
product_product_id_130816,07MS 023,1,Jinasena_MasterData_Stock.product_template_m_s_flat_iron_4_x3_8,07MS 023,,0.0,0.0,0.0,,,,
product_product_id_130817,07MS 024,1,Jinasena_MasterData_Stock.product_template_m_st_round_bars_1_m,07MS 024,,0.0,0.0,0.0,,,,
product_product_id_130818,07MS 026,1,Jinasena_MasterData_Stock.product_template_m_st_round_bars_1_1_4_m,07MS 026,,0.0,0.0,0.0,,,,
product_product_id_130819,07MS 027,1,Jinasena_MasterData_Stock.product_template_m_st_round_bars_1_1_2_m,07MS 027,,0.0,0.0,0.0,,,,
product_product_id_130820,07MS 028,1,Jinasena_MasterData_Stock.product_template_b_d_s_round_bar_50mm_2in,07MS 028,,0.0,0.0,0.0,,,,
product_product_id_130821,07MS 029,1,Jinasena_MasterData_Stock.product_template_m_s_round_bar_2_5in_dia,07MS 029,,0.0,0.0,0.0,,,,
product_product_id_130822,07MS 030,1,Jinasena_MasterData_Stock.product_template_ms_bar_1_3_4_dia_45_0mm,07MS 030,,0.0,0.0,0.0,,,,
product_product_id_130823,07MS 032,1,Jinasena_MasterData_Stock.product_template_ms_bar_1_3_4_dia_45_0mm_327750,07MS 032,,0.0,0.0,0.0,,,,
product_product_id_130824,07MS 034,1,Jinasena_MasterData_Stock.product_template_ms_angle_iron_1_x1_x1_4,07MS 034,,0.0,0.0,0.0,,,,
product_product_id_130825,07MS 036,1,Jinasena_MasterData_Stock.product_template_ms_square_bar_3_8_x3_8,07MS 036,,0.0,0.0,0.0,,,,
product_product_id_130826,07MS 037,1,Jinasena_MasterData_Stock.product_template_m_s_square_bar_25mmx25mm,07MS 037,,0.0,0.0,0.0,,,,
product_product_id_130827,07MS 038,1,Jinasena_MasterData_Stock.product_template_m_s_sq_bar_1_5_mt,07MS 038,,0.0,0.0,0.0,,,,
product_product_id_130828,07MS 039,1,Jinasena_MasterData_Stock.product_template_ms_angle_1_x_1_x_1_8_mt,07MS 039,,0.0,0.0,0.0,,,,
product_product_id_130829,07MS 040,1,Jinasena_MasterData_Stock.product_template_m_s_angle_1_x_1_x_1_4,07MS 040,,0.0,0.0,0.0,,,,
product_product_id_130830,07MS 042,1,Jinasena_MasterData_Stock.product_template_ms_angle_1_5_x_1_5_x_0_25_mt,07MS 042,,0.0,0.0,0.0,,,,
product_product_id_130831,07MS 043,1,Jinasena_MasterData_Stock.product_template_ms_angle_2_x_2_x_1_4_mt,07MS 043,,0.0,0.0,0.0,,,,
product_product_id_130832,07MS 044,1,Jinasena_MasterData_Stock.product_template_ms_angle_2_5_x_2_5_x_0_25_mt,07MS 044,,0.0,0.0,0.0,,,,
product_product_id_130833,07MS 045,1,Jinasena_MasterData_Stock.product_template_ms_angle_iron_2_5_x2_5_x1_4,07MS 045,,0.0,0.0,0.0,,,,
product_product_id_130834,07MS 046,1,Jinasena_MasterData_Stock.product_template_m_s_angle_iron_1_5_x_1_5_x_3_16,07MS 046,,0.0,0.0,0.0,,,,
product_product_id_130835,07MS 051,1,Jinasena_MasterData_Stock.product_template_m_s_angal_11_2_x11_2_x1_8,07MS 051,,0.0,0.0,0.0,,,,
product_product_id_137849,07MS 052,1,Jinasena_MasterData_Stock.product_template_m_s_angle_iron_1_1_4_x_1_1_4_x_1_4_32x32,07MS 052,,0.0,0.0,0.0,,,,
product_product_id_130836,07MS 057,1,Jinasena_MasterData_Stock.product_template_ms_chanel_iron_1_1_2_x3_x1_4,07MS 057,,0.0,0.0,0.0,,,,
product_product_id_130837,07MS 058,1,Jinasena_MasterData_Stock.product_template_ms_channel_4_x_2_x_1_4_mt,07MS 058,,0.0,0.0,0.0,,,,
product_product_id_130838,07MS 060,1,Jinasena_MasterData_Stock.product_template_ms_channel_6_x_3_x_1_4_mt,07MS 060,,0.0,0.0,0.0,,,,
product_product_id_130839,07MS 062,1,Jinasena_MasterData_Stock.product_template_ms_sheet_g18_sqm,07MS 062,,0.0,0.0,0.0,,,,
product_product_id_130840,07MS 064,1,Jinasena_MasterData_Stock.product_template_ms_sheet_g22_sqm,07MS 064,,0.0,0.0,0.0,,,,
product_product_id_130841,07MS 078,1,Jinasena_MasterData_Stock.product_template_m_s_sq_tubing_1_x_2_x_g16_1_5mm,07MS 078,,0.0,0.0,0.0,,,,
product_product_id_130842,07MS 079,1,Jinasena_MasterData_Stock.product_template_m_s_sq_tubing_1_x_2_2_5mm,07MS 079,,0.0,0.0,0.0,,,,
product_product_id_130843,07MS 080,1,Jinasena_MasterData_Stock.product_template_ms_sq_hollow_tube_2_x_2_x_1_6_mm,07MS 080,,0.0,0.0,0.0,,,,
product_product_id_130844,07MS 081,1,Jinasena_MasterData_Stock.product_template_ms_square_tube_2_5_mm,07MS 081,,0.0,0.0,0.0,,,,
product_product_id_130845,07MS 083,1,Jinasena_MasterData_Stock.product_template_m_s_flat_50x9m,07MS 083,,0.0,0.0,0.0,,,,
product_product_id_130846,07MS 084,1,Jinasena_MasterData_Stock.product_template_ms_sq_tube_1_x1_x2_5mm,07MS 084,,0.0,0.0,0.0,,,,
product_product_id_130847,07MS 085,1,Jinasena_MasterData_Stock.product_template_ms_sq_tube_1_25_x1_25_x2_5mm,07MS 085,,0.0,0.0,0.0,,,,
product_product_id_130848,07MS 086,1,Jinasena_MasterData_Stock.product_template_m_s_square_tube_1_5_1_5_3mm,07MS 086,,0.0,0.0,0.0,,,,
product_product_id_130849,07MS 087,1,Jinasena_MasterData_Stock.product_template_ms_square_tubing_1_x_1_1_5mm_16g,07MS 087,,0.0,0.0,0.0,,,,
product_product_id_130850,07MS 088,1,Jinasena_MasterData_Stock.product_template_m_s_flat_iron_3_x1_2,07MS 088,,0.0,0.0,0.0,,,,
product_product_id_130851,07MS 089,1,Jinasena_MasterData_Stock.product_template_m_s_square_tube_1_5_x1_5_x2mm,07MS 089,,0.0,0.0,0.0,,,,
product_product_id_130852,07MS 092,1,Jinasena_MasterData_Stock.product_template_m_s_sqare_tubing_2_x_2_x_3mm_m,07MS 092,,0.0,0.0,0.0,,,,
product_product_id_130853,07MS 095,1,Jinasena_MasterData_Stock.product_template_m_s_square_tube_1_5_1_5_3m,07MS 095,,0.0,0.0,0.0,,,,
product_product_id_130854,07MS 096,1,Jinasena_MasterData_Stock.product_template_ms_sq_tubing_3_4_x3_4x2mm,07MS 096,,0.0,0.0,0.0,,,,
product_product_id_130855,07MS 097,1,Jinasena_MasterData_Stock.product_template_ms_square_tubing_3_4_x3_4_1_5mm_16g,07MS 097,,0.0,0.0,0.0,,,,
product_product_id_130856,07MS 150-SI,1,Jinasena_MasterData_Stock.product_template_sloted_angle_iron_1_5_x_1_5_heavy,07MS 150-SI,,0.0,0.0,0.0,,,,
product_product_id_130857,07MS 220,1,Jinasena_MasterData_Stock.product_template_welded_mesh_2_x2_x10g_12_x7,07MS 220,,0.0,0.0,0.0,,,,
product_product_id_130858,07MT 003,1,Jinasena_MasterData_Stock.product_template_s_s_shafting_3_4_19_05mm,07MT 003,,0.0,0.0,0.0,,,,
product_product_id_130859,07MT 004,1,Jinasena_MasterData_Stock.product_template_sst_round_bar_1,07MT 004,,0.0,0.0,0.0,,,,
product_product_id_130860,07MT 005,1,Jinasena_MasterData_Stock.product_template_stainless_st_rod_5mm,07MT 005,,0.0,0.0,0.0,,,,
product_product_id_130861,07MT 006,1,Jinasena_MasterData_Stock.product_template_s_s_rod_6mm_1_4,07MT 006,,0.0,0.0,0.0,,,,
product_product_id_130862,07MT 007,1,Jinasena_MasterData_Stock.product_template_sst_round_bar_1_752,07MT 007,,0.0,0.0,0.0,,,,
product_product_id_130863,07MT 008,1,Jinasena_MasterData_Stock.product_template_sst_round_bar_2_mt,07MT 008,,0.0,0.0,0.0,,,,
product_product_id_130864,07MT 008-410,1,Jinasena_MasterData_Stock.product_template_s_s_round_bar_50mm_o_d_410,07MT 008-410,,0.0,0.0,0.0,,,,
product_product_id_130865,07MT 010,1,Jinasena_MasterData_Stock.product_template_s_s_rod_10mm,07MT 010,,0.0,0.0,0.0,,,,
product_product_id_130866,07MT 011-410,1,Jinasena_MasterData_Stock.product_template_s_s_bright_round_bars_28_mm_aisi_410,07MT 011-410,,0.0,0.0,0.0,,,,
product_product_id_130867,07MT 012,1,Jinasena_MasterData_Stock.product_template_s_s_rod_12mm,07MT 012,,0.0,0.0,0.0,,,,
product_product_id_130868,07MT 012-410,1,Jinasena_MasterData_Stock.product_template_rotor_shaft,07MT 012-410,,0.0,0.0,0.0,,,,
product_product_id_137604,07MT 012-410,1,Jinasena_MasterData_Stock.product_template_s_s_bright_round_bars_7_8_22_mm_aisi_410,07MT 012-410,,0.0,0.0,0.0,,,,
product_product_id_130869,07MT 016,1,Jinasena_MasterData_Stock.product_template_s_s_rod_16mm_5_8,07MT 016,,0.0,0.0,0.0,,,,
product_product_id_130870,07MT 018,1,Jinasena_MasterData_Stock.product_template_stainless_steel_sheet_g_20,07MT 018,,0.0,0.0,0.0,,,,
product_product_id_130871,07MT 019,1,Jinasena_MasterData_Stock.product_template_s_s_round_bar_6mm,07MT 019,,0.0,0.0,0.0,,,,
product_product_id_130872,07MT 020,1,Jinasena_MasterData_Stock.product_template_s_s_sq_tubing_1_5x1_5xg14,07MT 020,,0.0,0.0,0.0,,,,
product_product_id_130873,07MT 022,1,Jinasena_MasterData_Stock.product_template_s_s_sheet_8_x4_x24g,07MT 022,,0.0,0.0,0.0,,,,
product_product_id_130874,07MT 029,1,Jinasena_MasterData_Stock.product_template_st_steel_tubing_48_x_41_mm,07MT 029,,0.0,0.0,0.0,,,,
product_product_id_130875,07MT 031,1,Jinasena_MasterData_Stock.product_template_st_steel_sheet_8x4x22g,07MT 031,,0.0,0.0,0.0,,,,
product_product_id_130876,07MT 032,1,Jinasena_MasterData_Stock.product_template_s_s_shafting_32mm,07MT 032,,0.0,0.0,0.0,,,,
product_product_id_130877,07MT 033,1,Jinasena_MasterData_Stock.product_template_s_s_shafting_40mm,07MT 033,,0.0,0.0,0.0,,,,
product_product_id_130878,07MT 034-410,1,Jinasena_MasterData_Stock.product_template_s_s_bright_round_bars_2_3_8_60_mm_aisi_4,07MT 034-410,,0.0,0.0,0.0,,,,
product_product_id_130879,07MT 036,1,Jinasena_MasterData_Stock.product_template_stainless_steel_seamless_tubing_16x12mm_,07MT 036,,0.0,0.0,0.0,,,,
product_product_id_130880,07MT 038,1,Jinasena_MasterData_Stock.product_template_stainless_steel_tubing_38mm_x_1_5mm_g16,07MT 038,,0.0,0.0,0.0,,,,
product_product_id_130881,07MT 040,1,Jinasena_MasterData_Stock.product_template_s_s_shafting_40mm_1_5,07MT 040,,0.0,0.0,0.0,,,,
product_product_id_130882,07MT 068,1,Jinasena_MasterData_Stock.product_template_stainless_steel_tube_6_8,07MT 068,,0.0,0.0,0.0,,,,
product_product_id_130883,07MT 10MM,1,Jinasena_MasterData_Stock.product_template_s_s_sq_bar_10mm,07MT 10MM,,0.0,0.0,0.0,,,,
product_product_id_130884,07MT 125,1,Jinasena_MasterData_Stock.product_template_st_stl_pipe_1_1_4_x1_5mm_g16,07MT 125,,0.0,0.0,0.0,,,,
product_product_id_130885,07MT 125F,1,Jinasena_MasterData_Stock.product_template_s_s_flat_bar_1_x_1_4,07MT 125F,,0.0,0.0,0.0,,,,
product_product_id_130886,07MT 25,1,Jinasena_MasterData_Stock.product_template_ss_tube_id_1_thk_2_9_mm,07MT 25,,0.0,0.0,0.0,,,,
product_product_id_130887,07MT 3/4,1,Jinasena_MasterData_Stock.product_template_ss_tube_id_3_4_thk_1_5_mm,07MT 3/4,,0.0,0.0,0.0,,,,
product_product_id_130888,07MT 8MM,1,Jinasena_MasterData_Stock.product_template_s_s_sq_bar_8mm,07MT 8MM,,0.0,0.0,0.0,,,,
product_product_id_130889,07MW 003,1,Jinasena_MasterData_Stock.product_template_spring_st_wire_g16_kg,07MW 003,,0.0,0.0,0.0,,,,
product_product_id_130890,07MW 006,1,Jinasena_MasterData_Stock.product_template_spring_steel_wire_g14_kg,07MW 006,,0.0,0.0,0.0,,,,
product_product_id_130891,07MW 009,1,Jinasena_MasterData_Stock.product_template_s_s_spring_steel_wire_g10,07MW 009,,0.0,0.0,0.0,,,,
product_product_id_130892,07MW 011,1,Jinasena_MasterData_Stock.product_template_s_st_wire_g12_kg,07MW 011,,0.0,0.0,0.0,,,,
product_product_id_130893,07MW 016,1,Jinasena_MasterData_Stock.product_template_s_s_spring_steel_wire_g16_1_5,07MW 016,,0.0,0.0,0.0,,,,
product_product_id_130894,07RE 004,1,Jinasena_MasterData_Stock.product_template_friction_plate_lower,07RE 004,,0.0,0.0,0.0,,,,
product_product_id_130895,07RE 005,1,Jinasena_MasterData_Stock.product_template_friction_plate_upper,07RE 005,,0.0,0.0,0.0,,,,
product_product_id_130896,07RE 006A,1,Jinasena_MasterData_Stock.product_template_presure_guard_a,07RE 006A,,0.0,0.0,0.0,,,,
product_product_id_130897,07RE 006B,1,Jinasena_MasterData_Stock.product_template_presure_guard_b,07RE 006B,,0.0,0.0,0.0,,,,
product_product_id_130898,07RE 007,1,Jinasena_MasterData_Stock.product_template_guard_double_ass,07RE 007,,0.0,0.0,0.0,,,,
product_product_id_130899,07RE 008,1,Jinasena_MasterData_Stock.product_template_guard_singl_ass,07RE 008,,0.0,0.0,0.0,,,,
product_product_id_130900,07RW 002,1,Jinasena_MasterData_Stock.product_template_rock_wool_2,07RW 002,,0.0,0.0,0.0,,,,
product_product_id_130901,07SH 007,1,Jinasena_MasterData_Stock.product_template_m_s_sheet_0_7mm_g22,07SH 007,,0.0,0.0,0.0,,,,
product_product_id_130902,07SH 007SS,1,Jinasena_MasterData_Stock.product_template_s_s_sheet_g22_0_7mm,07SH 007SS,,0.0,0.0,0.0,,,,
product_product_id_130903,07SH 009,1,Jinasena_MasterData_Stock.product_template_m_s_sheet_0_9mm_g20,07SH 009,,0.0,0.0,0.0,,,,
product_product_id_130904,07SH 009GI,1,Jinasena_MasterData_Stock.product_template_g_i_sheet_8_x4_x20g,07SH 009GI,,0.0,0.0,0.0,,,,
product_product_id_130905,07SH 009SS,1,Jinasena_MasterData_Stock.product_template_s_s_sheet_0_9mm_g20,07SH 009SS,,0.0,0.0,0.0,,,,
product_product_id_130906,07SH 012,1,Jinasena_MasterData_Stock.product_template_ms_sheet_1_2mm_g18,07SH 012,,0.0,0.0,0.0,,,,
product_product_id_137850,07SH 012-ZC,1,Jinasena_MasterData_Stock.product_template_zinc_coated_steel_sheet_8_x4_xg18_1_2mm,07SH 012-ZC,,0.0,0.0,0.0,,,,
product_product_id_130907,07SH 012AL-P,1,Jinasena_MasterData_Stock.product_template_al_perforated_sheet_g18x6_x3_x1_mm,07SH 012AL-P,,0.0,0.0,0.0,,,,
product_product_id_130908,07SH 012GI,1,Jinasena_MasterData_Stock.product_template_g_i_sheet_8_x4_x18g_1_2mm,07SH 012GI,,0.0,0.0,0.0,,,,
product_product_id_130909,07SH 012SS,1,Jinasena_MasterData_Stock.product_template_s_s_sheet_g18_8_x_4,07SH 012SS,,0.0,0.0,0.0,,,,
product_product_id_130910,07SH 012SS-P,1,Jinasena_MasterData_Stock.product_template_ss_perforated_sheet_g18,07SH 012SS-P,,0.0,0.0,0.0,,,,
product_product_id_130911,07SH 015,1,Jinasena_MasterData_Stock.product_template_m_s_sheet_1_5mm_g16,07SH 015,,0.0,0.0,0.0,,,,
product_product_id_130912,07SH 020,1,Jinasena_MasterData_Stock.product_template_ms_sheets_2_0mm_g14,07SH 020,,0.0,0.0,0.0,,,,
product_product_id_130913,07SH 020SS,1,Jinasena_MasterData_Stock.product_template_s_s_sheet_2_0mm_g14,07SH 020SS,,0.0,0.0,0.0,,,,
product_product_id_130914,07SH 021,1,Jinasena_MasterData_Stock.product_template_ms_sheets_2_0mm_g14_327841,07SH 021,,0.0,0.0,0.0,,,,
product_product_id_130915,07SH 022,1,Jinasena_MasterData_Stock.product_template_ms_sheets_2_0mm_g14_327842,07SH 022,,0.0,0.0,0.0,,,,
product_product_id_130916,07SH 032,1,Jinasena_MasterData_Stock.product_template_hot_rolled_sheet_3_2mm_1_8,07SH 032,,0.0,0.0,0.0,,,,
product_product_id_130917,07SH 032SS,1,Jinasena_MasterData_Stock.product_template_s_s_sheet_3_2mm_1_8,07SH 032SS,,0.0,0.0,0.0,,,,
product_product_id_130918,07SH 040,1,Jinasena_MasterData_Stock.product_template_ms_sheet_4_0mm_g6,07SH 040,,0.0,0.0,0.0,,,,
product_product_id_130919,07SH 050,1,Jinasena_MasterData_Stock.product_template_m_s_sheet_5mm,07SH 050,,0.0,0.0,0.0,,,,
product_product_id_130920,07SH 064,1,Jinasena_MasterData_Stock.product_template_ms_hot_rolled_sheet_6_4mm,07SH 064,,0.0,0.0,0.0,,,,
product_product_id_130921,07SH 064SS,1,Jinasena_MasterData_Stock.product_template_s_s_sheet_6_4mm_1_4,07SH 064SS,,0.0,0.0,0.0,,,,
product_product_id_130922,07SH 090,1,Jinasena_MasterData_Stock.product_template_m_s_sheet_3_8_9mm_o_c,07SH 090,,0.0,0.0,0.0,,,,
product_product_id_130923,07SH 127,1,Jinasena_MasterData_Stock.product_template_m_s_sheet_12_7_mm_1_2_in,07SH 127,,0.0,0.0,0.0,,,,
product_product_id_130924,07SH 190,1,Jinasena_MasterData_Stock.product_template_m_s_sheet_3_4_19_05mm,07SH 190,,0.0,0.0,0.0,,,,
product_product_id_130925,07SH 220,1,Jinasena_MasterData_Stock.product_template_ms_sheet_material_22mm,07SH 220,,0.0,0.0,0.0,,,,
product_product_id_130926,07SH 250,1,Jinasena_MasterData_Stock.product_template_ms_sheet_material_25mm,07SH 250,,0.0,0.0,0.0,,,,
product_product_id_130927,07SH FS-0353,1,Jinasena_MasterData_Stock.product_template_fiat_sheet_metecno_g035x3,07SH FS-0353,,0.0,0.0,0.0,,,,
product_product_id_130928,07SS 007,1,Jinasena_MasterData_Stock.product_template_spring_steel_2_3_4_x_6_0_mm,07SS 007,,0.0,0.0,0.0,,,,
product_product_id_130929,07SS 008,1,Jinasena_MasterData_Stock.product_template_bush_cutter_blade_12_bca006_mms,07SS 008,,0.0,0.0,0.0,,,,
product_product_id_130930,07SS 009,1,Jinasena_MasterData_Stock.product_template_spring_steel_2_3_8_x_6_mm,07SS 009,,0.0,0.0,0.0,,,,
product_product_id_130931,07SS 010,1,Jinasena_MasterData_Stock.product_template_spring_steel_2x3_8_x_9_0mm,07SS 010,,0.0,0.0,0.0,,,,
product_product_id_130932,07SS 011,1,Jinasena_MasterData_Stock.product_template_spring_steel_2_1_2_x_11_00mm,07SS 011,,0.0,0.0,0.0,,,,
product_product_id_130933,07SS 012,1,Jinasena_MasterData_Stock.product_template_spring_steel_80mm_x_11_00mm,07SS 012,,0.0,0.0,0.0,,,,
product_product_id_130934,07SS 014,1,Jinasena_MasterData_Stock.product_template_carbon_st_flat_plate_50x2mm,07SS 014,,0.0,0.0,0.0,,,,
product_product_id_130935,07SS 015,1,Jinasena_MasterData_Stock.product_template_carbon_steel_flat_2_x1_2_c_45,07SS 015,,0.0,0.0,0.0,,,,
product_product_id_130936,07SS 016,1,Jinasena_MasterData_Stock.product_template_carbon_st_flat_plate_50x2mm_327863,07SS 016,,0.0,0.0,0.0,,,,
product_product_id_130937,07SS 017,1,Jinasena_MasterData_Stock.product_template_spring_steel_4_x_13mm,07SS 017,,0.0,0.0,0.0,,,,
product_product_id_130938,07SS 018,1,Jinasena_MasterData_Stock.product_template_spring_steel_31_8_x_9mm,07SS 018,,0.0,0.0,0.0,,,,
product_product_id_130939,07SS 019,1,Jinasena_MasterData_Stock.product_template_carbon_steel_flat_ptale_3mm_x_50_mm,07SS 019,,0.0,0.0,0.0,,,,
product_product_id_130940,07SS 1/8,1,Jinasena_MasterData_Stock.product_template_s_steel_rod_1_8,07SS 1/8,,0.0,0.0,0.0,,,,
product_product_id_130941,07SS 238,1,Jinasena_MasterData_Stock.product_template_carbon_steel_plate_50x10,07SS 238,,0.0,0.0,0.0,,,,
product_product_id_130942,07WM 002,1,Jinasena_MasterData_Stock.product_template_weld_mesh_2inch,07WM 002,,0.0,0.0,0.0,,,,
product_product_id_130943,07WM 012,1,Jinasena_MasterData_Stock.product_template_s_s_wire_rope_12mm,07WM 012,,0.0,0.0,0.0,,,,
product_product_id_130944,07WM A20X04,1,Jinasena_MasterData_Stock.product_template_g_i_wire_mesh_4x20gx3_for_seever,07WM A20X04,,0.0,0.0,0.0,,,,
product_product_id_130945,07WM A20X05,1,Jinasena_MasterData_Stock.product_template_wire_mesh_5x20gx3_for_seever_m_c,07WM A20X05,,0.0,0.0,0.0,,,,
product_product_id_130946,07WM A20X5SS,1,Jinasena_MasterData_Stock.product_template_s_s_wire_mesh_5x20gx3_for_seive,07WM A20X5SS,,0.0,0.0,0.0,,,,
product_product_id_130947,07WM A20X6X3SS,1,Jinasena_MasterData_Stock.product_template_s_s_mesh_g20x6x3_ss,07WM A20X6X3SS,,0.0,0.0,0.0,,,,
product_product_id_130948,08AV 024,1,Jinasena_MasterData_Stock.product_template_v_belt_a24,08AV 024,,0.0,0.0,0.0,,,,
product_product_id_130949,08AV 027,1,Jinasena_MasterData_Stock.product_template_v_belt_a_27,08AV 027,,0.0,0.0,0.0,,,,
product_product_id_130950,08AV 030,1,Jinasena_MasterData_Stock.product_template_v_belt_a_30,08AV 030,,0.0,0.0,0.0,,,,
product_product_id_130951,08AV 035,1,Jinasena_MasterData_Stock.product_template_type_a_35_v_belt,08AV 035,,0.0,0.0,0.0,,,,
product_product_id_130952,08AV 043,1,Jinasena_MasterData_Stock.product_template_v_belt_a_43_for_l_machine,08AV 043,,0.0,0.0,0.0,,,,
product_product_id_130953,08AV 047,1,Jinasena_MasterData_Stock.product_template_v_belt_a47_brand_mitshubos,08AV 047,,0.0,0.0,0.0,,,,
product_product_id_130954,08AV 050,1,Jinasena_MasterData_Stock.product_template_v_belt_a_50_for_m_machine,08AV 050,,0.0,0.0,0.0,,,,
product_product_id_130955,08AV 052,1,Jinasena_MasterData_Stock.product_template_v_belt_a_52,08AV 052,,0.0,0.0,0.0,,,,
product_product_id_130956,08AV 061,1,Jinasena_MasterData_Stock.product_template_v_belt_a_61,08AV 061,,0.0,0.0,0.0,,,,
product_product_id_130957,08AV 071,1,Jinasena_MasterData_Stock.product_template_a_type_v_belt_a71,08AV 071,,0.0,0.0,0.0,,,,
product_product_id_130958,08AV 074,1,Jinasena_MasterData_Stock.product_template_a_type_v_belt_a74,08AV 074,,0.0,0.0,0.0,,,,
product_product_id_130959,08AV 076,1,Jinasena_MasterData_Stock.product_template_v_belt_a76,08AV 076,,0.0,0.0,0.0,,,,
product_product_id_130960,08AV 077,1,Jinasena_MasterData_Stock.product_template_v_belt_a_77_for_l_machine,08AV 077,,0.0,0.0,0.0,,,,
product_product_id_130961,08AV 083,1,Jinasena_MasterData_Stock.product_template_v_belt_a83,08AV 083,,0.0,0.0,0.0,,,,
product_product_id_130962,08AV 085,1,Jinasena_MasterData_Stock.product_template_v_belt_a_85,08AV 085,,0.0,0.0,0.0,,,,
product_product_id_130963,08AV 090,1,Jinasena_MasterData_Stock.product_template_v_belt_a_90,08AV 090,,0.0,0.0,0.0,,,,
product_product_id_130964,08AV A900,1,Jinasena_MasterData_Stock.product_template_v_belt_a900,08AV A900,,0.0,0.0,0.0,,,,
product_product_id_130965,08BP B/C,1,Jinasena_MasterData_Stock.product_template_breake_liner_bush_cutter_robin,08BP B/C,,0.0,0.0,0.0,,,,
product_product_id_130966,08BV 007,1,Jinasena_MasterData_Stock.product_template_v_belt_a30,08BV 007,,0.0,0.0,0.0,,,,
product_product_id_130967,08BV 015,1,Jinasena_MasterData_Stock.product_template_v_belt_a39,08BV 015,,0.0,0.0,0.0,,,,
product_product_id_130968,08BV 018,1,Jinasena_MasterData_Stock.product_template_v_belt_a42,08BV 018,,0.0,0.0,0.0,,,,
product_product_id_130969,08BV 019,1,Jinasena_MasterData_Stock.product_template_v_belt_a43,08BV 019,,0.0,0.0,0.0,,,,
product_product_id_130970,08BV 020,1,Jinasena_MasterData_Stock.product_template_v_belt_b39_for_seewer_m_c,08BV 020,,0.0,0.0,0.0,,,,
product_product_id_130971,08BV 022,1,Jinasena_MasterData_Stock.product_template_v_belt_a47,08BV 022,,0.0,0.0,0.0,,,,
product_product_id_130972,08BV 024,1,Jinasena_MasterData_Stock.product_template_v_belt_a50,08BV 024,,0.0,0.0,0.0,,,,
product_product_id_130973,08BV 025,1,Jinasena_MasterData_Stock.product_template_v_belt_a_25,08BV 025,,0.0,0.0,0.0,,,,
product_product_id_130974,08BV 026,1,Jinasena_MasterData_Stock.product_template_v_belt_a52,08BV 026,,0.0,0.0,0.0,,,,
product_product_id_130975,08BV 033,1,Jinasena_MasterData_Stock.product_template_v_belt_b33_mitshuboshi,08BV 033,,0.0,0.0,0.0,,,,
product_product_id_130976,08BV 034,1,Jinasena_MasterData_Stock.product_template_v_belt_b34_mitshuboshi_tea_c,08BV 034,,0.0,0.0,0.0,,,,
product_product_id_130977,08BV 035,1,Jinasena_MasterData_Stock.product_template_v_belt_b35,08BV 035,,0.0,0.0,0.0,,,,
product_product_id_130978,08BV 036,1,Jinasena_MasterData_Stock.product_template_v_belt_b36,08BV 036,,0.0,0.0,0.0,,,,
product_product_id_130979,08BV 037,1,Jinasena_MasterData_Stock.product_template_v_belt_b37,08BV 037,,0.0,0.0,0.0,,,,
product_product_id_130980,08BV 038,1,Jinasena_MasterData_Stock.product_template_v_belt_b38,08BV 038,,0.0,0.0,0.0,,,,
product_product_id_130981,08BV 040,1,Jinasena_MasterData_Stock.product_template_v_belt_a74,08BV 040,,0.0,0.0,0.0,,,,
product_product_id_130982,08BV 041,1,Jinasena_MasterData_Stock.product_template_v_belt_b41,08BV 041,,0.0,0.0,0.0,,,,
product_product_id_130983,08BV 043,1,Jinasena_MasterData_Stock.product_template_v_belt_b43,08BV 043,,0.0,0.0,0.0,,,,
product_product_id_130984,08BV 045,1,Jinasena_MasterData_Stock.product_template_v_belt_b45_mitsuboshi,08BV 045,,0.0,0.0,0.0,,,,
product_product_id_130985,08BV 046,1,Jinasena_MasterData_Stock.product_template_v_belt_b46_for_c_havaster,08BV 046,,0.0,0.0,0.0,,,,
product_product_id_130986,08BV 047,1,Jinasena_MasterData_Stock.product_template_v_belt_a112,08BV 047,,0.0,0.0,0.0,,,,
product_product_id_130987,08BV 049,1,Jinasena_MasterData_Stock.product_template_v_belt_b49_tohope,08BV 049,,0.0,0.0,0.0,,,,
product_product_id_130988,08BV 051,1,Jinasena_MasterData_Stock.product_template_v_belt_b_51,08BV 051,,0.0,0.0,0.0,,,,
product_product_id_130989,08BV 052,1,Jinasena_MasterData_Stock.product_template_v_belt_b40,08BV 052,,0.0,0.0,0.0,,,,
product_product_id_130990,08BV 053,1,Jinasena_MasterData_Stock.product_template_v_belt_b42,08BV 053,,0.0,0.0,0.0,,,,
product_product_id_130991,08BV 054,1,Jinasena_MasterData_Stock.product_template_v_belt_b44,08BV 054,,0.0,0.0,0.0,,,,
product_product_id_130992,08BV 057,1,Jinasena_MasterData_Stock.product_template_v_belt_b50,08BV 057,,0.0,0.0,0.0,,,,
product_product_id_130993,08BV 058,1,Jinasena_MasterData_Stock.product_template_v_belt_b52,08BV 058,,0.0,0.0,0.0,,,,
product_product_id_130994,08BV 059,1,Jinasena_MasterData_Stock.product_template_v_belt_b54,08BV 059,,0.0,0.0,0.0,,,,
product_product_id_130995,08BV 060,1,Jinasena_MasterData_Stock.product_template_v_belt_b55,08BV 060,,0.0,0.0,0.0,,,,
product_product_id_130996,08BV 061,1,Jinasena_MasterData_Stock.product_template_v_belt_b56_327923,08BV 061,,0.0,0.0,0.0,,,,
product_product_id_130997,08BV 065,1,Jinasena_MasterData_Stock.product_template_v_belt_b65,08BV 065,,0.0,0.0,0.0,,,,
product_product_id_130998,08BV 068,1,Jinasena_MasterData_Stock.product_template_v_belt_b70_327925,08BV 068,,0.0,0.0,0.0,,,,
product_product_id_130999,08BV 069,1,Jinasena_MasterData_Stock.product_template_v_belt_b69_mitshubosh,08BV 069,,0.0,0.0,0.0,,,,
product_product_id_131000,08BV 075,1,Jinasena_MasterData_Stock.product_template_v_belt_b80_327927,08BV 075,,0.0,0.0,0.0,,,,
product_product_id_131001,08BV 076,1,Jinasena_MasterData_Stock.product_template_v_belt_b83,08BV 076,,0.0,0.0,0.0,,,,
product_product_id_131002,08BV 077,1,Jinasena_MasterData_Stock.product_template_v_belt_b_77,08BV 077,,0.0,0.0,0.0,,,,
product_product_id_131003,08BV 078,1,Jinasena_MasterData_Stock.product_template_v_belt_b78,08BV 078,,0.0,0.0,0.0,,,,
product_product_id_131004,08BV 079,1,Jinasena_MasterData_Stock.product_template_v_belt_b86,08BV 079,,0.0,0.0,0.0,,,,
product_product_id_131005,08BV 081,1,Jinasena_MasterData_Stock.product_template_v_belt_b90,08BV 081,,0.0,0.0,0.0,,,,
product_product_id_131006,08BV 083,1,Jinasena_MasterData_Stock.product_template_v_belt_b93,08BV 083,,0.0,0.0,0.0,,,,
product_product_id_131007,08BV 085,1,Jinasena_MasterData_Stock.product_template_v_belt_b95,08BV 085,,0.0,0.0,0.0,,,,
product_product_id_131008,08BV 113,1,Jinasena_MasterData_Stock.product_template_v_belt_a35,08BV 113,,0.0,0.0,0.0,,,,
product_product_id_131009,08BV 115,1,Jinasena_MasterData_Stock.product_template_v_belt_b_53,08BV 115,,0.0,0.0,0.0,,,,
product_product_id_131010,08BV 116,1,Jinasena_MasterData_Stock.product_template_v_belt_b_54,08BV 116,,0.0,0.0,0.0,,,,
product_product_id_131011,08BV 117,1,Jinasena_MasterData_Stock.product_template_v_belt_b_55,08BV 117,,0.0,0.0,0.0,,,,
product_product_id_131012,08BV 118,1,Jinasena_MasterData_Stock.product_template_v_belt_b56,08BV 118,,0.0,0.0,0.0,,,,
product_product_id_131013,08BV 119,1,Jinasena_MasterData_Stock.product_template_v_belt_b57,08BV 119,,0.0,0.0,0.0,,,,
product_product_id_131014,08BV 120,1,Jinasena_MasterData_Stock.product_template_v_belt_b58,08BV 120,,0.0,0.0,0.0,,,,
product_product_id_131015,08BV 121,1,Jinasena_MasterData_Stock.product_template_v_belt_b59,08BV 121,,0.0,0.0,0.0,,,,
product_product_id_131016,08BV 122,1,Jinasena_MasterData_Stock.product_template_v_belt_b60,08BV 122,,0.0,0.0,0.0,,,,
product_product_id_131017,08BV 123,1,Jinasena_MasterData_Stock.product_template_v_belt_b_62,08BV 123,,0.0,0.0,0.0,,,,
product_product_id_131018,08BV 124,1,Jinasena_MasterData_Stock.product_template_v_belt_b_63,08BV 124,,0.0,0.0,0.0,,,,
product_product_id_131019,08BV 125,1,Jinasena_MasterData_Stock.product_template_v_belt_b_64,08BV 125,,0.0,0.0,0.0,,,,
product_product_id_131020,08BV 126,1,Jinasena_MasterData_Stock.product_template_v_belt_b66_th_1,08BV 126,,0.0,0.0,0.0,,,,
product_product_id_131021,08BV 127,1,Jinasena_MasterData_Stock.product_template_v_belt_b70,08BV 127,,0.0,0.0,0.0,,,,
product_product_id_131022,08BV 128,1,Jinasena_MasterData_Stock.product_template_v_belt_b68_bc_jet5_mitshubosh,08BV 128,,0.0,0.0,0.0,,,,
product_product_id_131023,08BV 129,1,Jinasena_MasterData_Stock.product_template_v_belt_b80,08BV 129,,0.0,0.0,0.0,,,,
product_product_id_131024,08BV 130,1,Jinasena_MasterData_Stock.product_template_v_belt_b_83,08BV 130,,0.0,0.0,0.0,,,,
product_product_id_131025,08BV 131,1,Jinasena_MasterData_Stock.product_template_v_belt_b85,08BV 131,,0.0,0.0,0.0,,,,
product_product_id_131026,08BV 133,1,Jinasena_MasterData_Stock.product_template_v_belt_b_90,08BV 133,,0.0,0.0,0.0,,,,
product_product_id_131027,08BV 134,1,Jinasena_MasterData_Stock.product_template_v_belt_b_93,08BV 134,,0.0,0.0,0.0,,,,
product_product_id_131028,08BV 136,1,Jinasena_MasterData_Stock.product_template_v_belt_b_205,08BV 136,,0.0,0.0,0.0,,,,
product_product_id_131029,08BV 145,1,Jinasena_MasterData_Stock.product_template_v_belt_b45_for_co_fib_extractor,08BV 145,,0.0,0.0,0.0,,,,
product_product_id_131030,08BV 2B105,1,Jinasena_MasterData_Stock.product_template_v_belt_2rb_105_double_groove,08BV 2B105,,0.0,0.0,0.0,,,,
product_product_id_131031,08BV 2GRP42,1,Jinasena_MasterData_Stock.product_template_v_belt_a42_1067_double_side_gripped_for_,08BV 2GRP42,,0.0,0.0,0.0,,,,
product_product_id_131032,08BV B68,1,Jinasena_MasterData_Stock.product_template_v_belt_b68,08BV B68,,0.0,0.0,0.0,,,,
product_product_id_131033,08BV B79,1,Jinasena_MasterData_Stock.product_template_v_belt_b79,08BV B79,,0.0,0.0,0.0,,,,
product_product_id_131034,08BV REC5370,1,Jinasena_MasterData_Stock.product_template_dongil_super_star_grip_belt_5370,08BV REC5370,,0.0,0.0,0.0,,,,
product_product_id_131035,08BV REC5380,1,Jinasena_MasterData_Stock.product_template_dongil_super_satr_grip_belt_5380,08BV REC5380,,0.0,0.0,0.0,,,,
product_product_id_131036,08BV REC5570,1,Jinasena_MasterData_Stock.product_template_dongil_super_star_grip_belt_c557,08BV REC5570,,0.0,0.0,0.0,,,,
product_product_id_131037,08BV REC5610,1,Jinasena_MasterData_Stock.product_template_dongil_super_star_grip_belt_rec5610,08BV REC5610,,0.0,0.0,0.0,,,,
product_product_id_131038,08BV REC5620,1,Jinasena_MasterData_Stock.product_template_dongil_super_star_grip_belt_rec5,08BV REC5620,,0.0,0.0,0.0,,,,
product_product_id_131039,08CB FG-01,1,Jinasena_MasterData_Stock.product_template_canvas_flat_green_belt_1,08CB FG-01,,0.0,0.0,0.0,,,,
product_product_id_131040,08CB PVC2024/3,1,Jinasena_MasterData_Stock.product_template_pvc_conveyor_belt_20_x24_x3mm_dp,08CB PVC2024/3,,0.0,0.0,0.0,,,,
product_product_id_131041,08CB R335-6,1,Jinasena_MasterData_Stock.product_template_rubber_conveyor_belt_3_x35_x6mm_endless,08CB R335-6,,0.0,0.0,0.0,,,,
product_product_id_131042,0904108-0012,1,Jinasena_MasterData_Stock.product_template_sealing_o_ring_45x1_8,0904108-0012,,0.0,0.0,0.0,,,,
product_product_id_131043,0906215-0010,1,Jinasena_MasterData_Stock.product_template_nonstandard_washer,0906215-0010,,0.0,0.0,0.0,,,,
product_product_id_131044,0906215-0011,1,Jinasena_MasterData_Stock.product_template_nonstandard_washer_8,0906215-0011,,0.0,0.0,0.0,,,,
product_product_id_131045,09BC 050,1,Jinasena_MasterData_Stock.product_template_pvc_boll_cock_1_2,09BC 050,,0.0,0.0,0.0,,,,
product_product_id_131046,09BP 003,1,Jinasena_MasterData_Stock.product_template_black_iron_pipe_1_1_2_49_41mm,09BP 003,,0.0,0.0,0.0,,,,
product_product_id_131047,09BP 075,1,Jinasena_MasterData_Stock.product_template_black_iron_pipe_3_4_dia,09BP 075,,0.0,0.0,0.0,,,,
product_product_id_131048,09BP 100,1,Jinasena_MasterData_Stock.product_template_black_iron_pipe_1,09BP 100,,0.0,0.0,0.0,,,,
product_product_id_131049,09BP 125,1,Jinasena_MasterData_Stock.product_template_black_iron_pipe_1_1_4_dia,09BP 125,,0.0,0.0,0.0,,,,
product_product_id_131050,09CC 100,1,Jinasena_MasterData_Stock.product_template_pvc_conduit_clip_1,09CC 100,,0.0,0.0,0.0,,,,
product_product_id_131051,09CP 010,1,Jinasena_MasterData_Stock.product_template_p_v_c_conduit_pipe_1_2_meter,09CP 010,,0.0,0.0,0.0,,,,
product_product_id_131052,09CP 013,1,Jinasena_MasterData_Stock.product_template_p_v_c_conduit_pipe_3_4_m,09CP 013,,0.0,0.0,0.0,,,,
product_product_id_131053,09CP 016,1,Jinasena_MasterData_Stock.product_template_p_v_c_conduit_bend_3_4,09CP 016,,0.0,0.0,0.0,,,,
product_product_id_131054,09CP 021,1,Jinasena_MasterData_Stock.product_template_flexible_steel_conduit_pipe_1_2_powder_c,09CP 021,,0.0,0.0,0.0,,,,
product_product_id_131055,09CP 075,1,Jinasena_MasterData_Stock.product_template_stl_flex_conduit_pipe_3_4_powder_coated,09CP 075,,0.0,0.0,0.0,,,,
product_product_id_131056,09CP 100,1,Jinasena_MasterData_Stock.product_template_p_v_c_flex_conduit_4_100_mm,09CP 100,,0.0,0.0,0.0,,,,
product_product_id_131057,09CP 125,1,Jinasena_MasterData_Stock.product_template_st_flex_conduit_1_1_4_p_coated,09CP 125,,0.0,0.0,0.0,,,,
product_product_id_131058,09CP 150,1,Jinasena_MasterData_Stock.product_template_steel_flex_conduit_1_1_2_powder_coated,09CP 150,,0.0,0.0,0.0,,,,
product_product_id_131059,09EC 050,1,Jinasena_MasterData_Stock.product_template_pvc_end_cup_1_2,09EC 050,,0.0,0.0,0.0,,,,
product_product_id_137851,09GB 014,1,Jinasena_MasterData_Stock.product_template_1_l_bow,09GB 014,,0.0,0.0,0.0,,,,
product_product_id_131060,09GP 002,1,Jinasena_MasterData_Stock.product_template_g_i_pipe_1_2_meter,09GP 002,,0.0,0.0,0.0,,,,
product_product_id_131061,09GP 003,1,Jinasena_MasterData_Stock.product_template_g_i_pipe_3_4_meter_medium_gauge,09GP 003,,0.0,0.0,0.0,,,,
product_product_id_131062,09GP 003-HG,1,Jinasena_MasterData_Stock.product_template_g_i_pipe_3_4_meter_heavy_gauge,09GP 003-HG,,0.0,0.0,0.0,,,,
product_product_id_137852,09GP 003LG,1,Jinasena_MasterData_Stock.product_template_g_i_pipe_3_4_1_00mm_light_gauge,09GP 003LG,,0.0,0.0,0.0,,,,
product_product_id_137853,09GP 003LG-1.2,1,Jinasena_MasterData_Stock.product_template_g_i_pipe_3_4_1_20mm_light_gauge,09GP 003LG-1.2,,0.0,0.0,0.0,,,,
product_product_id_131063,09GP 004,1,Jinasena_MasterData_Stock.product_template_g_i_pipe_1_meter_medium_gauge,09GP 004,,0.0,0.0,0.0,,,,
product_product_id_131064,09GP 005,1,Jinasena_MasterData_Stock.product_template_g_i_pipe_1_1_4_meter_medium_gauge,09GP 005,,0.0,0.0,0.0,,,,
product_product_id_131065,09GP 006,1,Jinasena_MasterData_Stock.product_template_g_i_pipe_1_5_meter_medium_gauge,09GP 006,,0.0,0.0,0.0,,,,
product_product_id_137854,09GP 007,1,Jinasena_MasterData_Stock.product_template_gi_tube_2,09GP 007,,0.0,0.0,0.0,,,,
product_product_id_131066,09GP 009,1,Jinasena_MasterData_Stock.product_template_g_i_pipe_4_medium_gauge,09GP 009,,0.0,0.0,0.0,,,,
product_product_id_131067,09GP 010,1,Jinasena_MasterData_Stock.product_template_g_i_pipe_6_light,09GP 010,,0.0,0.0,0.0,,,,
product_product_id_131068,09GP 010-HG,1,Jinasena_MasterData_Stock.product_template_g_i_pipe_6_heavy_gauge,09GP 010-HG,,0.0,0.0,0.0,,,,
product_product_id_131069,09GS 003,1,Jinasena_MasterData_Stock.product_template_gi_socket_0_75,09GS 003,,0.0,0.0,0.0,,,,
product_product_id_137855,09GS 007,1,Jinasena_MasterData_Stock.product_template_g_i_socket_2,09GS 007,,0.0,0.0,0.0,,,,
product_product_id_131070,09MP 1000-M,1,Jinasena_MasterData_Stock.product_template_ms_pipe_medium_10,09MP 1000-M,,0.0,0.0,0.0,,,,
product_product_id_131071,09MS 002,1,Jinasena_MasterData_Stock.product_template_heavy_steel_tube_2_61_50mm_327998,09MS 002,,0.0,0.0,0.0,,,,
product_product_id_131072,09MS 075,1,Jinasena_MasterData_Stock.product_template_heavy_steel_tubing_3_4,09MS 075,,0.0,0.0,0.0,,,,
product_product_id_131073,09NB 025,1,Jinasena_MasterData_Stock.product_template_nylon_bar_25mm,09NB 025,,0.0,0.0,0.0,,,,
product_product_id_131074,09NB 075,1,Jinasena_MasterData_Stock.product_template_nylon_bar_75mm,09NB 075,,0.0,0.0,0.0,,,,
product_product_id_131075,09NB 500,1,Jinasena_MasterData_Stock.product_template_nylon_bar_5,09NB 500,,0.0,0.0,0.0,,,,
product_product_id_131076,09PB 004,1,Jinasena_MasterData_Stock.product_template_pvc_bend_1_32mm,09PB 004,,0.0,0.0,0.0,,,,
product_product_id_131077,09PB 009,1,Jinasena_MasterData_Stock.product_template_pvc_elbow_0_5,09PB 009,,0.0,0.0,0.0,,,,
product_product_id_131078,09PC 013,1,Jinasena_MasterData_Stock.product_template_pvc_conduit_pipe_3_4,09PC 013,,0.0,0.0,0.0,,,,
product_product_id_131079,09PP 003,1,Jinasena_MasterData_Stock.product_template_pvc_pipe_1_t1000,09PP 003,,0.0,0.0,0.0,,,,
product_product_id_131080,09PP 003-T6,1,Jinasena_MasterData_Stock.product_template_pvc_pipe_1_t600,09PP 003-T6,,0.0,0.0,0.0,,,,
product_product_id_131081,09PP 005,1,Jinasena_MasterData_Stock.product_template_u_bolt_1_4_for_zink_tap,09PP 005,,0.0,0.0,0.0,,,,
product_product_id_131082,09PP 009,1,Jinasena_MasterData_Stock.product_template_pvc_pipe_ss1_2_20mm_pnt14,09PP 009,,0.0,0.0,0.0,,,,
product_product_id_131083,09PP 400,1,Jinasena_MasterData_Stock.product_template_pvc_pipe_ss4_110mm_pnt11,09PP 400,,0.0,0.0,0.0,,,,
product_product_id_131084,09PS 004,1,Jinasena_MasterData_Stock.product_template_pvc_pl_socket_1,09PS 004,,0.0,0.0,0.0,,,,
product_product_id_131085,09PS 009,1,Jinasena_MasterData_Stock.product_template_pvc_valve_sock_0_5,09PS 009,,0.0,0.0,0.0,,,,
product_product_id_131086,09PS 011,1,Jinasena_MasterData_Stock.product_template_pvc_valve_sock_1,09PS 011,,0.0,0.0,0.0,,,,
product_product_id_131087,09PS 018,1,Jinasena_MasterData_Stock.product_template_pvc_red_socket_1_x_5,09PS 018,,0.0,0.0,0.0,,,,
product_product_id_131088,09PS 021,1,Jinasena_MasterData_Stock.product_template_pvc_red_socket_4_x2,09PS 021,,0.0,0.0,0.0,,,,
product_product_id_131089,09PS 023,1,Jinasena_MasterData_Stock.product_template_pvc_fct_socket_0_5,09PS 023,,0.0,0.0,0.0,,,,
product_product_id_131090,09PS 024,1,Jinasena_MasterData_Stock.product_template_pvc_fct_socket_1,09PS 024,,0.0,0.0,0.0,,,,
product_product_id_131091,09PS 033,1,Jinasena_MasterData_Stock.product_template_pvc_fct_socket_1_5,09PS 033,,0.0,0.0,0.0,,,,
product_product_id_131092,09PS 038,1,Jinasena_MasterData_Stock.product_template_pvc_red_socket_2_x1,09PS 038,,0.0,0.0,0.0,,,,
product_product_id_131093,09PS 042,1,Jinasena_MasterData_Stock.product_template_pvc_red_socket2_x1_2,09PS 042,,0.0,0.0,0.0,,,,
product_product_id_131094,09PT 002,1,Jinasena_MasterData_Stock.product_template_pvc_equal_tee_0_5_x0_5,09PT 002,,0.0,0.0,0.0,,,,
product_product_id_131095,09PT 004,1,Jinasena_MasterData_Stock.product_template_pvc_equal_tee_1_x_1,09PT 004,,0.0,0.0,0.0,,,,
product_product_id_131096,09RT 005,1,Jinasena_MasterData_Stock.product_template_pvc_radial_hose_1_2_for_zink_tap,09RT 005,,0.0,0.0,0.0,,,,
product_product_id_131097,09SB 075,1,Jinasena_MasterData_Stock.product_template_steel_bush_6_8_for_t_hitch,09SB 075,,0.0,0.0,0.0,,,,
product_product_id_131098,09SP 058,1,Jinasena_MasterData_Stock.product_template_steam_seamless_pipe_3_8,09SP 058,,0.0,0.0,0.0,,,,
product_product_id_131099,09SP 075,1,Jinasena_MasterData_Stock.product_template_m_s_seamless_pipe_3_4_steam,09SP 075,,0.0,0.0,0.0,,,,
product_product_id_131100,09SP 125,1,Jinasena_MasterData_Stock.product_template_m_s_seamless_pipe_1_1_4_32_42_2,09SP 125,,0.0,0.0,0.0,,,,
product_product_id_131101,09SS 002,1,Jinasena_MasterData_Stock.product_template_ss_seamless_tube_3_8,09SS 002,,0.0,0.0,0.0,,,,
product_product_id_131102,09ST 060,1,Jinasena_MasterData_Stock.product_template_steel_tube_6_0mm_trailer_breke,09ST 060,,0.0,0.0,0.0,,,,
product_product_id_131450,1-2-1JAM,1,Jinasena_MasterData_Stock.product_template_sale_motor_for_1_2_1_jam,1-2-1JAM,,0.0,0.0,0.0,,,,
product_product_id_131559,1-4-1C,1,Jinasena_MasterData_Stock.product_template_sale_motor_for_1_4_1c,1-4-1C,,0.0,0.0,0.0,,,,
product_product_id_131103,1.5-2-1JAM,1,Jinasena_MasterData_Stock.product_template_sale_motor_for_1_5_2_1jam,1.5-2-1JAM,,0.0,0.0,0.0,,,,
product_product_id_131104,1.5-2-1S,1,Jinasena_MasterData_Stock.product_template_sale_motor_1_5_2_1s,1.5-2-1S,,0.0,0.0,0.0,,,,
product_product_id_131105,1.5-2-3S,1,Jinasena_MasterData_Stock.product_template_sale_motor_for_1_5_2_3s,1.5-2-3S,,0.0,0.0,0.0,,,,
product_product_id_131106,10-4-3S,1,Jinasena_MasterData_Stock.product_template_sale_motor_for_10_4_3s,10-4-3S,,0.0,0.0,0.0,,,,
product_product_id_131107,10AB 001,1,Jinasena_MasterData_Stock.product_template_anchor_bolt,10AB 001,,0.0,0.0,0.0,,,,
product_product_id_131108,10AB 002,1,Jinasena_MasterData_Stock.product_template_anchor_bolt_12x60mm,10AB 002,,0.0,0.0,0.0,,,,
product_product_id_131109,10AB 05-40,1,Jinasena_MasterData_Stock.product_template_allen_bolt_m5_x_40_x_0_80,10AB 05-40,,0.0,0.0,0.0,,,,
product_product_id_131110,10AB 06-20,1,Jinasena_MasterData_Stock.product_template_alan_bolt_m6x20x1_0mm,10AB 06-20,,0.0,0.0,0.0,,,,
product_product_id_131111,10AB 06-25,1,Jinasena_MasterData_Stock.product_template_allen_bolt_m6_x_25_x_1_00,10AB 06-25,,0.0,0.0,0.0,,,,
product_product_id_131112,10AB 06-30,1,Jinasena_MasterData_Stock.product_template_allen_bolt_m6_x_30_x_1_00,10AB 06-30,,0.0,0.0,0.0,,,,
product_product_id_131113,10AB 08-16,1,Jinasena_MasterData_Stock.product_template_allen_bolt_m8_x_16_x_1_25,10AB 08-16,,0.0,0.0,0.0,,,,
product_product_id_131114,10AB 08-20,1,Jinasena_MasterData_Stock.product_template_alan_bolt_m8x20x1_25mm,10AB 08-20,,0.0,0.0,0.0,,,,
product_product_id_131115,10AB 08-25,1,Jinasena_MasterData_Stock.product_template_allen_bolt_m8_x_25_x_1_25,10AB 08-25,,0.0,0.0,0.0,,,,
product_product_id_131116,10AB 08-30,1,Jinasena_MasterData_Stock.product_template_allen_bolt_m8_x_30_x_1_25,10AB 08-30,,0.0,0.0,0.0,,,,
product_product_id_131117,10AB 08-35,1,Jinasena_MasterData_Stock.product_template_alan_bolt_m8x35x1_25mm,10AB 08-35,,0.0,0.0,0.0,,,,
product_product_id_131118,10AB 08-40,1,Jinasena_MasterData_Stock.product_template_allen_bolt_m8_x_40_x_1_25,10AB 08-40,,0.0,0.0,0.0,,,,
product_product_id_131119,10AB 08-50,1,Jinasena_MasterData_Stock.product_template_allen_bolt_m8_x_50_x_1_25,10AB 08-50,,0.0,0.0,0.0,,,,
product_product_id_131120,10AB 08-60,1,Jinasena_MasterData_Stock.product_template_allen_bolt_m8x60x1_25,10AB 08-60,,0.0,0.0,0.0,,,,
product_product_id_131121,10AB 08-70,1,Jinasena_MasterData_Stock.product_template_allen_bolt_m8_x_70_x_1_25,10AB 08-70,,0.0,0.0,0.0,,,,
product_product_id_131122,10AB 10-100,1,Jinasena_MasterData_Stock.product_template_allen_bolt_m10_x100_x_1_50,10AB 10-100,,0.0,0.0,0.0,,,,
product_product_id_131123,10AB 10-30,1,Jinasena_MasterData_Stock.product_template_allen_bolt_m10_x_30_x_1_50,10AB 10-30,,0.0,0.0,0.0,,,,
product_product_id_131124,10AB 10-40,1,Jinasena_MasterData_Stock.product_template_allen_bolt_m10_x_40_x_1_50,10AB 10-40,,0.0,0.0,0.0,,,,
product_product_id_131125,10AB 10-50,1,Jinasena_MasterData_Stock.product_template_allen_bolt_m10_x_50_x_1_50,10AB 10-50,,0.0,0.0,0.0,,,,
product_product_id_131126,10AB 10-90,1,Jinasena_MasterData_Stock.product_template_allen_bolt_m10_x_90_x_1_50,10AB 10-90,,0.0,0.0,0.0,,,,
product_product_id_131127,10AB 12-30,1,Jinasena_MasterData_Stock.product_template_allen_bolt_m12_x_30_x_1_75,10AB 12-30,,0.0,0.0,0.0,,,,
product_product_id_131128,10AB 12-40,1,Jinasena_MasterData_Stock.product_template_allen_bolt_m12_x_40_x_1_75,10AB 12-40,,0.0,0.0,0.0,,,,
product_product_id_131129,10AB 12-65,1,Jinasena_MasterData_Stock.product_template_allen_bolt_m12_x_65_x_1_75,10AB 12-65,,0.0,0.0,0.0,,,,
product_product_id_131130,10AB 12-90,1,Jinasena_MasterData_Stock.product_template_alan_bolt_12x90x1_75mm,10AB 12-90,,0.0,0.0,0.0,,,,
product_product_id_131131,10AB 8X75,1,Jinasena_MasterData_Stock.product_template_allen_bolt_8x75_mm,10AB 8X75,,0.0,0.0,0.0,,,,
product_product_id_131132,10AS 06-05,1,Jinasena_MasterData_Stock.product_template_allen_screw_06_05,10AS 06-05,,0.0,0.0,0.0,,,,
product_product_id_131133,10AS 06-10,1,Jinasena_MasterData_Stock.product_template_allen_screw_m6_x_10_x_1_0,10AS 06-10,,0.0,0.0,0.0,,,,
product_product_id_131134,10AS 06-15,1,Jinasena_MasterData_Stock.product_template_grab_screw_06x15x1_0mm,10AS 06-15,,0.0,0.0,0.0,,,,
product_product_id_131135,10AS 06-20,1,Jinasena_MasterData_Stock.product_template_grab_screw_6x20mm,10AS 06-20,,0.0,0.0,0.0,,,,
product_product_id_131136,10AS 08-15,1,Jinasena_MasterData_Stock.product_template_grab_screw_m8x15x1_25,10AS 08-15,,0.0,0.0,0.0,,,,
product_product_id_131137,10AS 08-20,1,Jinasena_MasterData_Stock.product_template_alen_screaw_bolt_08x20x1_25mm,10AS 08-20,,0.0,0.0,0.0,,,,
product_product_id_131138,10BB 006,1,Jinasena_MasterData_Stock.product_template_b_i_bolt_1_4_x_1,10BB 006,,0.0,0.0,0.0,,,,
product_product_id_131139,10BN 006SS,1,Jinasena_MasterData_Stock.product_template_butterfly_nut_s_s_m6_1_0,10BN 006SS,,0.0,0.0,0.0,,,,
product_product_id_131140,10BN 025,1,Jinasena_MasterData_Stock.product_template_butterfly_nuts_1_4_328067,10BN 025,,0.0,0.0,0.0,,,,
product_product_id_131141,10BN 025SS,1,Jinasena_MasterData_Stock.product_template_butterfly_nut_for_m_grinder_1_4_ss,10BN 025SS,,0.0,0.0,0.0,,,,
product_product_id_131142,10BN 1/2BR,1,Jinasena_MasterData_Stock.product_template_wing_nut_1_2_welding_transfo,10BN 1/2BR,,0.0,0.0,0.0,,,,
product_product_id_131143,10CL E11,1,Jinasena_MasterData_Stock.product_template_cir_clip_11mm,10CL E11,,0.0,0.0,0.0,,,,
product_product_id_131144,10CL E15,1,Jinasena_MasterData_Stock.product_template_ext_circlip_15_17_mm_s_17,10CL E15,,0.0,0.0,0.0,,,,
product_product_id_131145,10CL E17,1,Jinasena_MasterData_Stock.product_template_circle_17mm_ext,10CL E17,,0.0,0.0,0.0,,,,
product_product_id_131146,10CL E18,1,Jinasena_MasterData_Stock.product_template_ext_circlip_18_20_mm_s_20,10CL E18,,0.0,0.0,0.0,,,,
product_product_id_131147,10CL E20,1,Jinasena_MasterData_Stock.product_template_circlip_outer_dia_20mm,10CL E20,,0.0,0.0,0.0,,,,
product_product_id_131148,10CL E22,1,Jinasena_MasterData_Stock.product_template_circlip_22mm_external,10CL E22,,0.0,0.0,0.0,,,,
product_product_id_131149,10CL E23,1,Jinasena_MasterData_Stock.product_template_ext_circlip_23_25_mm_s_25,10CL E23,,0.0,0.0,0.0,,,,
product_product_id_131150,10CL E27,1,Jinasena_MasterData_Stock.product_template_circlip_27mm_outer,10CL E27,,0.0,0.0,0.0,,,,
product_product_id_131151,10CL E30,1,Jinasena_MasterData_Stock.product_template_circlip_30mm_outer,10CL E30,,0.0,0.0,0.0,,,,
product_product_id_131152,10CL E32,1,Jinasena_MasterData_Stock.product_template_ext_circlip_32mm,10CL E32,,0.0,0.0,0.0,,,,
product_product_id_131153,10CL E33,1,Jinasena_MasterData_Stock.product_template_circlip_outre_dia_33mm,10CL E33,,0.0,0.0,0.0,,,,
product_product_id_131154,10CL I30,1,Jinasena_MasterData_Stock.product_template_circlip_30mm_internal,10CL I30,,0.0,0.0,0.0,,,,
product_product_id_131155,10CL I35,1,Jinasena_MasterData_Stock.product_template_circlip_inner_dia_35mm,10CL I35,,0.0,0.0,0.0,,,,
product_product_id_131156,10CL I38,1,Jinasena_MasterData_Stock.product_template_circlip_38mm_internal,10CL I38,,0.0,0.0,0.0,,,,
product_product_id_131157,10CL I40,1,Jinasena_MasterData_Stock.product_template_circlips_40mm,10CL I40,,0.0,0.0,0.0,,,,
product_product_id_131158,10CL I47,1,Jinasena_MasterData_Stock.product_template_circup_inner_47mm,10CL I47,,0.0,0.0,0.0,,,,
product_product_id_131159,10FW 001,1,Jinasena_MasterData_Stock.product_template_flat_washer_4_mm,10FW 001,,0.0,0.0,0.0,,,,
product_product_id_131160,10FW 002,1,Jinasena_MasterData_Stock.product_template_flat_washer_5mm_3_16,10FW 002,,0.0,0.0,0.0,,,,
product_product_id_137630,10FW 002,1,Jinasena_MasterData_Stock.product_template_flat_washer_5mm_3_16_335893,10FW 002,,0.0,0.0,0.0,,,,
product_product_id_131161,10FW 003,1,Jinasena_MasterData_Stock.product_template_flat_washer_0_25,10FW 003,,0.0,0.0,0.0,,,,
product_product_id_137631,10FW 003,1,Jinasena_MasterData_Stock.product_template_flat_washer_0_25_335894,10FW 003,,0.0,0.0,0.0,,,,
product_product_id_131162,10FW 003SS,1,Jinasena_MasterData_Stock.product_template_s_s_flat_washer_m6,10FW 003SS,,0.0,0.0,0.0,,,,
product_product_id_131163,10FW 004,1,Jinasena_MasterData_Stock.product_template_flat_washer_8mm_5_16,10FW 004,,0.0,0.0,0.0,,,,
product_product_id_131164,10FW 004SS,1,Jinasena_MasterData_Stock.product_template_s_s_flat_wosher_8mm,10FW 004SS,,0.0,0.0,0.0,,,,
product_product_id_131165,10FW 005,1,Jinasena_MasterData_Stock.product_template_flat_washer_10mm_3_8,10FW 005,,0.0,0.0,0.0,,,,
product_product_id_131166,10FW 005SS,1,Jinasena_MasterData_Stock.product_template_s_s_flat_washer_m10,10FW 005SS,,0.0,0.0,0.0,,,,
product_product_id_131167,10FW 006,1,Jinasena_MasterData_Stock.product_template_flat_washer_12mm_0_5,10FW 006,,0.0,0.0,0.0,,,,
product_product_id_131168,10FW 006SS,1,Jinasena_MasterData_Stock.product_template_s_s_flat_washer_12mm,10FW 006SS,,0.0,0.0,0.0,,,,
product_product_id_131169,10FW 007,1,Jinasena_MasterData_Stock.product_template_flat_washer_5_8,10FW 007,,0.0,0.0,0.0,,,,
product_product_id_131170,10FW 007SS,1,Jinasena_MasterData_Stock.product_template_s_s_flat_washer_16mm,10FW 007SS,,0.0,0.0,0.0,,,,
product_product_id_131171,10FW 009,1,Jinasena_MasterData_Stock.product_template_steel_flat_washer_14mm,10FW 009,,0.0,0.0,0.0,,,,
product_product_id_131172,10FW 014,1,Jinasena_MasterData_Stock.product_template_s_s_flat_washer_6mm,10FW 014,,0.0,0.0,0.0,,,,
product_product_id_131173,10FW 04M,1,Jinasena_MasterData_Stock.product_template_flat_washer_4mm,10FW 04M,,0.0,0.0,0.0,,,,
product_product_id_137632,10FW 04M,1,Jinasena_MasterData_Stock.product_template_flat_washer_4mm_335895,10FW 04M,,0.0,0.0,0.0,,,,
product_product_id_131174,10FW 12-CU,1,Jinasena_MasterData_Stock.product_template_copper_flat_washer_12mm,10FW 12-CU,,0.0,0.0,0.0,,,,
product_product_id_131175,10FW 8MM,1,Jinasena_MasterData_Stock.product_template_copper_washer_8mm,10FW 8MM,,0.0,0.0,0.0,,,,
product_product_id_131176,10FW CU038,1,Jinasena_MasterData_Stock.product_template_copper_flat_washer_3_8,10FW CU038,,0.0,0.0,0.0,,,,
product_product_id_131177,10FW NR115,1,Jinasena_MasterData_Stock.product_template_brass_flat_washer_nr115_328104,10FW NR115,,0.0,0.0,0.0,,,,
product_product_id_137633,10FW NR115,1,Jinasena_MasterData_Stock.product_template_brass_flat_washer_nr115,10FW NR115,,0.0,0.0,0.0,,,,
product_product_id_131178,10GC 002,1,Jinasena_MasterData_Stock.product_template_metal_grease_cup_no_2,10GC 002,,0.0,0.0,0.0,,,,
product_product_id_131179,10GC 003,1,Jinasena_MasterData_Stock.product_template_greese_nipple_angle,10GC 003,,0.0,0.0,0.0,,,,
product_product_id_131180,10GC 004,1,Jinasena_MasterData_Stock.product_template_metal_grease_cup_no_4,10GC 004,,0.0,0.0,0.0,,,,
product_product_id_131181,10GC 005,1,Jinasena_MasterData_Stock.product_template_metal_greese_cup_bsp_1_4_no,10GC 005,,0.0,0.0,0.0,,,,
product_product_id_131182,10GN 003,1,Jinasena_MasterData_Stock.product_template_nut_0_25,10GN 003,,0.0,0.0,0.0,,,,
product_product_id_131183,10GN 011,1,Jinasena_MasterData_Stock.product_template_metric_nut_6mm,10GN 011,,0.0,0.0,0.0,,,,
product_product_id_137634,10GN 011,1,Jinasena_MasterData_Stock.product_template_metric_nut_6mm_335897,10GN 011,,0.0,0.0,0.0,,,,
product_product_id_131184,10GN 012,1,Jinasena_MasterData_Stock.product_template_nut_10mm,10GN 012,,0.0,0.0,0.0,,,,
product_product_id_131185,10GN 014,1,Jinasena_MasterData_Stock.product_template_nut_3_8_unf,10GN 014,,0.0,0.0,0.0,,,,
product_product_id_131186,10GN 018,1,Jinasena_MasterData_Stock.product_template_nut_14mm_x_2_0,10GN 018,,0.0,0.0,0.0,,,,
product_product_id_131187,10GN 020,1,Jinasena_MasterData_Stock.product_template_nut_12_x_1_75_mm,10GN 020,,0.0,0.0,0.0,,,,
product_product_id_131188,10GN 021,1,Jinasena_MasterData_Stock.product_template_steel_hex_nut_8_x_1_25mm,10GN 021,,0.0,0.0,0.0,,,,
product_product_id_131189,10GN 022,1,Jinasena_MasterData_Stock.product_template_nut_m16x2_0,10GN 022,,0.0,0.0,0.0,,,,
product_product_id_131190,10GN 024,1,Jinasena_MasterData_Stock.product_template_b_i_hex_nut_10mm_fine_thread,10GN 024,,0.0,0.0,0.0,,,,
product_product_id_131191,10GN 025,1,Jinasena_MasterData_Stock.product_template_metric_nut_5mm,10GN 025,,0.0,0.0,0.0,,,,
product_product_id_131192,10GN 029,1,Jinasena_MasterData_Stock.product_template_metric_nut_4mm,10GN 029,,0.0,0.0,0.0,,,,
product_product_id_137635,10GN 029,1,Jinasena_MasterData_Stock.product_template_metric_nut_4mm_335898,10GN 029,,0.0,0.0,0.0,,,,
product_product_id_131193,10GN 030,1,Jinasena_MasterData_Stock.product_template_metric_nut_3mm,10GN 030,,0.0,0.0,0.0,,,,
product_product_id_137636,10GN 5MX4,1,Jinasena_MasterData_Stock.product_template_steel_nut_5mmx8x4mm,10GN 5MX4,,0.0,0.0,0.0,,,,
product_product_id_131194,10HB  8-35,1,Jinasena_MasterData_Stock.product_template_h_t_bolt_8x35mm,10HB  8-35,,0.0,0.0,0.0,,,,
product_product_id_131195,10HB 038,1,Jinasena_MasterData_Stock.product_template_weel_hub_nut_bolt_trailer,10HB 038,,0.0,0.0,0.0,,,,
product_product_id_131196,10HB 08-25,1,Jinasena_MasterData_Stock.product_template_h_i_bolt_8x25mm,10HB 08-25,,0.0,0.0,0.0,,,,
product_product_id_131197,10HB 08-25C,1,Jinasena_MasterData_Stock.product_template_counter_shunk_hex_bolt_08x25x1_25mm,10HB 08-25C,,0.0,0.0,0.0,,,,
product_product_id_131198,10HB 10-30,1,Jinasena_MasterData_Stock.product_template_h_t_bolt_10x30mm,10HB 10-30,,0.0,0.0,0.0,,,,
product_product_id_131199,10HB 10-35,1,Jinasena_MasterData_Stock.product_template_h_i_bolt_10x35mm,10HB 10-35,,0.0,0.0,0.0,,,,
product_product_id_131200,10HB 10-40,1,Jinasena_MasterData_Stock.product_template_h_t_bolt_10x40mm,10HB 10-40,,0.0,0.0,0.0,,,,
product_product_id_131201,10HB 10-40C,1,Jinasena_MasterData_Stock.product_template_counter_sunk_hex_socket_bolt_high_tensio,10HB 10-40C,,0.0,0.0,0.0,,,,
product_product_id_131202,10HB 12-50,1,Jinasena_MasterData_Stock.product_template_m12x50x1_25_hub_bolt_with_nut,10HB 12-50,,0.0,0.0,0.0,,,,
product_product_id_131203,10HB 14-50,1,Jinasena_MasterData_Stock.product_template_hub_bolt_with_nut_m14x50x1_5,10HB 14-50,,0.0,0.0,0.0,,,,
product_product_id_131204,10HBN 12-100,1,Jinasena_MasterData_Stock.product_template_h_t_bolt_nut_12x100mm,10HBN 12-100,,0.0,0.0,0.0,,,,
product_product_id_131205,10HN 012,1,Jinasena_MasterData_Stock.product_template_hub_nut_12x1_5mm_for_tra_hub,10HN 012,,0.0,0.0,0.0,,,,
product_product_id_131206,10MB 006,1,Jinasena_MasterData_Stock.product_template_metric_bolt_4x20mm,10MB 006,,0.0,0.0,0.0,,,,
product_product_id_137637,10MB 006,1,Jinasena_MasterData_Stock.product_template_metric_bolt_4x20mm_335900,10MB 006,,0.0,0.0,0.0,,,,
product_product_id_131207,10MB 008,1,Jinasena_MasterData_Stock.product_template_metric_bolt_5_x_25mm_philip,10MB 008,,0.0,0.0,0.0,,,,
product_product_id_131208,10MB 013,1,Jinasena_MasterData_Stock.product_template_bolt_5_x_30,10MB 013,,0.0,0.0,0.0,,,,
product_product_id_131209,10MB 021,1,Jinasena_MasterData_Stock.product_template_metric_bolt_3_x_12mm,10MB 021,,0.0,0.0,0.0,,,,
product_product_id_137638,10MB 022,1,Jinasena_MasterData_Stock.product_template_metric_bolt_4_x_10mm_philip_head,10MB 022,,0.0,0.0,0.0,,,,
product_product_id_131210,10MB 026,1,Jinasena_MasterData_Stock.product_template_metric_bolt_5_x_15mm_philip_head,10MB 026,,0.0,0.0,0.0,,,,
product_product_id_131211,10MB 03-25,1,Jinasena_MasterData_Stock.product_template_bolt_3x25mm,10MB 03-25,,0.0,0.0,0.0,,,,
product_product_id_131212,10MB 04-15R,1,Jinasena_MasterData_Stock.product_template_round_head_bolt_m4x15x0_8,10MB 04-15R,,0.0,0.0,0.0,,,,
product_product_id_131213,10MB 04-20,1,Jinasena_MasterData_Stock.product_template_bolt_m_4x20,10MB 04-20,,0.0,0.0,0.0,,,,
product_product_id_131214,10MB 04-40R,1,Jinasena_MasterData_Stock.product_template_roun_head_bolt_m04_x_40_x_0_8,10MB 04-40R,,0.0,0.0,0.0,,,,
product_product_id_131215,10MB 05-15R,1,Jinasena_MasterData_Stock.product_template_round_head_bolt_05_15mm,10MB 05-15R,,0.0,0.0,0.0,,,,
product_product_id_131216,10MB 05-25,1,Jinasena_MasterData_Stock.product_template_bolt_m_5x25_x_1_0,10MB 05-25,,0.0,0.0,0.0,,,,
product_product_id_131217,10MB 06-10,1,Jinasena_MasterData_Stock.product_template_bolt_m6_x_10_x_1_0,10MB 06-10,,0.0,0.0,0.0,,,,
product_product_id_131218,10MB 06-12,1,Jinasena_MasterData_Stock.product_template_bolt_m6_x_12_x_1_0,10MB 06-12,,0.0,0.0,0.0,,,,
product_product_id_131219,10MB 06-12R,1,Jinasena_MasterData_Stock.product_template_round_head_bolt_m6_x_12_x_1_0,10MB 06-12R,,0.0,0.0,0.0,,,,
product_product_id_131220,10MB 06-15,1,Jinasena_MasterData_Stock.product_template_bolt_m6_x_15_x_1_0,10MB 06-15,,0.0,0.0,0.0,,,,
product_product_id_131221,10MB 06-15R,1,Jinasena_MasterData_Stock.product_template_round_head_bolt_m6_x_15_x_1_0,10MB 06-15R,,0.0,0.0,0.0,,,,
product_product_id_131222,10MB 06-20,1,Jinasena_MasterData_Stock.product_template_bolt_m6_x_20_x_1_0,10MB 06-20,,0.0,0.0,0.0,,,,
product_product_id_131223,10MB 06-20R,1,Jinasena_MasterData_Stock.product_template_round_head_bolt_m6_x_20_x_1_0,10MB 06-20R,,0.0,0.0,0.0,,,,
product_product_id_131224,10MB 06-25,1,Jinasena_MasterData_Stock.product_template_metric_bolt_6_x_25mm_philip_head,10MB 06-25,,0.0,0.0,0.0,,,,
product_product_id_131225,10MB 06-25R,1,Jinasena_MasterData_Stock.product_template_round_head_bolt_m6_x_25_x_1_0,10MB 06-25R,,0.0,0.0,0.0,,,,
product_product_id_131226,10MB 06-30,1,Jinasena_MasterData_Stock.product_template_bolt_m6_x_30_x_1_00,10MB 06-30,,0.0,0.0,0.0,,,,
product_product_id_131227,10MB 06-35,1,Jinasena_MasterData_Stock.product_template_bolt_m6_x_35_x_1_0,10MB 06-35,,0.0,0.0,0.0,,,,
product_product_id_131228,10MB 06-50R,1,Jinasena_MasterData_Stock.product_template_round_head_bolt_m6_x_50_x_1_0,10MB 06-50R,,0.0,0.0,0.0,,,,
product_product_id_131229,10MB 06-60R,1,Jinasena_MasterData_Stock.product_template_round_head_bolt_m6_x_60_x_1_0,10MB 06-60R,,0.0,0.0,0.0,,,,
product_product_id_131230,10MB 06-70,1,Jinasena_MasterData_Stock.product_template_m_s_bolt_m6x70x1_0mm,10MB 06-70,,0.0,0.0,0.0,,,,
product_product_id_131231,10MB 08-12,1,Jinasena_MasterData_Stock.product_template_bolt_8x12_mm,10MB 08-12,,0.0,0.0,0.0,,,,
product_product_id_131232,10MB 08-15,1,Jinasena_MasterData_Stock.product_template_bolt_m_8x15_x_1_25,10MB 08-15,,0.0,0.0,0.0,,,,
product_product_id_131233,10MB 08-20,1,Jinasena_MasterData_Stock.product_template_bolt_m_8x20_x_1_25,10MB 08-20,,0.0,0.0,0.0,,,,
product_product_id_131234,10MB 08-30,1,Jinasena_MasterData_Stock.product_template_ms_bolt_m8x30x1_25mm,10MB 08-30,,0.0,0.0,0.0,,,,
product_product_id_131235,10MB 08-35,1,Jinasena_MasterData_Stock.product_template_bolt_m08x35_x1_25mm,10MB 08-35,,0.0,0.0,0.0,,,,
product_product_id_131236,10MB 08-40,1,Jinasena_MasterData_Stock.product_template_bolt_m_8x40_x_1_25,10MB 08-40,,0.0,0.0,0.0,,,,
product_product_id_131237,10MB 08-40F,1,Jinasena_MasterData_Stock.product_template_bolt_m_8x40_x_1_0_fine,10MB 08-40F,,0.0,0.0,0.0,,,,
product_product_id_131238,10MB 08-50,1,Jinasena_MasterData_Stock.product_template_bolt_m_8x50_x_1_25,10MB 08-50,,0.0,0.0,0.0,,,,
product_product_id_131239,10MB 10-120,1,Jinasena_MasterData_Stock.product_template_bolt_m10x120_x_1_5,10MB 10-120,,0.0,0.0,0.0,,,,
product_product_id_131240,10MB 10-15,1,Jinasena_MasterData_Stock.product_template_bolt_m10x15x1_5,10MB 10-15,,0.0,0.0,0.0,,,,
product_product_id_131241,10MB 10-150,1,Jinasena_MasterData_Stock.product_template_bolt_10x150x1_5mm,10MB 10-150,,0.0,0.0,0.0,,,,
product_product_id_131242,10MB 10-20,1,Jinasena_MasterData_Stock.product_template_bolt_m10_x_20_x_1_5,10MB 10-20,,0.0,0.0,0.0,,,,
product_product_id_131243,10MB 10-25,1,Jinasena_MasterData_Stock.product_template_ms_bolt_10x25x1_50mm,10MB 10-25,,0.0,0.0,0.0,,,,
product_product_id_131244,10MB 10-30,1,Jinasena_MasterData_Stock.product_template_bolt_mx10_30_xm1_5,10MB 10-30,,0.0,0.0,0.0,,,,
product_product_id_131245,10MB 10-50,1,Jinasena_MasterData_Stock.product_template_bolt_m10x50_x_1_5,10MB 10-50,,0.0,0.0,0.0,,,,
product_product_id_131246,10MB 10-65,1,Jinasena_MasterData_Stock.product_template_bolt_m10x65x1_5,10MB 10-65,,0.0,0.0,0.0,,,,
product_product_id_131247,10MB 10-75,1,Jinasena_MasterData_Stock.product_template_bolt_m10x75_x_1_5,10MB 10-75,,0.0,0.0,0.0,,,,
product_product_id_131248,10MB 10-90,1,Jinasena_MasterData_Stock.product_template_bolt_m10x90_x_1_5,10MB 10-90,,0.0,0.0,0.0,,,,
product_product_id_131249,10MB 12-100,1,Jinasena_MasterData_Stock.product_template_bolt_m12x100x1_75,10MB 12-100,,0.0,0.0,0.0,,,,
product_product_id_131250,10MB 12-110,1,Jinasena_MasterData_Stock.product_template_bolt_m12x110x1_75_328177,10MB 12-110,,0.0,0.0,0.0,,,,
product_product_id_131251,10MB 12-25F,1,Jinasena_MasterData_Stock.product_template_bolt_m12_x_25_x_1_50_fine,10MB 12-25F,,0.0,0.0,0.0,,,,
product_product_id_131252,10MB 12-30,1,Jinasena_MasterData_Stock.product_template_bolt_m12_x_30_x_1_75,10MB 12-30,,0.0,0.0,0.0,,,,
product_product_id_131253,10MB 12-30F,1,Jinasena_MasterData_Stock.product_template_metric_bolt_12x30mmx1_25p_fine,10MB 12-30F,,0.0,0.0,0.0,,,,
product_product_id_131254,10MB 12-40,1,Jinasena_MasterData_Stock.product_template_bolt_m12x40_x_1_75,10MB 12-40,,0.0,0.0,0.0,,,,
product_product_id_131255,10MB 12-50,1,Jinasena_MasterData_Stock.product_template_bolt_m12x50_x1_75,10MB 12-50,,0.0,0.0,0.0,,,,
product_product_id_131256,10MB 12-60,1,Jinasena_MasterData_Stock.product_template_m12x61x1_ms_bold,10MB 12-60,,0.0,0.0,0.0,,,,
product_product_id_137341,10MB 12-70,1,Jinasena_MasterData_Stock.product_template_bolt_m12x70_x1_75,10MB 12-70,,0.0,0.0,0.0,1,1,1,1
product_product_id_131258,10MB 12-75,1,Jinasena_MasterData_Stock.product_template_bolt_m12x75_x_1_75,10MB 12-75,,0.0,0.0,0.0,,,,
product_product_id_131259,10MB 14-115,1,Jinasena_MasterData_Stock.product_template_boit_14mmx115mmx2_0,10MB 14-115,,0.0,0.0,0.0,,,,
product_product_id_131260,10MB 14-125,1,Jinasena_MasterData_Stock.product_template_ms_bolt_m14x125x2_0,10MB 14-125,,0.0,0.0,0.0,,,,
product_product_id_131261,10MB 14-40,1,Jinasena_MasterData_Stock.product_template_bolt_m14x40_x2_0,10MB 14-40,,0.0,0.0,0.0,,,,
product_product_id_131262,10MB 14-50,1,Jinasena_MasterData_Stock.product_template_bolt_m14x50_x2_0,10MB 14-50,,0.0,0.0,0.0,,,,
product_product_id_131263,10MB 14-75,1,Jinasena_MasterData_Stock.product_template_ms_bolt_m14x75x2_0mm,10MB 14-75,,0.0,0.0,0.0,,,,
product_product_id_131264,10MB 16-40,1,Jinasena_MasterData_Stock.product_template_bolt_m16x40x2_0,10MB 16-40,,0.0,0.0,0.0,,,,
product_product_id_131265,10MB 16-50,1,Jinasena_MasterData_Stock.product_template_ms_bolt_m16x50x2_0mm,10MB 16-50,,0.0,0.0,0.0,,,,
product_product_id_131266,10MB 16-75,1,Jinasena_MasterData_Stock.product_template_m_s_bolt_m16x75x2_00mm,10MB 16-75,,0.0,0.0,0.0,,,,
product_product_id_131267,10MB 6X35,1,Jinasena_MasterData_Stock.product_template_metric_bolt_m8x30mm,10MB 6X35,,0.0,0.0,0.0,,,,
product_product_id_131268,10MB 8-40,1,Jinasena_MasterData_Stock.product_template_metric_bolt_m8x40mm,10MB 8-40,,0.0,0.0,0.0,,,,
product_product_id_131269,10MB 8X30,1,Jinasena_MasterData_Stock.product_template_metric_bolt_8_x_30mm_philip_head,10MB 8X30,,0.0,0.0,0.0,,,,
product_product_id_131270,10MB 8X50,1,Jinasena_MasterData_Stock.product_template_metric_bolt_8_x_50mm_philip_head,10MB 8X50,,0.0,0.0,0.0,,,,
product_product_id_131271,10MB EJ110S,1,Jinasena_MasterData_Stock.product_template_screws,10MB EJ110S,,0.0,0.0,0.0,,,,
product_product_id_131272,10MN 004,1,Jinasena_MasterData_Stock.product_template_butterfly_nuts_1_4,10MN 004,,0.0,0.0,0.0,,,,
product_product_id_131273,10MN 006,1,Jinasena_MasterData_Stock.product_template_ms_nut_6x1_0_mm,10MN 006,,0.0,0.0,0.0,,,,
product_product_id_131274,10MN 006NL,1,Jinasena_MasterData_Stock.product_template_nylock_nut_m6_x_1_0,10MN 006NL,,0.0,0.0,0.0,,,,
product_product_id_131275,10MN 008NL,1,Jinasena_MasterData_Stock.product_template_nylock_nut_m8x1_25,10MN 008NL,,0.0,0.0,0.0,,,,
product_product_id_131276,10MN 010,1,Jinasena_MasterData_Stock.product_template_ms_nut_10x1_5_mm,10MN 010,,0.0,0.0,0.0,,,,
product_product_id_131277,10MN 010NL,1,Jinasena_MasterData_Stock.product_template_nylock_nut_m10x1_5,10MN 010NL,,0.0,0.0,0.0,,,,
product_product_id_131278,10MN 011,1,Jinasena_MasterData_Stock.product_template_s_s_nut_10_mm,10MN 011,,0.0,0.0,0.0,,,,
product_product_id_131279,10MN 012,1,Jinasena_MasterData_Stock.product_template_nut_m12_x_1_75,10MN 012,,0.0,0.0,0.0,,,,
product_product_id_131280,10MN 012NL,1,Jinasena_MasterData_Stock.product_template_nylock_nut_m12x1_75,10MN 012NL,,0.0,0.0,0.0,,,,
product_product_id_131281,10MN 020,1,Jinasena_MasterData_Stock.product_template_nut_m20x2_5mm_for_bc_gt8,10MN 020,,0.0,0.0,0.0,,,,
product_product_id_131282,10MN 022,1,Jinasena_MasterData_Stock.product_template_nut_22mm_x_2_5_for_tata_hub,10MN 022,,0.0,0.0,0.0,,,,
product_product_id_131283,10MN 022S,1,Jinasena_MasterData_Stock.product_template_st_steel_nut_mm12x1_75,10MN 022S,,0.0,0.0,0.0,,,,
product_product_id_131284,10MN 075-F,1,Jinasena_MasterData_Stock.product_template_eye_bolt_nut_3_4_x12tpi,10MN 075-F,,0.0,0.0,0.0,,,,
product_product_id_131285,10MS 003,1,Jinasena_MasterData_Stock.product_template_self_tapping_screw_no_6_x_1_2,10MS 003,,0.0,0.0,0.0,,,,
product_product_id_137639,10MS 003,1,Jinasena_MasterData_Stock.product_template_self_tapping_screw_no_6_x_1_2_335902,10MS 003,,0.0,0.0,0.0,,,,
product_product_id_131286,10MS 006,1,Jinasena_MasterData_Stock.product_template_self_tapping_screw,10MS 006,,0.0,0.0,0.0,,,,
product_product_id_131287,10MS 007,1,Jinasena_MasterData_Stock.product_template_pump_label_screw_4_3_8,10MS 007,,0.0,0.0,0.0,,,,
product_product_id_131288,10MS 009,1,Jinasena_MasterData_Stock.product_template_self_tapping_screw_no_4_x_5_8,10MS 009,,0.0,0.0,0.0,,,,
product_product_id_131289,10MS 010,1,Jinasena_MasterData_Stock.product_template_screw_bolt_1_4_x_3_4,10MS 010,,0.0,0.0,0.0,,,,
product_product_id_131290,10MS 015,1,Jinasena_MasterData_Stock.product_template_screw_bolt_1_4_x_1_5,10MS 015,,0.0,0.0,0.0,,,,
product_product_id_131291,10MS 030,1,Jinasena_MasterData_Stock.product_template_wood_screw_bolt_1_4_x50mm,10MS 030,,0.0,0.0,0.0,,,,
product_product_id_131292,10MS 10-50,1,Jinasena_MasterData_Stock.product_template_wood_screw_bolt_set,10MS 10-50,,0.0,0.0,0.0,,,,
product_product_id_131293,10MS 114,1,Jinasena_MasterData_Stock.product_template_bolt_4_x_15,10MS 114,,0.0,0.0,0.0,,,,
product_product_id_137640,10MS 114,1,Jinasena_MasterData_Stock.product_template_metric_bolt_4_x_15mm_philip_head,10MS 114,,0.0,0.0,0.0,,,,
product_product_id_131294,10MS 119,1,Jinasena_MasterData_Stock.product_template_self_tapping_screw_no_6_x_5_8,10MS 119,,0.0,0.0,0.0,,,,
product_product_id_137641,10MS 119-SS,1,Jinasena_MasterData_Stock.product_template_s_steel_self_tapping_screw_no_6_x_5_8,10MS 119-SS,,0.0,0.0,0.0,,,,
product_product_id_131295,10NB 16-40,1,Jinasena_MasterData_Stock.product_template_16x40x1_5mm_h_bolt_with_nut,10NB 16-40,,0.0,0.0,0.0,,,,
product_product_id_131296,10PR 001,1,Jinasena_MasterData_Stock.product_template_al_pop_river_1_8_x1_4,10PR 001,,0.0,0.0,0.0,,,,
product_product_id_131297,10PR 002,1,Jinasena_MasterData_Stock.product_template_al_pop_rivet_3_16_x1_2,10PR 002,,0.0,0.0,0.0,,,,
product_product_id_131298,10PR 002SS,1,Jinasena_MasterData_Stock.product_template_s_steel_pop_rivet_3_16_x1_2,10PR 002SS,,0.0,0.0,0.0,,,,
product_product_id_131299,10PR 003,1,Jinasena_MasterData_Stock.product_template_al_pop_rivet_1_8_x1_2,10PR 003,,0.0,0.0,0.0,,,,
product_product_id_131300,10PR 006,1,Jinasena_MasterData_Stock.product_template_aluminum_pop_rivet_1_8_x1,10PR 006,,0.0,0.0,0.0,,,,
product_product_id_131301,10PR 010,1,Jinasena_MasterData_Stock.product_template_rivet_m_s_6x20_mm,10PR 010,,0.0,0.0,0.0,,,,
product_product_id_131302,10PR 011,1,Jinasena_MasterData_Stock.product_template_m_s_rivet_3_5x20mm,10PR 011,,0.0,0.0,0.0,,,,
product_product_id_131303,10PR 012,1,Jinasena_MasterData_Stock.product_template_m_s_rivet_5x15,10PR 012,,0.0,0.0,0.0,,,,
product_product_id_131304,10PR 013,1,Jinasena_MasterData_Stock.product_template_m_s_rivet_6x25mm,10PR 013,,0.0,0.0,0.0,,,,
product_product_id_131305,10PR 014,1,Jinasena_MasterData_Stock.product_template_copper_rivet_1_x1_8,10PR 014,,0.0,0.0,0.0,,,,
product_product_id_131306,10PR 015,1,Jinasena_MasterData_Stock.product_template_rivet_ms_5dia_x15_round_hea,10PR 015,,0.0,0.0,0.0,,,,
product_product_id_131307,10PR 017,1,Jinasena_MasterData_Stock.product_template_al_pop_rivet_1_8_x1_4,10PR 017,,0.0,0.0,0.0,,,,
product_product_id_131308,10PR 020,1,Jinasena_MasterData_Stock.product_template_al_pop_rivet_3_16_x_1,10PR 020,,0.0,0.0,0.0,,,,
product_product_id_137642,10PR 021,1,Jinasena_MasterData_Stock.product_template_al_pop_rivet_2_4_x_8_mm,10PR 021,,0.0,0.0,0.0,,,,
product_product_id_131309,10PR 022,1,Jinasena_MasterData_Stock.product_template_aluminum_pop_rivet_3_16_x3_4,10PR 022,,0.0,0.0,0.0,,,,
product_product_id_131310,10PR 304,1,Jinasena_MasterData_Stock.product_template_stainless_steel_304_pop_revert_1_4_x1_2,10PR 304,,0.0,0.0,0.0,,,,
product_product_id_131311,10PR 435,1,Jinasena_MasterData_Stock.product_template_roll_pin_4mm_dia_35mm,10PR 435,,0.0,0.0,0.0,,,,
product_product_id_131312,10PR 6X20,1,Jinasena_MasterData_Stock.product_template_g_i_rivet_6x20mm,10PR 6X20,,0.0,0.0,0.0,,,,
product_product_id_131313,10RB 012,1,Jinasena_MasterData_Stock.product_template_roofing_bolt_nut_0_5_x2,10RB 012,,0.0,0.0,0.0,,,,
product_product_id_131314,10RP 435,1,Jinasena_MasterData_Stock.product_template_roll_pin_4mm_dia_x35mm,10RP 435,,0.0,0.0,0.0,,,,
product_product_id_137643,10RP 435,1,Jinasena_MasterData_Stock.product_template_roll_pin_4mm_dia_x35mm_335906,10RP 435,,0.0,0.0,0.0,,,,
product_product_id_131315,10RS 4X35,1,Jinasena_MasterData_Stock.product_template_metric_bolt_4x35_mm,10RS 4X35,,0.0,0.0,0.0,,,,
product_product_id_131316,10SB 004,1,Jinasena_MasterData_Stock.product_template_bolt_unf_3_8_x1_5,10SB 004,,0.0,0.0,0.0,,,,
product_product_id_131317,10SB 009,1,Jinasena_MasterData_Stock.product_template_bolt_m12x25_x_1_75,10SB 009,,0.0,0.0,0.0,,,,
product_product_id_131318,10SB 010,1,Jinasena_MasterData_Stock.product_template_hex_bolt_6_x_35mm,10SB 010,,0.0,0.0,0.0,,,,
product_product_id_131319,10SB 012,1,Jinasena_MasterData_Stock.product_template_metric_hex_bolt_6_x_25mm,10SB 012,,0.0,0.0,0.0,,,,
product_product_id_131320,10SB 014,1,Jinasena_MasterData_Stock.product_template_steel_hex_bolt_6_x_40mm,10SB 014,,0.0,0.0,0.0,,,,
product_product_id_131321,10SB 015,1,Jinasena_MasterData_Stock.product_template_steel_hex_bolt_6_x_50mm,10SB 015,,0.0,0.0,0.0,,,,
product_product_id_131322,10SB 016,1,Jinasena_MasterData_Stock.product_template_steel_hex_bolt_8x20mm,10SB 016,,0.0,0.0,0.0,,,,
product_product_id_131323,10SB 017,1,Jinasena_MasterData_Stock.product_template_stl_hex_bolt_8x25mm,10SB 017,,0.0,0.0,0.0,,,,
product_product_id_131324,10SB 022,1,Jinasena_MasterData_Stock.product_template_steel_hex_bolt_10_x_25mm,10SB 022,,0.0,0.0,0.0,,,,
product_product_id_131325,10SB 024,1,Jinasena_MasterData_Stock.product_template_metric_hex_bolt_10_x_40mm,10SB 024,,0.0,0.0,0.0,,,,
product_product_id_131326,10SB 025,1,Jinasena_MasterData_Stock.product_template_steel_hex_bolt_10x50mm,10SB 025,,0.0,0.0,0.0,,,,
product_product_id_131327,10SB 026,1,Jinasena_MasterData_Stock.product_template_steel_hex_bolt_10x65mm,10SB 026,,0.0,0.0,0.0,,,,
product_product_id_131328,10SB 027,1,Jinasena_MasterData_Stock.product_template_steel_hex_bolt_10x75mm,10SB 027,,0.0,0.0,0.0,,,,
product_product_id_131329,10SB 028,1,Jinasena_MasterData_Stock.product_template_st_h_bolt_12_x_30mm,10SB 028,,0.0,0.0,0.0,,,,
product_product_id_131330,10SB 031,1,Jinasena_MasterData_Stock.product_template_steel_hex_bolt_12_x_65mm,10SB 031,,0.0,0.0,0.0,,,,
product_product_id_131331,10SB 035,1,Jinasena_MasterData_Stock.product_template_steel_hex_bolt_16x40mm,10SB 035,,0.0,0.0,0.0,,,,
product_product_id_131332,10SB 039,1,Jinasena_MasterData_Stock.product_template_stl_bolt_16x60mm,10SB 039,,0.0,0.0,0.0,,,,
product_product_id_131333,10SB 042,1,Jinasena_MasterData_Stock.product_template_s_hex_bolt_m10x90mm,10SB 042,,0.0,0.0,0.0,,,,
product_product_id_131334,10SB 042-F,1,Jinasena_MasterData_Stock.product_template_bolt_m10x40_x_1_25_fine,10SB 042-F,,0.0,0.0,0.0,,,,
product_product_id_131335,10SB 043,1,Jinasena_MasterData_Stock.product_template_bolt_m_8_x_75_x_1_25,10SB 043,,0.0,0.0,0.0,,,,
product_product_id_131336,10SB 045,1,Jinasena_MasterData_Stock.product_template_stl_bolt_10_x_60mm,10SB 045,,0.0,0.0,0.0,,,,
product_product_id_131337,10SB 047,1,Jinasena_MasterData_Stock.product_template_bolt_unf_3_8_x_1,10SB 047,,0.0,0.0,0.0,,,,
product_product_id_131338,10SB 053,1,Jinasena_MasterData_Stock.product_template_metric_bolt_6x10mm,10SB 053,,0.0,0.0,0.0,,,,
product_product_id_131339,10SB 057,1,Jinasena_MasterData_Stock.product_template_bolt_6_x_15_x_1mm,10SB 057,,0.0,0.0,0.0,,,,
product_product_id_131341,10SB 06-35,1,Jinasena_MasterData_Stock.product_template_s_s_bolt_m6x35x1_0,10SB 06-35,,0.0,0.0,0.0,,,,
product_product_id_131342,10SB 06-40,1,Jinasena_MasterData_Stock.product_template_s_s_bolt_6x40x1_0mm,10SB 06-40,,0.0,0.0,0.0,,,,
product_product_id_131343,10SB 06-50,1,Jinasena_MasterData_Stock.product_template_ss_bolt_m6x50x1_0,10SB 06-50,,0.0,0.0,0.0,,,,
product_product_id_131340,10SB 063,1,Jinasena_MasterData_Stock.product_template_hex_bolt_6x70x1_0mm,10SB 063,,0.0,0.0,0.0,,,,
product_product_id_131344,10SB 08-15,1,Jinasena_MasterData_Stock.product_template_s_s_bolt_08x15x1_25mm,10SB 08-15,,0.0,0.0,0.0,,,,
product_product_id_131345,10SB 08-20,1,Jinasena_MasterData_Stock.product_template_s_s_bolt_m8x20x1_25,10SB 08-20,,0.0,0.0,0.0,,,,
product_product_id_131346,10SB 08-30,1,Jinasena_MasterData_Stock.product_template_ss_bolt_m8x30x1_25,10SB 08-30,,0.0,0.0,0.0,,,,
product_product_id_131347,10SB 08-35,1,Jinasena_MasterData_Stock.product_template_s_s_bolt_m8x35x1_25mm,10SB 08-35,,0.0,0.0,0.0,,,,
product_product_id_131348,10SB 08-50,1,Jinasena_MasterData_Stock.product_template_s_s_bolt_8x50x1_25,10SB 08-50,,0.0,0.0,0.0,,,,
product_product_id_131349,10SB 10-100,1,Jinasena_MasterData_Stock.product_template_s_s_bolt_m10x100x1_50,10SB 10-100,,0.0,0.0,0.0,,,,
product_product_id_131350,10SB 10X25SS,1,Jinasena_MasterData_Stock.product_template_s_s_bolt_10x25mm,10SB 10X25SS,,0.0,0.0,0.0,,,,
product_product_id_131351,10SB 10X30S,1,Jinasena_MasterData_Stock.product_template_s_stl_bolt_10x30mm,10SB 10X30S,,0.0,0.0,0.0,,,,
product_product_id_131352,10SB 10X40,1,Jinasena_MasterData_Stock.product_template_anchor_bolt_10x40mm,10SB 10X40,,0.0,0.0,0.0,,,,
product_product_id_131353,10SB 10X40S,1,Jinasena_MasterData_Stock.product_template_s_stl_bolt_10x40_mm,10SB 10X40S,,0.0,0.0,0.0,,,,
product_product_id_131354,10SB 12-90,1,Jinasena_MasterData_Stock.product_template_s_s_bolt_m12x90x1_75,10SB 12-90,,0.0,0.0,0.0,,,,
product_product_id_131355,10SB 12X130,1,Jinasena_MasterData_Stock.product_template_12x130_mm_hex_bolt,10SB 12X130,,0.0,0.0,0.0,,,,
product_product_id_131356,10SB 12X180,1,Jinasena_MasterData_Stock.product_template_stl_hex_bolt_12x180mm,10SB 12X180,,0.0,0.0,0.0,,,,
product_product_id_131357,10SB 14X110,1,Jinasena_MasterData_Stock.product_template_hexagon_bolt_14x110mm,10SB 14X110,,0.0,0.0,0.0,,,,
product_product_id_131358,10SB 14X50SS,1,Jinasena_MasterData_Stock.product_template_s_stl_bolt_14x50mm,10SB 14X50SS,,0.0,0.0,0.0,,,,
product_product_id_131359,10SB 16X75,1,Jinasena_MasterData_Stock.product_template_anchor_bolt_16x75mm,10SB 16X75,,0.0,0.0,0.0,,,,
product_product_id_131360,10SB 16X75S,1,Jinasena_MasterData_Stock.product_template_s_s_hex_bolt_16_x_75_mm,10SB 16X75S,,0.0,0.0,0.0,,,,
product_product_id_131361,10SB 20X150,1,Jinasena_MasterData_Stock.product_template_hex_bolt_nut_20x150_mm_hot_dipped_galver,10SB 20X150,,0.0,0.0,0.0,,,,
product_product_id_131362,10SB 6X20S,1,Jinasena_MasterData_Stock.product_template_s_stl_bolt_6x20mm,10SB 6X20S,,0.0,0.0,0.0,,,,
product_product_id_131363,10SB 6X25S,1,Jinasena_MasterData_Stock.product_template_st_stl_bolt_6_x_25mm,10SB 6X25S,,0.0,0.0,0.0,,,,
product_product_id_131364,10SB 6X30S,1,Jinasena_MasterData_Stock.product_template_st_stl_bolt_6x30mm,10SB 6X30S,,0.0,0.0,0.0,,,,
product_product_id_131365,10SB 8X12,1,Jinasena_MasterData_Stock.product_template_hex_bolt_8x12mm,10SB 8X12,,0.0,0.0,0.0,,,,
product_product_id_131366,10SB 8X15,1,Jinasena_MasterData_Stock.product_template_hex_bolt_8x15mm,10SB 8X15,,0.0,0.0,0.0,,,,
product_product_id_131367,10SB 8X25S,1,Jinasena_MasterData_Stock.product_template_s_s_bolt_8_x_25mm,10SB 8X25S,,0.0,0.0,0.0,,,,
product_product_id_131368,10SB 8X35,1,Jinasena_MasterData_Stock.product_template_metric_hex_bolt_8_x_35mm,10SB 8X35,,0.0,0.0,0.0,,,,
product_product_id_131369,10SB EJ110,1,Jinasena_MasterData_Stock.product_template_hex_bolt_m5x25mm,10SB EJ110,,0.0,0.0,0.0,,,,
product_product_id_131370,10SN 006,1,Jinasena_MasterData_Stock.product_template_s_s_nut_m6,10SN 006,,0.0,0.0,0.0,,,,
product_product_id_131371,10SN 008,1,Jinasena_MasterData_Stock.product_template_s_s_nut_m8x1_25,10SN 008,,0.0,0.0,0.0,,,,
product_product_id_131372,10SN 010,1,Jinasena_MasterData_Stock.product_template_s_s_nut_m10x1_50,10SN 010,,0.0,0.0,0.0,,,,
product_product_id_131373,10SN 012,1,Jinasena_MasterData_Stock.product_template_s_s_nut_m12x1_75,10SN 012,,0.0,0.0,0.0,,,,
product_product_id_131374,10SN 016,1,Jinasena_MasterData_Stock.product_template_s_s_nut_16_x_2_mm,10SN 016,,0.0,0.0,0.0,,,,
product_product_id_131375,10SP 001,1,Jinasena_MasterData_Stock.product_template_split_pin_1_16_x_1_1_2,10SP 001,,0.0,0.0,0.0,,,,
product_product_id_131376,10SP 002,1,Jinasena_MasterData_Stock.product_template_split_pin_1_16_x_1,10SP 002,,0.0,0.0,0.0,,,,
product_product_id_131377,10SP 004,1,Jinasena_MasterData_Stock.product_template_split_pins_1_8_1,10SP 004,,0.0,0.0,0.0,,,,
product_product_id_131378,10SP 005,1,Jinasena_MasterData_Stock.product_template_split_pin_11_2_x1_8,10SP 005,,0.0,0.0,0.0,,,,
product_product_id_131379,10SP 006,1,Jinasena_MasterData_Stock.product_template_split_pins_1_8_1_5,10SP 006,,0.0,0.0,0.0,,,,
product_product_id_131380,10SP 007,1,Jinasena_MasterData_Stock.product_template_split_pins_1_8_2,10SP 007,,0.0,0.0,0.0,,,,
product_product_id_131381,10SP 0071,1,Jinasena_MasterData_Stock.product_template_split_pin_1_8_x11_2,10SP 0071,,0.0,0.0,0.0,,,,
product_product_id_131382,10SP 009,1,Jinasena_MasterData_Stock.product_template_split_pin_11_2_x_3_32,10SP 009,,0.0,0.0,0.0,,,,
product_product_id_131383,10SW 002,1,Jinasena_MasterData_Stock.product_template_spring_washer_5mm_3_16,10SW 002,,0.0,0.0,0.0,,,,
product_product_id_137644,10SW 002,1,Jinasena_MasterData_Stock.product_template_spring_washer_5mm_3_16_335907,10SW 002,,0.0,0.0,0.0,,,,
product_product_id_131384,10SW 008,1,Jinasena_MasterData_Stock.product_template_spring_washer_16mm_5_8,10SW 008,,0.0,0.0,0.0,,,,
product_product_id_131385,10SW 014,1,Jinasena_MasterData_Stock.product_template_steel_spring_washer_8mm,10SW 014,,0.0,0.0,0.0,,,,
product_product_id_131386,10SW 014SS,1,Jinasena_MasterData_Stock.product_template_stainless_steel_spring_washer_8mm,10SW 014SS,,0.0,0.0,0.0,,,,
product_product_id_131387,10SW 015,1,Jinasena_MasterData_Stock.product_template_steel_spring_washer_10mm,10SW 015,,0.0,0.0,0.0,,,,
product_product_id_131388,10SW 015SS,1,Jinasena_MasterData_Stock.product_template_s_s_spring_washer_m10,10SW 015SS,,0.0,0.0,0.0,,,,
product_product_id_131389,10SW 016,1,Jinasena_MasterData_Stock.product_template_steel_spring_washer_12mm,10SW 016,,0.0,0.0,0.0,,,,
product_product_id_131390,10SW 016SS,1,Jinasena_MasterData_Stock.product_template_s_s_spring_washer_12mm,10SW 016SS,,0.0,0.0,0.0,,,,
product_product_id_131391,10SW 017,1,Jinasena_MasterData_Stock.product_template_spring_washer_6mm,10SW 017,,0.0,0.0,0.0,,,,
product_product_id_137645,10SW 017,1,Jinasena_MasterData_Stock.product_template_spring_washer_6mm_335908,10SW 017,,0.0,0.0,0.0,,,,
product_product_id_131392,10SW 017SS,1,Jinasena_MasterData_Stock.product_template_s_s_spring_washer_m6,10SW 017SS,,0.0,0.0,0.0,,,,
product_product_id_131393,10SW 018,1,Jinasena_MasterData_Stock.product_template_steel_spring_washer_14mm,10SW 018,,0.0,0.0,0.0,,,,
product_product_id_131394,10SW 018SS,1,Jinasena_MasterData_Stock.product_template_ss_spring_washer_16mm,10SW 018SS,,0.0,0.0,0.0,,,,
product_product_id_131395,10SW 019,1,Jinasena_MasterData_Stock.product_template_spring_washer_16mm,10SW 019,,0.0,0.0,0.0,,,,
product_product_id_131396,10SW 04M,1,Jinasena_MasterData_Stock.product_template_spring_washer_4mm,10SW 04M,,0.0,0.0,0.0,,,,
product_product_id_131397,10SW 04SS,1,Jinasena_MasterData_Stock.product_template_s_s_spring_washer_4mm,10SW 04SS,,0.0,0.0,0.0,,,,
product_product_id_131398,10SW 12SS,1,Jinasena_MasterData_Stock.product_template_s_stl_spring_washer_12mm,10SW 12SS,,0.0,0.0,0.0,,,,
product_product_id_131399,10SW 16SS,1,Jinasena_MasterData_Stock.product_template_st_steel_washer_16mm,10SW 16SS,,0.0,0.0,0.0,,,,
product_product_id_131400,10TB 5X145,1,Jinasena_MasterData_Stock.product_template_s_s_tie_bolt_m5x145mm_thread_20mm,10TB 5X145,,0.0,0.0,0.0,,,,
product_product_id_137646,10TB 5X145,1,Jinasena_MasterData_Stock.product_template_s_s_tie_bolt_m5x145mm_thread_20mm_335909,10TB 5X145,,0.0,0.0,0.0,,,,
product_product_id_131401,10TN 025,1,Jinasena_MasterData_Stock.product_template_tintus_nail_1_4_w_trilar,10TN 025,,0.0,0.0,0.0,,,,
product_product_id_131402,10WN 004,1,Jinasena_MasterData_Stock.product_template_wire_nail_4_for_w_trailar,10WN 004,,0.0,0.0,0.0,,,,
product_product_id_131403,1151400-0020,1,Jinasena_MasterData_Stock.product_template_oil_seal_b_45x62x8,1151400-0020,,0.0,0.0,0.0,,,,
product_product_id_131404,11HG 003,1,Jinasena_MasterData_Stock.product_template_b_i_hinges_2,11HG 003,,0.0,0.0,0.0,,,,
product_product_id_131405,11HG 004,1,Jinasena_MasterData_Stock.product_template_b_i_hinges_2_5,11HG 004,,0.0,0.0,0.0,,,,
product_product_id_131406,11HG 007,1,Jinasena_MasterData_Stock.product_template_hasp_staple_1_5,11HG 007,,0.0,0.0,0.0,,,,
product_product_id_131407,11PL 003,1,Jinasena_MasterData_Stock.product_template_brass_padlock_1,11PL 003,,0.0,0.0,0.0,,,,
product_product_id_131408,11PL 005,1,Jinasena_MasterData_Stock.product_template_brass_padlock_1_5,11PL 005,,0.0,0.0,0.0,,,,
product_product_id_131409,11PL 006,1,Jinasena_MasterData_Stock.product_template_yale_pad_lock_2,11PL 006,,0.0,0.0,0.0,,,,
product_product_id_131410,1200001-0004,1,Jinasena_MasterData_Stock.product_template_gasket_of_0_2_minimetre,1200001-0004,,0.0,0.0,0.0,,,,
product_product_id_131411,1200001-0005,1,Jinasena_MasterData_Stock.product_template_gasket_of_0_5_minimetre,1200001-0005,,0.0,0.0,0.0,,,,
product_product_id_131412,1200001-0006,1,Jinasena_MasterData_Stock.product_template_gasket_0_5_minimeter,1200001-0006,,0.0,0.0,0.0,,,,
product_product_id_131413,1200001-0040,1,Jinasena_MasterData_Stock.product_template_gasket_328340,1200001-0040,,0.0,0.0,0.0,,,,
product_product_id_131414,1202002-0015,1,Jinasena_MasterData_Stock.product_template_inner_thoothed_wheel,1202002-0015,,0.0,0.0,0.0,,,,
product_product_id_131415,1202002-0016,1,Jinasena_MasterData_Stock.product_template_piston_std_with_rings_set,1202002-0016,,0.0,0.0,0.0,,,,
product_product_id_131416,1202002-0017,1,Jinasena_MasterData_Stock.product_template_gasket,1202002-0017,,0.0,0.0,0.0,,,,
product_product_id_131417,1202604-0006,1,Jinasena_MasterData_Stock.product_template_beval_wheel,1202604-0006,,0.0,0.0,0.0,,,,
product_product_id_131418,1203102-0002,1,Jinasena_MasterData_Stock.product_template_wheel_axel_planger,1203102-0002,,0.0,0.0,0.0,,,,
product_product_id_131419,1203102-0003,1,Jinasena_MasterData_Stock.product_template_bevel_gear_shaft,1203102-0003,,0.0,0.0,0.0,,,,
product_product_id_131420,1203105-0003,1,Jinasena_MasterData_Stock.product_template_walking_bevel_gear,1203105-0003,,0.0,0.0,0.0,,,,
product_product_id_131421,1210104-0001,1,Jinasena_MasterData_Stock.product_template_clutch_shifting_fork,1210104-0001,,0.0,0.0,0.0,,,,
product_product_id_131422,1210105-0027,1,Jinasena_MasterData_Stock.product_template_clutch_shifting_fork_axis,1210105-0027,,0.0,0.0,0.0,,,,
product_product_id_131423,1210106-0001,1,Jinasena_MasterData_Stock.product_template_clutch_cable_sliding_seat,1210106-0001,,0.0,0.0,0.0,,,,
product_product_id_131424,1210201-0001,1,Jinasena_MasterData_Stock.product_template_shifting_arm,1210201-0001,,0.0,0.0,0.0,,,,
product_product_id_131425,1210202-0001,1,Jinasena_MasterData_Stock.product_template_gear_shifting_fork_shaft,1210202-0001,,0.0,0.0,0.0,,,,
product_product_id_131426,1210203-0001,1,Jinasena_MasterData_Stock.product_template_gear_shifting_axis_bush,1210203-0001,,0.0,0.0,0.0,,,,
product_product_id_131427,1210204-0001,1,Jinasena_MasterData_Stock.product_template_gear_shifting_fork_shaft_328354,1210204-0001,,0.0,0.0,0.0,,,,
product_product_id_131428,1210300-0001,1,Jinasena_MasterData_Stock.product_template_principal_axis_assy,1210300-0001,,0.0,0.0,0.0,,,,
product_product_id_131429,1210305-0001,1,Jinasena_MasterData_Stock.product_template_srcew_cover,1210305-0001,,0.0,0.0,0.0,,,,
product_product_id_131430,1210306-0001,1,Jinasena_MasterData_Stock.product_template_principal_axis_sleeve,1210306-0001,,0.0,0.0,0.0,,,,
product_product_id_131431,1210400-0001,1,Jinasena_MasterData_Stock.product_template_reverse_gear_mechanism,1210400-0001,,0.0,0.0,0.0,,,,
product_product_id_131432,1210401-0001,1,Jinasena_MasterData_Stock.product_template_reverse_axis_clutch_shifting_fork_axis_b,1210401-0001,,0.0,0.0,0.0,,,,
product_product_id_131433,1210403-0001,1,Jinasena_MasterData_Stock.product_template_reverse_axis_shifting_fork,1210403-0001,,0.0,0.0,0.0,,,,
product_product_id_131434,1210404-0001,1,Jinasena_MasterData_Stock.product_template_reverse_axis_shifting_fork_axis,1210404-0001,,0.0,0.0,0.0,,,,
product_product_id_131435,1210405-0001,1,Jinasena_MasterData_Stock.product_template_rreverse_stopcollar,1210405-0001,,0.0,0.0,0.0,,,,
product_product_id_131436,1210406-0001,1,Jinasena_MasterData_Stock.product_template_reverse_spring_328363,1210406-0001,,0.0,0.0,0.0,,,,
product_product_id_131437,1210407-0001,1,Jinasena_MasterData_Stock.product_template_reverse_spring_seat,1210407-0001,,0.0,0.0,0.0,,,,
product_product_id_131438,1210408-0001,1,Jinasena_MasterData_Stock.product_template_reverse_gear_mechanism_328365,1210408-0001,,0.0,0.0,0.0,,,,
product_product_id_131439,1210410-0006,1,Jinasena_MasterData_Stock.product_template_reverse_axis,1210410-0006,,0.0,0.0,0.0,,,,
product_product_id_131440,1210502-0001,1,Jinasena_MasterData_Stock.product_template_twofold_gang_spur_gear_39_40,1210502-0001,,0.0,0.0,0.0,,,,
product_product_id_131441,1210504-0001,1,Jinasena_MasterData_Stock.product_template_active_bevel_gear,1210504-0001,,0.0,0.0,0.0,,,,
product_product_id_131442,1210601-0004,1,Jinasena_MasterData_Stock.product_template_gear_box,1210601-0004,,0.0,0.0,0.0,,,,
product_product_id_131443,1210604-0001,1,Jinasena_MasterData_Stock.product_template_ablassschraubem12x1_25x12,1210604-0001,,0.0,0.0,0.0,,,,
product_product_id_131444,1210701-0001,1,Jinasena_MasterData_Stock.product_template_driven_bevel_gear_328371,1210701-0001,,0.0,0.0,0.0,,,,
product_product_id_131445,1210702-0001,1,Jinasena_MasterData_Stock.product_template_bevel_gear_axis,1210702-0001,,0.0,0.0,0.0,,,,
product_product_id_131446,1210704-0001,1,Jinasena_MasterData_Stock.product_template_inner_hexagon_output_axis,1210704-0001,,0.0,0.0,0.0,,,,
product_product_id_131447,1210705-0001,1,Jinasena_MasterData_Stock.product_template_bwalking_bevel_gear,1210705-0001,,0.0,0.0,0.0,,,,
product_product_id_131448,1210800-0016,1,Jinasena_MasterData_Stock.product_template_bushing_328375,1210800-0016,,0.0,0.0,0.0,,,,
product_product_id_131449,121704-00001,1,Jinasena_MasterData_Stock.product_template_inner_hexagon_output_axle_mt8,121704-00001,,0.0,0.0,0.0,,,,
product_product_id_131451,1220000-0007,1,Jinasena_MasterData_Stock.product_template_flange_328378,1220000-0007,,0.0,0.0,0.0,,,,
product_product_id_137907,1234,1,Jinasena_MasterData_Stock.product_template_1234,1234,,0.0,0.0,0.0,,,,
product_product_id_131452,12PF M0.8,1,Jinasena_MasterData_Stock.product_template_fire_ply_packing_0_8mm,12PF M0.8,,0.0,0.0,0.0,,,,
product_product_id_131453,12PM 001,1,Jinasena_MasterData_Stock.product_template_felt_packing_10mm_strip_10x50,12PM 001,,0.0,0.0,0.0,,,,
product_product_id_131454,12PM 003,1,Jinasena_MasterData_Stock.product_template_graphite_packing_1_4_mt,12PM 003,,0.0,0.0,0.0,,,,
product_product_id_131455,12PM 006,1,Jinasena_MasterData_Stock.product_template_polythene_clear_6_300g,12PM 006,,0.0,0.0,0.0,,,,
product_product_id_131456,12PM 010,1,Jinasena_MasterData_Stock.product_template_thread_sealing_tape_teflon_roll,12PM 010,,0.0,0.0,0.0,,,,
product_product_id_131457,12PM 011,1,Jinasena_MasterData_Stock.product_template_bristol_board_sht,12PM 011,,0.0,0.0,0.0,,,,
product_product_id_131458,12PM 012,1,Jinasena_MasterData_Stock.product_template_strapping_for_pump_carrying_hand,12PM 012,,0.0,0.0,0.0,,,,
product_product_id_131459,12PM 013,1,Jinasena_MasterData_Stock.product_template_cyclo_clips_stapling,12PM 013,,0.0,0.0,0.0,,,,
product_product_id_131460,12PM 015,1,Jinasena_MasterData_Stock.product_template_polythene_clear_10_300g,12PM 015,,0.0,0.0,0.0,,,,
product_product_id_131461,12PM 017,1,Jinasena_MasterData_Stock.product_template_polythene_clear_36_300g,12PM 017,,0.0,0.0,0.0,,,,
product_product_id_131462,12PM 019,1,Jinasena_MasterData_Stock.product_template_helite_packing_2mm,12PM 019,,0.0,0.0,0.0,,,,
product_product_id_137647,12PM 030,1,Jinasena_MasterData_Stock.product_template_pump_tags,12PM 030,,0.0,0.0,0.0,,,,
product_product_id_131463,12PM 030,1,Jinasena_MasterData_Stock.product_template_pump_tags_for_jam_production,12PM 030,,0.0,0.0,0.0,,,,
product_product_id_131464,12PM 031,1,Jinasena_MasterData_Stock.product_template_ejector_box_16x6x3,12PM 031,,0.0,0.0,0.0,,,,
product_product_id_131465,12PM 200,1,Jinasena_MasterData_Stock.product_template_polythene_clear_36_200g,12PM 200,,0.0,0.0,0.0,,,,
product_product_id_137648,12PM CDNR1001,1,Jinasena_MasterData_Stock.product_template_sticker_connection_diagram_nr,12PM CDNR1001,,0.0,0.0,0.0,,,,
product_product_id_137649,12PM PPO-N-BOX,1,Jinasena_MasterData_Stock.product_template_4ply_corr_box_for_ppo_n_l370xw235xh280mm,12PM PPO-N-BOX,,0.0,0.0,0.0,,,,
product_product_id_131466,12SP 024,1,Jinasena_MasterData_Stock.product_template_stretch_clear_polythene_24,12SP 024,,0.0,0.0,0.0,,,,
product_product_id_131467,12SP AG-P,1,Jinasena_MasterData_Stock.product_template_alu_gloss_sticker_paper_35_x35,12SP AG-P,,0.0,0.0,0.0,,,,
product_product_id_131468,12SP AM-P,1,Jinasena_MasterData_Stock.product_template_alu_matt_sticker_paper_35_x35,12SP AM-P,,0.0,0.0,0.0,,,,
product_product_id_131469,12SP CL-P,1,Jinasena_MasterData_Stock.product_template_clear_sticker_paper_35_x_35,12SP CL-P,,0.0,0.0,0.0,,,,
product_product_id_131470,12SP PVC,1,Jinasena_MasterData_Stock.product_template_p_v_c_white_stiker_35_x_35,12SP PVC,,0.0,0.0,0.0,,,,
product_product_id_131471,12SP W-P,1,Jinasena_MasterData_Stock.product_template_white_sticker_paper_35_x_35,12SP W-P,,0.0,0.0,0.0,,,,
product_product_id_131472,139F 9-3,1,Jinasena_MasterData_Stock.product_template_8x28_piston_pin,139F 9-3,,0.0,0.0,0.0,,,,
product_product_id_131473,139FA-04003,1,Jinasena_MasterData_Stock.product_template_piston_pin_8x23,139FA-04003,,0.0,0.0,0.0,,,,
product_product_id_131474,13DW 004,1,Jinasena_MasterData_Stock.product_template_disc_water_sand_paper_4,13DW 004,,0.0,0.0,0.0,,,,
product_product_id_137650,13EM 002,1,Jinasena_MasterData_Stock.product_template_emery_cloth_p_40_width_6,13EM 002,,0.0,0.0,0.0,,,,
product_product_id_131475,13EM 004,1,Jinasena_MasterData_Stock.product_template_rhynalox_white_line_paper_p100,13EM 004,,0.0,0.0,0.0,,,,
product_product_id_131476,13EM 005,1,Jinasena_MasterData_Stock.product_template_emery_cloth_no_2_5_sht,13EM 005,,0.0,0.0,0.0,,,,
product_product_id_131477,13EM 006,1,Jinasena_MasterData_Stock.product_template_rhynalox_white_line_paper_p60_p80,13EM 006,,0.0,0.0,0.0,,,,
product_product_id_131478,13HP 7447,1,Jinasena_MasterData_Stock.product_template_hand_pad_7447,13HP 7447,,0.0,0.0,0.0,,,,
product_product_id_131479,13SD 004,1,Jinasena_MasterData_Stock.product_template_sander_disc_plastic_4,13SD 004,,0.0,0.0,0.0,,,,
product_product_id_131480,13WP 003,1,Jinasena_MasterData_Stock.product_template_water_sand_paper_no_0_1,13WP 003,,0.0,0.0,0.0,,,,
product_product_id_131481,13WP 004,1,Jinasena_MasterData_Stock.product_template_water_s_paper_180_sht,13WP 004,,0.0,0.0,0.0,,,,
product_product_id_131482,13WP 005,1,Jinasena_MasterData_Stock.product_template_water_s_paper_220_sht,13WP 005,,0.0,0.0,0.0,,,,
product_product_id_131483,13WP 006,1,Jinasena_MasterData_Stock.product_template_water_s_paper_320_sht,13WP 006,,0.0,0.0,0.0,,,,
product_product_id_131484,13WP 007,1,Jinasena_MasterData_Stock.product_template_water_sand_paper_p100d_sht,13WP 007,,0.0,0.0,0.0,,,,
product_product_id_131485,13WP 008,1,Jinasena_MasterData_Stock.product_template_water_sand_paper_p400,13WP 008,,0.0,0.0,0.0,,,,
product_product_id_131486,13WP 010,1,Jinasena_MasterData_Stock.product_template_sand_paper_no_1_5_sht,13WP 010,,0.0,0.0,0.0,,,,
product_product_id_131487,13WP 120,1,Jinasena_MasterData_Stock.product_template_water_sand_paper_120,13WP 120,,0.0,0.0,0.0,,,,
product_product_id_131488,13WP 1500,1,Jinasena_MasterData_Stock.product_template_water_sand_paper_p_1500,13WP 1500,,0.0,0.0,0.0,,,,
product_product_id_131489,13WP 600,1,Jinasena_MasterData_Stock.product_template_600_water_sand_paper,13WP 600,,0.0,0.0,0.0,,,,
product_product_id_131490,140FA 10,1,Jinasena_MasterData_Stock.product_template_first_ring,140FA 10,,0.0,0.0,0.0,,,,
product_product_id_131491,140FA 1000,1,Jinasena_MasterData_Stock.product_template_piston_ring_set_328418,140FA 1000,,0.0,0.0,0.0,,,,
product_product_id_131492,140FA 11,1,Jinasena_MasterData_Stock.product_template_second_ring,140FA 11,,0.0,0.0,0.0,,,,
product_product_id_131493,140FA 12-1,1,Jinasena_MasterData_Stock.product_template_scraping_ring,140FA 12-1,,0.0,0.0,0.0,,,,
product_product_id_131494,140FA 19,1,Jinasena_MasterData_Stock.product_template_15x25x6_oil_seal,140FA 19,,0.0,0.0,0.0,,,,
product_product_id_131495,140FA 20,1,Jinasena_MasterData_Stock.product_template_10x20x5_oil_seal,140FA 20,,0.0,0.0,0.0,,,,
product_product_id_131496,140FA K8-11-10,1,Jinasena_MasterData_Stock.product_template_needle_bearing_cage_for_con_rod,140FA K8-11-10,,0.0,0.0,0.0,,,,
product_product_id_131498,140FA-00006,1,Jinasena_MasterData_Stock.product_template_seeling_gasket,140FA-00006,,0.0,0.0,0.0,,,,
product_product_id_131499,140FA-01001,1,Jinasena_MasterData_Stock.product_template_cylinder,140FA-01001,,0.0,0.0,0.0,,,,
product_product_id_131500,140FA-01007,1,Jinasena_MasterData_Stock.product_template_carburetor_gaskt,140FA-01007,,0.0,0.0,0.0,,,,
product_product_id_131501,140FA-01009,1,Jinasena_MasterData_Stock.product_template_dipstick,140FA-01009,,0.0,0.0,0.0,,,,
product_product_id_131502,140FA-01013,1,Jinasena_MasterData_Stock.product_template_head_gasket,140FA-01013,,0.0,0.0,0.0,,,,
product_product_id_131503,140FA-02002,1,Jinasena_MasterData_Stock.product_template_spring_seat,140FA-02002,,0.0,0.0,0.0,,,,
product_product_id_131504,140FA-02003,1,Jinasena_MasterData_Stock.product_template_cam,140FA-02003,,0.0,0.0,0.0,,,,
product_product_id_131505,140FA-02004,1,Jinasena_MasterData_Stock.product_template_output_valve,140FA-02004,,0.0,0.0,0.0,,,,
product_product_id_131506,140FA-02005,1,Jinasena_MasterData_Stock.product_template_input_valve,140FA-02005,,0.0,0.0,0.0,,,,
product_product_id_131507,140FA-02006,1,Jinasena_MasterData_Stock.product_template_spring_seat_328434,140FA-02006,,0.0,0.0,0.0,,,,
product_product_id_131508,140FA-02007-AN,1,Jinasena_MasterData_Stock.product_template_adjust_nat,140FA-02007-AN,,0.0,0.0,0.0,,,,
product_product_id_131509,140FA-02007-AS,1,Jinasena_MasterData_Stock.product_template_adjust_screw,140FA-02007-AS,,0.0,0.0,0.0,,,,
product_product_id_131510,140FA-02008,1,Jinasena_MasterData_Stock.product_template_output_valve_rocher,140FA-02008,,0.0,0.0,0.0,,,,
product_product_id_131511,140FA-02009,1,Jinasena_MasterData_Stock.product_template_input_valve_rocker,140FA-02009,,0.0,0.0,0.0,,,,
product_product_id_131512,140FA-02010,1,Jinasena_MasterData_Stock.product_template_rocker_pin,140FA-02010,,0.0,0.0,0.0,,,,
product_product_id_131513,140FA-02011,1,Jinasena_MasterData_Stock.product_template_output_cam_rocker,140FA-02011,,0.0,0.0,0.0,,,,
product_product_id_131514,140FA-02012,1,Jinasena_MasterData_Stock.product_template_input_cam_rocker,140FA-02012,,0.0,0.0,0.0,,,,
product_product_id_131515,140FA-02013,1,Jinasena_MasterData_Stock.product_template_cam_pin,140FA-02013,,0.0,0.0,0.0,,,,
product_product_id_131516,140FA-02014,1,Jinasena_MasterData_Stock.product_template_muffler,140FA-02014,,0.0,0.0,0.0,,,,
product_product_id_131517,140FA-02014A,1,Jinasena_MasterData_Stock.product_template_muffler_gasket,140FA-02014A,,0.0,0.0,0.0,,,,
product_product_id_131518,140FA-02015,1,Jinasena_MasterData_Stock.product_template_heat_shield,140FA-02015,,0.0,0.0,0.0,,,,
product_product_id_131519,140FA-02016,1,Jinasena_MasterData_Stock.product_template_fuel_tank,140FA-02016,,0.0,0.0,0.0,,,,
product_product_id_131520,140FA-02017,1,Jinasena_MasterData_Stock.product_template_flange,140FA-02017,,0.0,0.0,0.0,,,,
product_product_id_131521,140FA-020171,1,Jinasena_MasterData_Stock.product_template_magneto_stator,140FA-020171,,0.0,0.0,0.0,,,,
product_product_id_131522,140FA-020172,1,Jinasena_MasterData_Stock.product_template_magneto_rotor,140FA-020172,,0.0,0.0,0.0,,,,
product_product_id_131523,140FA-02018,1,Jinasena_MasterData_Stock.product_template_windpipe,140FA-02018,,0.0,0.0,0.0,,,,
product_product_id_131524,140FA-02019,1,Jinasena_MasterData_Stock.product_template_inside_cover,140FA-02019,,0.0,0.0,0.0,,,,
product_product_id_131525,140FA-02020,1,Jinasena_MasterData_Stock.product_template_baffler,140FA-02020,,0.0,0.0,0.0,,,,
product_product_id_131526,140FA-02021,1,Jinasena_MasterData_Stock.product_template_filter_net,140FA-02021,,0.0,0.0,0.0,,,,
product_product_id_131527,140FA-02022,1,Jinasena_MasterData_Stock.product_template_outside_cover,140FA-02022,,0.0,0.0,0.0,,,,
product_product_id_131528,140FA-02024,1,Jinasena_MasterData_Stock.product_template_ratcher,140FA-02024,,0.0,0.0,0.0,,,,
product_product_id_131529,140FA-02025,1,Jinasena_MasterData_Stock.product_template_grank_case,140FA-02025,,0.0,0.0,0.0,,,,
product_product_id_131530,140FA-02026,1,Jinasena_MasterData_Stock.product_template_oil_pipe,140FA-02026,,0.0,0.0,0.0,,,,
product_product_id_131531,140FA-02027,1,Jinasena_MasterData_Stock.product_template_rubber_plug,140FA-02027,,0.0,0.0,0.0,,,,
product_product_id_131532,140FA-02028,1,Jinasena_MasterData_Stock.product_template_high_tension_line_clip,140FA-02028,,0.0,0.0,0.0,,,,
product_product_id_131533,140FA-02029,1,Jinasena_MasterData_Stock.product_template_fan_cover_328460,140FA-02029,,0.0,0.0,0.0,,,,
product_product_id_131534,140FA-04023,1,Jinasena_MasterData_Stock.product_template_piston_328461,140FA-04023,,0.0,0.0,0.0,,,,
product_product_id_131535,140FA-05006A,1,Jinasena_MasterData_Stock.product_template_cluth,140FA-05006A,,0.0,0.0,0.0,,,,
product_product_id_131536,140FA-08000,1,Jinasena_MasterData_Stock.product_template_carburetor,140FA-08000,,0.0,0.0,0.0,,,,
product_product_id_131537,140FA-1,1,Jinasena_MasterData_Stock.product_template_cylinder_cover_328464,140FA-1,,0.0,0.0,0.0,,,,
product_product_id_131538,140FA-14000,1,Jinasena_MasterData_Stock.product_template_starter,140FA-14000,,0.0,0.0,0.0,,,,
product_product_id_131539,140FA-18X2.4,1,Jinasena_MasterData_Stock.product_template_o_rings_18x2_4,140FA-18X2.4,,0.0,0.0,0.0,,,,
product_product_id_131540,140FA-1E36F-3,1,Jinasena_MasterData_Stock.product_template_b_8_2x18x1_2_flat_washer,140FA-1E36F-3,,0.0,0.0,0.0,,,,
product_product_id_131541,140FA-20013,1,Jinasena_MasterData_Stock.product_template_crankshaft_oss_y,140FA-20013,,0.0,0.0,0.0,,,,
product_product_id_131542,140FA-410122,1,Jinasena_MasterData_Stock.product_template_expander_ring,140FA-410122,,0.0,0.0,0.0,,,,
product_product_id_131543,140FA-6,1,Jinasena_MasterData_Stock.product_template_sring,140FA-6,,0.0,0.0,0.0,,,,
product_product_id_131544,140FA-93823,1,Jinasena_MasterData_Stock.product_template_ring_328471,140FA-93823,,0.0,0.0,0.0,,,,
product_product_id_131545,140FA-CMR5H,1,Jinasena_MasterData_Stock.product_template_spark_plag,140FA-CMR5H,,0.0,0.0,0.0,,,,
product_product_id_131546,140FA-CV015,1,Jinasena_MasterData_Stock.product_template_check_valve,140FA-CV015,,0.0,0.0,0.0,,,,
product_product_id_131547,140FA-F511,1,Jinasena_MasterData_Stock.product_template_wave_washer,140FA-F511,,0.0,0.0,0.0,,,,
product_product_id_131548,140FA-F512,1,Jinasena_MasterData_Stock.product_template_cluth_bolt,140FA-F512,,0.0,0.0,0.0,,,,
product_product_id_131549,140FA-GB/T93-5,1,Jinasena_MasterData_Stock.product_template_spring_washer,140FA-GB/T93-5,,0.0,0.0,0.0,,,,
product_product_id_131550,140FA-GB/T97.1-5,1,Jinasena_MasterData_Stock.product_template_flate_washer,140FA-GB/T97.1-5,,0.0,0.0,0.0,,,,
product_product_id_131551,140FA-GB119.4X8,1,Jinasena_MasterData_Stock.product_template_pin_119_4x8,140FA-GB119.4X8,,0.0,0.0,0.0,,,,
product_product_id_131552,140FA-GBT95-6,1,Jinasena_MasterData_Stock.product_template_flat_washer,140FA-GBT95-6,,0.0,0.0,0.0,,,,
product_product_id_131553,140FA-RBP2-2,1,Jinasena_MasterData_Stock.product_template_rubber_ring,140FA-RBP2-2,,0.0,0.0,0.0,,,,
product_product_id_131554,140FA-RTF2-1,1,Jinasena_MasterData_Stock.product_template_return_filter,140FA-RTF2-1,,0.0,0.0,0.0,,,,
product_product_id_131555,140FA-S4.5M-342,1,Jinasena_MasterData_Stock.product_template_timing_belt,140FA-S4.5M-342,,0.0,0.0,0.0,,,,
product_product_id_131556,140FA-WMF2-1,1,Jinasena_MasterData_Stock.product_template_wire_mesh_filter,140FA-WMF2-1,,0.0,0.0,0.0,,,,
product_product_id_131497,140FA.1,1,Jinasena_MasterData_Stock.product_template_cylinder_cover,140FA.1,,0.0,0.0,0.0,,,,
product_product_id_131557,1411000-0001,1,Jinasena_MasterData_Stock.product_template_outside_tube_cultivator_tire_400_8,1411000-0001,,0.0,0.0,0.0,,,,
product_product_id_131558,1412000-0001,1,Jinasena_MasterData_Stock.product_template_inner_tube_cultivator_tube_400_8,1412000-0001,,0.0,0.0,0.0,,,,
product_product_id_131560,1422000-0025,1,Jinasena_MasterData_Stock.product_template_arm_of_wheel_inside,1422000-0025,,0.0,0.0,0.0,,,,
product_product_id_131561,1430000-0001,1,Jinasena_MasterData_Stock.product_template_vehicle_wheel_axis_assy_bielding,1430000-0001,,0.0,0.0,0.0,,,,
product_product_id_137651,14IN BR-S,1,Jinasena_MasterData_Stock.product_template_brass_insert_small,14IN BR-S,,0.0,0.0,0.0,,,,
product_product_id_137652,14IN N110-S,1,Jinasena_MasterData_Stock.product_template_impeller_stem_side_n110,14IN N110-S,,0.0,0.0,0.0,,,,
product_product_id_137653,14IN N110-V,1,Jinasena_MasterData_Stock.product_template_impeller_vane_side_n110,14IN N110-V,,0.0,0.0,0.0,,,,
product_product_id_137654,14ST 006,1,Jinasena_MasterData_Stock.product_template_stud_6mm,14ST 006,,0.0,0.0,0.0,,,,
product_product_id_131565,15-4-3C,1,Jinasena_MasterData_Stock.product_template_sale_motor_for_15_4_3c,15-4-3C,,0.0,0.0,0.0,,,,
product_product_id_131562,1510000-0001,1,Jinasena_MasterData_Stock.product_template_the_weldment_assy_of_link_span,1510000-0001,,0.0,0.0,0.0,,,,
product_product_id_131563,1520000-0033,1,Jinasena_MasterData_Stock.product_template_the_traier_body_wieldmeng_assy,1520000-0033,,0.0,0.0,0.0,,,,
product_product_id_131564,1541000-0001,1,Jinasena_MasterData_Stock.product_template_stand_frame_of_spring,1541000-0001,,0.0,0.0,0.0,,,,
product_product_id_131566,15DM 002,1,Jinasena_MasterData_Stock.product_template_dust_mask_with_leather_cover,15DM 002,,0.0,0.0,0.0,,,,
product_product_id_131567,15SE 001,1,Jinasena_MasterData_Stock.product_template_oxypura_dust_mask,15SE 001,,0.0,0.0,0.0,,,,
product_product_id_131568,15SE 002,1,Jinasena_MasterData_Stock.product_template_leather_gloves_elbow_length,15SE 002,,0.0,0.0,0.0,,,,
product_product_id_131569,15SE 004,1,Jinasena_MasterData_Stock.product_template_rubber_gloves_indust,15SE 004,,0.0,0.0,0.0,,,,
product_product_id_131570,15SE 005,1,Jinasena_MasterData_Stock.product_template_cotton_gloves,15SE 005,,0.0,0.0,0.0,,,,
product_product_id_131571,15SE 007-C,1,Jinasena_MasterData_Stock.product_template_chemical_respirator_with_cartridge,15SE 007-C,,0.0,0.0,0.0,,,,
product_product_id_137856,15SE 007-CD,1,Jinasena_MasterData_Stock.product_template_chemical_respirator_double_with_cartridg,15SE 007-CD,,0.0,0.0,0.0,,,,
product_product_id_131572,15SE 010,1,Jinasena_MasterData_Stock.product_template_welding_dark_glass,15SE 010,,0.0,0.0,0.0,,,,
product_product_id_131573,15SE 011,1,Jinasena_MasterData_Stock.product_template_welding_plain_glass_2x4x1,15SE 011,,0.0,0.0,0.0,,,,
product_product_id_131574,15SE 012,1,Jinasena_MasterData_Stock.product_template_welding_hand_sheild,15SE 012,,0.0,0.0,0.0,,,,
product_product_id_131575,15SE 013,1,Jinasena_MasterData_Stock.product_template_welding_holder,15SE 013,,0.0,0.0,0.0,,,,
product_product_id_131576,15SE 014,1,Jinasena_MasterData_Stock.product_template_welding_clear_glass_4_x2_x1_8,15SE 014,,0.0,0.0,0.0,,,,
product_product_id_131577,15SE 015,1,Jinasena_MasterData_Stock.product_template_dust_mask_cp,15SE 015,,0.0,0.0,0.0,,,,
product_product_id_131578,15SE 016,1,Jinasena_MasterData_Stock.product_template_dust_filter,15SE 016,,0.0,0.0,0.0,,,,
product_product_id_131579,15SE 017,1,Jinasena_MasterData_Stock.product_template_face_mask_for_sprayer,15SE 017,,0.0,0.0,0.0,,,,
product_product_id_131580,15SE 019,1,Jinasena_MasterData_Stock.product_template_rubber_gloves_elbow_length,15SE 019,,0.0,0.0,0.0,,,,
product_product_id_131581,15SE 020,1,Jinasena_MasterData_Stock.product_template_safety_goggles,15SE 020,,0.0,0.0,0.0,,,,
product_product_id_131582,15SE 022-V,1,Jinasena_MasterData_Stock.product_template_safety_helmet_with_visor,15SE 022-V,,0.0,0.0,0.0,,,,
product_product_id_131583,15SE 024,1,Jinasena_MasterData_Stock.product_template_safety_shoes,15SE 024,,0.0,0.0,0.0,,,,
product_product_id_131584,15SE 029,1,Jinasena_MasterData_Stock.product_template_gas_nozzel_cleaning_set,15SE 029,,0.0,0.0,0.0,,,,
product_product_id_131585,15SE 030,1,Jinasena_MasterData_Stock.product_template_gas_lighter,15SE 030,,0.0,0.0,0.0,,,,
product_product_id_131586,15SE 032,1,Jinasena_MasterData_Stock.product_template_welding_head_shield,15SE 032,,0.0,0.0,0.0,,,,
product_product_id_131587,15SE 034,1,Jinasena_MasterData_Stock.product_template_ear_plug_rubber,15SE 034,,0.0,0.0,0.0,,,,
product_product_id_131588,15SE 037,1,Jinasena_MasterData_Stock.product_template_spectacle_clear_dark,15SE 037,,0.0,0.0,0.0,,,,
product_product_id_131589,15SE 038,1,Jinasena_MasterData_Stock.product_template_heavy_ear_muff,15SE 038,,0.0,0.0,0.0,,,,
product_product_id_131590,15SE 200-20,1,Jinasena_MasterData_Stock.product_template_welding_cable_200a_20mm,15SE 200-20,,0.0,0.0,0.0,,,,
product_product_id_131591,15TM 025,1,Jinasena_MasterData_Stock.product_template_plank_1_25mm_mango,15TM 025,,0.0,0.0,0.0,,,,
product_product_id_131592,15TM 38-5-1,1,Jinasena_MasterData_Stock.product_template_plank_38_x5_x1,15TM 38-5-1,,0.0,0.0,0.0,,,,
product_product_id_131593,1630000-0009,1,Jinasena_MasterData_Stock.product_template_throttle_switch_assy,1630000-0009,,0.0,0.0,0.0,,,,
product_product_id_131594,16BG JET-6C,1,Jinasena_MasterData_Stock.product_template_jet_6c_badge,16BG JET-6C,,0.0,0.0,0.0,,,,
product_product_id_131595,16BG JET-6J,1,Jinasena_MasterData_Stock.product_template_jet_6j_badge,16BG JET-6J,,0.0,0.0,0.0,,,,
product_product_id_131596,16BG JET7,1,Jinasena_MasterData_Stock.product_template_jet_7_badge,16BG JET7,,0.0,0.0,0.0,,,,
product_product_id_131597,16HB 001,1,Jinasena_MasterData_Stock.product_template_illustration_book_th6_7_2,16HB 001,,0.0,0.0,0.0,,,,
product_product_id_131598,16HB 002,1,Jinasena_MasterData_Stock.product_template_illustration_book_reaper,16HB 002,,0.0,0.0,0.0,,,,
product_product_id_131599,16HB 003,1,Jinasena_MasterData_Stock.product_template_operational_manual_aht8,16HB 003,,0.0,0.0,0.0,,,,
product_product_id_131600,16HB 004,1,Jinasena_MasterData_Stock.product_template_ins_book_for_jet5_bush_cutter,16HB 004,,0.0,0.0,0.0,,,,
product_product_id_131601,16HB 005,1,Jinasena_MasterData_Stock.product_template_instruction_book_multi_chopper,16HB 005,,0.0,0.0,0.0,,,,
product_product_id_131602,16HB 006,1,Jinasena_MasterData_Stock.product_template_operating_instructions_jsh15e,16HB 006,,0.0,0.0,0.0,,,,
product_product_id_131603,16HB 007,1,Jinasena_MasterData_Stock.product_template_operating_nstructions_jsh16d,16HB 007,,0.0,0.0,0.0,,,,
product_product_id_131604,16HB 008,1,Jinasena_MasterData_Stock.product_template_operating_nstructions_jsh35t,16HB 008,,0.0,0.0,0.0,,,,
product_product_id_131605,16HB 009,1,Jinasena_MasterData_Stock.product_template_operating_nstructions_jsh_3es,16HB 009,,0.0,0.0,0.0,,,,
product_product_id_131606,16HB 010,1,Jinasena_MasterData_Stock.product_template_opereting_instructions_ptc_600,16HB 010,,0.0,0.0,0.0,,,,
product_product_id_131607,16HB JET5-05,1,Jinasena_MasterData_Stock.product_template_engine_instruction_part_list,16HB JET5-05,,0.0,0.0,0.0,,,,
product_product_id_131608,16HB JET5-07,1,Jinasena_MasterData_Stock.product_template_operation_manual_jet_5_sinhala,16HB JET5-07,,0.0,0.0,0.0,,,,
product_product_id_131609,16HB JET5-08,1,Jinasena_MasterData_Stock.product_template_free_service_voucher,16HB JET5-08,,0.0,0.0,0.0,,,,
product_product_id_131610,16HB JET5-09,1,Jinasena_MasterData_Stock.product_template_opertion_manual_sinhala_jet_5,16HB JET5-09,,0.0,0.0,0.0,,,,
product_product_id_131611,16HB JET6C-07,1,Jinasena_MasterData_Stock.product_template_operation_manual_jet6_7,16HB JET6C-07,,0.0,0.0,0.0,,,,
product_product_id_131612,16HB JET7-06,1,Jinasena_MasterData_Stock.product_template_tranmis_rota_parts_jet6_7,16HB JET7-06,,0.0,0.0,0.0,,,,
product_product_id_131613,16HB MMC75-01,1,Jinasena_MasterData_Stock.product_template_instruction_book_mmc75,16HB MMC75-01,,0.0,0.0,0.0,,,,
product_product_id_131614,16LB 004,1,Jinasena_MasterData_Stock.product_template_pump_lable,16LB 004,,0.0,0.0,0.0,,,,
product_product_id_131615,16LB 008,1,Jinasena_MasterData_Stock.product_template_alum_label_agrimec,16LB 008,,0.0,0.0,0.0,,,,
product_product_id_131617,16LB 008-JSH,1,Jinasena_MasterData_Stock.product_template_aluminium_lable_agrimec_for_jsh,16LB 008-JSH,,0.0,0.0,0.0,,,,
product_product_id_131616,16LB 008/JET,1,Jinasena_MasterData_Stock.product_template_agrimec_metal_label_for_jet,16LB 008/JET,,0.0,0.0,0.0,,,,
product_product_id_131618,16LB 009,1,Jinasena_MasterData_Stock.product_template_jet6_c_alu_gear_indicate_pan,16LB 009,,0.0,0.0,0.0,,,,
product_product_id_131619,16LB 010,1,Jinasena_MasterData_Stock.product_template_geaar_indicate_alu_jet7,16LB 010,,0.0,0.0,0.0,,,,
product_product_id_131620,16LB 021,1,Jinasena_MasterData_Stock.product_template_aluminium_label_for_roto_master,16LB 021,,0.0,0.0,0.0,,,,
product_product_id_131621,16LB 022,1,Jinasena_MasterData_Stock.product_template_aluminium_label_aht8,16LB 022,,0.0,0.0,0.0,,,,
product_product_id_131622,16LB 031,1,Jinasena_MasterData_Stock.product_template_jinasena_symbol,16LB 031,,0.0,0.0,0.0,,,,
product_product_id_131623,16LB 032,1,Jinasena_MasterData_Stock.product_template_jinasena_symbol_large,16LB 032,,0.0,0.0,0.0,,,,
product_product_id_131624,16LB 033,1,Jinasena_MasterData_Stock.product_template_oil_level_warning_sticker,16LB 033,,0.0,0.0,0.0,,,,
product_product_id_131625,16LB 1000KG,1,Jinasena_MasterData_Stock.product_template_1000kg_sticker,16LB 1000KG,,0.0,0.0,0.0,,,,
product_product_id_131626,16LB AG-125,1,Jinasena_MasterData_Stock.product_template_agrimec_sticker_direct_injection_aht_125,16LB AG-125,,0.0,0.0,0.0,,,,
product_product_id_131629,16LB AG-JAM1,1,Jinasena_MasterData_Stock.product_template_agrimec_sticker_j_1,16LB AG-JAM1,,0.0,0.0,0.0,,,,
product_product_id_131630,16LB AG-JAM2,1,Jinasena_MasterData_Stock.product_template_agrimec_sticker_th3_t,16LB AG-JAM2,,0.0,0.0,0.0,,,,
product_product_id_131631,16LB AG-JAM3,1,Jinasena_MasterData_Stock.product_template_agrimec_alu_stk_jam3,16LB AG-JAM3,,0.0,0.0,0.0,,,,
product_product_id_131632,16LB AG-MTH1,1,Jinasena_MasterData_Stock.product_template_agrimec_sticker_for_mz_thresher,16LB AG-MTH1,,0.0,0.0,0.0,,,,
product_product_id_131633,16LB AG-PS,1,Jinasena_MasterData_Stock.product_template_agrimec_model_power_sticker,16LB AG-PS,,0.0,0.0,0.0,,,,
product_product_id_131634,16LB AG-ROTA,1,Jinasena_MasterData_Stock.product_template_agrimec_sticker_for_rotavator,16LB AG-ROTA,,0.0,0.0,0.0,,,,
product_product_id_131635,16LB AG-RSC1,1,Jinasena_MasterData_Stock.product_template_agrimec_sticker_for_st_cutter,16LB AG-RSC1,,0.0,0.0,0.0,,,,
product_product_id_131636,16LB AG-S12,1,Jinasena_MasterData_Stock.product_template_sticker_agrimec_super_12_aht12,16LB AG-S12,,0.0,0.0,0.0,,,,
product_product_id_131637,16LB AG-SAHT12,1,Jinasena_MasterData_Stock.product_template_agrimec_super_12_for_aht12,16LB AG-SAHT12,,0.0,0.0,0.0,,,,
product_product_id_131638,16LB AG-SAHT8,1,Jinasena_MasterData_Stock.product_template_agrimec_super_8_for_aht8,16LB AG-SAHT8,,0.0,0.0,0.0,,,,
product_product_id_131627,16LB AG125-HB,1,Jinasena_MasterData_Stock.product_template_agrimec_sticker_for_handle_box_gn12_rv12,16LB AG125-HB,,0.0,0.0,0.0,,,,
product_product_id_131628,16LB AG125-HB2,1,Jinasena_MasterData_Stock.product_template_agrimec_sticker_for_handle_box_both_side,16LB AG125-HB2,,0.0,0.0,0.0,,,,
product_product_id_131639,16LB AHT12,1,Jinasena_MasterData_Stock.product_template_alum_label_aht12,16LB AHT12,,0.0,0.0,0.0,,,,
product_product_id_131640,16LB AHT4,1,Jinasena_MasterData_Stock.product_template_aht4_tank_sticker_l_r,16LB AHT4,,0.0,0.0,0.0,,,,
product_product_id_131641,16LB BR50/1,1,Jinasena_MasterData_Stock.product_template_alumi_pump_lable_br50_1,16LB BR50/1,,0.0,0.0,0.0,,,,
product_product_id_131642,16LB CDRR-21,1,Jinasena_MasterData_Stock.product_template_model_sticke_cdrr_21_r_roller,16LB CDRR-21,,0.0,0.0,0.0,,,,
product_product_id_131643,16LB CDRR-SIN,1,Jinasena_MasterData_Stock.product_template_singha_sticket_cdrr_r_roller,16LB CDRR-SIN,,0.0,0.0,0.0,,,,
product_product_id_137655,16LB CF-DP,1,Jinasena_MasterData_Stock.product_template_sticker_for_rotating_fan_1_x1_25mmx25mm_,16LB CF-DP,,0.0,0.0,0.0,,,,
product_product_id_131644,16LB COHC-1,1,Jinasena_MasterData_Stock.product_template_coconut_husk_chipper_sticker,16LB COHC-1,,0.0,0.0,0.0,,,,
product_product_id_131645,16LB COHC-2.0HP,1,Jinasena_MasterData_Stock.product_template_model_sticker_for_cohc_2_0hp,16LB COHC-2.0HP,,0.0,0.0,0.0,,,,
product_product_id_131646,16LB COHC-W1,1,Jinasena_MasterData_Stock.product_template_safety_warning_sticker_for_cohc,16LB COHC-W1,,0.0,0.0,0.0,,,,
product_product_id_131647,16LB FBJ-LEAF,1,Jinasena_MasterData_Stock.product_template_fbj_warning_leaflet,16LB FBJ-LEAF,,0.0,0.0,0.0,,,,
product_product_id_131648,16LB FS1,1,Jinasena_MasterData_Stock.product_template_fire_signs_ins_sticker_21_x_15,16LB FS1,,0.0,0.0,0.0,,,,
product_product_id_131649,16LB GREEN,1,Jinasena_MasterData_Stock.product_template_leaflets_green_papers,16LB GREEN,,0.0,0.0,0.0,,,,
product_product_id_131650,16LB JBC-1,1,Jinasena_MasterData_Stock.product_template_robin_bush_cutter_sticker,16LB JBC-1,,0.0,0.0,0.0,,,,
product_product_id_131651,16LB JBC-2,1,Jinasena_MasterData_Stock.product_template_sticker_bush_cutter_instruction,16LB JBC-2,,0.0,0.0,0.0,,,,
product_product_id_131654,16LB JBC-3,1,Jinasena_MasterData_Stock.product_template_sticker_jbc_clutch_blade_on_off,16LB JBC-3,,0.0,0.0,0.0,,,,
product_product_id_131655,16LB JBC-4,1,Jinasena_MasterData_Stock.product_template_sticker_bush_cutter_clutch_on_off,16LB JBC-4,,0.0,0.0,0.0,,,,
product_product_id_131656,16LB JBC-5,1,Jinasena_MasterData_Stock.product_template_sticker_black_line_with_jbc24,16LB JBC-5,,0.0,0.0,0.0,,,,
product_product_id_131657,16LB JBC-6,1,Jinasena_MasterData_Stock.product_template_agrimec_randathata_sticker,16LB JBC-6,,0.0,0.0,0.0,,,,
product_product_id_131652,16LB JBC24-L,1,Jinasena_MasterData_Stock.product_template_sticker_bush_cutter_tank_left,16LB JBC24-L,,0.0,0.0,0.0,,,,
product_product_id_131653,16LB JBC24-R,1,Jinasena_MasterData_Stock.product_template_sticker_bush_cutter_tank_right,16LB JBC24-R,,0.0,0.0,0.0,,,,
product_product_id_131658,16LB JET5-01,1,Jinasena_MasterData_Stock.product_template_tank_sticker_jet5_j,16LB JET5-01,,0.0,0.0,0.0,,,,
product_product_id_131659,16LB JET5-02,1,Jinasena_MasterData_Stock.product_template_sticker_tractor_handle_sin_eng,16LB JET5-02,,0.0,0.0,0.0,,,,
product_product_id_131660,16LB JET5-04,1,Jinasena_MasterData_Stock.product_template_fuel_tank_warning_sticker_jet_1,16LB JET5-04,,0.0,0.0,0.0,,,,
product_product_id_131661,16LB JET5-05,1,Jinasena_MasterData_Stock.product_template_high_low_rotorvator_sticker,16LB JET5-05,,0.0,0.0,0.0,,,,
product_product_id_131662,16LB JET5-06,1,Jinasena_MasterData_Stock.product_template_jet_7_sticker,16LB JET5-06,,0.0,0.0,0.0,,,,
product_product_id_131663,16LB JET5-07,1,Jinasena_MasterData_Stock.product_template_break_warning_sticker,16LB JET5-07,,0.0,0.0,0.0,,,,
product_product_id_131664,16LB JET5-08,1,Jinasena_MasterData_Stock.product_template_sticker_rotovator_warning,16LB JET5-08,,0.0,0.0,0.0,,,,
product_product_id_131665,16LB JET5-09,1,Jinasena_MasterData_Stock.product_template_sticker_gear_warning_h_tractors,16LB JET5-09,,0.0,0.0,0.0,,,,
product_product_id_131666,16LB JET5-10,1,Jinasena_MasterData_Stock.product_template_rotorvator_speed_change_sticker,16LB JET5-10,,0.0,0.0,0.0,,,,
product_product_id_131667,16LB JET5-BG,1,Jinasena_MasterData_Stock.product_template_badge_jet5_j,16LB JET5-BG,,0.0,0.0,0.0,,,,
product_product_id_131668,16LB JFB-S,1,Jinasena_MasterData_Stock.product_template_sinha_sticker,16LB JFB-S,,0.0,0.0,0.0,,,,
product_product_id_131669,16LB JLD-W,1,Jinasena_MasterData_Stock.product_template_vehicle_sticker_l_jinasena_ltd,16LB JLD-W,,0.0,0.0,0.0,,,,
product_product_id_131670,16LB JO01,1,Jinasena_MasterData_Stock.product_template_bush_cutter_attahment_sticker,16LB JO01,,0.0,0.0,0.0,,,,
product_product_id_131671,16LB JSH01,1,Jinasena_MasterData_Stock.product_template_model_sticker_jsh15e,16LB JSH01,,0.0,0.0,0.0,,,,
product_product_id_131672,16LB JSH02,1,Jinasena_MasterData_Stock.product_template_multi_chopper_sticker_jsh,16LB JSH02,,0.0,0.0,0.0,,,,
product_product_id_131673,16LB JSH03,1,Jinasena_MasterData_Stock.product_template_model_sticker_jsh03es,16LB JSH03,,0.0,0.0,0.0,,,,
product_product_id_131674,16LB JSH04,1,Jinasena_MasterData_Stock.product_template_model_sticker_jsh16d,16LB JSH04,,0.0,0.0,0.0,,,,
product_product_id_131675,16LB JSH05,1,Jinasena_MasterData_Stock.product_template_model_sticker_jsh16b,16LB JSH05,,0.0,0.0,0.0,,,,
product_product_id_131676,16LB JSH06,1,Jinasena_MasterData_Stock.product_template_model_sticker_jsh35t,16LB JSH06,,0.0,0.0,0.0,,,,
product_product_id_131677,16LB JSH07,1,Jinasena_MasterData_Stock.product_template_multi_chopper_sticker_jsh03es,16LB JSH07,,0.0,0.0,0.0,,,,
product_product_id_131678,16LB JSH08,1,Jinasena_MasterData_Stock.product_template_safety_warning_electric_for_jsh_328605,16LB JSH08,,0.0,0.0,0.0,,,,
product_product_id_131679,16LB LEY20,1,Jinasena_MasterData_Stock.product_template_lihiniya_ey20_3_sticker,16LB LEY20,,0.0,0.0,0.0,,,,
product_product_id_131680,16LB LLRS,1,Jinasena_MasterData_Stock.product_template_lihiniya_logo_round_sticker,16LB LLRS,,0.0,0.0,0.0,,,,
product_product_id_131681,16LB MC-1,1,Jinasena_MasterData_Stock.product_template_multi_chopper_sticker,16LB MC-1,,0.0,0.0,0.0,,,,
product_product_id_131682,16LB MC-2,1,Jinasena_MasterData_Stock.product_template_multi_chopper_indicating_sticker,16LB MC-2,,0.0,0.0,0.0,,,,
product_product_id_131683,16LB MC-3,1,Jinasena_MasterData_Stock.product_template_compost_making_machine_sticker_10d_sp,16LB MC-3,,0.0,0.0,0.0,,,,
product_product_id_131684,16LB MC-4,1,Jinasena_MasterData_Stock.product_template_model_sticker_jmc16d,16LB MC-4,,0.0,0.0,0.0,,,,
product_product_id_131685,16LB MC-5,1,Jinasena_MasterData_Stock.product_template_model_sticker_jmc15e,16LB MC-5,,0.0,0.0,0.0,,,,
product_product_id_137656,16LB N002A,1,Jinasena_MasterData_Stock.product_template_lable_n110t_1n_11_5x2_7cm_aluminium_1ph,16LB N002A,,0.0,0.0,0.0,,,,
product_product_id_131686,16LB N75,1,Jinasena_MasterData_Stock.product_template_sticker_for_n75_parts,16LB N75,,0.0,0.0,0.0,,,,
product_product_id_131687,16LB N75T/1,1,Jinasena_MasterData_Stock.product_template_metal_label_for_n75t_1_pump,16LB N75T/1,,0.0,0.0,0.0,,,,
product_product_id_131688,16LB NR100,1,Jinasena_MasterData_Stock.product_template_nr100_alu_lable,16LB NR100,,0.0,0.0,0.0,,,,
product_product_id_131689,16LB NR105/1,1,Jinasena_MasterData_Stock.product_template_nr105_1_pumps_alu_labels,16LB NR105/1,,0.0,0.0,0.0,,,,
product_product_id_131690,16LB NR1050,1,Jinasena_MasterData_Stock.product_template_centric_lable_nr1050,16LB NR1050,,0.0,0.0,0.0,,,,
product_product_id_131691,16LB OK,1,Jinasena_MasterData_Stock.product_template_o_k_sticker,16LB OK,,0.0,0.0,0.0,,,,
product_product_id_131692,16LB ON-OFF,1,Jinasena_MasterData_Stock.product_template_sticker_engine_on_off,16LB ON-OFF,,0.0,0.0,0.0,,,,
product_product_id_131693,16LB ON-OFF1,1,Jinasena_MasterData_Stock.product_template_sticker_clu_gear_on_off,16LB ON-OFF1,,0.0,0.0,0.0,,,,
product_product_id_131694,16LB PT01,1,Jinasena_MasterData_Stock.product_template_product_of_jinasena_ltd_sticker,16LB PT01,,0.0,0.0,0.0,,,,
product_product_id_131695,16LB PT02,1,Jinasena_MasterData_Stock.product_template_goverment_symbol_sticker,16LB PT02,,0.0,0.0,0.0,,,,
product_product_id_131696,16LB PT03,1,Jinasena_MasterData_Stock.product_template_pepper_thresher_sticker,16LB PT03,,0.0,0.0,0.0,,,,
product_product_id_131697,16LB PT04,1,Jinasena_MasterData_Stock.product_template_protective_sticker_pt1,16LB PT04,,0.0,0.0,0.0,,,,
product_product_id_131698,16LB PT05,1,Jinasena_MasterData_Stock.product_template_protective_sticker_pt2,16LB PT05,,0.0,0.0,0.0,,,,
product_product_id_131699,16LB PTC-1500,1,Jinasena_MasterData_Stock.product_template_model_sticker_ptc_1500_for_tea_cutter,16LB PTC-1500,,0.0,0.0,0.0,,,,
product_product_id_131700,16LB PTC-3SP,1,Jinasena_MasterData_Stock.product_template_3speed_stickrt_ptc,16LB PTC-3SP,,0.0,0.0,0.0,,,,
product_product_id_131701,16LB PTC-600,1,Jinasena_MasterData_Stock.product_template_ptc_600_sticker_for_tea,16LB PTC-600,,0.0,0.0,0.0,,,,
product_product_id_131702,16LB PTC-ARM,1,Jinasena_MasterData_Stock.product_template_warning_arm_sticker_ptc,16LB PTC-ARM,,0.0,0.0,0.0,,,,
product_product_id_131703,16LB PTC-BC,1,Jinasena_MasterData_Stock.product_template_belt_chainge_warning_sticker_ptc,16LB PTC-BC,,0.0,0.0,0.0,,,,
product_product_id_131704,16LB PTC-HL,1,Jinasena_MasterData_Stock.product_template_high_low_sticker_t_cutter,16LB PTC-HL,,0.0,0.0,0.0,,,,
product_product_id_131705,16LB PTC-S,1,Jinasena_MasterData_Stock.product_template_singha_sticker_tea_machine,16LB PTC-S,,0.0,0.0,0.0,,,,
product_product_id_131706,16LB PTC-SLB,1,Jinasena_MasterData_Stock.product_template_sinha_lable_sticker_ptc,16LB PTC-SLB,,0.0,0.0,0.0,,,,
product_product_id_131707,16LB PTC-W,1,Jinasena_MasterData_Stock.product_template_warning_sticker,16LB PTC-W,,0.0,0.0,0.0,,,,
product_product_id_131708,16LB PTC-WP,1,Jinasena_MasterData_Stock.product_template_warning_patern_sticker_ptc600,16LB PTC-WP,,0.0,0.0,0.0,,,,
product_product_id_131709,16LB R-4888,1,Jinasena_MasterData_Stock.product_template_prp_registration_sticker,16LB R-4888,,0.0,0.0,0.0,,,,
product_product_id_131710,16LB RMT-01,1,Jinasena_MasterData_Stock.product_template_tiller_sticker_1,16LB RMT-01,,0.0,0.0,0.0,,,,
product_product_id_131712,16LB RS-E,1,Jinasena_MasterData_Stock.product_template_roto_slasher_sticker_english,16LB RS-E,,0.0,0.0,0.0,,,,
product_product_id_131713,16LB RS-S,1,Jinasena_MasterData_Stock.product_template_roto_slasher_sticker_sinhala,16LB RS-S,,0.0,0.0,0.0,,,,
product_product_id_131711,16LB RSC1,1,Jinasena_MasterData_Stock.product_template_warning_service_sticker_rsc1,16LB RSC1,,0.0,0.0,0.0,,,,
product_product_id_131714,16LB RSV2-01,1,Jinasena_MasterData_Stock.product_template_rotary_sieving_machine_sticket_2_0ss,16LB RSV2-01,,0.0,0.0,0.0,,,,
product_product_id_131715,16LB RTGT8-E,1,Jinasena_MasterData_Stock.product_template_roto_tiller_sticker_gt8_english,16LB RTGT8-E,,0.0,0.0,0.0,,,,
product_product_id_131716,16LB RTGT8-S,1,Jinasena_MasterData_Stock.product_template_roto_tiller_sticker_gr8_sinhala,16LB RTGT8-S,,0.0,0.0,0.0,,,,
product_product_id_131717,16LB S5BC-E,1,Jinasena_MasterData_Stock.product_template_super_5_bush_cutter_english,16LB S5BC-E,,0.0,0.0,0.0,,,,
product_product_id_131718,16LB S5BC-S,1,Jinasena_MasterData_Stock.product_template_super_5_bush_cutter_singhala,16LB S5BC-S,,0.0,0.0,0.0,,,,
product_product_id_131719,16LB S5GM-E,1,Jinasena_MasterData_Stock.product_template_super_5_ground_master_english,16LB S5GM-E,,0.0,0.0,0.0,,,,
product_product_id_131720,16LB S5GM-S,1,Jinasena_MasterData_Stock.product_template_super_5_ground_master_sinhala,16LB S5GM-S,,0.0,0.0,0.0,,,,
product_product_id_131721,16LB S5R1.2-E,1,Jinasena_MasterData_Stock.product_template_super_5_reaper_r1_2_english,16LB S5R1.2-E,,0.0,0.0,0.0,,,,
product_product_id_131722,16LB S5R1.2-S,1,Jinasena_MasterData_Stock.product_template_super_5_reaper_r1_2_singhala,16LB S5R1.2-S,,0.0,0.0,0.0,,,,
product_product_id_131723,16LB SW1,1,Jinasena_MasterData_Stock.product_template_services_warning_sticker,16LB SW1,,0.0,0.0,0.0,,,,
product_product_id_131724,16LB SW2,1,Jinasena_MasterData_Stock.product_template_thresher_warning_sticker,16LB SW2,,0.0,0.0,0.0,,,,
product_product_id_131725,16LB SW3,1,Jinasena_MasterData_Stock.product_template_safety_warning_sticker,16LB SW3,,0.0,0.0,0.0,,,,
product_product_id_131726,16LB SW4,1,Jinasena_MasterData_Stock.product_template_service_warning_sticke_small,16LB SW4,,0.0,0.0,0.0,,,,
product_product_id_131727,16LB SW5,1,Jinasena_MasterData_Stock.product_template_safety_warning_electric_for_jsh,16LB SW5,,0.0,0.0,0.0,,,,
product_product_id_131728,16LB TCM-HL,1,Jinasena_MasterData_Stock.product_template_high_low_striker_tcm_5hp,16LB TCM-HL,,0.0,0.0,0.0,,,,
product_product_id_131736,16LB TH-E,1,Jinasena_MasterData_Stock.product_template_agri_thresher_stk_eng,16LB TH-E,,0.0,0.0,0.0,,,,
product_product_id_131737,16LB TH-S,1,Jinasena_MasterData_Stock.product_template_agri_thresher_stk_sin,16LB TH-S,,0.0,0.0,0.0,,,,
product_product_id_131729,16LB TH1-20,1,Jinasena_MasterData_Stock.product_template_thresher_model_st_th1_20,16LB TH1-20,,0.0,0.0,0.0,,,,
product_product_id_131730,16LB TH1-T,1,Jinasena_MasterData_Stock.product_template_model_sticker_th1_t,16LB TH1-T,,0.0,0.0,0.0,,,,
product_product_id_131731,16LB TH2T,1,Jinasena_MasterData_Stock.product_template_modle_sticker_th2t,16LB TH2T,,0.0,0.0,0.0,,,,
product_product_id_131732,16LB TH3-T,1,Jinasena_MasterData_Stock.product_template_th3_t_model_sticker,16LB TH3-T,,0.0,0.0,0.0,,,,
product_product_id_131733,16LB TH6T,1,Jinasena_MasterData_Stock.product_template_model_sticker_th6t,16LB TH6T,,0.0,0.0,0.0,,,,
product_product_id_131734,16LB TH7-20,1,Jinasena_MasterData_Stock.product_template_model_sticker_th7_20,16LB TH7-20,,0.0,0.0,0.0,,,,
product_product_id_131735,16LB TH7T,1,Jinasena_MasterData_Stock.product_template_model_sticker_th7t,16LB TH7T,,0.0,0.0,0.0,,,,
product_product_id_131738,16LB TR1.0,1,Jinasena_MasterData_Stock.product_template_trailer_sticker,16LB TR1.0,,0.0,0.0,0.0,,,,
product_product_id_131739,1710000-0001,1,Jinasena_MasterData_Stock.product_template_the_left_knife_of_dry_field,1710000-0001,,0.0,0.0,0.0,,,,
product_product_id_131740,17BM DOOR-CL,1,Jinasena_MasterData_Stock.product_template_door_closer,17BM DOOR-CL,,0.0,0.0,0.0,,,,
product_product_id_131741,17CS 001,1,Jinasena_MasterData_Stock.product_template_scool_cholk,17CS 001,,0.0,0.0,0.0,,,,
product_product_id_131742,17CS 002,1,Jinasena_MasterData_Stock.product_template_epoxy_adhesive_araldite_17ml_x_2_two_par,17CS 002,,0.0,0.0,0.0,,,,
product_product_id_131743,17CS 003,1,Jinasena_MasterData_Stock.product_template_kephos_rust_inhibitor_duco_cic,17CS 003,,0.0,0.0,0.0,,,,
product_product_id_131744,17CS 004,1,Jinasena_MasterData_Stock.product_template_cotton_waste_kg,17CS 004,,0.0,0.0,0.0,,,,
product_product_id_131745,17CS 006,1,Jinasena_MasterData_Stock.product_template_distilled_water,17CS 006,,0.0,0.0,0.0,,,,
product_product_id_131746,17CS 007,1,Jinasena_MasterData_Stock.product_template_case_hardening_powder_500g_tin,17CS 007,,0.0,0.0,0.0,,,,
product_product_id_131747,17CS 010,1,Jinasena_MasterData_Stock.product_template_twine_balls,17CS 010,,0.0,0.0,0.0,,,,
product_product_id_137696,17CS 010,1,Jinasena_MasterData_Stock.product_template_twine_balls_335959,17CS 010,,0.0,0.0,0.0,,,,
product_product_id_137605,17CS 0101,1,Jinasena_MasterData_Stock.product_template_nylon_cotton_thread_20_3x4,17CS 0101,,0.0,0.0,0.0,,,,
product_product_id_131748,17CS 012,1,Jinasena_MasterData_Stock.product_template_air_valve_neck_c_w_valve_for_aerator_pum,17CS 012,,0.0,0.0,0.0,,,,
product_product_id_131749,17CS 013,1,Jinasena_MasterData_Stock.product_template_cataloy_paste,17CS 013,,0.0,0.0,0.0,,,,
product_product_id_131750,17CS 013-SC,1,Jinasena_MasterData_Stock.product_template_appoloy_super_cut_easy_sanding_filler_50,17CS 013-SC,,0.0,0.0,0.0,,,,
product_product_id_131751,17CS 015,1,Jinasena_MasterData_Stock.product_template_rags_kg,17CS 015,,0.0,0.0,0.0,,,,
product_product_id_131752,17CS 016,1,Jinasena_MasterData_Stock.product_template_cotton_mask_normal,17CS 016,,0.0,0.0,0.0,,,,
product_product_id_131753,17CS 019,1,Jinasena_MasterData_Stock.product_template_acetylene_gas_kg,17CS 019,,0.0,0.0,0.0,,,,
product_product_id_131754,17CS 022,1,Jinasena_MasterData_Stock.product_template_oxygen_gas,17CS 022,,0.0,0.0,0.0,,,,
product_product_id_131755,17CS 023,1,Jinasena_MasterData_Stock.product_template_argonin_gas,17CS 023,,0.0,0.0,0.0,,,,
product_product_id_131756,17CS 024,1,Jinasena_MasterData_Stock.product_template_l_p_gas_kg,17CS 024,,0.0,0.0,0.0,,,,
product_product_id_131757,17CS 025,1,Jinasena_MasterData_Stock.product_template_gasket_shellac_bot,17CS 025,,0.0,0.0,0.0,,,,
product_product_id_131758,17CS 027,1,Jinasena_MasterData_Stock.product_template_charcoal_kg,17CS 027,,0.0,0.0,0.0,,,,
product_product_id_137657,17CS 029,1,Jinasena_MasterData_Stock.product_template_self_adhesive_tape_superlon_m,17CS 029,,0.0,0.0,0.0,1,1,1,1
product_product_id_131759,17CS 031,1,Jinasena_MasterData_Stock.product_template_water_gum_tape_3_roll_328686,17CS 031,,0.0,0.0,0.0,,,,
product_product_id_137689,17CS 031,1,Jinasena_MasterData_Stock.product_template_water_gum_tape_3_roll,17CS 031,,0.0,0.0,0.0,,,,
product_product_id_131760,17CS 032,1,Jinasena_MasterData_Stock.product_template_gas_cartridge_190g,17CS 032,,0.0,0.0,0.0,,,,
product_product_id_131761,17CS 033,1,Jinasena_MasterData_Stock.product_template_plastic_gum_tape_2_roll,17CS 033,,0.0,0.0,0.0,,,,
product_product_id_131762,17CS 034,1,Jinasena_MasterData_Stock.product_template_loctite_ca170_ins_adhasive,17CS 034,,0.0,0.0,0.0,,,,
product_product_id_131763,17CS 040,1,Jinasena_MasterData_Stock.product_template_caustic_soda_kg,17CS 040,,0.0,0.0,0.0,,,,
product_product_id_131764,17CS 054,1,Jinasena_MasterData_Stock.product_template_silicon_sealer,17CS 054,,0.0,0.0,0.0,,,,
product_product_id_131765,17CS 066,1,Jinasena_MasterData_Stock.product_template_fibre_glass_accetone,17CS 066,,0.0,0.0,0.0,,,,
product_product_id_131766,17CS 067,1,Jinasena_MasterData_Stock.product_template_silicone_oil_for_plastic_mould,17CS 067,,0.0,0.0,0.0,,,,
product_product_id_131767,17CS 085,1,Jinasena_MasterData_Stock.product_template_phosphoric_acid_china_85_2809,17CS 085,,0.0,0.0,0.0,,,,
product_product_id_131768,17CS 109,1,Jinasena_MasterData_Stock.product_template_multibond,17CS 109,,0.0,0.0,0.0,,,,
product_product_id_131769,17CS 109-008,1,Jinasena_MasterData_Stock.product_template_aerosol_spray_400ml_stlg_var,17CS 109-008,,0.0,0.0,0.0,,,,
product_product_id_131770,17CS 109-250,1,Jinasena_MasterData_Stock.product_template_multibond_tin_250ml,17CS 109-250,,0.0,0.0,0.0,,,,
product_product_id_131771,17CS 110,1,Jinasena_MasterData_Stock.product_template_gasket_glue_ceuril,17CS 110,,0.0,0.0,0.0,,,,
product_product_id_131772,17CS 121,1,Jinasena_MasterData_Stock.product_template_nylon_bar_1_25mm,17CS 121,,0.0,0.0,0.0,,,,
product_product_id_131773,17CS CA170,1,Jinasena_MasterData_Stock.product_template_super_glue_ca170,17CS CA170,,0.0,0.0,0.0,,,,
product_product_id_131774,17CS CHE-FIX,1,Jinasena_MasterData_Stock.product_template_chemifix_adehesive,17CS CHE-FIX,,0.0,0.0,0.0,,,,
product_product_id_137446,17CS F-RON,1,Jinasena_MasterData_Stock.product_template_syn_resin_fortron_1140a1_net,17CS F-RON,,0.0,0.0,0.0,,,,
product_product_id_131775,17CS FAN26-S,1,Jinasena_MasterData_Stock.product_template_industrial_fan_26_stand,17CS FAN26-S,,0.0,0.0,0.0,,,,
product_product_id_137447,17CS HDPE,1,Jinasena_MasterData_Stock.product_template_h_d_polythene_granules_kg,17CS HDPE,,0.0,0.0,0.0,,,,
product_product_id_131776,17CS LS,1,Jinasena_MasterData_Stock.product_template_lead_seal,17CS LS,,0.0,0.0,0.0,,,,
product_product_id_137448,17CS MB-BLK,1,Jinasena_MasterData_Stock.product_template_masterbatch_black,17CS MB-BLK,,0.0,0.0,0.0,,,,
product_product_id_137449,17CS MB-RED,1,Jinasena_MasterData_Stock.product_template_masterbatch_red,17CS MB-RED,,0.0,0.0,0.0,,,,
product_product_id_137450,17CS NORYL,1,Jinasena_MasterData_Stock.product_template_noryl_gfn2_701,17CS NORYL,,0.0,0.0,0.0,,,,
product_product_id_131777,17CS SG-3G,1,Jinasena_MasterData_Stock.product_template_super_glue_3g_tube,17CS SG-3G,,0.0,0.0,0.0,,,,
product_product_id_131778,17CS SW,1,Jinasena_MasterData_Stock.product_template_sealing_wire,17CS SW,,0.0,0.0,0.0,,,,
product_product_id_137451,17CS U-DUR,1,Jinasena_MasterData_Stock.product_template_ultradur,17CS U-DUR,,0.0,0.0,0.0,,,,
product_product_id_131779,17CW 002,1,Jinasena_MasterData_Stock.product_template_cotton_wheel_2,17CW 002,,0.0,0.0,0.0,,,,
product_product_id_131780,17CW 004,1,Jinasena_MasterData_Stock.product_template_cotton_wheel_4,17CW 004,,0.0,0.0,0.0,,,,
product_product_id_131781,17CW 006,1,Jinasena_MasterData_Stock.product_template_cotton_wheel_6,17CW 006,,0.0,0.0,0.0,,,,
product_product_id_131782,17CW 008,1,Jinasena_MasterData_Stock.product_template_cotton_wheel_8,17CW 008,,0.0,0.0,0.0,,,,
product_product_id_131783,17DW 008,1,Jinasena_MasterData_Stock.product_template_denim_wheel_8,17DW 008,,0.0,0.0,0.0,,,,
product_product_id_131784,17GL 001,1,Jinasena_MasterData_Stock.product_template_picking_gel_stainless_cleaning,17GL 001,,0.0,0.0,0.0,,,,
product_product_id_131785,17HF 001,1,Jinasena_MasterData_Stock.product_template_hyfin_for_s_s_polishing,17HF 001,,0.0,0.0,0.0,,,,
product_product_id_131786,17MT 100,1,Jinasena_MasterData_Stock.product_template_masking_tape_1,17MT 100,,0.0,0.0,0.0,,,,
product_product_id_131787,17SC REG-AC,1,Jinasena_MasterData_Stock.product_template_regulator_for_accetyline_gas,17SC REG-AC,,0.0,0.0,0.0,,,,
product_product_id_131788,17SC REG-OX,1,Jinasena_MasterData_Stock.product_template_regulator_for_oxygen_gas,17SC REG-OX,,0.0,0.0,0.0,,,,
product_product_id_131789,17WT 001,1,Jinasena_MasterData_Stock.product_template_s_s_powder_whiting,17WT 001,,0.0,0.0,0.0,,,,
product_product_id_131790,17WT 002,1,Jinasena_MasterData_Stock.product_template_s_s_polishing_wheel_4_100x16mm,17WT 002,,0.0,0.0,0.0,,,,
product_product_id_131791,1812000-0090,1,Jinasena_MasterData_Stock.product_template_right_protective_shield,1812000-0090,,0.0,0.0,0.0,,,,
product_product_id_131792,18CP 002,1,Jinasena_MasterData_Stock.product_template_brasso_180ml_tin,18CP 002,,0.0,0.0,0.0,,,,
product_product_id_131793,18CP 010,1,Jinasena_MasterData_Stock.product_template_vim_std_tin,18CP 010,,0.0,0.0,0.0,,,,
product_product_id_131794,18CP 018,1,Jinasena_MasterData_Stock.product_template_bar_soap_bar,18CP 018,,0.0,0.0,0.0,,,,
product_product_id_131795,18CP 021,1,Jinasena_MasterData_Stock.product_template_harpic_430ml,18CP 021,,0.0,0.0,0.0,,,,
product_product_id_131796,18CP 024,1,Jinasena_MasterData_Stock.product_template_finoui,18CP 024,,0.0,0.0,0.0,,,,
product_product_id_131797,1902012-0035,1,Jinasena_MasterData_Stock.product_template_bearing_6007,1902012-0035,,0.0,0.0,0.0,,,,
product_product_id_131798,1902012-0100,1,Jinasena_MasterData_Stock.product_template_bearing_3209,1902012-0100,,0.0,0.0,0.0,,,,
product_product_id_131799,1902012-0101,1,Jinasena_MasterData_Stock.product_template_bearing_6009,1902012-0101,,0.0,0.0,0.0,,,,
product_product_id_131800,1902012-0102,1,Jinasena_MasterData_Stock.product_template_bearing_30206,1902012-0102,,0.0,0.0,0.0,,,,
product_product_id_131801,1902012-0103,1,Jinasena_MasterData_Stock.product_template_bearing_30204,1902012-0103,,0.0,0.0,0.0,,,,
product_product_id_131802,1902502-0003,1,Jinasena_MasterData_Stock.product_template_bearing_gb_t292_7001ac,1902502-0003,,0.0,0.0,0.0,,,,
product_product_id_131803,1902502-0004,1,Jinasena_MasterData_Stock.product_template_pl_annet_carrier,1902502-0004,,0.0,0.0,0.0,,,,
product_product_id_131804,1902901-0002,1,Jinasena_MasterData_Stock.product_template_bearing_61909,1902901-0002,,0.0,0.0,0.0,,,,
product_product_id_131805,1902901-0003,1,Jinasena_MasterData_Stock.product_template_plannet,1902901-0003,,0.0,0.0,0.0,,,,
product_product_id_131806,1902901-0033,1,Jinasena_MasterData_Stock.product_template_bearing6005,1902901-0033,,0.0,0.0,0.0,,,,
product_product_id_131807,1902901-0034,1,Jinasena_MasterData_Stock.product_template_wheel_axel_planger_328734,1902901-0034,,0.0,0.0,0.0,,,,
product_product_id_131808,1902901-0035,1,Jinasena_MasterData_Stock.product_template_axel_and_wheel,1902901-0035,,0.0,0.0,0.0,,,,
product_product_id_131809,1902901-0036,1,Jinasena_MasterData_Stock.product_template_bearing6005_328736,1902901-0036,,0.0,0.0,0.0,,,,
product_product_id_131810,1902901-0037,1,Jinasena_MasterData_Stock.product_template_output_shaft_spacer,1902901-0037,,0.0,0.0,0.0,,,,
product_product_id_131811,1902903-0002,1,Jinasena_MasterData_Stock.product_template_bearing_51105,1902903-0002,,0.0,0.0,0.0,,,,
product_product_id_131812,1902904-0001,1,Jinasena_MasterData_Stock.product_template_planatary_gear,1902904-0001,,0.0,0.0,0.0,,,,
product_product_id_131813,1904101-0021,1,Jinasena_MasterData_Stock.product_template_oil_seal_b25x40x7,1904101-0021,,0.0,0.0,0.0,,,,
product_product_id_131814,1904101-0024,1,Jinasena_MasterData_Stock.product_template_oil_seal,1904101-0024,,0.0,0.0,0.0,,,,
product_product_id_131815,1904108-0009,1,Jinasena_MasterData_Stock.product_template_sealing_o_ring_17x2,1904108-0009,,0.0,0.0,0.0,,,,
product_product_id_131816,1904108-0010,1,Jinasena_MasterData_Stock.product_template_sealing_o_ring_18x1_8,1904108-0010,,0.0,0.0,0.0,,,,
product_product_id_131817,1904108-0013,1,Jinasena_MasterData_Stock.product_template_sealing_o_ring_10x2_65,1904108-0013,,0.0,0.0,0.0,,,,
product_product_id_131818,1904108-0014,1,Jinasena_MasterData_Stock.product_template_sealing_o_ring_11_2x2_65,1904108-0014,,0.0,0.0,0.0,,,,
product_product_id_131819,1906105-0001,1,Jinasena_MasterData_Stock.product_template_cylindrical_pin_with_external_thread,1906105-0001,,0.0,0.0,0.0,,,,
product_product_id_131820,1906108-0009,1,Jinasena_MasterData_Stock.product_template_i_type_hexagon_slotted_nut_m12,1906108-0009,,0.0,0.0,0.0,,,,
product_product_id_131821,1906108-0010,1,Jinasena_MasterData_Stock.product_template_i_typle_hexagon_slotted_nutm10,1906108-0010,,0.0,0.0,0.0,,,,
product_product_id_131822,1906153-0014,1,Jinasena_MasterData_Stock.product_template_external_circlips_16,1906153-0014,,0.0,0.0,0.0,,,,
product_product_id_131823,1906153-0015,1,Jinasena_MasterData_Stock.product_template_retaining_ring_for_shaft,1906153-0015,,0.0,0.0,0.0,,,,
product_product_id_131824,1906171-0002,1,Jinasena_MasterData_Stock.product_template_cotter_pin_2_20,1906171-0002,,0.0,0.0,0.0,,,,
product_product_id_131825,1906171-0004,1,Jinasena_MasterData_Stock.product_template_cotter_pin_2_5x30,1906171-0004,,0.0,0.0,0.0,,,,
product_product_id_131826,1906171-0014,1,Jinasena_MasterData_Stock.product_template_cotter_pin_328753,1906171-0014,,0.0,0.0,0.0,,,,
product_product_id_131827,1906171-0016,1,Jinasena_MasterData_Stock.product_template_cotter_pin,1906171-0016,,0.0,0.0,0.0,,,,
product_product_id_131828,1906180-0015,1,Jinasena_MasterData_Stock.product_template_hinge_pin_b5x28,1906180-0015,,0.0,0.0,0.0,,,,
product_product_id_131829,1906186-0002,1,Jinasena_MasterData_Stock.product_template_hexagon_slotted_nut_m10,1906186-0002,,0.0,0.0,0.0,,,,
product_product_id_131830,1906212-0005,1,Jinasena_MasterData_Stock.product_template_round_nut_m20x1_5,1906212-0005,,0.0,0.0,0.0,,,,
product_product_id_131831,1906215-0011,1,Jinasena_MasterData_Stock.product_template_non_standard_washer_8_5x30x2,1906215-0011,,0.0,0.0,0.0,,,,
product_product_id_131832,1906215-0013,1,Jinasena_MasterData_Stock.product_template_non_standard_washer_12_5x30x3_5,1906215-0013,,0.0,0.0,0.0,,,,
product_product_id_131833,1906215-0014,1,Jinasena_MasterData_Stock.product_template_non_standard_washer_0_1,1906215-0014,,0.0,0.0,0.0,,,,
product_product_id_131834,1906215-0015,1,Jinasena_MasterData_Stock.product_template_non_standard_washer_0_2,1906215-0015,,0.0,0.0,0.0,,,,
product_product_id_131835,1906215-0016,1,Jinasena_MasterData_Stock.product_template_non_standard_washer_0_5,1906215-0016,,0.0,0.0,0.0,,,,
product_product_id_131836,1906215-0017,1,Jinasena_MasterData_Stock.product_template_non_standard_washer_60x45_5x0_1,1906215-0017,,0.0,0.0,0.0,,,,
product_product_id_131837,1906215-0019,1,Jinasena_MasterData_Stock.product_template_nonstandard_washer_60x45_5x0_5,1906215-0019,,0.0,0.0,0.0,,,,
product_product_id_131838,19DE 003,1,Jinasena_MasterData_Stock.product_template_ekel_broom,19DE 003,,0.0,0.0,0.0,,,,
product_product_id_131839,19DE 004,1,Jinasena_MasterData_Stock.product_template_coir_broom,19DE 004,,0.0,0.0,0.0,,,,
product_product_id_131840,19DE 005,1,Jinasena_MasterData_Stock.product_template_commode_brush,19DE 005,,0.0,0.0,0.0,,,,
product_product_id_131841,1ZGB13871-92,1,Jinasena_MasterData_Stock.product_template_oil_seal_30_42_7,1ZGB13871-92,,0.0,0.0,0.0,,,,
product_product_id_131956,2-2-1JAM,1,Jinasena_MasterData_Stock.product_template_sale_motor_for_2_2_1_jam,2-2-1JAM,,0.0,0.0,0.0,,,,
product_product_id_132218,2-4-1S,1,Jinasena_MasterData_Stock.product_template_sale_motor_for_2_4_1s,2-4-1S,,0.0,0.0,0.0,,,,
product_product_id_137835,20-4-3,1,Jinasena_MasterData_Stock.product_template_electric_motor_20hp_4_pole_3_phase,20-4-3,,0.0,0.0,0.0,,,,
product_product_id_131843,20AH 010,1,Jinasena_MasterData_Stock.product_template_plst_flex_hose_1_grn_mt,20AH 010,,0.0,0.0,0.0,,,,
product_product_id_131844,20AH 011,1,Jinasena_MasterData_Stock.product_template_plst_flex_hose_1_25_bl_mt,20AH 011,,0.0,0.0,0.0,,,,
product_product_id_131845,20AH 017,1,Jinasena_MasterData_Stock.product_template_plastic_flex_hose_b_5_8_mt,20AH 017,,0.0,0.0,0.0,,,,
product_product_id_131846,20AH 019,1,Jinasena_MasterData_Stock.product_template_high_pressure_hose_5_16_mt,20AH 019,,0.0,0.0,0.0,,,,
product_product_id_131847,20AH 030,1,Jinasena_MasterData_Stock.product_template_high_pressur_hose_3_8_mt,20AH 030,,0.0,0.0,0.0,,,,
product_product_id_131848,20CH  038,1,Jinasena_MasterData_Stock.product_template_plug_cutter_hose_oxygen,20CH  038,,0.0,0.0,0.0,,,,
product_product_id_131849,20NH 012,1,Jinasena_MasterData_Stock.product_template_trans_nylone_rein_hose_12mm,20NH 012,,0.0,0.0,0.0,,,,
product_product_id_131850,20WO  038,1,Jinasena_MasterData_Stock.product_template_plug_cutter_hose_accetyline,20WO  038,,0.0,0.0,0.0,,,,
product_product_id_131851,21000002,1,Jinasena_MasterData_Stock.product_template_protecting_cover,21000002,,0.0,0.0,0.0,,,,
product_product_id_131852,21000007,1,Jinasena_MasterData_Stock.product_template_pillow_of_oil_seal,21000007,,0.0,0.0,0.0,,,,
product_product_id_131853,21000014,1,Jinasena_MasterData_Stock.product_template_o_ring_45x1_8,21000014,,0.0,0.0,0.0,,,,
product_product_id_131854,21000016,1,Jinasena_MasterData_Stock.product_template_press_cover,21000016,,0.0,0.0,0.0,,,,
product_product_id_131855,21000017,1,Jinasena_MasterData_Stock.product_template_lid_of_oil_seal,21000017,,0.0,0.0,0.0,,,,
product_product_id_131856,21110003,1,Jinasena_MasterData_Stock.product_template_change_speed_shaft_bush,21110003,,0.0,0.0,0.0,1,1,1,1
product_product_id_131857,21111002,1,Jinasena_MasterData_Stock.product_template_clutch_fork_bush_revers_shaft,21111002,,0.0,0.0,0.0,1,1,1,1
product_product_id_131858,21210001,1,Jinasena_MasterData_Stock.product_template_bush_of_the_main_shaft,21210001,,0.0,0.0,0.0,1,1,1,1
product_product_id_131859,21210002,1,Jinasena_MasterData_Stock.product_template_washer_of_key_sleeve_60x6,21210002,,0.0,0.0,0.0,,,,
product_product_id_131860,21210003,1,Jinasena_MasterData_Stock.product_template_key_sleeve,21210003,,0.0,0.0,0.0,,,,
product_product_id_131861,21210007,1,Jinasena_MasterData_Stock.product_template_nut_m20x1_5,21210007,,0.0,0.0,0.0,,,,
product_product_id_131862,21210008,1,Jinasena_MasterData_Stock.product_template_stop_washer_20,21210008,,0.0,0.0,0.0,,,,
product_product_id_131863,21210009,1,Jinasena_MasterData_Stock.product_template_o_ring_17x1_8,21210009,,0.0,0.0,0.0,,,,
product_product_id_131864,21211104,1,Jinasena_MasterData_Stock.product_template_spring_6x0_8x23,21211104,,0.0,0.0,0.0,,,,
product_product_id_131865,21211105,1,Jinasena_MasterData_Stock.product_template_steel_ball_6_20,21211105,,0.0,0.0,0.0,,,,
product_product_id_131866,21310012,1,Jinasena_MasterData_Stock.product_template_pressing_washer,21310012,,0.0,0.0,0.0,,,,
product_product_id_131867,21310013,1,Jinasena_MasterData_Stock.product_template_washer_with_key,21310013,,0.0,0.0,0.0,,,,
product_product_id_131868,21410002,1,Jinasena_MasterData_Stock.product_template_reverse_driven_plate,21410002,,0.0,0.0,0.0,,,,
product_product_id_131869,21410004,1,Jinasena_MasterData_Stock.product_template_retainer_spring,21410004,,0.0,0.0,0.0,,,,
product_product_id_131870,21410006,1,Jinasena_MasterData_Stock.product_template_spring_20x1_6x55,21410006,,0.0,0.0,0.0,,,,
product_product_id_131871,21410009,1,Jinasena_MasterData_Stock.product_template_hexagon_nut_m12,21410009,,0.0,0.0,0.0,,,,
product_product_id_131872,21410012,1,Jinasena_MasterData_Stock.product_template_o_ring_18x1_8,21410012,,0.0,0.0,0.0,,,,
product_product_id_131873,21410014,1,Jinasena_MasterData_Stock.product_template_washer_12,21410014,,0.0,0.0,0.0,,,,
product_product_id_131874,21510001,1,Jinasena_MasterData_Stock.product_template_gasket_clutch,21510001,,0.0,0.0,0.0,,,,
product_product_id_131875,21511104,1,Jinasena_MasterData_Stock.product_template_dridriven_plate,21511104,,0.0,0.0,0.0,,,,
product_product_id_131876,21512103,1,Jinasena_MasterData_Stock.product_template_bumper,21512103,,0.0,0.0,0.0,,,,
product_product_id_131877,21512104,1,Jinasena_MasterData_Stock.product_template_cover_board_bumper,21512104,,0.0,0.0,0.0,,,,
product_product_id_131878,21531100,1,Jinasena_MasterData_Stock.product_template_clutch_core_copm,21531100,,0.0,0.0,0.0,,,,
product_product_id_131879,21531101,1,Jinasena_MasterData_Stock.product_template_spring_4x5,21531101,,0.0,0.0,0.0,,,,
product_product_id_131880,21531103,1,Jinasena_MasterData_Stock.product_template_circlip,21531103,,0.0,0.0,0.0,1,1,1,1
product_product_id_131881,21531106,1,Jinasena_MasterData_Stock.product_template_sleeve_pull_plate,21531106,,0.0,0.0,0.0,,,,
product_product_id_131882,21532101,1,Jinasena_MasterData_Stock.product_template_clutch_cover_328809,21532101,,0.0,0.0,0.0,,,,
product_product_id_131883,21552100,1,Jinasena_MasterData_Stock.product_template_clutch_cover_complete,21552100,,0.0,0.0,0.0,,,,
product_product_id_131884,21552101,1,Jinasena_MasterData_Stock.product_template_spline_plate_clutch,21552101,,0.0,0.0,0.0,,,,
product_product_id_131885,21610003,1,Jinasena_MasterData_Stock.product_template_thread_columnarpir,21610003,,0.0,0.0,0.0,,,,
product_product_id_131886,21710003,1,Jinasena_MasterData_Stock.product_template_change_speed_fork,21710003,,0.0,0.0,0.0,,,,
product_product_id_131887,21710006,1,Jinasena_MasterData_Stock.product_template_pin_change_speed,21710006,,0.0,0.0,0.0,,,,
product_product_id_131888,21810002,1,Jinasena_MasterData_Stock.product_template_moving_set_of_clutch_cable,21810002,,0.0,0.0,0.0,,,,
product_product_id_131889,21810006,1,Jinasena_MasterData_Stock.product_template_pin_clutch,21810006,,0.0,0.0,0.0,,,,
product_product_id_131890,21CL 050,1,Jinasena_MasterData_Stock.product_template_hose_clip_1_2_1,21CL 050,,0.0,0.0,0.0,,,,
product_product_id_131891,21CL 060,1,Jinasena_MasterData_Stock.product_template_hose_clip_5_8,21CL 060,,0.0,0.0,0.0,,,,
product_product_id_131892,21CL 075,1,Jinasena_MasterData_Stock.product_template_hose_clip_3_4_1_1_8,21CL 075,,0.0,0.0,0.0,,,,
product_product_id_131893,21CL 100,1,Jinasena_MasterData_Stock.product_template_hose_clip_1_no_0,21CL 100,,0.0,0.0,0.0,,,,
product_product_id_131894,21CL 150,1,Jinasena_MasterData_Stock.product_template_hose_clip_1_1_4_2_1_4,21CL 150,,0.0,0.0,0.0,,,,
product_product_id_131895,21CL 175,1,Jinasena_MasterData_Stock.product_template_hose_clip_1_3_4_no_1x,21CL 175,,0.0,0.0,0.0,,,,
product_product_id_131896,21CL 200,1,Jinasena_MasterData_Stock.product_template_hose_clip_2_1_4_3,21CL 200,,0.0,0.0,0.0,,,,
product_product_id_131897,21CO 005,1,Jinasena_MasterData_Stock.product_template_jaw_flex_coupling_l090s,21CO 005,,0.0,0.0,0.0,,,,
product_product_id_131898,21CO 050,1,Jinasena_MasterData_Stock.product_template_jaw_flex_coupling_l100s,21CO 050,,0.0,0.0,0.0,,,,
product_product_id_131899,21CS 027,1,Jinasena_MasterData_Stock.product_template_reaper_oil_seal_20_40_10,21CS 027,,0.0,0.0,0.0,,,,
product_product_id_137658,21CS 046,1,Jinasena_MasterData_Stock.product_template_plastic_priming_plug_16mm,21CS 046,,0.0,0.0,0.0,,,,
product_product_id_131900,21CS 094,1,Jinasena_MasterData_Stock.product_template_oil_seal_25408,21CS 094,,0.0,0.0,0.0,,,,
product_product_id_131901,21CS 109,1,Jinasena_MasterData_Stock.product_template_baby_riveting_hammer_brh6,21CS 109,,0.0,0.0,0.0,,,,
product_product_id_131902,21CS 10X20X5,1,Jinasena_MasterData_Stock.product_template_oil_seal_10x20_5,21CS 10X20X5,,0.0,0.0,0.0,,,,
product_product_id_131903,21CS 15X25X6,1,Jinasena_MasterData_Stock.product_template_oil_seal_15x25x6,21CS 15X25X6,,0.0,0.0,0.0,,,,
product_product_id_131904,21ES 12V-GT9D,1,Jinasena_MasterData_Stock.product_template_electric_starting_device_qd114a_12v_800w,21ES 12V-GT9D,,0.0,0.0,0.0,,,,
product_product_id_131905,21HC 3WF-3.13,1,Jinasena_MasterData_Stock.product_template_clip_13,21HC 3WF-3.13,,0.0,0.0,0.0,,,,
product_product_id_131906,21HC 3WF-3.19,1,Jinasena_MasterData_Stock.product_template_clip_3_19_1,21HC 3WF-3.19,,0.0,0.0,0.0,,,,
product_product_id_137857,21LS KNSA,1,Jinasena_MasterData_Stock.product_template_leather_for_knapsack_sprayer,21LS KNSA,,0.0,0.0,0.0,,,,
product_product_id_131907,21LV 040-B,1,Jinasena_MasterData_Stock.product_template_bass_ball_cock_3_8,21LV 040-B,,0.0,0.0,0.0,,,,
product_product_id_131908,21LV 050-KITZ,1,Jinasena_MasterData_Stock.product_template_ball_cock_1_2,21LV 050-KITZ,,0.0,0.0,0.0,,,,
product_product_id_131909,21MAG WHL3NSW,1,Jinasena_MasterData_Stock.product_template_castor_wheel_3_non_swivel,21MAG WHL3NSW,,0.0,0.0,0.0,,,,
product_product_id_131910,21MAG WHL3SW,1,Jinasena_MasterData_Stock.product_template_castor_wheel_3_swivel,21MAG WHL3SW,,0.0,0.0,0.0,,,,
product_product_id_131911,21MG 001,1,Jinasena_MasterData_Stock.product_template_bread_knife_for_mini_grinder,21MG 001,,0.0,0.0,0.0,,,,
product_product_id_131912,21OS 14-24,1,Jinasena_MasterData_Stock.product_template_oil_seal_jet7,21OS 14-24,,0.0,0.0,0.0,,,,
product_product_id_131913,21OS 17-28-07,1,Jinasena_MasterData_Stock.product_template_oil_seal_17x28x07mm,21OS 17-28-07,,0.0,0.0,0.0,,,,
product_product_id_131914,21OS 20-30-05,1,Jinasena_MasterData_Stock.product_template_oil_seal_20x30x10,21OS 20-30-05,,0.0,0.0,0.0,,,,
product_product_id_131915,21OS 22-36-10,1,Jinasena_MasterData_Stock.product_template_oil_seal_22x36x10_double_lips,21OS 22-36-10,,0.0,0.0,0.0,,,,
product_product_id_131916,21OS 22-40-08,1,Jinasena_MasterData_Stock.product_template_oil_seal_22_40_08,21OS 22-40-08,,0.0,0.0,0.0,,,,
product_product_id_131917,21OS 25-40-07,1,Jinasena_MasterData_Stock.product_template_21os_25_40_07,21OS 25-40-07,,0.0,0.0,0.0,,,,
product_product_id_131918,21OS 25-40-08,1,Jinasena_MasterData_Stock.product_template_oil_seal_25_40_08,21OS 25-40-08,,0.0,0.0,0.0,,,,
product_product_id_131919,21OS 25-40-09,1,Jinasena_MasterData_Stock.product_template_oil_seal_25_40_09,21OS 25-40-09,,0.0,0.0,0.0,,,,
product_product_id_131920,21OS 27-40-03,1,Jinasena_MasterData_Stock.product_template_oil_seal_27x40x03,21OS 27-40-03,,0.0,0.0,0.0,,,,
product_product_id_131921,21OS 30-40-7,1,Jinasena_MasterData_Stock.product_template_oil_seal_30_40_7mm,21OS 30-40-7,,0.0,0.0,0.0,,,,
product_product_id_131922,21OS 30-44-07,1,Jinasena_MasterData_Stock.product_template_oil_seal_30x44x07,21OS 30-44-07,,0.0,0.0,0.0,,,,
product_product_id_131923,21OS 35-56-10,1,Jinasena_MasterData_Stock.product_template_oil_seal_35_56_10,21OS 35-56-10,,0.0,0.0,0.0,,,,
product_product_id_131924,21OS 36-72-17,1,Jinasena_MasterData_Stock.product_template_oil_seal_36_72_17,21OS 36-72-17,,0.0,0.0,0.0,,,,
product_product_id_131925,21OS 39-50-05,1,Jinasena_MasterData_Stock.product_template_oil_seal_39x50x05,21OS 39-50-05,,0.0,0.0,0.0,,,,
product_product_id_131926,21OS 40-52-07,1,Jinasena_MasterData_Stock.product_template_oil_seal_40x52x07,21OS 40-52-07,,0.0,0.0,0.0,,,,
product_product_id_131927,21OS 45X70X10,1,Jinasena_MasterData_Stock.product_template_oil_seal_45_x_70_x_10,21OS 45X70X10,,0.0,0.0,0.0,,,,
product_product_id_131928,21RE 002,1,Jinasena_MasterData_Stock.product_template_knife_bar_only_drilled,21RE 002,,0.0,0.0,0.0,,,,
product_product_id_131929,21RE 003,1,Jinasena_MasterData_Stock.product_template_knife_reaper,21RE 003,,0.0,0.0,0.0,,,,
product_product_id_131930,21RE 004,1,Jinasena_MasterData_Stock.product_template_reaper_blade_for_tea_cutter,21RE 004,,0.0,0.0,0.0,,,,
product_product_id_131931,21RE 1501,1,Jinasena_MasterData_Stock.product_template_knife_bar_for_1_5_mt_reaper,21RE 1501,,0.0,0.0,0.0,,,,
product_product_id_131932,21SD 030HP,1,Jinasena_MasterData_Stock.product_template_sta_del_starter_30hp_400v,21SD 030HP,,0.0,0.0,0.0,,,,
product_product_id_131933,21SD 217,1,Jinasena_MasterData_Stock.product_template_auto_starter_unit_10hp_3,21SD 217,,0.0,0.0,0.0,,,,
product_product_id_131934,21SD 398,1,Jinasena_MasterData_Stock.product_template_sta_del_starter_16_0_24_0a_400v,21SD 398,,0.0,0.0,0.0,,,,
product_product_id_131935,21ST 121,1,Jinasena_MasterData_Stock.product_template_dol_starter_07_10a_1_phase,21ST 121,,0.0,0.0,0.0,,,,
product_product_id_131936,21ST 171,1,Jinasena_MasterData_Stock.product_template_dol_starter_12_18a_1_phase,21ST 171,,0.0,0.0,0.0,,,,
product_product_id_131937,21ST 401,1,Jinasena_MasterData_Stock.product_template_dol_starter_2_5_04a_1phase,21ST 401,,0.0,0.0,0.0,,,,
product_product_id_131938,21ST 403,1,Jinasena_MasterData_Stock.product_template_dol_starter_2_5_04a_3_phase,21ST 403,,0.0,0.0,0.0,,,,
product_product_id_131939,21ST 601,1,Jinasena_MasterData_Stock.product_template_dol_starter_04_06a_1_phase,21ST 601,,0.0,0.0,0.0,,,,
product_product_id_131940,21ST 650,1,Jinasena_MasterData_Stock.product_template_special_panel_board_for_jmc15_and_rsv2_0,21ST 650,,0.0,0.0,0.0,,,,
product_product_id_131941,21TR 001,1,Jinasena_MasterData_Stock.product_template_master_pump_bajaj,21TR 001,,0.0,0.0,0.0,,,,
product_product_id_131942,21TR 002,1,Jinasena_MasterData_Stock.product_template_brake_padel_bajaj,21TR 002,,0.0,0.0,0.0,,,,
product_product_id_131943,21TR 003,1,Jinasena_MasterData_Stock.product_template_brake_pipe_union_bajaj,21TR 003,,0.0,0.0,0.0,,,,
product_product_id_131944,21TR 004,1,Jinasena_MasterData_Stock.product_template_brake_switch_bajaj,21TR 004,,0.0,0.0,0.0,,,,
product_product_id_131945,21TR 005,1,Jinasena_MasterData_Stock.product_template_master_pump_washer_bajaj,21TR 005,,0.0,0.0,0.0,,,,
product_product_id_131946,21TR 006,1,Jinasena_MasterData_Stock.product_template_m_c_rod_bajaj,21TR 006,,0.0,0.0,0.0,,,,
product_product_id_131947,21TR 007,1,Jinasena_MasterData_Stock.product_template_m_c_bottle_bajaj,21TR 007,,0.0,0.0,0.0,,,,
product_product_id_131948,21TR 008,1,Jinasena_MasterData_Stock.product_template_m_c_nut_bajaj,21TR 008,,0.0,0.0,0.0,,,,
product_product_id_131949,21TR 009,1,Jinasena_MasterData_Stock.product_template_brake_pipe_set_bajaj,21TR 009,,0.0,0.0,0.0,,,,
product_product_id_131950,21TR 010,1,Jinasena_MasterData_Stock.product_template_rubber_grease_bajaj,21TR 010,,0.0,0.0,0.0,,,,
product_product_id_131951,21TR 011,1,Jinasena_MasterData_Stock.product_template_m_c_whale_bjaj,21TR 011,,0.0,0.0,0.0,,,,
product_product_id_131952,21TR 012,1,Jinasena_MasterData_Stock.product_template_brake_switch_washer_bajaj,21TR 012,,0.0,0.0,0.0,,,,
product_product_id_131953,21TR 013,1,Jinasena_MasterData_Stock.product_template_master_pump_valve_bajaj,21TR 013,,0.0,0.0,0.0,,,,
product_product_id_131954,21TR 014,1,Jinasena_MasterData_Stock.product_template_o_ring_for_brake_pump,21TR 014,,0.0,0.0,0.0,,,,
product_product_id_131955,21TR 015,1,Jinasena_MasterData_Stock.product_template_hitch_pin_lock,21TR 015,,0.0,0.0,0.0,,,,
product_product_id_131957,227 21001 01,1,Jinasena_MasterData_Stock.product_template_cr_shaft_and_p_shaft_extn,227 21001 01,,0.0,0.0,0.0,,,,
product_product_id_131958,227 23501 07,1,Jinasena_MasterData_Stock.product_template_piston_ring_set_std,227 23501 07,,0.0,0.0,0.0,,,,
product_product_id_131959,227 32630 00,1,Jinasena_MasterData_Stock.product_template_air_cleaner_assy,227 32630 00,,0.0,0.0,0.0,,,,
product_product_id_131960,227 42310 01,1,Jinasena_MasterData_Stock.product_template_governor_lever_compl,227 42310 01,,0.0,0.0,0.0,,,,
product_product_id_131961,227 42501 01,1,Jinasena_MasterData_Stock.product_template_governor_spring,227 42501 01,,0.0,0.0,0.0,,,,
product_product_id_131962,227 42701 01,1,Jinasena_MasterData_Stock.product_template_governor_rod,227 42701 01,,0.0,0.0,0.0,,,,
product_product_id_131963,227 42801 01,1,Jinasena_MasterData_Stock.product_template_rod_spring,227 42801 01,,0.0,0.0,0.0,,,,
product_product_id_131964,227 63601 03,1,Jinasena_MasterData_Stock.product_template_oil_gauge,227 63601 03,,0.0,0.0,0.0,,,,
product_product_id_131965,23AC JET5,1,Jinasena_MasterData_Stock.product_template_accerator_cabel_jet5,23AC JET5,,0.0,0.0,0.0,,,,
product_product_id_131966,23BC 001,1,Jinasena_MasterData_Stock.product_template_foot_cycle_brake_cable,23BC 001,,0.0,0.0,0.0,,,,
product_product_id_131967,23BC 78/6/300,1,Jinasena_MasterData_Stock.product_template_bar_spring_for_bush_cutter,23BC 78/6/300,,0.0,0.0,0.0,,,,
product_product_id_131968,23CB JET7-01,1,Jinasena_MasterData_Stock.product_template_complete_st_clutch_cable_rmt4_ku,23CB JET7-01,,0.0,0.0,0.0,,,,
product_product_id_131969,23CB JET7-02,1,Jinasena_MasterData_Stock.product_template_complete_st_cluttch_cable_hydro_tiller,23CB JET7-02,,0.0,0.0,0.0,,,,
product_product_id_131971,23CH 1-3/4,1,Jinasena_MasterData_Stock.product_template_chain_1_1_4_x5_8_x1_4,23CH 1-3/4,,0.0,0.0,0.0,,,,
product_product_id_131970,23CH 1.03M,1,Jinasena_MasterData_Stock.product_template_did_0813_chain,23CH 1.03M,,0.0,0.0,0.0,,,,
product_product_id_131972,23CH 35-3/8,1,Jinasena_MasterData_Stock.product_template_chain_35_3_8x3_16,23CH 35-3/8,,0.0,0.0,0.0,,,,
product_product_id_131973,23CH 40-1/2,1,Jinasena_MasterData_Stock.product_template_chain_88x40x1_2,23CH 40-1/2,,0.0,0.0,0.0,,,,
product_product_id_131974,23CH 40-1R,1,Jinasena_MasterData_Stock.product_template_single_roller_chain_40_1r,23CH 40-1R,,0.0,0.0,0.0,,,,
product_product_id_131975,23CH 50-1R,1,Jinasena_MasterData_Stock.product_template_ansi_chain_50x1r_x10ft,23CH 50-1R,,0.0,0.0,0.0,,,,
product_product_id_131976,23CH 80-1R,1,Jinasena_MasterData_Stock.product_template_ansi_chain_80x1r_x10ft,23CH 80-1R,,0.0,0.0,0.0,,,,
product_product_id_131977,23CL 001,1,Jinasena_MasterData_Stock.product_template_clutch_lock,23CL 001,,0.0,0.0,0.0,,,,
product_product_id_131978,23CL 35-3/8,1,Jinasena_MasterData_Stock.product_template_chain_link_35_3_8,23CL 35-3/8,,0.0,0.0,0.0,,,,
product_product_id_131979,23CL 40-1/2,1,Jinasena_MasterData_Stock.product_template_chain_link_40_1_2,23CL 40-1/2,,0.0,0.0,0.0,,,,
product_product_id_131980,23CL 40-1C-LA2,1,Jinasena_MasterData_Stock.product_template_connecting_link_w_attachment,23CL 40-1C-LA2,,0.0,0.0,0.0,,,,
product_product_id_131981,23CL 50-1C-LA2,1,Jinasena_MasterData_Stock.product_template_offset_link_50_1r,23CL 50-1C-LA2,,0.0,0.0,0.0,,,,
product_product_id_131982,23CL 50-1R,1,Jinasena_MasterData_Stock.product_template_chain_link_50_1r,23CL 50-1R,,0.0,0.0,0.0,,,,
product_product_id_131983,23CL 80-1R,1,Jinasena_MasterData_Stock.product_template_chain_link_80_1r,23CL 80-1R,,0.0,0.0,0.0,,,,
product_product_id_131984,23CO HS0001,1,Jinasena_MasterData_Stock.product_template_blades_for_cohs,23CO HS0001,,0.0,0.0,0.0,,,,
product_product_id_131985,23CW 200-50,1,Jinasena_MasterData_Stock.product_template_caster_wheel_assembly_200mmx50mm_8_x2,23CW 200-50,,0.0,0.0,0.0,,,,
product_product_id_131986,23CW 200-50BS,1,Jinasena_MasterData_Stock.product_template_caster_wheel_8_x2_ruber_brake_swival,23CW 200-50BS,,0.0,0.0,0.0,,,,
product_product_id_137858,23DU 10208,1,Jinasena_MasterData_Stock.product_template_side_cutter_blade_for_du10jial,23DU 10208,,0.0,0.0,0.0,,,,
product_product_id_131987,23FW T195-05004,1,Jinasena_MasterData_Stock.product_template_fly_wheel_12hp_t195_05004_1,23FW T195-05004,,0.0,0.0,0.0,,,,
product_product_id_131988,23GG 002,1,Jinasena_MasterData_Stock.product_template_grease_gun,23GG 002,,0.0,0.0,0.0,,,,
product_product_id_131989,23GR 1/60,1,Jinasena_MasterData_Stock.product_template_gear_reduction_with_ratio_1_60_2_2kw,23GR 1/60,,0.0,0.0,0.0,,,,
product_product_id_131990,23GR 60-1/50,1,Jinasena_MasterData_Stock.product_template_warm_gear_speed_reducer_60_1_50a,23GR 60-1/50,,0.0,0.0,0.0,,,,
product_product_id_131991,23GR 70-1/30,1,Jinasena_MasterData_Stock.product_template_warm_gear_speed_reducer_ass70_1_30a,23GR 70-1/30,,0.0,0.0,0.0,,,,
product_product_id_131992,23GS 208D,1,Jinasena_MasterData_Stock.product_template_silencer_complet_208d,23GS 208D,,0.0,0.0,0.0,,,,
product_product_id_131993,23GS 210D,1,Jinasena_MasterData_Stock.product_template_silencer_complet_210d,23GS 210D,,0.0,0.0,0.0,,,,
product_product_id_131994,23GS GM1-30,1,Jinasena_MasterData_Stock.product_template_output_shaft_for_1_30_gear_reduction,23GS GM1-30,,0.0,0.0,0.0,,,,
product_product_id_131995,23HG RV125-2,1,Jinasena_MasterData_Stock.product_template_cylinder_head_gasket_rv125_2,23HG RV125-2,,0.0,0.0,0.0,,,,
product_product_id_131996,23HS RV125-2,1,Jinasena_MasterData_Stock.product_template_handle_start_for_rv125_2_tractor,23HS RV125-2,,0.0,0.0,0.0,,,,
product_product_id_131997,23HT 101-1,1,Jinasena_MasterData_Stock.product_template_sh101_1_walking_tractor,23HT 101-1,,0.0,0.0,0.0,,,,
product_product_id_131998,23HT 12001,1,Jinasena_MasterData_Stock.product_template_imp_aht12_tractor_assy_complete_328925,23HT 12001,,0.0,0.0,0.0,,,,
product_product_id_131999,23HT 12012,1,Jinasena_MasterData_Stock.product_template_imp_aht12_tractor_assy_complete,23HT 12012,,0.0,0.0,0.0,,,,
product_product_id_132000,23HT 15001,1,Jinasena_MasterData_Stock.product_template_sh151_1_walking_tractor,23HT 15001,,0.0,0.0,0.0,,,,
product_product_id_132001,23HT 44833,1,Jinasena_MasterData_Stock.product_template_throttle_unit,23HT 44833,,0.0,0.0,0.0,,,,
product_product_id_132002,23HT 5002,1,Jinasena_MasterData_Stock.product_template_imp_jet5_tractor_without_engine,23HT 5002,,0.0,0.0,0.0,,,,
product_product_id_132003,23HT 70001,1,Jinasena_MasterData_Stock.product_template_imp_aht7_tractor_assy_complete,23HT 70001,,0.0,0.0,0.0,,,,
product_product_id_132004,23HT 70400,1,Jinasena_MasterData_Stock.product_template_transmis_unit_aht7_6sp_complete,23HT 70400,,0.0,0.0,0.0,,,,
product_product_id_132005,23HT 7300,1,Jinasena_MasterData_Stock.product_template_transmis_jet6_7_3spd_complete,23HT 7300,,0.0,0.0,0.0,,,,
product_product_id_132006,23HT 80001,1,Jinasena_MasterData_Stock.product_template_imp_aht8_tractor_assy_complete,23HT 80001,,0.0,0.0,0.0,,,,
product_product_id_132007,23HT APL03,1,Jinasena_MasterData_Stock.product_template_tractor_attachment_plate_l,23HT APL03,,0.0,0.0,0.0,,,,
product_product_id_132008,23HT APR03,1,Jinasena_MasterData_Stock.product_template_tractor_attachment_plate_r,23HT APR03,,0.0,0.0,0.0,,,,
product_product_id_132009,23HT CU80x20,1,Jinasena_MasterData_Stock.product_template_pto_spline_coupling_for_jet5,23HT CU80x20,,0.0,0.0,0.0,,,,
product_product_id_132010,23HT CU88x20,1,Jinasena_MasterData_Stock.product_template_pto_coupling_jet6_15_splines,23HT CU88x20,,0.0,0.0,0.0,,,,
product_product_id_132011,23HT DF250-01,1,Jinasena_MasterData_Stock.product_template_hitch_hook_df250_4w_d_tractor,23HT DF250-01,,0.0,0.0,0.0,,,,
product_product_id_132012,23HT DF250-02,1,Jinasena_MasterData_Stock.product_template_hitch_latch_df250_4w_d_tractor,23HT DF250-02,,0.0,0.0,0.0,,,,
product_product_id_132013,23HT JET7,1,Jinasena_MasterData_Stock.product_template_side_clutch_lever_rmt4,23HT JET7,,0.0,0.0,0.0,,,,
product_product_id_132014,23IP 1-WP,1,Jinasena_MasterData_Stock.product_template_water_pump_1,23IP 1-WP,,0.0,0.0,0.0,,,,
product_product_id_132015,23IP 41310001,1,Jinasena_MasterData_Stock.product_template_gear_plate_handle_bar_gt8_gt_9,23IP 41310001,,0.0,0.0,0.0,,,,
product_product_id_132016,23IP 4W-DP,1,Jinasena_MasterData_Stock.product_template_df_250_disc_plough,23IP 4W-DP,,0.0,0.0,0.0,,,,
product_product_id_132017,23IP 4W-FP,1,Jinasena_MasterData_Stock.product_template_df_250_four_ferrow_plough,23IP 4W-FP,,0.0,0.0,0.0,,,,
product_product_id_132018,23IP 4W-RO,1,Jinasena_MasterData_Stock.product_template_df_250_rotavator,23IP 4W-RO,,0.0,0.0,0.0,,,,
product_product_id_132019,23IP 4W-RS,1,Jinasena_MasterData_Stock.product_template_df_250_rotary_slasher,23IP 4W-RS,,0.0,0.0,0.0,,,,
product_product_id_132020,23IP 4W-TY,1,Jinasena_MasterData_Stock.product_template_df_250_4w_tractor_tyres,23IP 4W-TY,,0.0,0.0,0.0,,,,
product_product_id_132021,23IP 9CL-CI,1,Jinasena_MasterData_Stock.product_template_silage_chopper_straw,23IP 9CL-CI,,0.0,0.0,0.0,,,,
product_product_id_132022,23IP AHT4,1,Jinasena_MasterData_Stock.product_template_hand_tractor_4hp_2wheel,23IP AHT4,,0.0,0.0,0.0,,,,
product_product_id_132023,23IP BCEKRO,1,Jinasena_MasterData_Stock.product_template_bushcutter_chain_saw_with_shaft,23IP BCEKRO,,0.0,0.0,0.0,,,,
product_product_id_132024,23IP BCEKRO-100,1,Jinasena_MasterData_Stock.product_template_bush_cutter_chain_saw_ekro_100,23IP BCEKRO-100,,0.0,0.0,0.0,,,,
product_product_id_132025,23IP BCEKRO-504,1,Jinasena_MasterData_Stock.product_template_bush_cutter_9t_ekro_shaft,23IP BCEKRO-504,,0.0,0.0,0.0,,,,
product_product_id_132026,23IP CHC-1109,1,Jinasena_MasterData_Stock.product_template_fix_blade_40x6x305mm,23IP CHC-1109,,0.0,0.0,0.0,,,,
product_product_id_132027,23IP CHC-1306,1,Jinasena_MasterData_Stock.product_template_cutter_blade_60x6x140mm,23IP CHC-1306,,0.0,0.0,0.0,,,,
product_product_id_132028,23IP CHSAW,1,Jinasena_MasterData_Stock.product_template_chain_saw_blade_chain_only,23IP CHSAW,,0.0,0.0,0.0,,,,
product_product_id_132029,23IP CT/5TYA-1,1,Jinasena_MasterData_Stock.product_template_corn_threshing_machine_1_5kw,23IP CT/5TYA-1,,0.0,0.0,0.0,,,,
product_product_id_132030,23IP CT/5TYA-4,1,Jinasena_MasterData_Stock.product_template_corn_threshing_machune_1_8_2_2kw,23IP CT/5TYA-4,,0.0,0.0,0.0,,,,
product_product_id_132031,23IP DF-250D,1,Jinasena_MasterData_Stock.product_template_4wheel_tractor_df_250d_2wd_25hp,23IP DF-250D,,0.0,0.0,0.0,,,,
product_product_id_132032,23IP DF-254D,1,Jinasena_MasterData_Stock.product_template_4wheel_tractor_df_254d_4wd_25hp,23IP DF-254D,,0.0,0.0,0.0,,,,
product_product_id_132033,23IP DU10,1,Jinasena_MasterData_Stock.product_template_cutter_blade_250x50x11mm_for_du10_jial,23IP DU10,,0.0,0.0,0.0,,,,
product_product_id_132034,23IP GRS15,1,Jinasena_MasterData_Stock.product_template_general_riding_seat_assy,23IP GRS15,,0.0,0.0,0.0,,,,
product_product_id_132035,23IP H32/127,1,Jinasena_MasterData_Stock.product_template_wheel_hub_for_cultivator_jet5,23IP H32/127,,0.0,0.0,0.0,,,,
product_product_id_132036,23IP HRV-05,1,Jinasena_MasterData_Stock.product_template_harvester_5hp_reaper_sample,23IP HRV-05,,0.0,0.0,0.0,,,,
product_product_id_132037,23IP I3010,1,Jinasena_MasterData_Stock.product_template_spare_pats_of_tractor_engine,23IP I3010,,0.0,0.0,0.0,,,,
product_product_id_132038,23IP JET5-01,1,Jinasena_MasterData_Stock.product_template_handle_box_assembly_jet5_rmt4,23IP JET5-01,,0.0,0.0,0.0,,,,
product_product_id_132039,23IP JGS-880,1,Jinasena_MasterData_Stock.product_template_locking_capping_m_c_jgs_880,23IP JGS-880,,0.0,0.0,0.0,,,,
product_product_id_132040,23IP JGS-980,1,Jinasena_MasterData_Stock.product_template_locking_capping_m_c_jgs_980,23IP JGS-980,,0.0,0.0,0.0,,,,
product_product_id_132041,23IP MC25060,1,Jinasena_MasterData_Stock.product_template_hangine_blade,23IP MC25060,,0.0,0.0,0.0,,,,
product_product_id_132042,23IP MC6204,1,Jinasena_MasterData_Stock.product_template_imp_blade_hanging_pin_1_2,23IP MC6204,,0.0,0.0,0.0,,,,
product_product_id_132043,23IP MC6207,1,Jinasena_MasterData_Stock.product_template_imp_hanging_blade_jmc6,23IP MC6207,,0.0,0.0,0.0,,,,
product_product_id_132044,23IP MC6209,1,Jinasena_MasterData_Stock.product_template_cutter_blade_for_multichopper,23IP MC6209,,0.0,0.0,0.0,,,,
product_product_id_132045,23IP MLM-HP,1,Jinasena_MasterData_Stock.product_template_metal_locking_machine_hand_press,23IP MLM-HP,,0.0,0.0,0.0,,,,
product_product_id_132046,23IP MW12,1,Jinasena_MasterData_Stock.product_template_mud_wheel_for_aht_12_tractor,23IP MW12,,0.0,0.0,0.0,,,,
product_product_id_132047,23IP PCS,1,Jinasena_MasterData_Stock.product_template_pole_chain_saw,23IP PCS,,0.0,0.0,0.0,,,,
product_product_id_132048,23IP PL12,1,Jinasena_MasterData_Stock.product_template_share_plough_aht12,23IP PL12,,0.0,0.0,0.0,,,,
product_product_id_132049,23IP PL4,1,Jinasena_MasterData_Stock.product_template_plough_250_mm,23IP PL4,,0.0,0.0,0.0,,,,
product_product_id_132050,23IP PL8,1,Jinasena_MasterData_Stock.product_template_plough_for_aht8_tractor,23IP PL8,,0.0,0.0,0.0,,,,
product_product_id_132051,23IP PS-F767F,1,Jinasena_MasterData_Stock.product_template_power_sprayer_f_767f,23IP PS-F767F,,0.0,0.0,0.0,,,,
product_product_id_132052,23IP PS-F767F-LP,1,Jinasena_MasterData_Stock.product_template_power_sprayer_f_767f_local_purchase,23IP PS-F767F-LP,,0.0,0.0,0.0,,,,
product_product_id_132053,23IP RC12,1,Jinasena_MasterData_Stock.product_template_rotavator_for_aht_12_tractor,23IP RC12,,0.0,0.0,0.0,,,,
product_product_id_132054,23IP RC15,1,Jinasena_MasterData_Stock.product_template_rotovator_aht15_sh151_1,23IP RC15,,0.0,0.0,0.0,,,,
product_product_id_132055,23IP RC5,1,Jinasena_MasterData_Stock.product_template_imp_rotavator_for_jet5,23IP RC5,,0.0,0.0,0.0,,,,
product_product_id_132056,23IP RC7,1,Jinasena_MasterData_Stock.product_template_rotavator_for_jet_7_tractor,23IP RC7,,0.0,0.0,0.0,,,,
product_product_id_132057,23IP RC8,1,Jinasena_MasterData_Stock.product_template_rotavator_for_aht_8_tractor,23IP RC8,,0.0,0.0,0.0,,,,
product_product_id_132058,23IP RL15,1,Jinasena_MasterData_Stock.product_template_sh151_double_furrow_plough,23IP RL15,,0.0,0.0,0.0,,,,
product_product_id_132059,23IP RP-5,1,Jinasena_MasterData_Stock.product_template_reversible_plough_jet_5,23IP RP-5,,0.0,0.0,0.0,,,,
product_product_id_132060,23IP RPL4,1,Jinasena_MasterData_Stock.product_template_reversible_plough_250_mm,23IP RPL4,,0.0,0.0,0.0,,,,
product_product_id_132061,23IP RT8-01,1,Jinasena_MasterData_Stock.product_template_splined_bush_for_mini_tiller,23IP RT8-01,,0.0,0.0,0.0,,,,
product_product_id_132062,23IP RT8-02,1,Jinasena_MasterData_Stock.product_template_speed_changed_gear_for_r_master,23IP RT8-02,,0.0,0.0,0.0,,,,
product_product_id_132063,23IP RT8-03,1,Jinasena_MasterData_Stock.product_template_reduction_shaft_rmt4,23IP RT8-03,,0.0,0.0,0.0,,,,
product_product_id_132064,23IP RT8-04,1,Jinasena_MasterData_Stock.product_template_reduction_shaft_2_for_rmt4,23IP RT8-04,,0.0,0.0,0.0,,,,
product_product_id_132065,23IP RTV701,1,Jinasena_MasterData_Stock.product_template_rotavator_transmission_jet6_7,23IP RTV701,,0.0,0.0,0.0,,,,
product_product_id_132066,23IP RTV8,1,Jinasena_MasterData_Stock.product_template_rotavater_transmission_8hp,23IP RTV8,,0.0,0.0,0.0,,,,
product_product_id_132067,23IP RW12,1,Jinasena_MasterData_Stock.product_template_rotarwator_wheel_aht_12,23IP RW12,,0.0,0.0,0.0,,,,
product_product_id_132068,23IP SFP-7,1,Jinasena_MasterData_Stock.product_template_singie_furrow_plough_aht7,23IP SFP-7,,0.0,0.0,0.0,,,,
product_product_id_132069,23IP SKS-GT8D,1,Jinasena_MasterData_Stock.product_template_starting_key_switch_rc_gt8d,23IP SKS-GT8D,,0.0,0.0,0.0,,,,
product_product_id_132070,23IP SPM-DB,1,Jinasena_MasterData_Stock.product_template_seeder_planter_machine_db_gfs_02,23IP SPM-DB,,0.0,0.0,0.0,,,,
product_product_id_132071,23IP SS-SM,1,Jinasena_MasterData_Stock.product_template_stainless_steel_shredder_machine,23IP SS-SM,,0.0,0.0,0.0,,,,
product_product_id_132072,23IP ST1.0,1,Jinasena_MasterData_Stock.product_template_star_tiller_1_0_m,23IP ST1.0,,0.0,0.0,0.0,,,,
product_product_id_132073,23IP TDY-300C,1,Jinasena_MasterData_Stock.product_template_electric_pad_printer_desitop,23IP TDY-300C,,0.0,0.0,0.0,,,,
product_product_id_132074,23IP WH,1,Jinasena_MasterData_Stock.product_template_weeding_head,23IP WH,,0.0,0.0,0.0,,,,
product_product_id_132075,23IP WH1.1,1,Jinasena_MasterData_Stock.product_template_wet_field_harrow_1_1_m,23IP WH1.1,,0.0,0.0,0.0,,,,
product_product_id_132076,23IP WH32/127,1,Jinasena_MasterData_Stock.product_template_wheel_hub_for_cultivator_jet5_329003,23IP WH32/127,,0.0,0.0,0.0,,,,
product_product_id_132077,23JS 001,1,Jinasena_MasterData_Stock.product_template_cutter_blade_for_js35t,23JS 001,,0.0,0.0,0.0,,,,
product_product_id_132078,23JS 002,1,Jinasena_MasterData_Stock.product_template_fixed_blade_for_js35t,23JS 002,,0.0,0.0,0.0,,,,
product_product_id_132079,23JS 003,1,Jinasena_MasterData_Stock.product_template_steady_blade_for_js35t,23JS 003,,0.0,0.0,0.0,,,,
product_product_id_132080,23JS 005,1,Jinasena_MasterData_Stock.product_template_fixed_blades_steady_blade,23JS 005,,0.0,0.0,0.0,,,,
product_product_id_132081,23JS 006,1,Jinasena_MasterData_Stock.product_template_fixed_blade_35mm_x_6mm_x_100mm_jsh3es,23JS 006,,0.0,0.0,0.0,,,,
product_product_id_132082,23JSH 004,1,Jinasena_MasterData_Stock.product_template_cutter_blade_jsh10_15,23JSH 004,,0.0,0.0,0.0,,,,
product_product_id_132083,23JT 406,1,Jinasena_MasterData_Stock.product_template_plastic_cover_p_t_o,23JT 406,,0.0,0.0,0.0,,,,
product_product_id_132084,23JT 43401,1,Jinasena_MasterData_Stock.product_template_tractor_brack_spring,23JT 43401,,0.0,0.0,0.0,,,,
product_product_id_132085,23JT 43402,1,Jinasena_MasterData_Stock.product_template_gear_fork_spring_jet7,23JT 43402,,0.0,0.0,0.0,,,,
product_product_id_132086,23LS 175,1,Jinasena_MasterData_Stock.product_template_light_switch5_h_p,23LS 175,,0.0,0.0,0.0,,,,
product_product_id_132087,23MC 001,1,Jinasena_MasterData_Stock.product_template_spring_lock_for_straw_cutter,23MC 001,,0.0,0.0,0.0,,,,
product_product_id_132088,23MC 002,1,Jinasena_MasterData_Stock.product_template_dicky_lock_for_s_s_mul_grinder,23MC 002,,0.0,0.0,0.0,,,,
product_product_id_132089,23MC HU-5117,1,Jinasena_MasterData_Stock.product_template_rear_gate_handle_rn_35_huty001,23MC HU-5117,,0.0,0.0,0.0,,,,
product_product_id_132090,23MC HU-5121,1,Jinasena_MasterData_Stock.product_template_rear_gate_handle_kb88_hu_izc121,23MC HU-5121,,0.0,0.0,0.0,,,,
product_product_id_132091,23MG STAND,1,Jinasena_MasterData_Stock.product_template_multi_grinder_stand_c_w_try,23MG STAND,,0.0,0.0,0.0,,,,
product_product_id_132092,23MM 4/2,1,Jinasena_MasterData_Stock.product_template_mini_m_chopper_wheel_4_2,23MM 4/2,,0.0,0.0,0.0,,,,
product_product_id_132093,23MT 001,1,Jinasena_MasterData_Stock.product_template_rotar_master_blades,23MT 001,,0.0,0.0,0.0,,,,
product_product_id_132094,23MT 002,1,Jinasena_MasterData_Stock.product_template_rotavetor_blade_df250,23MT 002,,0.0,0.0,0.0,,,,
product_product_id_132095,23MT 003,1,Jinasena_MasterData_Stock.product_template_throttle_unit_spring,23MT 003,,0.0,0.0,0.0,,,,
product_product_id_132096,23OC 025,1,Jinasena_MasterData_Stock.product_template_oil_can_1_4_rigid,23OC 025,,0.0,0.0,0.0,,,,
product_product_id_132097,23OC AHT8,1,Jinasena_MasterData_Stock.product_template_oil_cap_plastic,23OC AHT8,,0.0,0.0,0.0,,,,
product_product_id_137859,23PB 001,1,Jinasena_MasterData_Stock.product_template_panel_lock_lock,23PB 001,,0.0,0.0,0.0,,,,
product_product_id_137860,23PB 002,1,Jinasena_MasterData_Stock.product_template_panel_hinges,23PB 002,,0.0,0.0,0.0,,,,
product_product_id_132098,23PB UCP204,1,Jinasena_MasterData_Stock.product_template_pillow_bearing_unit_p204_uc204_ucp204,23PB UCP204,,0.0,0.0,0.0,,,,
product_product_id_132099,23PB UCP205,1,Jinasena_MasterData_Stock.product_template_pillow_bearing_unit_ucp205,23PB UCP205,,0.0,0.0,0.0,,,,
product_product_id_132100,23PB UCP205-16,1,Jinasena_MasterData_Stock.product_template_pillow_braring_unit_ucp205_16,23PB UCP205-16,,0.0,0.0,0.0,,,,
product_product_id_132101,23PB UCP207,1,Jinasena_MasterData_Stock.product_template_pillow_bearing_unit_ucp207_35mm,23PB UCP207,,0.0,0.0,0.0,,,,
product_product_id_132102,23PB UKP206,1,Jinasena_MasterData_Stock.product_template_pillow_bearing_unit_he_2306_ukp,23PB UKP206,,0.0,0.0,0.0,,,,
product_product_id_132103,23PL 016,1,Jinasena_MasterData_Stock.product_template_plastic_gare_indicator_plate,23PL 016,,0.0,0.0,0.0,,,,
product_product_id_132104,23PL 039,1,Jinasena_MasterData_Stock.product_template_air_cleaner_plastic_sieeve,23PL 039,,0.0,0.0,0.0,,,,
product_product_id_132105,23PL 10501,1,Jinasena_MasterData_Stock.product_template_power_shaft_spacer_bush,23PL 10501,,0.0,0.0,0.0,,,,
product_product_id_132106,23PL 4-1,1,Jinasena_MasterData_Stock.product_template_plastic_wheel_4_1mm_mmc75,23PL 4-1,,0.0,0.0,0.0,,,,
product_product_id_132107,23PL 44214,1,Jinasena_MasterData_Stock.product_template_plastic_cover_handle_frame,23PL 44214,,0.0,0.0,0.0,,,,
product_product_id_132108,23PL 75504,1,Jinasena_MasterData_Stock.product_template_plastic_cap,23PL 75504,,0.0,0.0,0.0,,,,
product_product_id_132109,23PL 75505,1,Jinasena_MasterData_Stock.product_template_plastic_spacer,23PL 75505,,0.0,0.0,0.0,,,,
product_product_id_132110,23PL JT402,1,Jinasena_MasterData_Stock.product_template_plastic_clutch_cap_jet5,23PL JT402,,0.0,0.0,0.0,,,,
product_product_id_132111,23PL RMT-01,1,Jinasena_MasterData_Stock.product_template_throttle_lever_fixer_plastic,23PL RMT-01,,0.0,0.0,0.0,,,,
product_product_id_132112,23PL RMT-02,1,Jinasena_MasterData_Stock.product_template_plastic_bolt_18mm_for_rmt_4,23PL RMT-02,,0.0,0.0,0.0,,,,
product_product_id_132113,23PL SP300,1,Jinasena_MasterData_Stock.product_template_plasti_end_cap_for_sp300_frame,23PL SP300,,0.0,0.0,0.0,,,,
product_product_id_132114,23PT 002,1,Jinasena_MasterData_Stock.product_template_plummer_block_sn506,23PT 002,,0.0,0.0,0.0,,,,
product_product_id_132115,23PT 003,1,Jinasena_MasterData_Stock.product_template_s_a_bearing_sleeve_1206k_he2,23PT 003,,0.0,0.0,0.0,,,,
product_product_id_132116,23PT 004,1,Jinasena_MasterData_Stock.product_template_plummer_block_sn509,23PT 004,,0.0,0.0,0.0,,,,
product_product_id_132117,23PT 005,1,Jinasena_MasterData_Stock.product_template_s_a_bearing_1209k_with_aduptor,23PT 005,,0.0,0.0,0.0,,,,
product_product_id_132118,23PT 006,1,Jinasena_MasterData_Stock.product_template_plummer_block_sn507,23PT 006,,0.0,0.0,0.0,,,,
product_product_id_132119,23PT 007,1,Jinasena_MasterData_Stock.product_template_rubber_pad_12x4x3_8,23PT 007,,0.0,0.0,0.0,,,,
product_product_id_132120,23PT 008,1,Jinasena_MasterData_Stock.product_template_shifting_spanner_8,23PT 008,,0.0,0.0,0.0,,,,
product_product_id_132121,23PT 009,1,Jinasena_MasterData_Stock.product_template_rubber_pad_small,23PT 009,,0.0,0.0,0.0,,,,
product_product_id_132122,23PT 010,1,Jinasena_MasterData_Stock.product_template_s_a_bearing_sleeve_1207k_he207,23PT 010,,0.0,0.0,0.0,,,,
product_product_id_132123,23PT 011,1,Jinasena_MasterData_Stock.product_template_rubber_pad_medium,23PT 011,,0.0,0.0,0.0,,,,
product_product_id_132124,23PT 012,1,Jinasena_MasterData_Stock.product_template_rubber_guard_for_thresher,23PT 012,,0.0,0.0,0.0,,,,
product_product_id_132125,23PT 013,1,Jinasena_MasterData_Stock.product_template_shifting_spanner_12,23PT 013,,0.0,0.0,0.0,,,,
product_product_id_132126,23PT 014,1,Jinasena_MasterData_Stock.product_template_s_a_bearing_addaptor_1211k_he211,23PT 014,,0.0,0.0,0.0,,,,
product_product_id_132127,23PT 015,1,Jinasena_MasterData_Stock.product_template_plummer_block_sn511_for_seever,23PT 015,,0.0,0.0,0.0,,,,
product_product_id_132128,23PT 016,1,Jinasena_MasterData_Stock.product_template_plummer_block_ld1508,23PT 016,,0.0,0.0,0.0,,,,
product_product_id_132129,23PT 017,1,Jinasena_MasterData_Stock.product_template_s_a_bearing_adapter_1208k_he208,23PT 017,,0.0,0.0,0.0,,,,
product_product_id_132130,23PT 12/2,1,Jinasena_MasterData_Stock.product_template_12_chip_cut_bearing_type_tyre,23PT 12/2,,0.0,0.0,0.0,,,,
product_product_id_132131,23PT 2FRB 11.5-100,1,Jinasena_MasterData_Stock.product_template_locating_ring_2frb_11_5_100_sn_511,23PT 2FRB 11.5-100,,0.0,0.0,0.0,,,,
product_product_id_132132,23PT 5/2,1,Jinasena_MasterData_Stock.product_template_6202_bearing_type_tyres,23PT 5/2,,0.0,0.0,0.0,,,,
product_product_id_132133,23PT 6/2,1,Jinasena_MasterData_Stock.product_template_6_bearing_type_tyre,23PT 6/2,,0.0,0.0,0.0,,,,
product_product_id_132134,23PT 8/2,1,Jinasena_MasterData_Stock.product_template_solid_tyre_r_wheel_200x50x100mm,23PT 8/2,,0.0,0.0,0.0,,,,
product_product_id_132135,23PT TSNG511,1,Jinasena_MasterData_Stock.product_template_lip_seal_of_ld_1511,23PT TSNG511,,0.0,0.0,0.0,,,,
product_product_id_132136,23RE 120301,1,Jinasena_MasterData_Stock.product_template_reaper_star_wheel_plastic,23RE 120301,,0.0,0.0,0.0,,,,
product_product_id_132137,23RE 120302,1,Jinasena_MasterData_Stock.product_template_star_wheel_cover,23RE 120302,,0.0,0.0,0.0,,,,
product_product_id_132138,23RE AC1784,1,Jinasena_MasterData_Stock.product_template_harvesting_machine_cover_unit_spectra,23RE AC1784,,0.0,0.0,0.0,,,,
product_product_id_132139,23RE KC1.2,1,Jinasena_MasterData_Stock.product_template_oil_gauge_329066,23RE KC1.2,,0.0,0.0,0.0,,,,
product_product_id_132140,23RL 001,1,Jinasena_MasterData_Stock.product_template_laylend_reflectors,23RL 001,,0.0,0.0,0.0,,,,
product_product_id_132141,23RS JBC24,1,Jinasena_MasterData_Stock.product_template_clutch_spring_329068,23RS JBC24,,0.0,0.0,0.0,,,,
product_product_id_132142,23RT 2H53S,1,Jinasena_MasterData_Stock.product_template_rot_gear_box_chain_japen,23RT 2H53S,,0.0,0.0,0.0,,,,
product_product_id_132143,23RT 2H64B,1,Jinasena_MasterData_Stock.product_template_rotary_chain_jet_7_46links,23RT 2H64B,,0.0,0.0,0.0,,,,
product_product_id_132144,23SA 175N,1,Jinasena_MasterData_Stock.product_template_cable_adjuster,23SA 175N,,0.0,0.0,0.0,,,,
product_product_id_132145,23SM RV125-2,1,Jinasena_MasterData_Stock.product_template_side_mirror_rv125_2,23SM RV125-2,,0.0,0.0,0.0,,,,
product_product_id_132146,23SP 11T,1,Jinasena_MasterData_Stock.product_template_sprocket_11t,23SP 11T,,0.0,0.0,0.0,,,,
product_product_id_132147,23SP 12T,1,Jinasena_MasterData_Stock.product_template_sprocket_40_12t,23SP 12T,,0.0,0.0,0.0,,,,
product_product_id_132148,23SP 14T,1,Jinasena_MasterData_Stock.product_template_80b_14t_sprocket_wheel,23SP 14T,,0.0,0.0,0.0,,,,
product_product_id_132149,23SP 15T,1,Jinasena_MasterData_Stock.product_template_sprocket_wheel_40_15t_strow_cutt,23SP 15T,,0.0,0.0,0.0,,,,
product_product_id_132150,23SP 18T,1,Jinasena_MasterData_Stock.product_template_sprocket_wheel_80b_18t,23SP 18T,,0.0,0.0,0.0,,,,
product_product_id_132151,23SP 20T,1,Jinasena_MasterData_Stock.product_template_sprocket_wheel_40_20_teeth,23SP 20T,,0.0,0.0,0.0,,,,
product_product_id_132152,23SP 24T,1,Jinasena_MasterData_Stock.product_template_sprocket_wheel_80b_24t,23SP 24T,,0.0,0.0,0.0,,,,
product_product_id_132153,23SP 25T,1,Jinasena_MasterData_Stock.product_template_80b_25t_sprocket_wheel,23SP 25T,,0.0,0.0,0.0,,,,
product_product_id_132154,23SP 26T,1,Jinasena_MasterData_Stock.product_template_sprocket_wheel_40b_26t,23SP 26T,,0.0,0.0,0.0,,,,
product_product_id_132155,23SP 32T,1,Jinasena_MasterData_Stock.product_template_sprocket_32t,23SP 32T,,0.0,0.0,0.0,,,,
product_product_id_132156,23SP 50-14T,1,Jinasena_MasterData_Stock.product_template_sprocket_wheel_50_14t_seiver,23SP 50-14T,,0.0,0.0,0.0,,,,
product_product_id_132157,23SP 50-15T,1,Jinasena_MasterData_Stock.product_template_sprocket_wheel_50_15t_seiver,23SP 50-15T,,0.0,0.0,0.0,,,,
product_product_id_132158,23SP 50-20T,1,Jinasena_MasterData_Stock.product_template_sprocket_wheel_50_20t_seiver,23SP 50-20T,,0.0,0.0,0.0,,,,
product_product_id_132159,23SP 50-85T,1,Jinasena_MasterData_Stock.product_template_sprocket_wheel_50_85t_seiver,23SP 50-85T,,0.0,0.0,0.0,,,,
product_product_id_132160,23SP 50A-44T,1,Jinasena_MasterData_Stock.product_template_sprocket_wheel_50a_44t,23SP 50A-44T,,0.0,0.0,0.0,,,,
product_product_id_132161,23SP 50B-24T,1,Jinasena_MasterData_Stock.product_template_sprocket_wheel_50b_24t,23SP 50B-24T,,0.0,0.0,0.0,,,,
product_product_id_132162,23SP 50T,1,Jinasena_MasterData_Stock.product_template_sprocket_wheel_80b_50t,23SP 50T,,0.0,0.0,0.0,,,,
product_product_id_132163,23SP 54T,1,Jinasena_MasterData_Stock.product_template_sprocket_40_54t,23SP 54T,,0.0,0.0,0.0,,,,
product_product_id_132164,23SP 80-11T,1,Jinasena_MasterData_Stock.product_template_sprocket_wheel_80b_11t,23SP 80-11T,,0.0,0.0,0.0,,,,
product_product_id_132165,23SP 85T,1,Jinasena_MasterData_Stock.product_template_sprocket_wheel_40b_85t,23SP 85T,,0.0,0.0,0.0,,,,
product_product_id_132166,23SP K14-01,1,Jinasena_MasterData_Stock.product_template_spring_clutch_tension_kubota_kit_329093,23SP K14-01,,0.0,0.0,0.0,,,,
product_product_id_132167,23SP MCT-1,1,Jinasena_MasterData_Stock.product_template_spring_68x17x1_5_g16,23SP MCT-1,,0.0,0.0,0.0,,,,
product_product_id_132168,23SP MCT-2,1,Jinasena_MasterData_Stock.product_template_spring_79x18x1_8_g18,23SP MCT-2,,0.0,0.0,0.0,,,,
product_product_id_132169,23SP RMT-01,1,Jinasena_MasterData_Stock.product_template_cone_spring_rotomaster,23SP RMT-01,,0.0,0.0,0.0,,,,
product_product_id_132170,23SP RR-01,1,Jinasena_MasterData_Stock.product_template_spring_r_r_machine_52x19_6x2_65m,23SP RR-01,,0.0,0.0,0.0,,,,
product_product_id_132171,23SP SH-MC,1,Jinasena_MasterData_Stock.product_template_spring_shearing_machine_32x19_5x,23SP SH-MC,,0.0,0.0,0.0,,,,
product_product_id_132172,23SP TR01,1,Jinasena_MasterData_Stock.product_template_spring_for_trailer,23SP TR01,,0.0,0.0,0.0,,,,
product_product_id_132173,23SP WHS01,1,Jinasena_MasterData_Stock.product_template_wet_field_harrow_spring_70x21x3m,23SP WHS01,,0.0,0.0,0.0,,,,
product_product_id_132174,23SS GM-01,1,Jinasena_MasterData_Stock.product_template_breake_spring_46x9_5x1_45_for_gm,23SS GM-01,,0.0,0.0,0.0,,,,
product_product_id_132176,23SS MC-T11,1,Jinasena_MasterData_Stock.product_template_extention_spring_t11_44103_m_c,23SS MC-T11,,0.0,0.0,0.0,,,,
product_product_id_132175,23SS MC6,1,Jinasena_MasterData_Stock.product_template_stand_spring_for_b_c_m_c,23SS MC6,,0.0,0.0,0.0,,,,
product_product_id_132177,23SS MG-01,1,Jinasena_MasterData_Stock.product_template_spring_for_micro_switch_rod,23SS MG-01,,0.0,0.0,0.0,,,,
product_product_id_137920,23SS MTH150-1,1,Jinasena_MasterData_Stock.product_template_tenson_spring_80x13_5_x_17_5mm_for_maize,23SS MTH150-1,,0.0,0.0,0.0,,,,
product_product_id_137919,23SS MTH150-2,1,Jinasena_MasterData_Stock.product_template_tenson_spring_60x13_x_16_5mm_for_maize_t,23SS MTH150-2,,0.0,0.0,0.0,,,,
product_product_id_132178,23SS PTM-01,1,Jinasena_MasterData_Stock.product_template_spring_for_pepper_thresher,23SS PTM-01,,0.0,0.0,0.0,,,,
product_product_id_132179,23SS PTM-1.5,1,Jinasena_MasterData_Stock.product_template_stand_spring_138x20x3mm_for_ptm_1_5,23SS PTM-1.5,,0.0,0.0,0.0,,,,
product_product_id_132180,23ST 001,1,Jinasena_MasterData_Stock.product_template_seat_unit_for_bush_cutter,23ST 001,,0.0,0.0,0.0,,,,
product_product_id_132181,23ST 002,1,Jinasena_MasterData_Stock.product_template_seat_unit_for_gr8_bush_cutter,23ST 002,,0.0,0.0,0.0,,,,
product_product_id_132182,23ST DF-250,1,Jinasena_MasterData_Stock.product_template_imp_seat_unit_df_250_4w_tractor,23ST DF-250,,0.0,0.0,0.0,,,,
product_product_id_132183,23TB 155-12,1,Jinasena_MasterData_Stock.product_template_tube_155_12,23TB 155-12,,0.0,0.0,0.0,,,,
product_product_id_132184,23TB 400-10,1,Jinasena_MasterData_Stock.product_template_tube_400_10,23TB 400-10,,0.0,0.0,0.0,,,,
product_product_id_132185,23TB 400-8,1,Jinasena_MasterData_Stock.product_template_4_00_8_tube_for_rmt4_bajaj,23TB 400-8,,0.0,0.0,0.0,,,,
product_product_id_132186,23TB 600-12,1,Jinasena_MasterData_Stock.product_template_tube_600x12,23TB 600-12,,0.0,0.0,0.0,,,,
product_product_id_132187,23TB 600-14,1,Jinasena_MasterData_Stock.product_template_tube_6_00_x_14,23TB 600-14,,0.0,0.0,0.0,,,,
product_product_id_132188,23TB 750-15,1,Jinasena_MasterData_Stock.product_template_tube_750x15,23TB 750-15,,0.0,0.0,0.0,,,,
product_product_id_132189,23TB JET7,1,Jinasena_MasterData_Stock.product_template_tool_box_knob_jet_7,23TB JET7,,0.0,0.0,0.0,,,,
product_product_id_132190,23TH 015,1,Jinasena_MasterData_Stock.product_template_complete_hub_elf_hiace_329117,23TH 015,,0.0,0.0,0.0,,,,
product_product_id_132191,23TH 42814,1,Jinasena_MasterData_Stock.product_template_pad_bush_329118,23TH 42814,,0.0,0.0,0.0,,,,
product_product_id_132192,23TL 001,1,Jinasena_MasterData_Stock.product_template_reflector_for_trailer,23TL 001,,0.0,0.0,0.0,,,,
product_product_id_132193,23TR 001,1,Jinasena_MasterData_Stock.product_template_trailer_hub_set_4_holes_1_5t,23TR 001,,0.0,0.0,0.0,,,,
product_product_id_132194,23TR 002,1,Jinasena_MasterData_Stock.product_template_trailer_rim_pair,23TR 002,,0.0,0.0,0.0,,,,
product_product_id_132195,23TR 003,1,Jinasena_MasterData_Stock.product_template_special_rim_3_00,23TR 003,,0.0,0.0,0.0,,,,
product_product_id_132196,23TR 004,1,Jinasena_MasterData_Stock.product_template_rim_8_from_loadstar,23TR 004,,0.0,0.0,0.0,,,,
product_product_id_132197,23TR 005,1,Jinasena_MasterData_Stock.product_template_rim_10_for_cultivator,23TR 005,,0.0,0.0,0.0,,,,
product_product_id_132198,23TR 006,1,Jinasena_MasterData_Stock.product_template_8_rim_for_rmt4_bajaj,23TR 006,,0.0,0.0,0.0,,,,
product_product_id_132199,23TR 007,1,Jinasena_MasterData_Stock.product_template_rim_14_for_trailer_hub,23TR 007,,0.0,0.0,0.0,,,,
product_product_id_132200,23TR 015,1,Jinasena_MasterData_Stock.product_template_trailer_rim_15_for_new_tractor,23TR 015,,0.0,0.0,0.0,,,,
product_product_id_132201,23TR 12,1,Jinasena_MasterData_Stock.product_template_rim_12_for_trailer,23TR 12,,0.0,0.0,0.0,,,,
product_product_id_132202,23TR 135/70X12,1,Jinasena_MasterData_Stock.product_template_tire_135_70x12,23TR 135/70X12,,0.0,0.0,0.0,,,,
product_product_id_132203,23TR 400-8,1,Jinasena_MasterData_Stock.product_template_4_00_8_tyre_for_rmt4_bajaj,23TR 400-8,,0.0,0.0,0.0,,,,
product_product_id_132204,23TR 450-10,1,Jinasena_MasterData_Stock.product_template_tyre_450x10,23TR 450-10,,0.0,0.0,0.0,,,,
product_product_id_132205,23TR 500-12/J5,1,Jinasena_MasterData_Stock.product_template_imp_jet5_tractor_tyre_5_00x12,23TR 500-12/J5,,0.0,0.0,0.0,,,,
product_product_id_132206,23TR 500-8,1,Jinasena_MasterData_Stock.product_template_tyre_5_00_x_8,23TR 500-8,,0.0,0.0,0.0,,,,
product_product_id_132207,23TR 600-12,1,Jinasena_MasterData_Stock.product_template_tyre_6_00x12,23TR 600-12,,0.0,0.0,0.0,,,,
product_product_id_132208,23TR 600-14,1,Jinasena_MasterData_Stock.product_template_tyre_6_00_x_14,23TR 600-14,,0.0,0.0,0.0,,,,
product_product_id_132209,23TR 700-12,1,Jinasena_MasterData_Stock.product_template_tyre_7_00x12,23TR 700-12,,0.0,0.0,0.0,,,,
product_product_id_132210,23TR 750-15,1,Jinasena_MasterData_Stock.product_template_12pr_ceatfm_sleek_750x15,23TR 750-15,,0.0,0.0,0.0,,,,
product_product_id_132211,23TR HC261,1,Jinasena_MasterData_Stock.product_template_brake_linners_for_tractor_trailer,23TR HC261,,0.0,0.0,0.0,,,,
product_product_id_132212,23TR PTO-4WD,1,Jinasena_MasterData_Stock.product_template_pto_shaft_for_4wheel_tractor,23TR PTO-4WD,,0.0,0.0,0.0,,,,
product_product_id_132213,23TR PTO-UJ,1,Jinasena_MasterData_Stock.product_template_pto_driving_shaft_w_universal_joint,23TR PTO-UJ,,0.0,0.0,0.0,,,,
product_product_id_132214,23TR VDS-UJ,1,Jinasena_MasterData_Stock.product_template_vehicle_driving_shaft_w_universal_joint,23TR VDS-UJ,,0.0,0.0,0.0,,,,
product_product_id_132215,23TW 0001,1,Jinasena_MasterData_Stock.product_template_return_spring_for_3wheeler,23TW 0001,,0.0,0.0,0.0,,,,
product_product_id_132216,23WF 18T,1,Jinasena_MasterData_Stock.product_template_1_2x1_8x18t_free_wheel_fu,23WF 18T,,0.0,0.0,0.0,,,,
product_product_id_132217,23WH 12,1,Jinasena_MasterData_Stock.product_template_wheel_hub_k12,23WH 12,,0.0,0.0,0.0,,,,
product_product_id_132219,25JM 012,1,Jinasena_MasterData_Stock.product_template_starting_capacitor_200_mfd,25JM 012,,0.0,0.0,0.0,,,,
product_product_id_132220,25JM 013,1,Jinasena_MasterData_Stock.product_template_starting_capacitor_150_mfd,25JM 013,,0.0,0.0,0.0,,,,
product_product_id_132221,25JM 014,1,Jinasena_MasterData_Stock.product_template_capacitor_80_110_mfd,25JM 014,,0.0,0.0,0.0,,,,
product_product_id_137659,25JM 016,1,Jinasena_MasterData_Stock.product_template_running_capacitor_16_mfd,25JM 016,,0.0,0.0,0.0,,,,
product_product_id_132222,25JM 016,1,Jinasena_MasterData_Stock.product_template_running_capacitor_16_mfd_329149,25JM 016,,0.0,0.0,0.0,,,,
product_product_id_137660,25JM 016CP,1,Jinasena_MasterData_Stock.product_template_running_capacitor_16_mfd_with_wire_and_l,25JM 016CP,,0.0,0.0,0.0,,,,
product_product_id_132223,25JM 027,1,Jinasena_MasterData_Stock.product_template_shoe_eyelets_terminals,25JM 027,,0.0,0.0,0.0,,,,
product_product_id_137661,25JM 027S,1,Jinasena_MasterData_Stock.product_template_shoe_eyelet_small,25JM 027S,,0.0,0.0,0.0,,,,
product_product_id_132224,25JM 054,1,Jinasena_MasterData_Stock.product_template_capacitor_30mfd,25JM 054,,0.0,0.0,0.0,,,,
product_product_id_132225,25JM 055,1,Jinasena_MasterData_Stock.product_template_st_capacitor_svs_55mfd_275v,25JM 055,,0.0,0.0,0.0,,,,
product_product_id_137662,25JM CJ-TOC04,1,Jinasena_MasterData_Stock.product_template_thermal_circuit_breaker_for_10cj_020s_0_,25JM CJ-TOC04,,0.0,0.0,0.0,,,,
product_product_id_137861,25JM CJ-TOC04,1,Jinasena_MasterData_Stock.product_template_thermal_circuit_breaker_for_10cj_020s_0__336132,25JM CJ-TOC04,,0.0,0.0,0.0,,,,
product_product_id_132226,25JM EJ110,1,Jinasena_MasterData_Stock.product_template_capacitor_20mf,25JM EJ110,,0.0,0.0,0.0,,,,
product_product_id_137862,25JM L17-15S,1,Jinasena_MasterData_Stock.product_template_st_switch_chinese_l17_15_spring,25JM L17-15S,,0.0,0.0,0.0,,,,
product_product_id_132228,25JM TOC-B,1,Jinasena_MasterData_Stock.product_template_toc_b_nr115_hms103,25JM TOC-B,,0.0,0.0,0.0,,,,
product_product_id_137863,25JM TOC-C,1,Jinasena_MasterData_Stock.product_template_toc_c_h140_m200_150_1_pcs,25JM TOC-C,,0.0,0.0,0.0,,,,
product_product_id_132229,25JM TOC-E,1,Jinasena_MasterData_Stock.product_template_toc_e_nr100,25JM TOC-E,,0.0,0.0,0.0,,,,
product_product_id_132230,25JM TOC-F,1,Jinasena_MasterData_Stock.product_template_toc_f_dm100_hms104_m140_l200,25JM TOC-F,,0.0,0.0,0.0,,,,
product_product_id_132231,25JM TOC-P,1,Jinasena_MasterData_Stock.product_template_toc_p_n100_nr105_svs200,25JM TOC-P,,0.0,0.0,0.0,,,,
product_product_id_132232,25JM TOC-U,1,Jinasena_MasterData_Stock.product_template_toc_u_n110_nr110_hms102,25JM TOC-U,,0.0,0.0,0.0,,,,
product_product_id_132227,25JM TOC16,1,Jinasena_MasterData_Stock.product_template_thermal_circuit_breakers_for_3_hp_230v_5,25JM TOC16,,0.0,0.0,0.0,,,,
product_product_id_132233,25JR EJ110C,1,Jinasena_MasterData_Stock.product_template_rotor_with_shaft,25JR EJ110C,,0.0,0.0,0.0,,,,
product_product_id_132234,25JS EJ110C,1,Jinasena_MasterData_Stock.product_template_stator_with_terminal_ej110,25JS EJ110C,,0.0,0.0,0.0,,,,
product_product_id_137663,25LNP 10665,1,Jinasena_MasterData_Stock.product_template_lamipack_p106_3_4hp_65mm,25LNP 10665,,0.0,0.0,0.0,,,,
product_product_id_137664,25RNP 10665,1,Jinasena_MasterData_Stock.product_template_rotor_p1063_4hp_65mm,25RNP 10665,,0.0,0.0,0.0,,,,
product_product_id_132235,26AG 006,1,Jinasena_MasterData_Stock.product_template_fan_cover_329162,26AG 006,,0.0,0.0,0.0,,,,
product_product_id_132236,26AG 011,1,Jinasena_MasterData_Stock.product_template_20_hp_fan_cover,26AG 011,,0.0,0.0,0.0,,,,
product_product_id_132237,26CB 12A,1,Jinasena_MasterData_Stock.product_template_bearing_housing_a,26CB 12A,,0.0,0.0,0.0,,,,
product_product_id_132238,26CB 12B,1,Jinasena_MasterData_Stock.product_template_bearing_housing_b,26CB 12B,,0.0,0.0,0.0,,,,
product_product_id_137665,26CB N110T/1N,1,Jinasena_MasterData_Stock.product_template_c_i_pump_body_n110t_1n_machining_complet,26CB N110T/1N,,0.0,0.0,0.0,,,,
product_product_id_137666,26CB N110T/1N-CL,1,Jinasena_MasterData_Stock.product_template_c_i_pump_body_n110t_1n_cleaned,26CB N110T/1N-CL,,0.0,0.0,0.0,,,,
product_product_id_137667,26CB N110T/1N-GP,1,Jinasena_MasterData_Stock.product_template_c_i_pump_body_n110t_1n_gold_painted,26CB N110T/1N-GP,,0.0,0.0,0.0,,,,
product_product_id_137668,26CB N110T/1N-PP,1,Jinasena_MasterData_Stock.product_template_c_i_pump_body_n110t_1n_primer_painted,26CB N110T/1N-PP,,0.0,0.0,0.0,,,,
product_product_id_132239,26CB RSC1,1,Jinasena_MasterData_Stock.product_template_bearing_housing_for_straw_cutter,26CB RSC1,,0.0,0.0,0.0,,,,
product_product_id_132240,26CE NR110,1,Jinasena_MasterData_Stock.product_template_c_i_motor_end_cover_nr110,26CE NR110,,0.0,0.0,0.0,,,,
product_product_id_132241,26CH 001,1,Jinasena_MasterData_Stock.product_template_bearing_housing_for_mini_corn_thresher,26CH 001,,0.0,0.0,0.0,,,,
product_product_id_132242,26CH 002,1,Jinasena_MasterData_Stock.product_template_bearing_housing_th1_t,26CH 002,,0.0,0.0,0.0,,,,
product_product_id_132243,26CH 12C,1,Jinasena_MasterData_Stock.product_template_clutch_housing,26CH 12C,,0.0,0.0,0.0,,,,
product_product_id_132244,26CP 001,1,Jinasena_MasterData_Stock.product_template_ci_tension_pulley_for_jmc8d,26CP 001,,0.0,0.0,0.0,,,,
product_product_id_132245,26CP 002,1,Jinasena_MasterData_Stock.product_template_fan_pulley_ci_th1_t_mmc75,26CP 002,,0.0,0.0,0.0,,,,
product_product_id_132246,26CP 003-T,1,Jinasena_MasterData_Stock.product_template_ci_tension_pulley_for_aht_8,26CP 003-T,,0.0,0.0,0.0,,,,
product_product_id_132247,26CP 012,1,Jinasena_MasterData_Stock.product_template_drum_pulley_300mm,26CP 012,,0.0,0.0,0.0,,,,
product_product_id_132248,26CP 013,1,Jinasena_MasterData_Stock.product_template_drum_pulley_th7_20_1_400,26CP 013,,0.0,0.0,0.0,,,,
product_product_id_132249,26CP 014,1,Jinasena_MasterData_Stock.product_template_drum_pulley_double_400mm,26CP 014,,0.0,0.0,0.0,,,,
product_product_id_132250,26CP 015-D,1,Jinasena_MasterData_Stock.product_template_drum_pulley_th1_20_1_400_narrow,26CP 015-D,,0.0,0.0,0.0,,,,
product_product_id_132251,26CP 015-LP,1,Jinasena_MasterData_Stock.product_template_drum_pulley_400mm_16x1b_local_purchase,26CP 015-LP,,0.0,0.0,0.0,,,,
product_product_id_132252,26CP 016,1,Jinasena_MasterData_Stock.product_template_drum_pulley_2g_300_200mm_fmrc,26CP 016,,0.0,0.0,0.0,,,,
product_product_id_132253,26CP 017,1,Jinasena_MasterData_Stock.product_template_drum_pulley_200_1mm_fmrc_cone_ther,26CP 017,,0.0,0.0,0.0,,,,
product_product_id_132254,26CP 018,1,Jinasena_MasterData_Stock.product_template_bdj300_10_motor_pulley,26CP 018,,0.0,0.0,0.0,,,,
product_product_id_132255,26CP 019,1,Jinasena_MasterData_Stock.product_template_bdj300_15_motor_pulley,26CP 019,,0.0,0.0,0.0,,,,
product_product_id_132256,26CP 020,1,Jinasena_MasterData_Stock.product_template_c_i_drum_pulley_for_jsh_3hp_multichopper,26CP 020,,0.0,0.0,0.0,,,,
product_product_id_132257,26CP 043RR-P,1,Jinasena_MasterData_Stock.product_template_c_i_cylinder_rubber_roller_plain,26CP 043RR-P,,0.0,0.0,0.0,,,,
product_product_id_132258,26CP 043RR-T,1,Jinasena_MasterData_Stock.product_template_c_i_cylinder_rubber_roller_tread,26CP 043RR-T,,0.0,0.0,0.0,,,,
product_product_id_132259,26CP 048-RR,1,Jinasena_MasterData_Stock.product_template_c_i_rachet_handle_for_r_roller_m,26CP 048-RR,,0.0,0.0,0.0,,,,
product_product_id_132260,26CP 049RR-A,1,Jinasena_MasterData_Stock.product_template_c_i_side_frame_a,26CP 049RR-A,,0.0,0.0,0.0,,,,
product_product_id_132261,26CP 050RR-B,1,Jinasena_MasterData_Stock.product_template_c_i_side_frame_b,26CP 050RR-B,,0.0,0.0,0.0,,,,
product_product_id_132262,26CP 051-RR,1,Jinasena_MasterData_Stock.product_template_c_i_bearing_block,26CP 051-RR,,0.0,0.0,0.0,,,,
product_product_id_132263,26CP 052-RR,1,Jinasena_MasterData_Stock.product_template_c_i_top_bracket_for_rb_rolling,26CP 052-RR,,0.0,0.0,0.0,,,,
product_product_id_132264,26CP 053-RR,1,Jinasena_MasterData_Stock.product_template_c_i_excentric_wheel_for_rb_rolli,26CP 053-RR,,0.0,0.0,0.0,,,,
product_product_id_132265,26CP 061-RR-D,1,Jinasena_MasterData_Stock.product_template_c_i_roller_diamond,26CP 061-RR-D,,0.0,0.0,0.0,,,,
product_product_id_132266,26CP 062-RR,1,Jinasena_MasterData_Stock.product_template_c_i_side_plate_left,26CP 062-RR,,0.0,0.0,0.0,,,,
product_product_id_132267,26CP 063-RR,1,Jinasena_MasterData_Stock.product_template_c_i_side_plate_right,26CP 063-RR,,0.0,0.0,0.0,,,,
product_product_id_132268,26CP 064-RR,1,Jinasena_MasterData_Stock.product_template_c_i_top_bracket,26CP 064-RR,,0.0,0.0,0.0,,,,
product_product_id_132269,26CP 065-RR,1,Jinasena_MasterData_Stock.product_template_c_i_bottom_bracket,26CP 065-RR,,0.0,0.0,0.0,,,,
product_product_id_132270,26CP 066-RR,1,Jinasena_MasterData_Stock.product_template_c_i_beval_wheel,26CP 066-RR,,0.0,0.0,0.0,,,,
product_product_id_132271,26CP 067-RR,1,Jinasena_MasterData_Stock.product_template_c_i_spur_wheel_idling,26CP 067-RR,,0.0,0.0,0.0,,,,
product_product_id_132272,26CP 069-RR,1,Jinasena_MasterData_Stock.product_template_c_i_spur_wheel_for_rollers,26CP 069-RR,,0.0,0.0,0.0,,,,
product_product_id_132273,26CP 070-RR,1,Jinasena_MasterData_Stock.product_template_bronze_half_bush,26CP 070-RR,,0.0,0.0,0.0,,,,
product_product_id_132274,26CP 071-RR,1,Jinasena_MasterData_Stock.product_template_c_i_roller_adjusting_wheel_200mm,26CP 071-RR,,0.0,0.0,0.0,,,,
product_product_id_132275,26CP 072-RR,1,Jinasena_MasterData_Stock.product_template_c_i_driving_wheel,26CP 072-RR,,0.0,0.0,0.0,,,,
product_product_id_132276,26CP 073-RR,1,Jinasena_MasterData_Stock.product_template_c_i_driving_spur_wheel,26CP 073-RR,,0.0,0.0,0.0,,,,
product_product_id_132277,26CP 074-RR,1,Jinasena_MasterData_Stock.product_template_c_i_driven_wrm_wheel,26CP 074-RR,,0.0,0.0,0.0,,,,
product_product_id_132278,26CP 075-RR,1,Jinasena_MasterData_Stock.product_template_c_i_top_rollers_lifting_liners,26CP 075-RR,,0.0,0.0,0.0,,,,
product_product_id_132279,26CP 076-RR,1,Jinasena_MasterData_Stock.product_template_bronze_bush_38mm,26CP 076-RR,,0.0,0.0,0.0,,,,
product_product_id_132280,26CP 105-1G,1,Jinasena_MasterData_Stock.product_template_cast_iron_pulley_105_1g,26CP 105-1G,,0.0,0.0,0.0,,,,
product_product_id_132281,26CP 105-28,1,Jinasena_MasterData_Stock.product_template_c_i_pulley_105_28mm_seaver,26CP 105-28,,0.0,0.0,0.0,,,,
product_product_id_132282,26CP 115-3G,1,Jinasena_MasterData_Stock.product_template_c_i_drum_pully_115_3g,26CP 115-3G,,0.0,0.0,0.0,,,,
product_product_id_132283,26CP 12A,1,Jinasena_MasterData_Stock.product_template_pulley_a,26CP 12A,,0.0,0.0,0.0,,,,
product_product_id_132284,26CP 12BA,1,Jinasena_MasterData_Stock.product_template_pulley_ba,26CP 12BA,,0.0,0.0,0.0,,,,
product_product_id_132285,26CP 12CA,1,Jinasena_MasterData_Stock.product_template_pulley_ca,26CP 12CA,,0.0,0.0,0.0,,,,
product_product_id_132286,26CP 12D,1,Jinasena_MasterData_Stock.product_template_pulley_d_for_reaper,26CP 12D,,0.0,0.0,0.0,,,,
product_product_id_132287,26CP 12E,1,Jinasena_MasterData_Stock.product_template_pulley_e,26CP 12E,,0.0,0.0,0.0,,,,
product_product_id_132288,26CP 12ST,1,Jinasena_MasterData_Stock.product_template_reaper_pulley_st,26CP 12ST,,0.0,0.0,0.0,,,,
product_product_id_132289,26CP 12TA,1,Jinasena_MasterData_Stock.product_template_pulley_tension_ta,26CP 12TA,,0.0,0.0,0.0,,,,
product_product_id_132290,26CP 130-3G,1,Jinasena_MasterData_Stock.product_template_cast_iron_pullley_130x3g,26CP 130-3G,,0.0,0.0,0.0,,,,
product_product_id_132291,26CP 150-1G,1,Jinasena_MasterData_Stock.product_template_cast_iron_pulley_150_1g,26CP 150-1G,,0.0,0.0,0.0,,,,
product_product_id_132292,26CP 175-3G,1,Jinasena_MasterData_Stock.product_template_cast_iron_pullley_175x3g,26CP 175-3G,,0.0,0.0,0.0,,,,
product_product_id_132293,26CP 1G/125,1,Jinasena_MasterData_Stock.product_template_cast_iron_pulley_125_15mm,26CP 1G/125,,0.0,0.0,0.0,,,,
product_product_id_132294,26CP 2-0,1,Jinasena_MasterData_Stock.product_template_c_i_bar_2,26CP 2-0,,0.0,0.0,0.0,,,,
product_product_id_132296,26CP 215-2G,1,Jinasena_MasterData_Stock.product_template_c_i_reduction_pully_215m_2g,26CP 215-2G,,0.0,0.0,0.0,,,,
product_product_id_132295,26CP 215/115-5G,1,Jinasena_MasterData_Stock.product_template_c_i_top_pully_215x115x5_g,26CP 215/115-5G,,0.0,0.0,0.0,,,,
product_product_id_132297,26CP 24-36,1,Jinasena_MasterData_Stock.product_template_c_i_pulley_24x36mm_seaver_m_c,26CP 24-36,,0.0,0.0,0.0,,,,
product_product_id_132298,26CP 24-41,1,Jinasena_MasterData_Stock.product_template_c_i_pulley_24x41mm_seaver_m_c,26CP 24-41,,0.0,0.0,0.0,,,,
product_product_id_132300,26CP 2G-150 LP,1,Jinasena_MasterData_Stock.product_template_cast_iron_pulley_150_double_groved_b_typ,26CP 2G-150 LP,,0.0,0.0,0.0,,,,
product_product_id_132299,26CP 2G/125,1,Jinasena_MasterData_Stock.product_template_cast_iron_pulley_2g_125_22_35mm,26CP 2G/125,,0.0,0.0,0.0,,,,
product_product_id_132301,26CP 44-50,1,Jinasena_MasterData_Stock.product_template_c_i_pulley_44x50mm_seaver_m_c,26CP 44-50,,0.0,0.0,0.0,,,,
product_product_id_132302,26CP 450,1,Jinasena_MasterData_Stock.product_template_cast_iron_pulley_450_2g,26CP 450,,0.0,0.0,0.0,,,,
product_product_id_132303,26CP AHT12,1,Jinasena_MasterData_Stock.product_template_c_i_hub_for_aht12,26CP AHT12,,0.0,0.0,0.0,,,,
product_product_id_132304,26CP AHT12-01,1,Jinasena_MasterData_Stock.product_template_engine_pulley_for_aht12_3_135mm,26CP AHT12-01,,0.0,0.0,0.0,,,,
product_product_id_132305,26CP AHT4/5,1,Jinasena_MasterData_Stock.product_template_engine_pulley_5_h_p,26CP AHT4/5,,0.0,0.0,0.0,,,,
product_product_id_132306,26CP AHT8,1,Jinasena_MasterData_Stock.product_template_engine_pulley_aht8,26CP AHT8,,0.0,0.0,0.0,,,,
product_product_id_132307,26CP B/C,1,Jinasena_MasterData_Stock.product_template_base_bracket_al_mini_m_chopper_machined_,26CP B/C,,0.0,0.0,0.0,,,,
product_product_id_132308,26CP BC/T,1,Jinasena_MasterData_Stock.product_template_idler_pulley_for_ey28_b_cutter,26CP BC/T,,0.0,0.0,0.0,,,,
product_product_id_132309,26CP BC1,1,Jinasena_MasterData_Stock.product_template_idler_fulley_bush_cutter,26CP BC1,,0.0,0.0,0.0,,,,
product_product_id_132310,26CP BC2,1,Jinasena_MasterData_Stock.product_template_engine_pulley_for_bush_cutt_ey28,26CP BC2,,0.0,0.0,0.0,,,,
product_product_id_132312,26CP BD-3WH,1,Jinasena_MasterData_Stock.product_template_brake_drume_for_3wheel,26CP BD-3WH,,0.0,0.0,0.0,,,,
product_product_id_132311,26CP BD/TR1.0,1,Jinasena_MasterData_Stock.product_template_c_i_brake_drum_for_trailer,26CP BD/TR1.0,,0.0,0.0,0.0,,,,
product_product_id_132313,26CP BS/TR1.0,1,Jinasena_MasterData_Stock.product_template_brake_shoe_for_trailer,26CP BS/TR1.0,,0.0,0.0,0.0,,,,
product_product_id_132314,26CP GT01,1,Jinasena_MasterData_Stock.product_template_c_i_pulley_slasher_b_cutter_gt8,26CP GT01,,0.0,0.0,0.0,,,,
product_product_id_132315,26CP GW-116T,1,Jinasena_MasterData_Stock.product_template_c_i_gear_wheel_116t_370mm_329242,26CP GW-116T,,0.0,0.0,0.0,,,,
product_product_id_132316,26CP GW-20T,1,Jinasena_MasterData_Stock.product_template_c_i_gear_wheel_t20_70mm,26CP GW-20T,,0.0,0.0,0.0,,,,
product_product_id_132323,26CP JET-GB,1,Jinasena_MasterData_Stock.product_template_jet5_gear_box_parts,26CP JET-GB,,0.0,0.0,0.0,,,,
product_product_id_132318,26CP JET5-01,1,Jinasena_MasterData_Stock.product_template_jet5_steering_pork_housing,26CP JET5-01,,0.0,0.0,0.0,,,,
product_product_id_132319,26CP JET5-02,1,Jinasena_MasterData_Stock.product_template_engine_mount_for_jet_5_engine,26CP JET5-02,,0.0,0.0,0.0,,,,
product_product_id_132317,26CP JET5/102,1,Jinasena_MasterData_Stock.product_template_engine_pulley_for_jet5_102mm,26CP JET5/102,,0.0,0.0,0.0,,,,
product_product_id_132320,26CP JET6/PTO,1,Jinasena_MasterData_Stock.product_template_c_i_pully_for_att_kit_reaper,26CP JET6/PTO,,0.0,0.0,0.0,,,,
product_product_id_132321,26CP JET7-N,1,Jinasena_MasterData_Stock.product_template_jet_7_pulley_new_2_127mm,26CP JET7-N,,0.0,0.0,0.0,,,,
product_product_id_132322,26CP JET7-S/3,1,Jinasena_MasterData_Stock.product_template_engine_pulley_jet7_3sp_swan,26CP JET7-S/3,,0.0,0.0,0.0,,,,
product_product_id_132324,26CP MC-02,1,Jinasena_MasterData_Stock.product_template_drum_eng_motr_puly_112_25_10,26CP MC-02,,0.0,0.0,0.0,,,,
product_product_id_132325,26CP MC-03,1,Jinasena_MasterData_Stock.product_template_drum_pulley_135_25,26CP MC-03,,0.0,0.0,0.0,,,,
product_product_id_132326,26CP MC115-3,1,Jinasena_MasterData_Stock.product_template_motor_pulley_m_c_115_3,26CP MC115-3,,0.0,0.0,0.0,,,,
product_product_id_132327,26CP MC2G,1,Jinasena_MasterData_Stock.product_template_drum_engine_pulley_76_25,26CP MC2G,,0.0,0.0,0.0,,,,
product_product_id_132328,26CP MC85-3,1,Jinasena_MasterData_Stock.product_template_drum_engine_pulley_m_c_85_3,26CP MC85-3,,0.0,0.0,0.0,,,,
product_product_id_132329,26CP MCT-01,1,Jinasena_MasterData_Stock.product_template_castiron_pully_100_x_1g,26CP MCT-01,,0.0,0.0,0.0,,,,
product_product_id_132331,26CP MG-1,1,Jinasena_MasterData_Stock.product_template_motor_foat_mini_multy_grinder,26CP MG-1,,0.0,0.0,0.0,,,,
product_product_id_132330,26CP MG1,1,Jinasena_MasterData_Stock.product_template_al_motor_base_for_multi_grinder,26CP MG1,,0.0,0.0,0.0,,,,
product_product_id_132332,26CP MG2,1,Jinasena_MasterData_Stock.product_template_al_cover_hopper_side_mg75_ms,26CP MG2,,0.0,0.0,0.0,,,,
product_product_id_132333,26CP MG3,1,Jinasena_MasterData_Stock.product_template_al_cover_back_side_mg75_ms,26CP MG3,,0.0,0.0,0.0,,,,
product_product_id_132334,26CP MTH200/G1,1,Jinasena_MasterData_Stock.product_template_c_i_pulley_200mm_1g_for_mth_t_fm,26CP MTH200/G1,,0.0,0.0,0.0,,,,
product_product_id_132339,26CP PT-300LP,1,Jinasena_MasterData_Stock.product_template_c_i_pulley_300mm_12x1b_local_purchase,26CP PT-300LP,,0.0,0.0,0.0,,,,
product_product_id_132340,26CP PT-75LP,1,Jinasena_MasterData_Stock.product_template_c_i_pulley_75mm_3x1b_local_purchase,26CP PT-75LP,,0.0,0.0,0.0,,,,
product_product_id_132335,26CP PT/150,1,Jinasena_MasterData_Stock.product_template_150mm_pulley_p_th_engine_type,26CP PT/150,,0.0,0.0,0.0,,,,
product_product_id_132336,26CP PT/300,1,Jinasena_MasterData_Stock.product_template_300mm_pulley_for_pepper_thresher,26CP PT/300,,0.0,0.0,0.0,,,,
product_product_id_132337,26CP PT/70,1,Jinasena_MasterData_Stock.product_template_70mm_pulley_for_p_th_motor_type,26CP PT/70,,0.0,0.0,0.0,,,,
product_product_id_132338,26CP PT/75,1,Jinasena_MasterData_Stock.product_template_75mm_pulley_for_p_th_motor_type,26CP PT/75,,0.0,0.0,0.0,,,,
product_product_id_132341,26CP PTO/125,1,Jinasena_MasterData_Stock.product_template_pto_pulley_for_agrimec,26CP PTO/125,,0.0,0.0,0.0,,,,
product_product_id_132342,26CP RED-3WH,1,Jinasena_MasterData_Stock.product_template_red_pully_for_3wheel,26CP RED-3WH,,0.0,0.0,0.0,,,,
product_product_id_132343,26CP RMT4-01,1,Jinasena_MasterData_Stock.product_template_engine_pulley_for_r_master,26CP RMT4-01,,0.0,0.0,0.0,,,,
product_product_id_132344,26CP RMT4-02,1,Jinasena_MasterData_Stock.product_template_gear_box_cover_for_roto_master,26CP RMT4-02,,0.0,0.0,0.0,,,,
product_product_id_132345,26CP RMT4-03,1,Jinasena_MasterData_Stock.product_template_pulley_for_roto_master_300_1_mm,26CP RMT4-03,,0.0,0.0,0.0,,,,
product_product_id_132346,26CP RMT4-04,1,Jinasena_MasterData_Stock.product_template_al_tension_pulley_for_rmt4,26CP RMT4-04,,0.0,0.0,0.0,,,,
product_product_id_132347,26CP RMT4-05,1,Jinasena_MasterData_Stock.product_template_oil_seal_housing_for_rmt4,26CP RMT4-05,,0.0,0.0,0.0,,,,
product_product_id_132348,26CP RSC-01,1,Jinasena_MasterData_Stock.product_template_motor_pulley_75mm_straw_cutter,26CP RSC-01,,0.0,0.0,0.0,,,,
product_product_id_132349,26CP RSC-02,1,Jinasena_MasterData_Stock.product_template_65mm_pulley_straw_cutter_eng_dru,26CP RSC-02,,0.0,0.0,0.0,,,,
product_product_id_132350,26CP RSC-F1,1,Jinasena_MasterData_Stock.product_template_feeding_roll_grooved,26CP RSC-F1,,0.0,0.0,0.0,,,,
product_product_id_132351,26CP RSC-F2,1,Jinasena_MasterData_Stock.product_template_feeding_roll_waved,26CP RSC-F2,,0.0,0.0,0.0,,,,
product_product_id_132352,26CP SCV-R6,1,Jinasena_MasterData_Stock.product_template_c_i_roller_6_for_seaver,26CP SCV-R6,,0.0,0.0,0.0,,,,
product_product_id_132353,26CP T/C,1,Jinasena_MasterData_Stock.product_template_m_m_chopp_top_cover_bottom_brac_machined,26CP T/C,,0.0,0.0,0.0,,,,
product_product_id_132354,26CP T195-050041,1,Jinasena_MasterData_Stock.product_template_fly_wheel_t195_050041,26CP T195-050041,,0.0,0.0,0.0,,,,
product_product_id_132355,26CP TCM-01,1,Jinasena_MasterData_Stock.product_template_c_i_motor_pulley_113x65mm_tcm,26CP TCM-01,,0.0,0.0,0.0,,,,
product_product_id_132356,26CP TCM-02,1,Jinasena_MasterData_Stock.product_template_c_i_motor_pulley_3_180mm_for_tea_cutter,26CP TCM-02,,0.0,0.0,0.0,,,,
product_product_id_132357,26CP TCM-RED,1,Jinasena_MasterData_Stock.product_template_reduction_pulley_for_tea_cutter,26CP TCM-RED,,0.0,0.0,0.0,,,,
product_product_id_132358,26CP TCM-ST,1,Jinasena_MasterData_Stock.product_template_c_i_step_pulley_118_83_3_tcm,26CP TCM-ST,,0.0,0.0,0.0,,,,
product_product_id_132359,26CP TH6-28,1,Jinasena_MasterData_Stock.product_template_c_i_pully_engine_for_th6_28,26CP TH6-28,,0.0,0.0,0.0,,,,
product_product_id_132360,26CP TH6-TK,1,Jinasena_MasterData_Stock.product_template_drum_pulley_3_300mm_for_th6_tk,26CP TH6-TK,,0.0,0.0,0.0,,,,
product_product_id_132361,26CP TH7-20,1,Jinasena_MasterData_Stock.product_template_engine_pulley_th7_20_th1_20,26CP TH7-20,,0.0,0.0,0.0,,,,
product_product_id_132362,26CP TH7-TA/TK,1,Jinasena_MasterData_Stock.product_template_drum_pulley_th1_t_2g_300_400,26CP TH7-TA/TK,,0.0,0.0,0.0,,,,
product_product_id_132363,26CP WA-17,1,Jinasena_MasterData_Stock.product_template_c_i_gear_wheel_a_17,26CP WA-17,,0.0,0.0,0.0,,,,
product_product_id_132364,26CP WB-20,1,Jinasena_MasterData_Stock.product_template_c_i_gear_wheel_b_20t,26CP WB-20,,0.0,0.0,0.0,,,,
product_product_id_132365,26CP WC-20,1,Jinasena_MasterData_Stock.product_template_c_i_gear_wheel_c_20t,26CP WC-20,,0.0,0.0,0.0,,,,
product_product_id_132366,26CP WDU-01,1,Jinasena_MasterData_Stock.product_template_drum_pulley_200_2mm,26CP WDU-01,,0.0,0.0,0.0,,,,
product_product_id_132367,26CP WDU-02,1,Jinasena_MasterData_Stock.product_template_al_oil_seal_cover_for_wdu_10,26CP WDU-02,,0.0,0.0,0.0,,,,
product_product_id_132368,26CP WG-116T,1,Jinasena_MasterData_Stock.product_template_c_i_gear_wheel_116t_370mm,26CP WG-116T,,0.0,0.0,0.0,,,,
product_product_id_137669,26CV 0041,1,Jinasena_MasterData_Stock.product_template_n110_1_volute_casing_ci_machining_comple,26CV 0041,,0.0,0.0,0.0,,,,
product_product_id_137670,26CV 0041-GP,1,Jinasena_MasterData_Stock.product_template_n110_1_volute_casing_ci_gold_painted,26CV 0041-GP,,0.0,0.0,0.0,,,,
product_product_id_132369,26EC EJ110,1,Jinasena_MasterData_Stock.product_template_rear_end_shield_ej110,26EC EJ110,,0.0,0.0,0.0,,,,
product_product_id_137671,26EC N110T/1N,1,Jinasena_MasterData_Stock.product_template_c_i_end_cover_n110t_1n_machining_complet,26EC N110T/1N,,0.0,0.0,0.0,,,,
product_product_id_137672,26EC N110T/1N-CL,1,Jinasena_MasterData_Stock.product_template_c_i_end_cover_n110t_1n_cleaned,26EC N110T/1N-CL,,0.0,0.0,0.0,,,,
product_product_id_137674,26EC N110T/1N-PP,1,Jinasena_MasterData_Stock.product_template_c_i_end_cover_n110t_1n_primer_painted,26EC N110T/1N-PP,,0.0,0.0,0.0,,,,
product_product_id_132370,26RO 016,1,Jinasena_MasterData_Stock.product_template_collar_clutch_assembly,26RO 016,,0.0,0.0,0.0,,,,
product_product_id_132371,26RP 002,1,Jinasena_MasterData_Stock.product_template_ci_balancing_weight_10kg,26RP 002,,0.0,0.0,0.0,,,,
product_product_id_132372,26RP 003,1,Jinasena_MasterData_Stock.product_template_ci_balancing_weight_5kg,26RP 003,,0.0,0.0,0.0,,,,
product_product_id_132373,27PM  015,1,Jinasena_MasterData_Stock.product_template_electric_motor_5_5hp_2pole_3ph,27PM  015,,0.0,0.0,0.0,,,,
product_product_id_132374,27PM 0050401,1,Jinasena_MasterData_Stock.product_template_sale_motor_0_5_4_1,27PM 0050401,,0.0,0.0,0.0,,,,
product_product_id_132375,27PM 014,1,Jinasena_MasterData_Stock.product_template_robin_ey28dk_engine,27PM 014,,0.0,0.0,0.0,,,,
product_product_id_132376,27PM 024,1,Jinasena_MasterData_Stock.product_template_robin_ey20dk_engine_paralell,27PM 024,,0.0,0.0,0.0,,,,
product_product_id_132377,27PM 026,1,Jinasena_MasterData_Stock.product_template_yanmar_ls60_a_5_5hp_1800rpm,27PM 026,,0.0,0.0,0.0,,,,
product_product_id_132378,27PM 034,1,Jinasena_MasterData_Stock.product_template_robin_ey20dkp_pump_shaft_engine,27PM 034,,0.0,0.0,0.0,,,,
product_product_id_132379,27PM 050-1/30,1,Jinasena_MasterData_Stock.product_template_motor_w_gear_speed_0_5hp_4p_1_30,27PM 050-1/30,,0.0,0.0,0.0,,,,
product_product_id_132380,27PM 100-1/25,1,Jinasena_MasterData_Stock.product_template_motor_w_gear_speed_1hp_3ph_4pole,27PM 100-1/25,,0.0,0.0,0.0,,,,
product_product_id_132381,27PM 150-1/30,1,Jinasena_MasterData_Stock.product_template_motor_w_gear_speed_1_5hp_3ph_4pole_1_30,27PM 150-1/30,,0.0,0.0,0.0,,,,
product_product_id_132382,27PM 200-1/30,1,Jinasena_MasterData_Stock.product_template_motor_w_gear_speed_2hp_3ph_4pole,27PM 200-1/30,,0.0,0.0,0.0,,,,
product_product_id_132383,27PM 200-1/50,1,Jinasena_MasterData_Stock.product_template_motor_w_gear_speed_2hp_3ph_2pole,27PM 200-1/50,,0.0,0.0,0.0,,,,
product_product_id_132384,27PM 2350,1,Jinasena_MasterData_Stock.product_template_dust_collector_2_2kw_2350_cmh_2850_rpm,27PM 2350,,0.0,0.0,0.0,,,,
product_product_id_132385,27PM 250403,1,Jinasena_MasterData_Stock.product_template_elektrim_motor_25hp_4p_3ph,27PM 250403,,0.0,0.0,0.0,,,,
product_product_id_132387,27PM 300-1-25,1,Jinasena_MasterData_Stock.product_template_27pm_300_1_25,27PM 300-1-25,,0.0,0.0,0.0,,,,
product_product_id_132386,27PM 300-1/25,1,Jinasena_MasterData_Stock.product_template_motor_w_gear_speed_3hp_3ph_4pole_1_25,27PM 300-1/25,,0.0,0.0,0.0,,,,
product_product_id_132388,27PM 4HP,1,Jinasena_MasterData_Stock.product_template_disel_engine_4hp,27PM 4HP,,0.0,0.0,0.0,,,,
product_product_id_132389,27PM 7HP-C,1,Jinasena_MasterData_Stock.product_template_aht_7_engine_c_w_light,27PM 7HP-C,,0.0,0.0,0.0,,,,
product_product_id_132390,27PM AHT125-J,1,Jinasena_MasterData_Stock.product_template_tractor_assy_12hp_for_aht_125,27PM AHT125-J,,0.0,0.0,0.0,,,,
product_product_id_132391,27PM ELGI5,1,Jinasena_MasterData_Stock.product_template_elgi_diesel_engine_5hp_th7_20,27PM ELGI5,,0.0,0.0,0.0,,,,
product_product_id_132392,27PM ELGI8,1,Jinasena_MasterData_Stock.product_template_elgi_diesel_engine_8hp_jmc8d,27PM ELGI8,,0.0,0.0,0.0,,,,
product_product_id_132393,27PM EY20BK,1,Jinasena_MasterData_Stock.product_template_robin_engine_ey20bk,27PM EY20BK,,0.0,0.0,0.0,,,,
product_product_id_132394,27PM JD185NL,1,Jinasena_MasterData_Stock.product_template_diesel_engine_8hp,27PM JD185NL,,0.0,0.0,0.0,,,,
product_product_id_132395,27PM JD190NL,1,Jinasena_MasterData_Stock.product_template_diesel_engine_10hp,27PM JD190NL,,0.0,0.0,0.0,,,,
product_product_id_132396,27PM JET5COM,1,Jinasena_MasterData_Stock.product_template_imp_complete_jet5_tractor_unit,27PM JET5COM,,0.0,0.0,0.0,,,,
product_product_id_132397,27PM LJ20,1,Jinasena_MasterData_Stock.product_template_ey20kp_petrol_kerosene_pump_shaft_engine,27PM LJ20,,0.0,0.0,0.0,,,,
product_product_id_132398,27PM MK12,1,Jinasena_MasterData_Stock.product_template_engine_1_5hp_tusker_nk120,27PM MK12,,0.0,0.0,0.0,,,,
product_product_id_132399,27PM N1101,1,Jinasena_MasterData_Stock.product_template_pump_motor_n1101_3_4_2_1,27PM N1101,,0.0,0.0,0.0,,,,
product_product_id_137675,27PM N1101N,1,Jinasena_MasterData_Stock.product_template_pump_motor_n110t_1n_3_4_2_1,27PM N1101N,,0.0,0.0,0.0,,,,
product_product_id_132400,27PM NR120/1,1,Jinasena_MasterData_Stock.product_template_pump_motor_nr120_1,27PM NR120/1,,0.0,0.0,0.0,,,,
product_product_id_132401,27PM R175F,1,Jinasena_MasterData_Stock.product_template_6hp_diesel_engine_r175f_w_cool,27PM R175F,,0.0,0.0,0.0,,,,
product_product_id_132402,27PM R185,1,Jinasena_MasterData_Stock.product_template_diesel_engine_8hp_r185_w_o_hl,27PM R185,,0.0,0.0,0.0,,,,
product_product_id_132403,27PM R190H,1,Jinasena_MasterData_Stock.product_template_chanfa_engine_rz190h_10h,27PM R190H,,0.0,0.0,0.0,,,,
product_product_id_132404,27PM S195,1,Jinasena_MasterData_Stock.product_template_diesel_engine_12hp_radiator_type_s195n,27PM S195,,0.0,0.0,0.0,,,,
product_product_id_132405,27PM TF70IND,1,Jinasena_MasterData_Stock.product_template_model_tf70,27PM TF70IND,,0.0,0.0,0.0,,,,
product_product_id_132406,27PM X170F,1,Jinasena_MasterData_Stock.product_template_5hp_jet5_engine_with_light,27PM X170F,,0.0,0.0,0.0,,,,
product_product_id_132407,27PM X170F-1,1,Jinasena_MasterData_Stock.product_template_5hp_jet5_engine_without_light,27PM X170F-1,,0.0,0.0,0.0,,,,
product_product_id_132408,27PM ZS1100,1,Jinasena_MasterData_Stock.product_template_swan_power_diesel_engine_zs_1100_16_hp,27PM ZS1100,,0.0,0.0,0.0,,,,
product_product_id_132409,27PM ZS1115,1,Jinasena_MasterData_Stock.product_template_swarn_power_diesel_engine_24_hp,27PM ZS1115,,0.0,0.0,0.0,,,,
product_product_id_132410,282 15001 01,1,Jinasena_MasterData_Stock.product_template_gasket_head_pet3,282 15001 01,,0.0,0.0,0.0,,,,
product_product_id_132411,282 50211 00,1,Jinasena_MasterData_Stock.product_template_recoil_starter_assy,282 50211 00,,0.0,0.0,0.0,,,,
product_product_id_132412,28PL 001,1,Jinasena_MasterData_Stock.product_template_breake_oil_can_500ml_trailer,28PL 001,,0.0,0.0,0.0,,,,
product_product_id_132413,28PL 002,1,Jinasena_MasterData_Stock.product_template_dulux_gp_paint_white_lt,28PL 002,,0.0,0.0,0.0,,,,
product_product_id_132414,28PL 003,1,Jinasena_MasterData_Stock.product_template_dulux_gp_paint_black_lt,28PL 003,,0.0,0.0,0.0,,,,
product_product_id_132415,28PL 004,1,Jinasena_MasterData_Stock.product_template_dulux_gp_paint_po_red_lt,28PL 004,,0.0,0.0,0.0,,,,
product_product_id_132416,28PL 005,1,Jinasena_MasterData_Stock.product_template_dulux_gp_paint_br_al_lt,,,0.0,0.0,0.0,,,,
product_product_id_132417,28PL 006,1,Jinasena_MasterData_Stock.product_template_dulux_gp_paint_s_green_lt,28PL 006,,0.0,0.0,0.0,,,,
product_product_id_132418,28PL 007,1,Jinasena_MasterData_Stock.product_template_radiator_coolent,28PL 007,,0.0,0.0,0.0,,,,
product_product_id_132419,28PL 008,1,Jinasena_MasterData_Stock.product_template_retarder_cauaseway,28PL 008,,0.0,0.0,0.0,,,,
product_product_id_132420,28PL 009,1,Jinasena_MasterData_Stock.product_template_sunny_catapilar_yellow,28PL 009,,0.0,0.0,0.0,,,,
product_product_id_132421,28PL 010,1,Jinasena_MasterData_Stock.product_template_toyota_light_olive,28PL 010,,0.0,0.0,0.0,,,,
product_product_id_132422,28PL 011,1,Jinasena_MasterData_Stock.product_template_auto_finish_white_causeway,28PL 011,,0.0,0.0,0.0,,,,
product_product_id_132423,28PL 012,1,Jinasena_MasterData_Stock.product_template_auto_finish_jet_black_causway,28PL 012,,0.0,0.0,0.0,,,,
product_product_id_132424,28PL 012C,1,Jinasena_MasterData_Stock.product_template_auto_finish_jet_black_causeway_3,28PL 012C,,0.0,0.0,0.0,,,,
product_product_id_132425,28PL 013,1,Jinasena_MasterData_Stock.product_template_auto_finish_aluminum_causeway,28PL 013,,0.0,0.0,0.0,,,,
product_product_id_132426,28PL 014,1,Jinasena_MasterData_Stock.product_template_jinasena_yellow_duco_cic,28PL 014,,0.0,0.0,0.0,,,,
product_product_id_137588,28PL 015,1,Jinasena_MasterData_Stock.product_template_duco_jinasena_gold_auto_fin,28PL 015,,0.0,0.0,0.0,,,,
product_product_id_132427,28PL 015,1,Jinasena_MasterData_Stock.product_template_jinasena_gray_tea_causeway,28PL 015,,0.0,0.0,0.0,,,,
product_product_id_132428,28PL 016,1,Jinasena_MasterData_Stock.product_template_auto_finish_p_o_red_causeway,28PL 016,,0.0,0.0,0.0,,,,
product_product_id_132429,28PL 017,1,Jinasena_MasterData_Stock.product_template_m_crome_princess_grey_duco_cic,28PL 017,,0.0,0.0,0.0,,,,
product_product_id_132430,28PL 018,1,Jinasena_MasterData_Stock.product_template_duco_acrylic_clear_coat_lt,28PL 018,,0.0,0.0,0.0,,,,
product_product_id_132431,28PL 019,1,Jinasena_MasterData_Stock.product_template_manderin_yellow_causeway,28PL 019,,0.0,0.0,0.0,,,,
product_product_id_132432,28PL 020,1,Jinasena_MasterData_Stock.product_template_lemon_green_causeway,28PL 020,,0.0,0.0,0.0,,,,
product_product_id_132433,28PL 021,1,Jinasena_MasterData_Stock.product_template_leaf_green_causeway,28PL 021,,0.0,0.0,0.0,,,,
product_product_id_132434,28PL 022,1,Jinasena_MasterData_Stock.product_template_sunny_catapilar_yelloy_causeway,28PL 022,,0.0,0.0,0.0,,,,
product_product_id_132435,28PL 023,1,Jinasena_MasterData_Stock.product_template_duco_oxford_blue,28PL 023,,0.0,0.0,0.0,,,,
product_product_id_132436,28PL 024,1,Jinasena_MasterData_Stock.product_template_signal_red_causeway,28PL 024,,0.0,0.0,0.0,,,,
product_product_id_132437,28PL 024C,1,Jinasena_MasterData_Stock.product_template_causeway_signal_red,28PL 024C,,0.0,0.0,0.0,,,,
product_product_id_132438,28PL 025,1,Jinasena_MasterData_Stock.product_template_auto_finish_signal_red_duco_cic,28PL 025,,0.0,0.0,0.0,,,,
product_product_id_132439,28PL 026,1,Jinasena_MasterData_Stock.product_template_thinner_causeway,28PL 026,,0.0,0.0,0.0,,,,
product_product_id_132440,28PL 027,1,Jinasena_MasterData_Stock.product_template_clear_laquer_duco_cic,28PL 027,,0.0,0.0,0.0,,,,
product_product_id_132441,28PL 028,1,Jinasena_MasterData_Stock.product_template_dulux_n_c_thinner_gp_lt_329368,28PL 028,,0.0,0.0,0.0,,,,
product_product_id_137589,28PL 028,1,Jinasena_MasterData_Stock.product_template_dulux_n_c_thinner_gp_lt,28PL 028,,0.0,0.0,0.0,,,,
product_product_id_132442,28PL 029,1,Jinasena_MasterData_Stock.product_template_black_primer_hi_build_causeway,28PL 029,,0.0,0.0,0.0,,,,
product_product_id_137590,28PL 029,1,Jinasena_MasterData_Stock.product_template_duco_nc_primer_brown,28PL 029,,0.0,0.0,0.0,,,,
product_product_id_132443,28PL 030,1,Jinasena_MasterData_Stock.product_template_red_primer_hi_build_causeway,28PL 030,,0.0,0.0,0.0,,,,
product_product_id_132444,28PL 031,1,Jinasena_MasterData_Stock.product_template_royal_ivory_causeway,28PL 031,,0.0,0.0,0.0,,,,
product_product_id_132445,28PL 032,1,Jinasena_MasterData_Stock.product_template_bitumen_paint,28PL 032,,0.0,0.0,0.0,,,,
product_product_id_132446,28PL 033,1,Jinasena_MasterData_Stock.product_template_kemikote_black_set,28PL 033,,0.0,0.0,0.0,,,,
product_product_id_132447,28PL 034,1,Jinasena_MasterData_Stock.product_template_duco_wash_primer_litre_6593,28PL 034,,0.0,0.0,0.0,,,,
product_product_id_132448,28PL 035,1,Jinasena_MasterData_Stock.product_template_golden_yellow_causeway,28PL 035,,0.0,0.0,0.0,,,,
product_product_id_132449,28PL 036,1,Jinasena_MasterData_Stock.product_template_duco_putty_grey_1200g_tin,28PL 036,,0.0,0.0,0.0,,,,
product_product_id_132450,28PL 037,1,Jinasena_MasterData_Stock.product_template_duco_matting_base_lt,28PL 037,,0.0,0.0,0.0,,,,
product_product_id_132451,28PL 038,1,Jinasena_MasterData_Stock.product_template_duco_filler_grey,28PL 038,,0.0,0.0,0.0,,,,
product_product_id_132452,28PL 039,1,Jinasena_MasterData_Stock.product_template_duco_af_amerzon_green,28PL 039,,0.0,0.0,0.0,,,,
product_product_id_132453,28PL 040,1,Jinasena_MasterData_Stock.product_template_motor_oil_castrol_diesel_40,28PL 040,,0.0,0.0,0.0,,,,
product_product_id_132454,28PL 040C,1,Jinasena_MasterData_Stock.product_template_paint_remover_causeway_1_4gl_tin,28PL 040C,,0.0,0.0,0.0,,,,
product_product_id_132455,28PL 041,1,Jinasena_MasterData_Stock.product_template_oil_primer_hi_build_causewa,28PL 041,,0.0,0.0,0.0,,,,
product_product_id_132456,28PL 041C,1,Jinasena_MasterData_Stock.product_template_oil_primer_hi_build_causeway,28PL 041C,,0.0,0.0,0.0,,,,
product_product_id_132457,28PL 042,1,Jinasena_MasterData_Stock.product_template_insulating_varnish_ultimeg_2000_380,28PL 042,,0.0,0.0,0.0,,,,
product_product_id_137452,28PL 042,1,Jinasena_MasterData_Stock.product_template_insulating_varnish_ultimeg_2000_380_335715,28PL 042,,0.0,0.0,0.0,,,,
product_product_id_132458,28PL 043,1,Jinasena_MasterData_Stock.product_template_duco_primer_activator_etch_329385,28PL 043,,0.0,0.0,0.0,,,,
product_product_id_137591,28PL 043,1,Jinasena_MasterData_Stock.product_template_duco_primer_activator_etch,28PL 043,,0.0,0.0,0.0,,,,
product_product_id_132459,28PL 044,1,Jinasena_MasterData_Stock.product_template_duco_primer_base_etch,28PL 044,,0.0,0.0,0.0,,,,
product_product_id_137592,28PL 044,1,Jinasena_MasterData_Stock.product_template_duco_primer_base_etch_335855,28PL 044,,0.0,0.0,0.0,,,,
product_product_id_132460,28PL 045,1,Jinasena_MasterData_Stock.product_template_nc_tea_macine_blue_causeway_329387,28PL 045,,0.0,0.0,0.0,,,,
product_product_id_132461,28PL 045C,1,Jinasena_MasterData_Stock.product_template_nc_tea_macine_blue_causeway,28PL 045C,,0.0,0.0,0.0,,,,
product_product_id_132462,28PL 046,1,Jinasena_MasterData_Stock.product_template_petrol_lt_329389,28PL 046,,0.0,0.0,0.0,,,,
product_product_id_137593,28PL 046,1,Jinasena_MasterData_Stock.product_template_petrol_lt,28PL 046,,0.0,0.0,0.0,,,,
product_product_id_132463,28PL 048,1,Jinasena_MasterData_Stock.product_template_diesel_auto,28PL 048,,0.0,0.0,0.0,,,,
product_product_id_132464,28PL 049,1,Jinasena_MasterData_Stock.product_template_kerosene_oil_lt,28PL 049,,0.0,0.0,0.0,,,,
product_product_id_132465,28PL 050,1,Jinasena_MasterData_Stock.product_template_lanka_brake_oil_500ml_can,28PL 050,,0.0,0.0,0.0,,,,
product_product_id_132466,28PL 055,1,Jinasena_MasterData_Stock.product_template_rubbing_compound,28PL 055,,0.0,0.0,0.0,,,,
product_product_id_132467,28PL 056,1,Jinasena_MasterData_Stock.product_template_lub_oil_hc_100_lt,28PL 056,,0.0,0.0,0.0,,,,
product_product_id_132468,28PL 057,1,Jinasena_MasterData_Stock.product_template_caltex_hc68_oil_hc68_p_362,28PL 057,,0.0,0.0,0.0,,,,
product_product_id_132469,28PL 058,1,Jinasena_MasterData_Stock.product_template_lub_oil_hc_500_lt,28PL 058,,0.0,0.0,0.0,,,,
product_product_id_132470,28PL 059,1,Jinasena_MasterData_Stock.product_template_lubricating_oil_super_ds,28PL 059,,0.0,0.0,0.0,,,,
product_product_id_132471,28PL 060,1,Jinasena_MasterData_Stock.product_template_lanka_super_plus_sae_40_p115,28PL 060,,0.0,0.0,0.0,,,,
product_product_id_132472,28PL 064,1,Jinasena_MasterData_Stock.product_template_cutting_oil_lt,28PL 064,,0.0,0.0,0.0,,,,
product_product_id_132473,28PL 068,1,Jinasena_MasterData_Stock.product_template_penetrating_oil_lt,28PL 068,,0.0,0.0,0.0,,,,
product_product_id_132474,28PL 073,1,Jinasena_MasterData_Stock.product_template_gear_oil_sae90,28PL 073,,0.0,0.0,0.0,,,,
product_product_id_137453,28PL 075,1,Jinasena_MasterData_Stock.product_template_grease_caltex_marfak_mp2_kg,28PL 075,,0.0,0.0,0.0,,,,
product_product_id_132475,28PL 075,1,Jinasena_MasterData_Stock.product_template_mobiltemp_grease_shc100,28PL 075,,0.0,0.0,0.0,,,,
product_product_id_132476,28PL 076,1,Jinasena_MasterData_Stock.product_template_grease_p183,28PL 076,,0.0,0.0,0.0,,,,
product_product_id_132477,28PL 084,1,Jinasena_MasterData_Stock.product_template_teepol_lt,28PL 084,,0.0,0.0,0.0,,,,
product_product_id_132478,28PL 086,1,Jinasena_MasterData_Stock.product_template_anticrrosive_black,28PL 086,,0.0,0.0,0.0,,,,
product_product_id_132479,28PL 100,1,Jinasena_MasterData_Stock.product_template_rock_paint_red,28PL 100,,0.0,0.0,0.0,,,,
product_product_id_132480,28PL 101,1,Jinasena_MasterData_Stock.product_template_seychelles_red_met_r64,28PL 101,,0.0,0.0,0.0,,,,
product_product_id_132481,28PL 102,1,Jinasena_MasterData_Stock.product_template_matting_base,28PL 102,,0.0,0.0,0.0,,,,
product_product_id_132482,28PL 104C,1,Jinasena_MasterData_Stock.product_template_jeep_green_causeway,28PL 104C,,0.0,0.0,0.0,,,,
product_product_id_132483,28PL 105,1,Jinasena_MasterData_Stock.product_template_transformer_oil,28PL 105,,0.0,0.0,0.0,,,,
product_product_id_132484,28PL 106,1,Jinasena_MasterData_Stock.product_template_coconut_oil,28PL 106,,0.0,0.0,0.0,,,,
product_product_id_132485,28PL 120-34,1,Jinasena_MasterData_Stock.product_template_mesh_screen_cloth_120_34_234_whi,28PL 120-34,,0.0,0.0,0.0,,,,
product_product_id_132486,28PL AL-2694,1,Jinasena_MasterData_Stock.product_template_aluprint_black_ink_0_5kg,28PL AL-2694,,0.0,0.0,0.0,,,,
product_product_id_132487,28PL AL-3726,1,Jinasena_MasterData_Stock.product_template_aluprint_red_ink,28PL AL-3726,,0.0,0.0,0.0,,,,
product_product_id_132488,28PL C2-1,1,Jinasena_MasterData_Stock.product_template_pvc_exposing_chemical,28PL C2-1,,0.0,0.0,0.0,,,,
product_product_id_132489,28PL C2-2,1,Jinasena_MasterData_Stock.product_template_s_remover_powder_2044_100g,28PL C2-2,,0.0,0.0,0.0,,,,
product_product_id_132490,28PL CAS-2T1,1,Jinasena_MasterData_Stock.product_template_castrol_2t_1ltr_can,28PL CAS-2T1,,0.0,0.0,0.0,,,,
product_product_id_137594,28PL CLQ,1,Jinasena_MasterData_Stock.product_template_duco_n_c_clear_lacquer,28PL CLQ,,0.0,0.0,0.0,,,,
product_product_id_132491,28PL EP001,1,Jinasena_MasterData_Stock.product_template_enamal_paint_white,28PL EP001,,0.0,0.0,0.0,,,,
product_product_id_132492,28PL EP002,1,Jinasena_MasterData_Stock.product_template_enamal_paint_black,28PL EP002,,0.0,0.0,0.0,,,,
product_product_id_132493,28PL EP003,1,Jinasena_MasterData_Stock.product_template_enaml_paint_trailer_art_20g,28PL EP003,,0.0,0.0,0.0,,,,
product_product_id_132494,28PL EP004,1,Jinasena_MasterData_Stock.product_template_enamal_paint_green,28PL EP004,,0.0,0.0,0.0,,,,
product_product_id_132495,28PL HG01,1,Jinasena_MasterData_Stock.product_template_hammer_finish_grey_causway,28PL HG01,,0.0,0.0,0.0,,,,
product_product_id_132496,28PL HM-001,1,Jinasena_MasterData_Stock.product_template_hammer_finish_silver_causway,28PL HM-001,,0.0,0.0,0.0,,,,
product_product_id_132497,28PL HS-2694,1,Jinasena_MasterData_Stock.product_template_hyspeed_instense_black_0_5kg,28PL HS-2694,,0.0,0.0,0.0,,,,
product_product_id_132498,28PL MRBL890,1,Jinasena_MasterData_Stock.product_template_duco_izuzu_marine_blue_890,28PL MRBL890,,0.0,0.0,0.0,,,,
product_product_id_132499,28PL NL5987,1,Jinasena_MasterData_Stock.product_template_poly_centric_flame_orange,28PL NL5987,,0.0,0.0,0.0,,,,
product_product_id_132500,28PL NL5988,1,Jinasena_MasterData_Stock.product_template_poly_oxford_blue,28PL NL5988,,0.0,0.0,0.0,,,,
product_product_id_132501,28PL NSP-2490,1,Jinasena_MasterData_Stock.product_template_screen_wash,28PL NSP-2490,,0.0,0.0,0.0,,,,
product_product_id_132502,28PL NSP-2492,1,Jinasena_MasterData_Stock.product_template_polyscreen_retader,28PL NSP-2492,,0.0,0.0,0.0,,,,
product_product_id_132504,28PL NSP-2497,1,Jinasena_MasterData_Stock.product_template_primrose_yellow_for_s_p,28PL NSP-2497,,0.0,0.0,0.0,,,,
product_product_id_132505,28PL NSP-2498,1,Jinasena_MasterData_Stock.product_template_golden_yellow_screen_paint_0_5kg,28PL NSP-2498,,0.0,0.0,0.0,,,,
product_product_id_132508,28PL NSP-2509,1,Jinasena_MasterData_Stock.product_template_polyscreen_g_intense_black_0_5kg,28PL NSP-2509,,0.0,0.0,0.0,,,,
product_product_id_132503,28PL NSP2496,1,Jinasena_MasterData_Stock.product_template_process_yellor_for_s_p,28PL NSP2496,,0.0,0.0,0.0,,,,
product_product_id_132506,28PL NSP2500,1,Jinasena_MasterData_Stock.product_template_ploysc_singer_red,28PL NSP2500,,0.0,0.0,0.0,,,,
product_product_id_132507,28PL NSP2507,1,Jinasena_MasterData_Stock.product_template_ploysc_whit_extra_gloss,28PL NSP2507,,0.0,0.0,0.0,,,,
product_product_id_132509,28PL NSP2510,1,Jinasena_MasterData_Stock.product_template_polyscreen_rich_gold_2510_0_5kg,28PL NSP2510,,0.0,0.0,0.0,,,,
product_product_id_132510,28PL PSP2749,1,Jinasena_MasterData_Stock.product_template_polych_s_s_centric_drak_blue,28PL PSP2749,,0.0,0.0,0.0,,,,
product_product_id_132511,28PL REM,1,Jinasena_MasterData_Stock.product_template_paint_stripper_remover,28PL REM,,0.0,0.0,0.0,,,,
product_product_id_132512,28PL WD40,1,Jinasena_MasterData_Stock.product_template_wd40_spray_333_ml,28PL WD40,,0.0,0.0,0.0,,,,
product_product_id_132513,29EG SF12-100,1,Jinasena_MasterData_Stock.product_template_eg_pl_scr_filter_1_120mesh,29EG SF12-100,,0.0,0.0,0.0,,,,
product_product_id_132514,29JN CON-4WAY,1,Jinasena_MasterData_Stock.product_template_jain_4wey_fogger_28lph,29JN CON-4WAY,,0.0,0.0,0.0,,,,
product_product_id_132515,29JN FOG4W28,1,Jinasena_MasterData_Stock.product_template_jain_4way_fogger_28lph,29JN FOG4W28,,0.0,0.0,0.0,,,,
product_product_id_137927,29JN J-JETFC,1,Jinasena_MasterData_Stock.product_template_jain_j_jets_full_circle,29JN J-JETFC,,0.0,0.0,0.0,,,,
product_product_id_132516,29TH AS-AB,1,Jinasena_MasterData_Stock.product_template_agrimec_seeder_machine_ata_batta,29TH AS-AB,,0.0,0.0,0.0,,,,
product_product_id_132517,29TH ST-8X16,1,Jinasena_MasterData_Stock.product_template_seeding_tray_8x16_4trays,29TH ST-8X16,,0.0,0.0,0.0,,,,
product_product_id_135762,3-4-1S,1,Jinasena_MasterData_Stock.product_template_electric_motor_3hp_4_pole_single_phase,3-4-1S,,0.0,0.0,0.0,,,,
product_product_id_135763,3-4-3C,1,Jinasena_MasterData_Stock.product_template_sale_motor_for_3_4_3c,3-4-3C,,0.0,0.0,0.0,,,,
product_product_id_132518,3/4-2-1JAM,1,Jinasena_MasterData_Stock.product_template_sale_motor_for_3_4_2_1,3/4-2-1JAM,,0.0,0.0,0.0,,,,
product_product_id_132519,3/4-2-1S,1,Jinasena_MasterData_Stock.product_template_sale_motor_for_3_4_2_1s,3/4-2-1S,,0.0,0.0,0.0,,,,
product_product_id_137692,30RA TB-NR115,1,Jinasena_MasterData_Stock.product_template_terminal_box_and_cover_nr115_1_al_m_hous,30RA TB-NR115,,0.0,0.0,0.0,,,,
product_product_id_137693,30RA TB-NR115-MC,1,Jinasena_MasterData_Stock.product_template_terminal_box_and_cover_nr115_1_machining,30RA TB-NR115-MC,,0.0,0.0,0.0,,,,
product_product_id_132520,31000003,1,Jinasena_MasterData_Stock.product_template_out_put_box_gasket_329447,31000003,,0.0,0.0,0.0,,,,
product_product_id_132521,31000004,1,Jinasena_MasterData_Stock.product_template_out_put_box_gasket,31000004,,0.0,0.0,0.0,,,,
product_product_id_132522,31000006,1,Jinasena_MasterData_Stock.product_template_dischang_oil_bolt_m12x12_5,31000006,,0.0,0.0,0.0,,,,
product_product_id_132523,31000007,1,Jinasena_MasterData_Stock.product_template_o_ring_10x2_65,31000007,,0.0,0.0,0.0,,,,
product_product_id_132524,31000010,1,Jinasena_MasterData_Stock.product_template_dust_cap,31000010,,0.0,0.0,0.0,,,,
product_product_id_132525,31000015,1,Jinasena_MasterData_Stock.product_template_drive_box,31000015,,0.0,0.0,0.0,,,,
product_product_id_132526,31110002,1,Jinasena_MasterData_Stock.product_template_spacer_sleeve,31110002,,0.0,0.0,0.0,1,1,1,1
product_product_id_132527,31210002,1,Jinasena_MasterData_Stock.product_template_nut_m12_thin,31210002,,0.0,0.0,0.0,,,,
product_product_id_132528,31210003,1,Jinasena_MasterData_Stock.product_template_spring_washer_2_5x22,31210003,,0.0,0.0,0.0,,,,
product_product_id_132529,31210004,1,Jinasena_MasterData_Stock.product_template_circlip_12,31210004,,0.0,0.0,0.0,,,,
product_product_id_132530,31210005,1,Jinasena_MasterData_Stock.product_template_driven_angle_gear,31210005,,0.0,0.0,0.0,,,,
product_product_id_132531,31AG 006,1,Jinasena_MasterData_Stock.product_template_fan_cover_329458,31AG 006,,0.0,0.0,0.0,,,,
product_product_id_137676,31CB N110T/1N,1,Jinasena_MasterData_Stock.product_template_c_i_pump_body_n110t_1n,31CB N110T/1N,,0.0,0.0,0.0,,,,
product_product_id_137454,31CI MELT,1,Jinasena_MasterData_Stock.product_template_melt_cast_iron,31CI MELT,,0.0,0.0,0.0,,,,
product_product_id_137677,31CV 004,1,Jinasena_MasterData_Stock.product_template_c_i_vol_casing_n110_1_casted,31CV 004,,0.0,0.0,0.0,,,,
product_product_id_137678,31EC N110T/1N,1,Jinasena_MasterData_Stock.product_template_c_i_end_cover_n110t_1n,31EC N110T/1N,,0.0,0.0,0.0,,,,
product_product_id_132532,32A900,1,Jinasena_MasterData_Stock.product_template_a900_pump_kit,32A900,,0.0,0.0,0.0,,,,
product_product_id_132533,32AC JBC24,1,Jinasena_MasterData_Stock.product_template_accerssories_kit_for_bush_cutter,32AC JBC24,,0.0,0.0,0.0,,,,
product_product_id_132534,32AC MTH1-20,1,Jinasena_MasterData_Stock.product_template_accessories_kit_mth1_20,32AC MTH1-20,,0.0,0.0,0.0,,,,
product_product_id_132535,32AC MTH1-T,1,Jinasena_MasterData_Stock.product_template_accessories_kit_maize_thresher,32AC MTH1-T,,0.0,0.0,0.0,,,,
product_product_id_132536,32AC TH1-20,1,Jinasena_MasterData_Stock.product_template_accessories_kit_th1_20,32AC TH1-20,,0.0,0.0,0.0,,,,
product_product_id_132537,32AC TH1-T,1,Jinasena_MasterData_Stock.product_template_accessories_kit_th1_t,32AC TH1-T,,0.0,0.0,0.0,,,,
product_product_id_132538,32AC TH2-T,1,Jinasena_MasterData_Stock.product_template_accessory_kit_th2_t,32AC TH2-T,,0.0,0.0,0.0,,,,
product_product_id_132539,32AC TH3-T,1,Jinasena_MasterData_Stock.product_template_accessories_kit_for_th3_t,32AC TH3-T,,0.0,0.0,0.0,,,,
product_product_id_132540,32AC TH6-28,1,Jinasena_MasterData_Stock.product_template_accessories_kit_th6_28,32AC TH6-28,,0.0,0.0,0.0,,,,
product_product_id_132541,32AC TH6-TK,1,Jinasena_MasterData_Stock.product_template_accessories_kit_th6_tk,32AC TH6-TK,,0.0,0.0,0.0,,,,
product_product_id_132542,32AC TH7-20,1,Jinasena_MasterData_Stock.product_template_accessories_kit_th7_20,32AC TH7-20,,0.0,0.0,0.0,,,,
product_product_id_132543,32AC TH7-TA,1,Jinasena_MasterData_Stock.product_template_accessories_kit_th7_tk_ta,32AC TH7-TA,,0.0,0.0,0.0,,,,
product_product_id_132544,32AC TH7-TK,1,Jinasena_MasterData_Stock.product_template_accessories_kit_for_th7_tk_ta,32AC TH7-TK,,0.0,0.0,0.0,,,,
product_product_id_132545,32BA 62900,1,Jinasena_MasterData_Stock.product_template_final_assy_com_ents,32BA 62900,,0.0,0.0,0.0,,,,
product_product_id_132546,32BC 2401,1,Jinasena_MasterData_Stock.product_template_frame_assembly_329473,32BC 2401,,0.0,0.0,0.0,,,,
product_product_id_132547,32BC 2402,1,Jinasena_MasterData_Stock.product_template_head_assembly,32BC 2402,,0.0,0.0,0.0,,,,
product_product_id_132548,32BC 2403,1,Jinasena_MasterData_Stock.product_template_chain_drive_assembly,32BC 2403,,0.0,0.0,0.0,,,,
product_product_id_132549,32BC 2404,1,Jinasena_MasterData_Stock.product_template_axel_wheel_assembly,32BC 2404,,0.0,0.0,0.0,,,,
product_product_id_132550,32BC 2405,1,Jinasena_MasterData_Stock.product_template_riding_seat_assembly_bush_cutter,32BC 2405,,0.0,0.0,0.0,,,,
product_product_id_132551,32BC 5000,1,Jinasena_MasterData_Stock.product_template_roof_assembly_for_g_master,32BC 5000,,0.0,0.0,0.0,,,,
product_product_id_132552,32BC 5100,1,Jinasena_MasterData_Stock.product_template_bush_cutter_head_assy_jet5,32BC 5100,,0.0,0.0,0.0,,,,
product_product_id_132553,32BC 5200,1,Jinasena_MasterData_Stock.product_template_tractor_attachment_assy_jet5,32BC 5200,,0.0,0.0,0.0,,,,
product_product_id_132554,32BC 5300,1,Jinasena_MasterData_Stock.product_template_rear_arm_wheel_ajuster_assy,32BC 5300,,0.0,0.0,0.0,,,,
product_product_id_132555,32BC 5400,1,Jinasena_MasterData_Stock.product_template_clutch_assembly_jet5,32BC 5400,,0.0,0.0,0.0,,,,
product_product_id_132556,32BC 5500,1,Jinasena_MasterData_Stock.product_template_wheel_fixing_arm_for_g_master,32BC 5500,,0.0,0.0,0.0,,,,
product_product_id_132557,32BC 5600,1,Jinasena_MasterData_Stock.product_template_engine_base_assembly_for_s_5,32BC 5600,,0.0,0.0,0.0,,,,
product_product_id_132558,32BC 6001,1,Jinasena_MasterData_Stock.product_template_s5_tractor_ass_items,32BC 6001,,0.0,0.0,0.0,,,,
product_product_id_132559,32BC 6200,1,Jinasena_MasterData_Stock.product_template_chassy_ass_for_bush_cutter_gm,32BC 6200,,0.0,0.0,0.0,,,,
product_product_id_132560,32BC 8000,1,Jinasena_MasterData_Stock.product_template_blade_shield_assembly_gt8,32BC 8000,,0.0,0.0,0.0,,,,
product_product_id_132561,32BC 8100,1,Jinasena_MasterData_Stock.product_template_bracket_assembly_gt8,32BC 8100,,0.0,0.0,0.0,,,,
product_product_id_132562,32BC 8200,1,Jinasena_MasterData_Stock.product_template_spindle_assembly_gt8,32BC 8200,,0.0,0.0,0.0,,,,
product_product_id_132563,32BC 8300,1,Jinasena_MasterData_Stock.product_template_belt_guard_assembly_gt8,32BC 8300,,0.0,0.0,0.0,,,,
product_product_id_132564,32BC 8400,1,Jinasena_MasterData_Stock.product_template_wheel_assembly_gt8,32BC 8400,,0.0,0.0,0.0,,,,
product_product_id_132565,32BC 8500,1,Jinasena_MasterData_Stock.product_template_clutch_assembly,32BC 8500,,0.0,0.0,0.0,,,,
product_product_id_132566,32BC 8600,1,Jinasena_MasterData_Stock.product_template_blade_assembly_for_bc_gt8,32BC 8600,,0.0,0.0,0.0,,,,
product_product_id_132567,32BC 9000,1,Jinasena_MasterData_Stock.product_template_gt8_riding_sheet_assembly,32BC 9000,,0.0,0.0,0.0,,,,
product_product_id_132568,32BC 9010,1,Jinasena_MasterData_Stock.product_template_steel_wheel_for_bc_gt8,32BC 9010,,0.0,0.0,0.0,,,,
product_product_id_132569,32BC 9450,1,Jinasena_MasterData_Stock.product_template_foot_board_rider,32BC 9450,,0.0,0.0,0.0,,,,
product_product_id_132570,32BC 9510,1,Jinasena_MasterData_Stock.product_template_nut_unit_for_bush_cutter_blade_bc_gt8,32BC 9510,,0.0,0.0,0.0,,,,
product_product_id_132571,32BC GM,1,Jinasena_MasterData_Stock.product_template_bush_cutter_ground_master,32BC GM,,0.0,0.0,0.0,,,,
product_product_id_132572,32BP 4TNV,1,Jinasena_MasterData_Stock.product_template_base_plte_for_ddj300_4tnv,32BP 4TNV,,0.0,0.0,0.0,,,,
product_product_id_132573,32BP B1001,1,Jinasena_MasterData_Stock.product_template_base_plate_b100_1,32BP B1001,,0.0,0.0,0.0,,,,
product_product_id_132574,32BP B501,1,Jinasena_MasterData_Stock.product_template_base_plate_b50_1,32BP B501,,0.0,0.0,0.0,,,,
product_product_id_132575,32BP DDH500,1,Jinasena_MasterData_Stock.product_template_base_plate_ddh500_4tnvt_4tnv,32BP DDH500,,0.0,0.0,0.0,,,,
product_product_id_132576,32BP DDH600/3TNV,1,Jinasena_MasterData_Stock.product_template_engine_base_frame_ddh600_3tnv,32BP DDH600/3TNV,,0.0,0.0,0.0,,,,
product_product_id_137864,32BP DDH600TMST,1,Jinasena_MasterData_Stock.product_template_base_frame_for_ddh600tmst_4tnvt_with_fue,32BP DDH600TMST,,0.0,0.0,0.0,,,,
product_product_id_132577,32BP DDI500,1,Jinasena_MasterData_Stock.product_template_base_frame_ddi500_3tne_4tne,32BP DDI500,,0.0,0.0,0.0,,,,
product_product_id_132578,32BP DDM604/LPW3,1,Jinasena_MasterData_Stock.product_template_base_plate_ddm604_lp3w_with_diesel_tank,32BP DDM604/LPW3,,0.0,0.0,0.0,,,,
product_product_id_132579,32BP KM2V80,1,Jinasena_MasterData_Stock.product_template_base_frame_pm200_km2v80,32BP KM2V80,,0.0,0.0,0.0,,,,
product_product_id_132580,32BP TNV,1,Jinasena_MasterData_Stock.product_template_base_plte_for_ddj300_3tnv,32BP TNV,,0.0,0.0,0.0,,,,
product_product_id_132581,32CF 200/JV,1,Jinasena_MasterData_Stock.product_template_carrying_frame_for_200_jv,32CF 200/JV,,0.0,0.0,0.0,,,,
product_product_id_132582,32CF DM140/KM170,1,Jinasena_MasterData_Stock.product_template_carrying_frame_for_dm_140_km170,32CF DM140/KM170,,0.0,0.0,0.0,,,,
product_product_id_132583,32CF H200D,1,Jinasena_MasterData_Stock.product_template_carrying_frame_for_h200km17_m200_km1,32CF H200D,,0.0,0.0,0.0,,,,
product_product_id_132584,32CF JF,1,Jinasena_MasterData_Stock.product_template_carrying_frame_for_sp200_jf,32CF JF,,0.0,0.0,0.0,,,,
product_product_id_132585,32CF LN300,1,Jinasena_MasterData_Stock.product_template_carrying_frame_for_ln300_km170,32CF LN300,,0.0,0.0,0.0,,,,
product_product_id_132586,32CF M200/KM17,1,Jinasena_MasterData_Stock.product_template_carrying_frame_for_m200_km178,32CF M200/KM17,,0.0,0.0,0.0,,,,
product_product_id_132587,32CF SF,1,Jinasena_MasterData_Stock.product_template_carrying_frame_for_sp200_sf,32CF SF,,0.0,0.0,0.0,,,,
product_product_id_132588,32CF SP2/3D,1,Jinasena_MasterData_Stock.product_template_carrying_frame_for_sp200_300_km170,32CF SP2/3D,,0.0,0.0,0.0,,,,
product_product_id_132589,32CF SP200-SFJ,1,Jinasena_MasterData_Stock.product_template_carrying_frame_for_sp200sfjf,32CF SP200-SFJ,,0.0,0.0,0.0,,,,
product_product_id_132590,32CF SP300/E,1,Jinasena_MasterData_Stock.product_template_carrying_frame_for_sp300e_sp200e,32CF SP300/E,,0.0,0.0,0.0,,,,
product_product_id_132591,32CF SP400,1,Jinasena_MasterData_Stock.product_template_carrying_frame_for_sp400_km186,32CF SP400,,0.0,0.0,0.0,,,,
product_product_id_132592,32CH 122100,1,Jinasena_MasterData_Stock.product_template_combine_havester_durm,32CH 122100,,0.0,0.0,0.0,,,,
product_product_id_132593,32CH N110,1,Jinasena_MasterData_Stock.product_template_pump_carying_handle,32CH N110,,0.0,0.0,0.0,,,,
product_product_id_132594,32CU GT8100,1,Jinasena_MasterData_Stock.product_template_ridger_for_gt8_cultivator,32CU GT8100,,0.0,0.0,0.0,,,,
product_product_id_137865,32DT 001,1,Jinasena_MasterData_Stock.product_template_diesel_tank_for_ddh500,32DT 001,,0.0,0.0,0.0,,,,
product_product_id_132595,32DU 10100,1,Jinasena_MasterData_Stock.product_template_main_body_assembly_ss_du10,32DU 10100,,0.0,0.0,0.0,,,,
product_product_id_132596,32DU 10200,1,Jinasena_MasterData_Stock.product_template_drum_assembly_ss_du10,32DU 10200,,0.0,0.0,0.0,,,,
product_product_id_137866,32DU 10213,1,Jinasena_MasterData_Stock.product_template_fixed_blade_for_du10_jial_machine,32DU 10213,,0.0,0.0,0.0,,,,
product_product_id_132597,32DU 10300,1,Jinasena_MasterData_Stock.product_template_concave_assembly_ss_du10,32DU 10300,,0.0,0.0,0.0,,,,
product_product_id_132598,32DU 10400,1,Jinasena_MasterData_Stock.product_template_hoppers_guard_assy_ss_du10,32DU 10400,,0.0,0.0,0.0,,,,
product_product_id_132599,32FB 1100,1,Jinasena_MasterData_Stock.product_template_main_body_assy_jfb8_jmcm8_8d,32FB 1100,,0.0,0.0,0.0,,,,
product_product_id_132600,32FB 1200,1,Jinasena_MasterData_Stock.product_template_drum_assembly_for_jfb_8,32FB 1200,,0.0,0.0,0.0,,,,
product_product_id_132601,32FB 1300,1,Jinasena_MasterData_Stock.product_template_engine_base_assey_jfb8_jmcm8_8,32FB 1300,,0.0,0.0,0.0,,,,
product_product_id_132602,32FB 1400,1,Jinasena_MasterData_Stock.product_template_concave_assey_jfb8_jmcm8_8d,32FB 1400,,0.0,0.0,0.0,,,,
product_product_id_132603,32FB 1500,1,Jinasena_MasterData_Stock.product_template_tractor_bracket_assy_jfb_8,32FB 1500,,0.0,0.0,0.0,,,,
product_product_id_132604,32FB IR1000,1,Jinasena_MasterData_Stock.product_template_filter_bracket_ir_1000,32FB IR1000,,0.0,0.0,0.0,,,,
product_product_id_132605,32FB IR300,1,Jinasena_MasterData_Stock.product_template_filter_braket_ir_300,32FB IR300,,0.0,0.0,0.0,,,,
product_product_id_132606,32FB IR500,1,Jinasena_MasterData_Stock.product_template_filter_bracket_ir_500,32FB IR500,,0.0,0.0,0.0,,,,
product_product_id_132607,32HT 1201,1,Jinasena_MasterData_Stock.product_template_roof_for_aht12_tractor,32HT 1201,,0.0,0.0,0.0,,,,
product_product_id_132608,32HT 1203,1,Jinasena_MasterData_Stock.product_template_hitch_pin_assy_with_r_pin_ht8_12,32HT 1203,,0.0,0.0,0.0,,,,
product_product_id_132609,32HT 1204,1,Jinasena_MasterData_Stock.product_template_fly_wheel_water_guard_aht12,32HT 1204,,0.0,0.0,0.0,,,,
product_product_id_132610,32HT 42500,1,Jinasena_MasterData_Stock.product_template_number_pla_assy_jet5_aht6_7_8_12,32HT 42500,,0.0,0.0,0.0,,,,
product_product_id_132611,32HT 8200,1,Jinasena_MasterData_Stock.product_template_fly_wheel_water_guard_assy,32HT 8200,,0.0,0.0,0.0,,,,
product_product_id_132612,32HT 8300,1,Jinasena_MasterData_Stock.product_template_chain_case_bra_r_pin_assy,32HT 8300,,0.0,0.0,0.0,,,,
product_product_id_132613,32IB KT,1,Jinasena_MasterData_Stock.product_template_pump_bracket_for_bd200r,32IB KT,,0.0,0.0,0.0,,,,
product_product_id_137679,32IN N1101,1,Jinasena_MasterData_Stock.product_template_impeller_assy_n110,32IN N1101,,0.0,0.0,0.0,,,,
product_product_id_137680,32IP N110USW-MC,1,Jinasena_MasterData_Stock.product_template_noryl_imp_n110_1_usw_machining_completed,32IP N110USW-MC,,0.0,0.0,0.0,,,,
product_product_id_132614,32JAM FPSHS,1,Jinasena_MasterData_Stock.product_template_foot_paddle_stand_for_hand_sanitizer_bot,32JAM FPSHS,,0.0,0.0,0.0,,,,
product_product_id_132615,32JS 100,1,Jinasena_MasterData_Stock.product_template_main_frame_assembly_329542,32JS 100,,0.0,0.0,0.0,,,,
product_product_id_132616,32JS 110,1,Jinasena_MasterData_Stock.product_template_main_frame_assembly,32JS 110,,0.0,0.0,0.0,,,,
product_product_id_132617,32JS 130,1,Jinasena_MasterData_Stock.product_template_chopping_chamber,32JS 130,,0.0,0.0,0.0,,,,
product_product_id_132618,32JS 140,1,Jinasena_MasterData_Stock.product_template_guard_for_spocket_side,32JS 140,,0.0,0.0,0.0,,,,
product_product_id_132619,32JS 145,1,Jinasena_MasterData_Stock.product_template_guard_for_plywheel_side,32JS 145,,0.0,0.0,0.0,,,,
product_product_id_132620,32JS 150,1,Jinasena_MasterData_Stock.product_template_chopping_drum_ass_y_js25e,32JS 150,,0.0,0.0,0.0,,,,
product_product_id_132621,32JS 160,1,Jinasena_MasterData_Stock.product_template_convayer_feeding_hopper,32JS 160,,0.0,0.0,0.0,,,,
product_product_id_132622,32JS 200,1,Jinasena_MasterData_Stock.product_template_auxilary_frame_ass_y,32JS 200,,0.0,0.0,0.0,,,,
product_product_id_132623,32JS 250,1,Jinasena_MasterData_Stock.product_template_feeding_chamber_assembly,32JS 250,,0.0,0.0,0.0,,,,
product_product_id_132624,32JS 260,1,Jinasena_MasterData_Stock.product_template_chopping_chamber_assembly,32JS 260,,0.0,0.0,0.0,,,,
product_product_id_132625,32JS 280,1,Jinasena_MasterData_Stock.product_template_feeding_hopper_assembly,32JS 280,,0.0,0.0,0.0,,,,
product_product_id_132626,32JS 290,1,Jinasena_MasterData_Stock.product_template_side_hopper_assembly,32JS 290,,0.0,0.0,0.0,,,,
product_product_id_132627,32JS 310,1,Jinasena_MasterData_Stock.product_template_outlet_shoot_assembly,32JS 310,,0.0,0.0,0.0,,,,
product_product_id_132628,32JS 320,1,Jinasena_MasterData_Stock.product_template_feeder_assembly,32JS 320,,0.0,0.0,0.0,,,,
product_product_id_132629,32JS 325,1,Jinasena_MasterData_Stock.product_template_chopping_drum_assembly,32JS 325,,0.0,0.0,0.0,,,,
product_product_id_132630,32JS 330,1,Jinasena_MasterData_Stock.product_template_side_cutter_assembly,32JS 330,,0.0,0.0,0.0,,,,
product_product_id_132631,32JS 340,1,Jinasena_MasterData_Stock.product_template_gear_guard_assembly_329558,32JS 340,,0.0,0.0,0.0,,,,
product_product_id_132632,32JS 350,1,Jinasena_MasterData_Stock.product_template_belt_guard_assembly_329559,32JS 350,,0.0,0.0,0.0,,,,
product_product_id_132633,32JS 360,1,Jinasena_MasterData_Stock.product_template_mud_guard_assembly,32JS 360,,0.0,0.0,0.0,,,,
product_product_id_132634,32JS 370,1,Jinasena_MasterData_Stock.product_template_final_assembly_329561,32JS 370,,0.0,0.0,0.0,,,,
product_product_id_132635,32JS 375,1,Jinasena_MasterData_Stock.product_template_final_ass_y_js_25e,32JS 375,,0.0,0.0,0.0,,,,
product_product_id_132636,32MC 15000,1,Jinasena_MasterData_Stock.product_template_final_assembly_15hp,32MC 15000,,0.0,0.0,0.0,,,,
product_product_id_132637,32MC 20000,1,Jinasena_MasterData_Stock.product_template_final_assembly_jmc20d,32MC 20000,,0.0,0.0,0.0,,,,
product_product_id_132638,32MC 25000,1,Jinasena_MasterData_Stock.product_template_frame_assy_jmc25_15_hp,32MC 25000,,0.0,0.0,0.0,,,,
product_product_id_132639,32MC 25050,1,Jinasena_MasterData_Stock.product_template_drum_assy_jmc25_15_hp,32MC 25050,,0.0,0.0,0.0,,,,
product_product_id_132640,32MC 25055,1,Jinasena_MasterData_Stock.product_template_drum_with_fixed_blade_jmc15,32MC 25055,,0.0,0.0,0.0,,,,
product_product_id_132641,32MC 25070,1,Jinasena_MasterData_Stock.product_template_hopper_assembly,32MC 25070,,0.0,0.0,0.0,,,,
product_product_id_132642,32MC 25080,1,Jinasena_MasterData_Stock.product_template_concave_assy_jmc25_15_hp,32MC 25080,,0.0,0.0,0.0,,,,
product_product_id_132643,32MC 25090,1,Jinasena_MasterData_Stock.product_template_engine_base_assembly,32MC 25090,,0.0,0.0,0.0,,,,
product_product_id_132644,32MC 25100,1,Jinasena_MasterData_Stock.product_template_drum_assembly_329571,32MC 25100,,0.0,0.0,0.0,,,,
product_product_id_132645,32MC 25150,1,Jinasena_MasterData_Stock.product_template_drum_with_side_cutter,32MC 25150,,0.0,0.0,0.0,,,,
product_product_id_132646,32MC 25200,1,Jinasena_MasterData_Stock.product_template_hopper_assy_jmc25_15_hp,32MC 25200,,0.0,0.0,0.0,,,,
product_product_id_132647,32MC 25201,1,Jinasena_MasterData_Stock.product_template_motor_base_assy_jmc25_15_hp,32MC 25201,,0.0,0.0,0.0,,,,
product_product_id_132648,32MC 25202,1,Jinasena_MasterData_Stock.product_template_final_assebmly_jmc16d,32MC 25202,,0.0,0.0,0.0,,,,
product_product_id_132649,32MC 25300,1,Jinasena_MasterData_Stock.product_template_concave_assembly,32MC 25300,,0.0,0.0,0.0,,,,
product_product_id_132650,32MC 25400,1,Jinasena_MasterData_Stock.product_template_final_assembly,32MC 25400,,0.0,0.0,0.0,,,,
product_product_id_132651,32MC 25450,1,Jinasena_MasterData_Stock.product_template_motor_bracker_assembly_jmc_15e_new,32MC 25450,,0.0,0.0,0.0,,,,
product_product_id_132652,32MC 6100,1,Jinasena_MasterData_Stock.product_template_main_body_stand_assembly,32MC 6100,,0.0,0.0,0.0,,,,
product_product_id_132653,32MC 6200,1,Jinasena_MasterData_Stock.product_template_drum_assembly_without_bearing,32MC 6200,,0.0,0.0,0.0,,,,
product_product_id_132654,32MC 6300,1,Jinasena_MasterData_Stock.product_template_concave_assembly_329581,32MC 6300,,0.0,0.0,0.0,,,,
product_product_id_132655,32MC 6300SP,1,Jinasena_MasterData_Stock.product_template_concave_jmc10dsp,32MC 6300SP,,0.0,0.0,0.0,,,,
product_product_id_132656,32MC 6400,1,Jinasena_MasterData_Stock.product_template_top_side_hopper_assembly,32MC 6400,,0.0,0.0,0.0,,,,
product_product_id_132657,32MC 6500,1,Jinasena_MasterData_Stock.product_template_motor_base_frame_multi_chopper,32MC 6500,,0.0,0.0,0.0,,,,
product_product_id_132658,32MC 6600,1,Jinasena_MasterData_Stock.product_template_engine_base_assembly_jmc10d,32MC 6600,,0.0,0.0,0.0,,,,
product_product_id_132659,32MC 6700,1,Jinasena_MasterData_Stock.product_template_tractor_bracket_assey_for_jmc6,32MC 6700,,0.0,0.0,0.0,,,,
product_product_id_132660,32MC 6800,1,Jinasena_MasterData_Stock.product_template_drum_assembly_for_jmcm8_8d,32MC 6800,,0.0,0.0,0.0,,,,
product_product_id_132661,32MC 75100,1,Jinasena_MasterData_Stock.product_template_hopper_assembly_of_mini_m_chop,32MC 75100,,0.0,0.0,0.0,,,,
product_product_id_132662,32MC 75100SS,1,Jinasena_MasterData_Stock.product_template_hopper_assembly_of_mini_m_chop_329589,32MC 75100SS,,0.0,0.0,0.0,,,,
product_product_id_132663,32MC 75200,1,Jinasena_MasterData_Stock.product_template_chopping_spindle_assmbly,32MC 75200,,0.0,0.0,0.0,,,,
product_product_id_132664,32MC 75200SS,1,Jinasena_MasterData_Stock.product_template_chopping_spindle_ss,32MC 75200SS,,0.0,0.0,0.0,,,,
product_product_id_132665,32MC 75300,1,Jinasena_MasterData_Stock.product_template_legs_capacitor_box_assembly,32MC 75300,,0.0,0.0,0.0,,,,
product_product_id_132666,32MC 75310,1,Jinasena_MasterData_Stock.product_template_funnel_assembly_for_mmc75,32MC 75310,,0.0,0.0,0.0,,,,
product_product_id_132667,32MC 8050,1,Jinasena_MasterData_Stock.product_template_engine_guard_for_jmc_10d,32MC 8050,,0.0,0.0,0.0,,,,
product_product_id_132668,32MCT 240,1,Jinasena_MasterData_Stock.product_template_frame,32MCT 240,,0.0,0.0,0.0,,,,
product_product_id_132669,32MCT 280,1,Jinasena_MasterData_Stock.product_template_pully_guard,32MCT 280,,0.0,0.0,0.0,,,,
product_product_id_132670,32MCT 290,1,Jinasena_MasterData_Stock.product_template_motor_bracket,32MCT 290,,0.0,0.0,0.0,,,,
product_product_id_132671,32MCT 300,1,Jinasena_MasterData_Stock.product_template_presser_plate,32MCT 300,,0.0,0.0,0.0,,,,
product_product_id_132672,32MCT 400,1,Jinasena_MasterData_Stock.product_template_roller,32MCT 400,,0.0,0.0,0.0,,,,
product_product_id_132673,32MCT 500,1,Jinasena_MasterData_Stock.product_template_final_assy,32MCT 500,,0.0,0.0,0.0,,,,
product_product_id_132674,32MG 75100,1,Jinasena_MasterData_Stock.product_template_main_body_drum_assy_mul_grind,32MG 75100,,0.0,0.0,0.0,,,,
product_product_id_132675,32MG 75200,1,Jinasena_MasterData_Stock.product_template_hopper_tray_assy_mul_grinder,32MG 75200,,0.0,0.0,0.0,,,,
product_product_id_132676,32MG 75300,1,Jinasena_MasterData_Stock.product_template_stand_for_s_s_multi_grinder,32MG 75300,,0.0,0.0,0.0,,,,
product_product_id_132677,32MG 75400,1,Jinasena_MasterData_Stock.product_template_main_body_drum_for_mg75_ms,32MG 75400,,0.0,0.0,0.0,,,,
product_product_id_132678,32MG 75500,1,Jinasena_MasterData_Stock.product_template_hopper_tray_for_mg75_ms,32MG 75500,,0.0,0.0,0.0,,,,
product_product_id_132679,32MG 75600,1,Jinasena_MasterData_Stock.product_template_main_body_drum_assembly_mg150_3,32MG 75600,,0.0,0.0,0.0,,,,
product_product_id_132680,32MG 75700,1,Jinasena_MasterData_Stock.product_template_hopper_tray_assebmly_mg150_3,32MG 75700,,0.0,0.0,0.0,,,,
product_product_id_132681,32MG 75710,1,Jinasena_MasterData_Stock.product_template_stainless_steel_door_lock_for_malty_grin,32MG 75710,,0.0,0.0,0.0,,,,
product_product_id_132682,32MG 75720,1,Jinasena_MasterData_Stock.product_template_front_cover_assemly_for_multi_grinders,32MG 75720,,0.0,0.0,0.0,,,,
product_product_id_132683,32MG STAND,1,Jinasena_MasterData_Stock.product_template_stand_for_s_s_grinder,32MG STAND,,0.0,0.0,0.0,,,,
product_product_id_132684,32MSD 1000,1,Jinasena_MasterData_Stock.product_template_hex_plate_assembly,32MSD 1000,,0.0,0.0,0.0,,,,
product_product_id_132685,32MSD 1100,1,Jinasena_MasterData_Stock.product_template_seeds_container_hopper,32MSD 1100,,0.0,0.0,0.0,,,,
product_product_id_132686,32MSD 1110,1,Jinasena_MasterData_Stock.product_template_seeds_container_hopper_ass,32MSD 1110,,0.0,0.0,0.0,,,,
product_product_id_132687,32MSD 1200,1,Jinasena_MasterData_Stock.product_template_frame_assembly_329614,32MSD 1200,,0.0,0.0,0.0,,,,
product_product_id_132688,32MSD 1300,1,Jinasena_MasterData_Stock.product_template_tail_wheel_assembly,32MSD 1300,,0.0,0.0,0.0,,,,
product_product_id_132689,32MSD 1400,1,Jinasena_MasterData_Stock.product_template_final_assembly_329616,32MSD 1400,,0.0,0.0,0.0,,,,
product_product_id_132690,32MT 11200,1,Jinasena_MasterData_Stock.product_template_frame_concave_maize_thresher,32MT 11200,,0.0,0.0,0.0,,,,
product_product_id_132691,32MT 11600,1,Jinasena_MasterData_Stock.product_template_top_cover_maize_thresher,32MT 11600,,0.0,0.0,0.0,,,,
product_product_id_132692,32MT 11700,1,Jinasena_MasterData_Stock.product_template_tray_assembly_maize_thresher,32MT 11700,,0.0,0.0,0.0,,,,
product_product_id_132693,32MT 11800,1,Jinasena_MasterData_Stock.product_template_drum_assembly_maize_thresher,32MT 11800,,0.0,0.0,0.0,,,,
product_product_id_132694,32MT 11900,1,Jinasena_MasterData_Stock.product_template_bk_convertion_kit_for_m_th1_t,32MT 11900,,0.0,0.0,0.0,,,,
product_product_id_132695,32MTH 10,1,Jinasena_MasterData_Stock.product_template_top_cover_assy,32MTH 10,,0.0,0.0,0.0,,,,
product_product_id_132696,32MTH 1000,1,Jinasena_MasterData_Stock.product_template_main_body_assembly_329623,32MTH 1000,,0.0,0.0,0.0,,,,
product_product_id_132697,32MTH 1100,1,Jinasena_MasterData_Stock.product_template_cob_outlet_assembly,32MTH 1100,,0.0,0.0,0.0,,,,
product_product_id_132698,32MTH 1200,1,Jinasena_MasterData_Stock.product_template_top_cover,32MTH 1200,,0.0,0.0,0.0,,,,
product_product_id_132699,32MTH 1300,1,Jinasena_MasterData_Stock.product_template_seiver_assembly,32MTH 1300,,0.0,0.0,0.0,,,,
product_product_id_132700,32MTH 1400,1,Jinasena_MasterData_Stock.product_template_drum_assembly_329627,32MTH 1400,,0.0,0.0,0.0,,,,
product_product_id_132701,32MTH 1500,1,Jinasena_MasterData_Stock.product_template_engine_base_assembly_329628,32MTH 1500,,0.0,0.0,0.0,,,,
product_product_id_132702,32MTH 1600,1,Jinasena_MasterData_Stock.product_template_tray_assembly,32MTH 1600,,0.0,0.0,0.0,,,,
product_product_id_132703,32MTH 1700,1,Jinasena_MasterData_Stock.product_template_seed_outlet_ass,32MTH 1700,,0.0,0.0,0.0,,,,
product_product_id_132704,32MTH 1800,1,Jinasena_MasterData_Stock.product_template_tractor_bracket_ass,32MTH 1800,,0.0,0.0,0.0,,,,
product_product_id_132705,32MTH 1900,1,Jinasena_MasterData_Stock.product_template_seiver_operating_assembly,32MTH 1900,,0.0,0.0,0.0,,,,
product_product_id_132706,32MTH 1950,1,Jinasena_MasterData_Stock.product_template_seiver_unit_assy,32MTH 1950,,0.0,0.0,0.0,,,,
product_product_id_132707,32MTH 1970,1,Jinasena_MasterData_Stock.product_template_seiver_operating_unit_assembly,32MTH 1970,,0.0,0.0,0.0,,,,
product_product_id_132708,32MTH 20,1,Jinasena_MasterData_Stock.product_template_drum_assy,32MTH 20,,0.0,0.0,0.0,,,,
product_product_id_132709,32MTH 2000,1,Jinasena_MasterData_Stock.product_template_concave_and_seeds_collector_ass,32MTH 2000,,0.0,0.0,0.0,,,,
product_product_id_132710,32MTH 2100,1,Jinasena_MasterData_Stock.product_template_final_assembly_329637,32MTH 2100,,0.0,0.0,0.0,,,,
product_product_id_132711,32MTH 30,1,Jinasena_MasterData_Stock.product_template_cob_remover_assy,32MTH 30,,0.0,0.0,0.0,,,,
product_product_id_132712,32MTH 40,1,Jinasena_MasterData_Stock.product_template_net_and_main_body_assy,32MTH 40,,0.0,0.0,0.0,,,,
product_product_id_132713,32MTH 60,1,Jinasena_MasterData_Stock.product_template_hopper_assy_and_belt_guard_assy,32MTH 60,,0.0,0.0,0.0,,,,
product_product_id_132714,32MTH 70,1,Jinasena_MasterData_Stock.product_template_final_assy_329641,32MTH 70,,0.0,0.0,0.0,,,,
product_product_id_132715,32MTH 70BA,1,Jinasena_MasterData_Stock.product_template_final_assy_mmth_bsic_type,32MTH 70BA,,0.0,0.0,0.0,,,,
product_product_id_137867,32PB 5060,1,Jinasena_MasterData_Stock.product_template_panel_box_500_x_600,32PB 5060,,0.0,0.0,0.0,,,,
product_product_id_137868,32PCP 100,1,Jinasena_MasterData_Stock.product_template_paddy_cultivation_poru,32PCP 100,,0.0,0.0,0.0,,,,
product_product_id_132716,32PR 001,1,Jinasena_MasterData_Stock.product_template_pump_rack1,32PR 001,,0.0,0.0,0.0,,,,
product_product_id_132717,32PR 002,1,Jinasena_MasterData_Stock.product_template_pump_rack_2,32PR 002,,0.0,0.0,0.0,,,,
product_product_id_132718,32PR 003,1,Jinasena_MasterData_Stock.product_template_pump_display_rack_ss,32PR 003,,0.0,0.0,0.0,,,,
product_product_id_132719,32PR 004,1,Jinasena_MasterData_Stock.product_template_pump_display_rack_ss_329646,32PR 004,,0.0,0.0,0.0,,,,
product_product_id_132720,32PT 2000SS,1,Jinasena_MasterData_Stock.product_template_final_storable_product_of_r_pt1_2,32PT 2000SS,,0.0,0.0,0.0,,,,
product_product_id_132721,32PT 2100,1,Jinasena_MasterData_Stock.product_template_frame_main_body_assy_mo_en,32PT 2100,,0.0,0.0,0.0,,,,
product_product_id_132722,32PT 2100SS,1,Jinasena_MasterData_Stock.product_template_frame_main_body_assy_mo_en_ss,32PT 2100SS,,0.0,0.0,0.0,,,,
product_product_id_132723,32PT 2200,1,Jinasena_MasterData_Stock.product_template_hopper_unit_assembly,32PT 2200,,0.0,0.0,0.0,,,,
product_product_id_132724,32PT 2200SS,1,Jinasena_MasterData_Stock.product_template_hopper_unit_assembly_ss,32PT 2200SS,,0.0,0.0,0.0,,,,
product_product_id_132725,32PT 2300,1,Jinasena_MasterData_Stock.product_template_drum_assembly_pepper_thresher,32PT 2300,,0.0,0.0,0.0,,,,
product_product_id_132726,32PT 2300SS,1,Jinasena_MasterData_Stock.product_template_drum_assembly_pepper_thresher_s,32PT 2300SS,,0.0,0.0,0.0,,,,
product_product_id_132727,32PT 2400,1,Jinasena_MasterData_Stock.product_template_frame_main_body_assy_tractor,32PT 2400,,0.0,0.0,0.0,,,,
product_product_id_132728,32PT 4000,1,Jinasena_MasterData_Stock.product_template_drum_complete_pepper_thresher,32PT 4000,,0.0,0.0,0.0,,,,
product_product_id_132729,32PW 600,1,Jinasena_MasterData_Stock.product_template_puddling_wheel_jet5_tractor600mm,32PW 600,,0.0,0.0,0.0,,,,
product_product_id_132730,32PW 650,1,Jinasena_MasterData_Stock.product_template_ploughing_wheel_for_jet5_650mm,32PW 650,,0.0,0.0,0.0,,,,
product_product_id_132731,32PW GT8,1,Jinasena_MasterData_Stock.product_template_puddling_wheel_gt8_cultivetor,32PW GT8,,0.0,0.0,0.0,,,,
product_product_id_132732,32PW PC-NK12,1,Jinasena_MasterData_Stock.product_template_paddy_winnower_fan,32PW PC-NK12,,0.0,0.0,0.0,,,,
product_product_id_132733,32RE 1201,1,Jinasena_MasterData_Stock.product_template_divider_left_assembly,32RE 1201,,0.0,0.0,0.0,,,,
product_product_id_132734,32RE 1202,1,Jinasena_MasterData_Stock.product_template_frame_assembly,32RE 1202,,0.0,0.0,0.0,,,,
product_product_id_132735,32RE 1203,1,Jinasena_MasterData_Stock.product_template_divider_assembly_1,32RE 1203,,0.0,0.0,0.0,,,,
product_product_id_132736,32RE 12031,1,Jinasena_MasterData_Stock.product_template_divider_assembly_2,32RE 12031,,0.0,0.0,0.0,,,,
product_product_id_132737,32RE 1204,1,Jinasena_MasterData_Stock.product_template_cutter_assembly,32RE 1204,,0.0,0.0,0.0,,,,
product_product_id_132738,32RE 1205,1,Jinasena_MasterData_Stock.product_template_conveyor_drive_unit_assembly,32RE 1205,,0.0,0.0,0.0,,,,
product_product_id_132739,32RE 1206,1,Jinasena_MasterData_Stock.product_template_main_shaft_assembly,32RE 1206,,0.0,0.0,0.0,,,,
product_product_id_132740,32RE 1207,1,Jinasena_MasterData_Stock.product_template_conveyor_driven_unit_assembly,32RE 1207,,0.0,0.0,0.0,,,,
product_product_id_132741,32RE 1208,1,Jinasena_MasterData_Stock.product_template_skid_assembly,32RE 1208,,0.0,0.0,0.0,,,,
product_product_id_132742,32RE 1209,1,Jinasena_MasterData_Stock.product_template_cover_outlet_assembly,32RE 1209,,0.0,0.0,0.0,,,,
product_product_id_132743,32RE 1210,1,Jinasena_MasterData_Stock.product_template_top_tension_pulley_assembly,32RE 1210,,0.0,0.0,0.0,,,,
product_product_id_132744,32RE 1217,1,Jinasena_MasterData_Stock.product_template_front_panel_assembly,32RE 1217,,0.0,0.0,0.0,,,,
product_product_id_132745,32RE 1218,1,Jinasena_MasterData_Stock.product_template_lifting_attach_assembly,32RE 1218,,0.0,0.0,0.0,,,,
product_product_id_132746,32RE 1219,1,Jinasena_MasterData_Stock.product_template_conveyor_belt_assembly_2b_105,32RE 1219,,0.0,0.0,0.0,,,,
product_product_id_132747,32RE A14,1,Jinasena_MasterData_Stock.product_template_agri_attachement_kit_for_reaper,32RE A14,,0.0,0.0,0.0,,,,
product_product_id_132748,32RE AAS14,1,Jinasena_MasterData_Stock.product_template_agrimec_adjustble_attch_kit_for,32RE AAS14,,0.0,0.0,0.0,,,,
product_product_id_132749,32RE AHT7,1,Jinasena_MasterData_Stock.product_template_special_chassis_for_aht7_tractor,32RE AHT7,,0.0,0.0,0.0,,,,
product_product_id_132750,32RE AS14,1,Jinasena_MasterData_Stock.product_template_attachment_kit_for_new_s5_tracto,32RE AS14,,0.0,0.0,0.0,,,,
product_product_id_132751,32RE K14,1,Jinasena_MasterData_Stock.product_template_kubota_attachment_kit,32RE K14,,0.0,0.0,0.0,,,,
product_product_id_132752,32RM 4100,1,Jinasena_MasterData_Stock.product_template_handle_assembly_for_mini_tiller,32RM 4100,,0.0,0.0,0.0,,,,
product_product_id_132753,32RM 4200,1,Jinasena_MasterData_Stock.product_template_frame_transmission_of_m_tiller,32RM 4200,,0.0,0.0,0.0,,,,
product_product_id_132754,32RM 4300,1,Jinasena_MasterData_Stock.product_template_rotary_blade_set_assy_310mm_wide,32RM 4300,,0.0,0.0,0.0,,,,
product_product_id_132755,32RM 4400,1,Jinasena_MasterData_Stock.product_template_rotary_blade_set_assy_495mm_wide,32RM 4400,,0.0,0.0,0.0,,,,
product_product_id_132756,32RM 4500,1,Jinasena_MasterData_Stock.product_template_throttle_unit_assembly,32RM 4500,,0.0,0.0,0.0,,,,
product_product_id_132757,32RM 4600,1,Jinasena_MasterData_Stock.product_template_bracket_for_bd200_r_pump,32RM 4600,,0.0,0.0,0.0,,,,
product_product_id_132758,32RM PW,1,Jinasena_MasterData_Stock.product_template_puddling_wheel_for_roto_master,32RM PW,,0.0,0.0,0.0,,,,
product_product_id_132759,32RM WA,1,Jinasena_MasterData_Stock.product_template_tyre_set_assembly_for_rmt4,32RM WA,,0.0,0.0,0.0,,,,
product_product_id_132760,32RR 1000,1,Jinasena_MasterData_Stock.product_template_stand_assembly,32RR 1000,,0.0,0.0,0.0,,,,
product_product_id_132761,32RR 1100,1,Jinasena_MasterData_Stock.product_template_top_assembly,32RR 1100,,0.0,0.0,0.0,,,,
product_product_id_132762,32RR 1200,1,Jinasena_MasterData_Stock.product_template_gear_wheel_assembly,32RR 1200,,0.0,0.0,0.0,,,,
product_product_id_132763,32RS 0100,1,Jinasena_MasterData_Stock.product_template_stand_assembly_329690,32RS 0100,,0.0,0.0,0.0,,,,
product_product_id_132764,32RS 0200,1,Jinasena_MasterData_Stock.product_template_drive_unit_stand_ass_329691,32RS 0200,,0.0,0.0,0.0,,,,
product_product_id_132765,32RS 0300,1,Jinasena_MasterData_Stock.product_template_axel_assembly_329692,32RS 0300,,0.0,0.0,0.0,,,,
product_product_id_132766,32RS 0400,1,Jinasena_MasterData_Stock.product_template_drum_assembly_329693,32RS 0400,,0.0,0.0,0.0,,,,
product_product_id_132767,32RS CA150/3N,1,Jinasena_MasterData_Stock.product_template_rotor_with_shaft_ca150_3n,32RS CA150/3N,,0.0,0.0,0.0,,,,
product_product_id_132768,32RS CA200/3N,1,Jinasena_MasterData_Stock.product_template_rotor_with_shaft_ca200_3n,32RS CA200/3N,,0.0,0.0,0.0,,,,
product_product_id_132769,32RS CA500/3N,1,Jinasena_MasterData_Stock.product_template_rotor_with_shaft_ca500_3n,32RS CA500/3N,,0.0,0.0,0.0,,,,
product_product_id_137681,32RS N110T/1N,1,Jinasena_MasterData_Stock.product_template_rotor_with_shaft_n110t_1n_machining_comp,32RS N110T/1N,,0.0,0.0,0.0,,,,
product_product_id_137682,32RS N110T/1N-C,1,Jinasena_MasterData_Stock.product_template_rotor_shaft_with_bearing_n110t_1n_comple,32RS N110T/1N-C,,0.0,0.0,0.0,,,,
product_product_id_132770,32RT AHT12,1,Jinasena_MasterData_Stock.product_template_rotavator_b18_for_aht12,32RT AHT12,,0.0,0.0,0.0,,,,
product_product_id_132771,32RT AHT8,1,Jinasena_MasterData_Stock.product_template_rotavator_b18_for_aht8,32RT AHT8,,0.0,0.0,0.0,,,,
product_product_id_132772,32RW 740,1,Jinasena_MasterData_Stock.product_template_rotavetor_wheel_aht8,32RW 740,,0.0,0.0,0.0,,,,
product_product_id_132773,32RW GT8,1,Jinasena_MasterData_Stock.product_template_ridger_wheel_gt8,32RW GT8,,0.0,0.0,0.0,,,,
product_product_id_132774,32SC 1100,1,Jinasena_MasterData_Stock.product_template_main_body_assembly_329701,32SC 1100,,0.0,0.0,0.0,,,,
product_product_id_132775,32SC 1100SS,1,Jinasena_MasterData_Stock.product_template_main_body_assembly_329702,32SC 1100SS,,0.0,0.0,0.0,,,,
product_product_id_132776,32SC 1200,1,Jinasena_MasterData_Stock.product_template_feedig_roll_unit_assembly,32SC 1200,,0.0,0.0,0.0,,,,
product_product_id_132777,32SC 1200SS,1,Jinasena_MasterData_Stock.product_template_feeding_roll_unit_assembly,32SC 1200SS,,0.0,0.0,0.0,,,,
product_product_id_132778,32SC 1300,1,Jinasena_MasterData_Stock.product_template_drum_assembly_329705,32SC 1300,,0.0,0.0,0.0,,,,
product_product_id_132779,32SC 1300SS,1,Jinasena_MasterData_Stock.product_template_drum_assembly_329706,32SC 1300SS,,0.0,0.0,0.0,,,,
product_product_id_132780,32SC 1400,1,Jinasena_MasterData_Stock.product_template_hopper_pulley_guard_assembly,32SC 1400,,0.0,0.0,0.0,,,,
product_product_id_132781,32SC 1400SS,1,Jinasena_MasterData_Stock.product_template_hopper_and_pulley_guard_assembly,32SC 1400SS,,0.0,0.0,0.0,,,,
product_product_id_132782,32SC 1420,1,Jinasena_MasterData_Stock.product_template_stant_assembly,32SC 1420,,0.0,0.0,0.0,,,,
product_product_id_132783,32SC 1430,1,Jinasena_MasterData_Stock.product_template_motor_bracket_assembly,32SC 1430,,0.0,0.0,0.0,,,,
product_product_id_132784,32SC 1440,1,Jinasena_MasterData_Stock.product_template_motor_bracket_rsc_new,32SC 1440,,0.0,0.0,0.0,,,,
product_product_id_132785,32SC 1600,1,Jinasena_MasterData_Stock.product_template_motor_base_assembly_329712,32SC 1600,,0.0,0.0,0.0,,,,
product_product_id_132786,32SCM 100,1,Jinasena_MasterData_Stock.product_template_main_body_assembly_329713,32SCM 100,,0.0,0.0,0.0,,,,
product_product_id_132787,32SCM 200,1,Jinasena_MasterData_Stock.product_template_drum_assembly,32SCM 200,,0.0,0.0,0.0,,,,
product_product_id_132788,32SCM 300,1,Jinasena_MasterData_Stock.product_template_top_hopper_assembly,32SCM 300,,0.0,0.0,0.0,,,,
product_product_id_132789,32SCM 400,1,Jinasena_MasterData_Stock.product_template_pressure_guard,32SCM 400,,0.0,0.0,0.0,,,,
product_product_id_132790,32SCM 450,1,Jinasena_MasterData_Stock.product_template_base_assembly,32SCM 450,,0.0,0.0,0.0,,,,
product_product_id_132791,32SCM 500,1,Jinasena_MasterData_Stock.product_template_final_assembly_items_329718,32SCM 500,,0.0,0.0,0.0,,,,
product_product_id_132792,32SCV 01,1,Jinasena_MasterData_Stock.product_template_sieving_drum_assemly,32SCV 01,,0.0,0.0,0.0,,,,
product_product_id_132793,32SCV 02,1,Jinasena_MasterData_Stock.product_template_sieving_plates_assembly,32SCV 02,,0.0,0.0,0.0,,,,
product_product_id_132794,32SCV 03,1,Jinasena_MasterData_Stock.product_template_driving_asseblly,32SCV 03,,0.0,0.0,0.0,,,,
product_product_id_132795,32SCV 04,1,Jinasena_MasterData_Stock.product_template_collecting_assembly,32SCV 04,,0.0,0.0,0.0,,,,
product_product_id_132796,32SCV 05,1,Jinasena_MasterData_Stock.product_template_screw_covayer_assembly,32SCV 05,,0.0,0.0,0.0,,,,
product_product_id_132797,32SCV 06,1,Jinasena_MasterData_Stock.product_template_machine_structure_asssembly,32SCV 06,,0.0,0.0,0.0,,,,
product_product_id_132798,32SCV 07,1,Jinasena_MasterData_Stock.product_template_feeding_convayer_assembly,32SCV 07,,0.0,0.0,0.0,,,,
product_product_id_132799,32SCV 08,1,Jinasena_MasterData_Stock.product_template_sieving_drive_out_conveyer,32SCV 08,,0.0,0.0,0.0,,,,
product_product_id_132800,32SCV 09,1,Jinasena_MasterData_Stock.product_template_waste_run_off_conveyer,32SCV 09,,0.0,0.0,0.0,,,,
product_product_id_132801,32SCV 10,1,Jinasena_MasterData_Stock.product_template_complete_wheel_assembly,32SCV 10,,0.0,0.0,0.0,,,,
product_product_id_132802,32SCV 1000,1,Jinasena_MasterData_Stock.product_template_stand_assemble,32SCV 1000,,0.0,0.0,0.0,,,,
product_product_id_132803,32SCV 11,1,Jinasena_MasterData_Stock.product_template_dust_cover,32SCV 11,,0.0,0.0,0.0,,,,
product_product_id_132804,32SCV 12,1,Jinasena_MasterData_Stock.product_template_electrical_assembly,32SCV 12,,0.0,0.0,0.0,,,,
product_product_id_132805,32SCV 1200,1,Jinasena_MasterData_Stock.product_template_drive_unit_stand_ass,32SCV 1200,,0.0,0.0,0.0,,,,
product_product_id_132806,32SCV 13,1,Jinasena_MasterData_Stock.product_template_final_assembly_329733,32SCV 13,,0.0,0.0,0.0,,,,
product_product_id_132807,32SCV 1300,1,Jinasena_MasterData_Stock.product_template_axel_assembly,32SCV 1300,,0.0,0.0,0.0,,,,
product_product_id_132808,32SCV 1400,1,Jinasena_MasterData_Stock.product_template_drum_assembly_329735,32SCV 1400,,0.0,0.0,0.0,,,,
product_product_id_132809,32SCV 1500,1,Jinasena_MasterData_Stock.product_template_final_assembly_329736,32SCV 1500,,0.0,0.0,0.0,,,,
product_product_id_132810,32SCV 1600,1,Jinasena_MasterData_Stock.product_template_final_assembly_2_0hp,32SCV 1600,,0.0,0.0,0.0,,,,
product_product_id_132811,32SCV 1600-1S,1,Jinasena_MasterData_Stock.product_template_final_assy_for_single_phase_drive,32SCV 1600-1S,,0.0,0.0,0.0,,,,
product_product_id_132812,32SCV 1700,1,Jinasena_MasterData_Stock.product_template_net_assembly_g_i,32SCV 1700,,0.0,0.0,0.0,,,,
product_product_id_132813,32SCV 1800SS,1,Jinasena_MasterData_Stock.product_template_net_assembly_s_s,32SCV 1800SS,,0.0,0.0,0.0,,,,
product_product_id_132814,32SCV 1900,1,Jinasena_MasterData_Stock.product_template_dust_cover_assembly,32SCV 1900,,0.0,0.0,0.0,,,,
product_product_id_132815,32SCV KA,1,Jinasena_MasterData_Stock.product_template_repair_installation_and_commissioning_ch,32SCV KA,,0.0,0.0,0.0,,,,
product_product_id_137683,32SM 14-CJ,1,Jinasena_MasterData_Stock.product_template_carbon_ceramic_water_seal_assembly_14mm_,32SM 14-CJ,,0.0,0.0,0.0,,,,
product_product_id_132816,32SV 1450,1,Jinasena_MasterData_Stock.product_template_feeding_flatform,32SV 1450,,0.0,0.0,0.0,,,,
product_product_id_132817,32TC 6000,1,Jinasena_MasterData_Stock.product_template_main_body_tcm_op_3,32TC 6000,,0.0,0.0,0.0,,,,
product_product_id_132818,32TC 6100,1,Jinasena_MasterData_Stock.product_template_main_body_assembly,32TC 6100,,0.0,0.0,0.0,,,,
product_product_id_132819,32TC 6100SS,1,Jinasena_MasterData_Stock.product_template_main_body,32TC 6100SS,,0.0,0.0,0.0,,,,
product_product_id_132820,32TC 6200,1,Jinasena_MasterData_Stock.product_template_drum_assembly_329747,32TC 6200,,0.0,0.0,0.0,,,,
product_product_id_132821,32TC 6300,1,Jinasena_MasterData_Stock.product_template_top_hopper_assembly_329748,32TC 6300,,0.0,0.0,0.0,,,,
product_product_id_132822,32TC 6300SS,1,Jinasena_MasterData_Stock.product_template_top_hopper,32TC 6300SS,,0.0,0.0,0.0,,,,
product_product_id_132823,32TC 6400,1,Jinasena_MasterData_Stock.product_template_reduction_pulley_assembly,32TC 6400,,0.0,0.0,0.0,,,,
product_product_id_132824,32TC 6500,1,Jinasena_MasterData_Stock.product_template_base_assembly_329751,32TC 6500,,0.0,0.0,0.0,,,,
product_product_id_132825,32TC 6600,1,Jinasena_MasterData_Stock.product_template_motor_base_assembly,32TC 6600,,0.0,0.0,0.0,,,,
product_product_id_132826,32TC 6700,1,Jinasena_MasterData_Stock.product_template_belt_guard_assembly,32TC 6700,,0.0,0.0,0.0,,,,
product_product_id_132827,32TC 6800,1,Jinasena_MasterData_Stock.product_template_pressure_guard_329754,32TC 6800,,0.0,0.0,0.0,,,,
product_product_id_132828,32TC 6800SS,1,Jinasena_MasterData_Stock.product_template_pressure_guard_329755,32TC 6800SS,,0.0,0.0,0.0,,,,
product_product_id_132829,32TC 6900,1,Jinasena_MasterData_Stock.product_template_final_assembly_items,32TC 6900,,0.0,0.0,0.0,,,,
product_product_id_132830,32TC 6900-OP3,1,Jinasena_MasterData_Stock.product_template_final_assy_tcm_op_3,32TC 6900-OP3,,0.0,0.0,0.0,,,,
product_product_id_132831,32TH 11200,1,Jinasena_MasterData_Stock.product_template_frame_concave_assembly_th1,32TH 11200,,0.0,0.0,0.0,,,,
product_product_id_132832,32TH 11400,1,Jinasena_MasterData_Stock.product_template_drum_pulley_guard_assembly_th1,32TH 11400,,0.0,0.0,0.0,,,,
product_product_id_132833,32TH 11600,1,Jinasena_MasterData_Stock.product_template_top_cover_assembly_th1,32TH 11600,,0.0,0.0,0.0,,,,
product_product_id_132834,32TH 11700,1,Jinasena_MasterData_Stock.product_template_tray_assembly_th1,32TH 11700,,0.0,0.0,0.0,,,,
product_product_id_132835,32TH 11800,1,Jinasena_MasterData_Stock.product_template_drum_assembly_th1,32TH 11800,,0.0,0.0,0.0,,,,
product_product_id_132836,32TH 13200,1,Jinasena_MasterData_Stock.product_template_engine_frame_assembly,32TH 13200,,0.0,0.0,0.0,,,,
product_product_id_132837,32TH 22200,1,Jinasena_MasterData_Stock.product_template_frame_th2_t,32TH 22200,,0.0,0.0,0.0,,,,
product_product_id_132838,32TH 22400,1,Jinasena_MasterData_Stock.product_template_guard_pulley_guard_th2_t,32TH 22400,,0.0,0.0,0.0,,,,
product_product_id_132839,32TH 22500,1,Jinasena_MasterData_Stock.product_template_concave_th2_t,32TH 22500,,0.0,0.0,0.0,,,,
product_product_id_132840,32TH 22600,1,Jinasena_MasterData_Stock.product_template_cover_th2_t,32TH 22600,,0.0,0.0,0.0,,,,
product_product_id_132841,32TH 22601,1,Jinasena_MasterData_Stock.product_template_cover_bolt_assy_th2_th7,32TH 22601,,0.0,0.0,0.0,,,,
product_product_id_132842,32TH 22700,1,Jinasena_MasterData_Stock.product_template_tray_th2_t,32TH 22700,,0.0,0.0,0.0,,,,
product_product_id_132843,32TH 22800,1,Jinasena_MasterData_Stock.product_template_drum_assembly_th2_t,32TH 22800,,0.0,0.0,0.0,,,,
product_product_id_132844,32TH 22900,1,Jinasena_MasterData_Stock.product_template_final_assy_components,32TH 22900,,0.0,0.0,0.0,,,,
product_product_id_132845,32TH 23100,1,Jinasena_MasterData_Stock.product_template_tractor_bracket_th2_t,32TH 23100,,0.0,0.0,0.0,,,,
product_product_id_132846,32TH 32200,1,Jinasena_MasterData_Stock.product_template_frame_assembly_th3_t,32TH 32200,,0.0,0.0,0.0,,,,
product_product_id_132847,32TH 32500,1,Jinasena_MasterData_Stock.product_template_concave_assembly_th3_t,32TH 32500,,0.0,0.0,0.0,,,,
product_product_id_132848,32TH 32600,1,Jinasena_MasterData_Stock.product_template_top_cover_assembly_th3_t,32TH 32600,,0.0,0.0,0.0,,,,
product_product_id_132849,32TH 32700,1,Jinasena_MasterData_Stock.product_template_tray_assembly_th3_t,32TH 32700,,0.0,0.0,0.0,,,,
product_product_id_132850,32TH 32800,1,Jinasena_MasterData_Stock.product_template_drum_assembly_th3_t,32TH 32800,,0.0,0.0,0.0,,,,
product_product_id_132851,32TH 33100,1,Jinasena_MasterData_Stock.product_template_tractor_bracket_assembly_th3_t,32TH 33100,,0.0,0.0,0.0,,,,
product_product_id_132852,32TH 62200,1,Jinasena_MasterData_Stock.product_template_frame_th6,32TH 62200,,0.0,0.0,0.0,,,,
product_product_id_132853,32TH 62500,1,Jinasena_MasterData_Stock.product_template_concave_th6,32TH 62500,,0.0,0.0,0.0,,,,
product_product_id_132854,32TH 62600,1,Jinasena_MasterData_Stock.product_template_cover_th6,32TH 62600,,0.0,0.0,0.0,,,,
product_product_id_132855,32TH 62700,1,Jinasena_MasterData_Stock.product_template_tray_th6,32TH 62700,,0.0,0.0,0.0,,,,
product_product_id_132856,32TH 62800,1,Jinasena_MasterData_Stock.product_template_drum_assembly_th6,32TH 62800,,0.0,0.0,0.0,,,,
product_product_id_132857,32TH 63100,1,Jinasena_MasterData_Stock.product_template_tractor_bracket_th6_tk,32TH 63100,,0.0,0.0,0.0,,,,
product_product_id_132858,32TH 63200,1,Jinasena_MasterData_Stock.product_template_engine_frame_th6_28,32TH 63200,,0.0,0.0,0.0,,,,
product_product_id_132859,32TH 63201,1,Jinasena_MasterData_Stock.product_template_engine_frame_clamp_pair_th6_28,32TH 63201,,0.0,0.0,0.0,,,,
product_product_id_132860,32TH 63300,1,Jinasena_MasterData_Stock.product_template_engine_guard_th6_28,32TH 63300,,0.0,0.0,0.0,,,,
product_product_id_132861,32TH 63500,1,Jinasena_MasterData_Stock.product_template_fan_mounting_column_th6_tk,32TH 63500,,0.0,0.0,0.0,,,,
product_product_id_132862,32TH 63600,1,Jinasena_MasterData_Stock.product_template_fan_guard_th6_tk,32TH 63600,,0.0,0.0,0.0,,,,
product_product_id_132863,32TH 63700,1,Jinasena_MasterData_Stock.product_template_final_assy_comp_ent,32TH 63700,,0.0,0.0,0.0,,,,
product_product_id_132864,32TH 72200,1,Jinasena_MasterData_Stock.product_template_frame_th7,32TH 72200,,0.0,0.0,0.0,,,,
product_product_id_132865,32TH 72500,1,Jinasena_MasterData_Stock.product_template_concave_th7,32TH 72500,,0.0,0.0,0.0,,,,
product_product_id_132866,32TH 72600,1,Jinasena_MasterData_Stock.product_template_cover_th7,32TH 72600,,0.0,0.0,0.0,,,,
product_product_id_132867,32TH 72700,1,Jinasena_MasterData_Stock.product_template_tray_th7,32TH 72700,,0.0,0.0,0.0,,,,
product_product_id_132868,32TH 72800,1,Jinasena_MasterData_Stock.product_template_drum_assembly_th7,32TH 72800,,0.0,0.0,0.0,,,,
product_product_id_132869,32TH 72900,1,Jinasena_MasterData_Stock.product_template_final_assy_components_th7_basic,32TH 72900,,0.0,0.0,0.0,,,,
product_product_id_132870,32TH 73100,1,Jinasena_MasterData_Stock.product_template_tractor_bracket_th1t_th7t,32TH 73100,,0.0,0.0,0.0,,,,
product_product_id_132871,32TH 73200,1,Jinasena_MasterData_Stock.product_template_engine_frame_th7_20,32TH 73200,,0.0,0.0,0.0,,,,
product_product_id_132872,32TH 73201,1,Jinasena_MasterData_Stock.product_template_engine_frame_clamp_pair_th7_20,32TH 73201,,0.0,0.0,0.0,,,,
product_product_id_132873,32TH 73300,1,Jinasena_MasterData_Stock.product_template_engine_guard_th7_20,32TH 73300,,0.0,0.0,0.0,,,,
product_product_id_132874,32TH 73400,1,Jinasena_MasterData_Stock.product_template_tractor_pully_guard_th7_ta_only,32TH 73400,,0.0,0.0,0.0,,,,
product_product_id_132875,32TH 73500,1,Jinasena_MasterData_Stock.product_template_fan_mounting_column_th7_ta_tk,32TH 73500,,0.0,0.0,0.0,,,,
product_product_id_132876,32TH 73600,1,Jinasena_MasterData_Stock.product_template_fan_guard_th7_ta_tk,32TH 73600,,0.0,0.0,0.0,,,,
product_product_id_132877,32TH 73700,1,Jinasena_MasterData_Stock.product_template_final_assy_comp_th7_ta_tk,32TH 73700,,0.0,0.0,0.0,,,,
product_product_id_132878,32TH 73900,1,Jinasena_MasterData_Stock.product_template_fan_unit_assembly_th1_th6_th7,32TH 73900,,0.0,0.0,0.0,,,,
product_product_id_132879,32TH TH1,1,Jinasena_MasterData_Stock.product_template_final_th1_t,32TH TH1,,0.0,0.0,0.0,,,,
product_product_id_132880,32TH TH1-20,1,Jinasena_MasterData_Stock.product_template_final_th1_20,32TH TH1-20,,0.0,0.0,0.0,,,,
product_product_id_132881,32TR 15100,1,Jinasena_MasterData_Stock.product_template_main_frame_steel_trailer_8hp,32TR 15100,,0.0,0.0,0.0,,,,
product_product_id_132882,32TR 15200,1,Jinasena_MasterData_Stock.product_template_main_frame_wooden_trailer_8hp,32TR 15200,,0.0,0.0,0.0,,,,
product_product_id_132883,32TR 15300,1,Jinasena_MasterData_Stock.product_template_roof_of_trailer_8_12hp_optional,32TR 15300,,0.0,0.0,0.0,,,,
product_product_id_132884,32TR 15400,1,Jinasena_MasterData_Stock.product_template_mechanical_brake_assy_8hp_trai,32TR 15400,,0.0,0.0,0.0,,,,
product_product_id_132885,32TR 15600,1,Jinasena_MasterData_Stock.product_template_extention_to_8_hp_trailer,32TR 15600,,0.0,0.0,0.0,,,,
product_product_id_132886,32TR 15700,1,Jinasena_MasterData_Stock.product_template_railling_around_brim_1_5t_open,32TR 15700,,0.0,0.0,0.0,,,,
product_product_id_132887,32TR 20100,1,Jinasena_MasterData_Stock.product_template_main_frame_of_trailer_12hp,32TR 20100,,0.0,0.0,0.0,,,,
product_product_id_132888,32TR 20200,1,Jinasena_MasterData_Stock.product_template_body_assembly_metal_trailer_12hp,32TR 20200,,0.0,0.0,0.0,,,,
product_product_id_132889,32TR 20400,1,Jinasena_MasterData_Stock.product_template_mechanical_brake_assy_12hp_tra,32TR 20400,,0.0,0.0,0.0,,,,
product_product_id_132890,32TR 20500,1,Jinasena_MasterData_Stock.product_template_hydraulic_brake_assy_12_8hp_tra,32TR 20500,,0.0,0.0,0.0,,,,
product_product_id_132891,32TR 20600,1,Jinasena_MasterData_Stock.product_template_extension_assy_trailer_12hp,32TR 20600,,0.0,0.0,0.0,,,,
product_product_id_132892,32TR 20700,1,Jinasena_MasterData_Stock.product_template_railling_around_brim_2t_open,32TR 20700,,0.0,0.0,0.0,,,,
product_product_id_132893,32TR 20800,1,Jinasena_MasterData_Stock.product_template_frame_behind_op_w_o_op_roof,32TR 20800,,0.0,0.0,0.0,,,,
product_product_id_132894,32TR 20900,1,Jinasena_MasterData_Stock.product_template_frame_behind_op_with_roof,32TR 20900,,0.0,0.0,0.0,,,,
product_product_id_132895,32TR DF/250-01,1,Jinasena_MasterData_Stock.product_template_hitch_unit_of_df_250_254_tractor,32TR DF/250-01,,0.0,0.0,0.0,,,,
product_product_id_132896,32WF 12,1,Jinasena_MasterData_Stock.product_template_wet_field_harrow_12_peg,32WF 12,,0.0,0.0,0.0,,,,
product_product_id_132897,32WL 006,1,Jinasena_MasterData_Stock.product_template_wound_lampack_3_4_2_1_n_110,32WL 006,,0.0,0.0,0.0,,,,
product_product_id_132898,32WL 013N,1,Jinasena_MasterData_Stock.product_template_wound_lampack_2_2_3_ca200_3n,32WL 013N,,0.0,0.0,0.0,,,,
product_product_id_132899,32WL 018N,1,Jinasena_MasterData_Stock.product_template_wound_lampack_5_4_3_ca500_3n,32WL 018N,,0.0,0.0,0.0,,,,
product_product_id_137684,32WL 020,1,Jinasena_MasterData_Stock.product_template_wound_lampack_3_4_2_1_n110t_1n,32WL 020,,0.0,0.0,0.0,,,,
product_product_id_137685,32WL 020-AS,1,Jinasena_MasterData_Stock.product_template_wound_lampack_3_4_2_1_n110t_1n_assembly,32WL 020-AS,,0.0,0.0,0.0,,,,
product_product_id_132900,32YA RBK 82/76,1,Jinasena_MasterData_Stock.product_template_radiator_bracket_4tnv_82_76_70,32YA RBK 82/76,,0.0,0.0,0.0,,,,
product_product_id_132901,32YA RBK-4TNV8,1,Jinasena_MasterData_Stock.product_template_radiator_bracket_kit_4tnv88t_329828,32YA RBK-4TNV8,,0.0,0.0,0.0,,,,
product_product_id_132902,32YA RBK4TNV84,1,Jinasena_MasterData_Stock.product_template_radiater_bracket_kit_4tnv84t,32YA RBK4TNV84,,0.0,0.0,0.0,,,,
product_product_id_132903,32YA RBK4TNV88,1,Jinasena_MasterData_Stock.product_template_radiator_bracket_kit_4tnv88t,32YA RBK4TNV88,,0.0,0.0,0.0,,,,
product_product_id_132904,33A-6,1,Jinasena_MasterData_Stock.product_template_strainer_bracket_assy_a900,33A-6,,0.0,0.0,0.0,,,,
product_product_id_132905,33A9 (1),1,Jinasena_MasterData_Stock.product_template_flange_plate_225_307_di,33A9 (1),,0.0,0.0,0.0,,,,
product_product_id_132906,33A9 (2),1,Jinasena_MasterData_Stock.product_template_flange_plate_315x190mm_dia,33A9 (2),,0.0,0.0,0.0,,,,
product_product_id_132907,33A9 (3),1,Jinasena_MasterData_Stock.product_template_strainer_plate_395mm_dia,33A9 (3),,0.0,0.0,0.0,,,,
product_product_id_132908,33A9 (4),1,Jinasena_MasterData_Stock.product_template_pipe_for_a900_pump_4_0_x9_dia,33A9 (4),,0.0,0.0,0.0,,,,
product_product_id_132909,33A9 (5),1,Jinasena_MasterData_Stock.product_template_a900_pipe_5_long_x_9in,33A9 (5),,0.0,0.0,0.0,,,,
product_product_id_132910,33BC 240101,1,Jinasena_MasterData_Stock.product_template_handle_reinforcement_plate,33BC 240101,,0.0,0.0,0.0,,,,
product_product_id_132911,33BC 240102,1,Jinasena_MasterData_Stock.product_template_wheel_spring_adjuster,33BC 240102,,0.0,0.0,0.0,,,,
product_product_id_132912,33BC 240103,1,Jinasena_MasterData_Stock.product_template_blade_clu_link_bar_1_2_3,33BC 240103,,0.0,0.0,0.0,,,,
product_product_id_132913,33BC 240104,1,Jinasena_MasterData_Stock.product_template_blade_clu_link_bar_hinge_plate,33BC 240104,,0.0,0.0,0.0,,,,
product_product_id_132914,33BC 240105,1,Jinasena_MasterData_Stock.product_template_engine_mounnt_bracket,33BC 240105,,0.0,0.0,0.0,,,,
product_product_id_132915,33BC 240106,1,Jinasena_MasterData_Stock.product_template_chain_case_bracket_bottom,33BC 240106,,0.0,0.0,0.0,,,,
product_product_id_132916,33BC 240107,1,Jinasena_MasterData_Stock.product_template_sliding_guide_u_plate,33BC 240107,,0.0,0.0,0.0,,,,
product_product_id_132917,33BC 240108,1,Jinasena_MasterData_Stock.product_template_engine_belt_fixing_plate,33BC 240108,,0.0,0.0,0.0,,,,
product_product_id_132918,33BC 240109,1,Jinasena_MasterData_Stock.product_template_handle_fixing_plate,33BC 240109,,0.0,0.0,0.0,,,,
product_product_id_132919,33BC 240110,1,Jinasena_MasterData_Stock.product_template_frame_angle_329846,33BC 240110,,0.0,0.0,0.0,,,,
product_product_id_132920,33BC 240111,1,Jinasena_MasterData_Stock.product_template_engine_mount_angle,33BC 240111,,0.0,0.0,0.0,,,,
product_product_id_132921,33BC 240112,1,Jinasena_MasterData_Stock.product_template_bearing_cup_329848,33BC 240112,,0.0,0.0,0.0,,,,
product_product_id_132922,33BC 240113,1,Jinasena_MasterData_Stock.product_template_belt_guide_of_belt_guard,33BC 240113,,0.0,0.0,0.0,,,,
product_product_id_132923,33BC 240114,1,Jinasena_MasterData_Stock.product_template_wheel_pipe_bush,33BC 240114,,0.0,0.0,0.0,,,,
product_product_id_132924,33BC 240115,1,Jinasena_MasterData_Stock.product_template_hinge_bolt,33BC 240115,,0.0,0.0,0.0,,,,
product_product_id_132925,33BC 240116,1,Jinasena_MasterData_Stock.product_template_engine_base_pipe,33BC 240116,,0.0,0.0,0.0,,,,
product_product_id_132926,33BC 240117,1,Jinasena_MasterData_Stock.product_template_handle_pipe_329853,33BC 240117,,0.0,0.0,0.0,,,,
product_product_id_132927,33BC 240118,1,Jinasena_MasterData_Stock.product_template_sliding_pipe_329854,33BC 240118,,0.0,0.0,0.0,,,,
product_product_id_132928,33BC 240119,1,Jinasena_MasterData_Stock.product_template_wheel_axel_pipe,33BC 240119,,0.0,0.0,0.0,,,,
product_product_id_132929,33BC 240120,1,Jinasena_MasterData_Stock.product_template_spring_for_clutch_handle,33BC 240120,,0.0,0.0,0.0,,,,
product_product_id_132930,33BC 240121,1,Jinasena_MasterData_Stock.product_template_spring_for_slide_pipe,33BC 240121,,0.0,0.0,0.0,,,,
product_product_id_132931,33BC 240122,1,Jinasena_MasterData_Stock.product_template_wheel_pipe_reinforcement,33BC 240122,,0.0,0.0,0.0,,,,
product_product_id_132932,33BC 240123,1,Jinasena_MasterData_Stock.product_template_wheel_clutch_lever,33BC 240123,,0.0,0.0,0.0,,,,
product_product_id_132933,33BC 240124,1,Jinasena_MasterData_Stock.product_template_frame_pipe_reinforcement_1,33BC 240124,,0.0,0.0,0.0,,,,
product_product_id_132934,33BC 240125,1,Jinasena_MasterData_Stock.product_template_frame_pipe_reinforcement_2,33BC 240125,,0.0,0.0,0.0,,,,
product_product_id_132935,33BC 240126,1,Jinasena_MasterData_Stock.product_template_handle_pipe_reinforcement,33BC 240126,,0.0,0.0,0.0,,,,
product_product_id_132936,33BC 240201,1,Jinasena_MasterData_Stock.product_template_top_plate_blade_shield,33BC 240201,,0.0,0.0,0.0,,,,
product_product_id_132937,33BC 240202,1,Jinasena_MasterData_Stock.product_template_cover_plate_1_blade_shield,33BC 240202,,0.0,0.0,0.0,,,,
product_product_id_132938,33BC 240203,1,Jinasena_MasterData_Stock.product_template_cover_plate_2_blade_shield,33BC 240203,,0.0,0.0,0.0,,,,
product_product_id_132939,33BC 240204,1,Jinasena_MasterData_Stock.product_template_top_plate_pulley_guard,33BC 240204,,0.0,0.0,0.0,,,,
product_product_id_132940,33BC 240205,1,Jinasena_MasterData_Stock.product_template_side_plate_pulley_guard,33BC 240205,,0.0,0.0,0.0,,,,
product_product_id_132941,33BC 240206,1,Jinasena_MasterData_Stock.product_template_rein_plate_blade_shield_o_c,33BC 240206,,0.0,0.0,0.0,,,,
product_product_id_132942,33BC 240207,1,Jinasena_MasterData_Stock.product_template_triangular_rein_plate,33BC 240207,,0.0,0.0,0.0,,,,
product_product_id_132943,33BC 240208,1,Jinasena_MasterData_Stock.product_template_spindle_housing_mount_plate,33BC 240208,,0.0,0.0,0.0,,,,
product_product_id_132944,33BC 240209,1,Jinasena_MasterData_Stock.product_template_head_spindle_housing,33BC 240209,,0.0,0.0,0.0,,,,
product_product_id_132945,33BC 240210,1,Jinasena_MasterData_Stock.product_template_slide_bar_spindle_housing,33BC 240210,,0.0,0.0,0.0,,,,
product_product_id_132946,33BC 240211,1,Jinasena_MasterData_Stock.product_template_spindle_housing_rein_t_b,33BC 240211,,0.0,0.0,0.0,,,,
product_product_id_132947,33BC 240212,1,Jinasena_MasterData_Stock.product_template_adjusting_bracket_pulley_guard,33BC 240212,,0.0,0.0,0.0,,,,
product_product_id_132948,33BC 240213,1,Jinasena_MasterData_Stock.product_template_bracket_pg,33BC 240213,,0.0,0.0,0.0,,,,
product_product_id_132949,33BC 240214,1,Jinasena_MasterData_Stock.product_template_blade_shield_rein_1_2_3,33BC 240214,,0.0,0.0,0.0,,,,
product_product_id_132950,33BC 240215,1,Jinasena_MasterData_Stock.product_template_belt_guide_angle_bracket,33BC 240215,,0.0,0.0,0.0,,,,
product_product_id_132951,33BC 240216,1,Jinasena_MasterData_Stock.product_template_sliding_guide_bar,33BC 240216,,0.0,0.0,0.0,,,,
product_product_id_132952,33BC 240217,1,Jinasena_MasterData_Stock.product_template_buffer_t_1_2_blade_shield,33BC 240217,,0.0,0.0,0.0,,,,
product_product_id_132953,33BC 240218,1,Jinasena_MasterData_Stock.product_template_buffer_b_1_2_3_blade_shield,33BC 240218,,0.0,0.0,0.0,,,,
product_product_id_132954,33BC 240219,1,Jinasena_MasterData_Stock.product_template_spindle_axel_robin_b_cutter,33BC 240219,,0.0,0.0,0.0,,,,
product_product_id_132955,33BC 240220,1,Jinasena_MasterData_Stock.product_template_pulley_locking_nut_ey28,33BC 240220,,0.0,0.0,0.0,,,,
product_product_id_132956,33BC 240221,1,Jinasena_MasterData_Stock.product_template_blade_locking_nut_for_ey28,33BC 240221,,0.0,0.0,0.0,,,,
product_product_id_132957,33BC 240222,1,Jinasena_MasterData_Stock.product_template_bearing_cup_329884,33BC 240222,,0.0,0.0,0.0,,,,
product_product_id_132958,33BC 240223,1,Jinasena_MasterData_Stock.product_template_reinforecement_angle_o_c,33BC 240223,,0.0,0.0,0.0,,,,
product_product_id_132959,33BC 240224,1,Jinasena_MasterData_Stock.product_template_cutter_blade_for_ground_master,33BC 240224,,0.0,0.0,0.0,,,,
product_product_id_132960,33BC 240225,1,Jinasena_MasterData_Stock.product_template_cutter_blade_jbc24_bush_flat,33BC 240225,,0.0,0.0,0.0,,,,
product_product_id_132961,33BC 240226,1,Jinasena_MasterData_Stock.product_template_cutter_blade_jbc24_grass_angle,33BC 240226,,0.0,0.0,0.0,,,,
product_product_id_132962,33BC 240227,1,Jinasena_MasterData_Stock.product_template_brake_liner_for_bush_cutter,33BC 240227,,0.0,0.0,0.0,,,,
product_product_id_132963,33BC 240228,1,Jinasena_MasterData_Stock.product_template_reinforcement_for_pulley_guard,33BC 240228,,0.0,0.0,0.0,,,,
product_product_id_132964,33BC 240229,1,Jinasena_MasterData_Stock.product_template_key_spindle_shaft,33BC 240229,,0.0,0.0,0.0,,,,
product_product_id_132965,33BC 240301,1,Jinasena_MasterData_Stock.product_template_belt_guard,33BC 240301,,0.0,0.0,0.0,,,,
product_product_id_132966,33BC 240302,1,Jinasena_MasterData_Stock.product_template_chain_case,33BC 240302,,0.0,0.0,0.0,,,,
product_product_id_132967,33BC 240303,1,Jinasena_MasterData_Stock.product_template_chain_case_cover,33BC 240303,,0.0,0.0,0.0,,,,
product_product_id_132968,33BC 240304,1,Jinasena_MasterData_Stock.product_template_pulley_adjuster,33BC 240304,,0.0,0.0,0.0,,,,
product_product_id_132969,33BC 240305,1,Jinasena_MasterData_Stock.product_template_idler_pulley_fixing_bolt,33BC 240305,,0.0,0.0,0.0,,,,
product_product_id_132970,33BC 240306,1,Jinasena_MasterData_Stock.product_template_sq_key,33BC 240306,,0.0,0.0,0.0,,,,
product_product_id_132971,33BC 240307,1,Jinasena_MasterData_Stock.product_template_chain_1_chain_drive_assy,33BC 240307,,0.0,0.0,0.0,,,,
product_product_id_132972,33BC 240308,1,Jinasena_MasterData_Stock.product_template_chain_2_chain_drive_assy,33BC 240308,,0.0,0.0,0.0,,,,
product_product_id_132973,33BC 240309,1,Jinasena_MasterData_Stock.product_template_sprocket_wheel_11t,33BC 240309,,0.0,0.0,0.0,,,,
product_product_id_132974,33BC 240310,1,Jinasena_MasterData_Stock.product_template_sprocket_wheel_12t,33BC 240310,,0.0,0.0,0.0,,,,
product_product_id_132975,33BC 240311,1,Jinasena_MasterData_Stock.product_template_chin_drive_shaft_1,33BC 240311,,0.0,0.0,0.0,,,,
product_product_id_132976,33BC 240312,1,Jinasena_MasterData_Stock.product_template_chain_drive_shaft_2,33BC 240312,,0.0,0.0,0.0,,,,
product_product_id_132977,33BC 240313,1,Jinasena_MasterData_Stock.product_template_chain_drive_shaft_3,33BC 240313,,0.0,0.0,0.0,,,,
product_product_id_132978,33BC 240314,1,Jinasena_MasterData_Stock.product_template_chain_drive_bottom,33BC 240314,,0.0,0.0,0.0,,,,
product_product_id_132979,33BC 240401,1,Jinasena_MasterData_Stock.product_template_wheel_rim_one_side,33BC 240401,,0.0,0.0,0.0,,,,
product_product_id_132980,33BC 240402,1,Jinasena_MasterData_Stock.product_template_sprocket_wheel_54t,33BC 240402,,0.0,0.0,0.0,,,,
product_product_id_132981,33BC 240403,1,Jinasena_MasterData_Stock.product_template_rim_bush_329908,33BC 240403,,0.0,0.0,0.0,,,,
product_product_id_132982,33BC 240404,1,Jinasena_MasterData_Stock.product_template_slotted_nut,33BC 240404,,0.0,0.0,0.0,,,,
product_product_id_132983,33BC 240405,1,Jinasena_MasterData_Stock.product_template_axel_329910,33BC 240405,,0.0,0.0,0.0,,,,
product_product_id_132984,33BC 240406,1,Jinasena_MasterData_Stock.product_template_sq_key_329911,33BC 240406,,0.0,0.0,0.0,,,,
product_product_id_132985,33BC 240407,1,Jinasena_MasterData_Stock.product_template_free_wheel_bush,33BC 240407,,0.0,0.0,0.0,,,,
product_product_id_132986,33BC 240408,1,Jinasena_MasterData_Stock.product_template_chain_for_wheel_drive_40_1_2,33BC 240408,,0.0,0.0,0.0,,,,
product_product_id_132987,33BC 240501,1,Jinasena_MasterData_Stock.product_template_seat_hold_pipe_1,33BC 240501,,0.0,0.0,0.0,,,,
product_product_id_132988,33BC 240502,1,Jinasena_MasterData_Stock.product_template_seat_hold_pipe_2,33BC 240502,,0.0,0.0,0.0,,,,
product_product_id_132989,33BC 240503,1,Jinasena_MasterData_Stock.product_template_reinforcement_pipe,33BC 240503,,0.0,0.0,0.0,,,,
product_product_id_132990,33BC 240504,1,Jinasena_MasterData_Stock.product_template_tyre_mount_frsme,33BC 240504,,0.0,0.0,0.0,,,,
product_product_id_132991,33BC 240505,1,Jinasena_MasterData_Stock.product_template_tyre_mount_frame_reinforcement,33BC 240505,,0.0,0.0,0.0,,,,
product_product_id_132992,33BC 240506,1,Jinasena_MasterData_Stock.product_template_tow_bar_rider_seat,33BC 240506,,0.0,0.0,0.0,,,,
product_product_id_132993,33BC 240507,1,Jinasena_MasterData_Stock.product_template_hinge_plate,33BC 240507,,0.0,0.0,0.0,,,,
product_product_id_132994,33BC 240508,1,Jinasena_MasterData_Stock.product_template_hinge_bush,33BC 240508,,0.0,0.0,0.0,,,,
product_product_id_132995,33BC 240509,1,Jinasena_MasterData_Stock.product_template_tow_bar_end_bush,33BC 240509,,0.0,0.0,0.0,,,,
product_product_id_132996,33BC 240510,1,Jinasena_MasterData_Stock.product_template_guide_bush,33BC 240510,,0.0,0.0,0.0,,,,
product_product_id_132997,33BC 240511,1,Jinasena_MasterData_Stock.product_template_collar_bush_for_hitch_mount_pin,33BC 240511,,0.0,0.0,0.0,,,,
product_product_id_132998,33BC 240512,1,Jinasena_MasterData_Stock.product_template_hitch_mount_angle_329925,33BC 240512,,0.0,0.0,0.0,,,,
product_product_id_132999,33BC 240513,1,Jinasena_MasterData_Stock.product_template_hitch_mount_u_chanel,33BC 240513,,0.0,0.0,0.0,,,,
product_product_id_133000,33BC 240514,1,Jinasena_MasterData_Stock.product_template_hitch_pin_329927,33BC 240514,,0.0,0.0,0.0,,,,
product_product_id_133001,33BC 240515,1,Jinasena_MasterData_Stock.product_template_rim_bush,33BC 240515,,0.0,0.0,0.0,,,,
product_product_id_133002,33BC 240516,1,Jinasena_MasterData_Stock.product_template_rim_bush_pin,33BC 240516,,0.0,0.0,0.0,,,,
product_product_id_133003,33BC 240517,1,Jinasena_MasterData_Stock.product_template_rim_bush_bearing_spacer,33BC 240517,,0.0,0.0,0.0,,,,
product_product_id_133004,33BC 240518,1,Jinasena_MasterData_Stock.product_template_seat_hold_pipe_reinforcement,33BC 240518,,0.0,0.0,0.0,,,,
product_product_id_133005,33BC 240519,1,Jinasena_MasterData_Stock.product_template_angle_for_spring_rest,33BC 240519,,0.0,0.0,0.0,,,,
product_product_id_133006,33BC 240520,1,Jinasena_MasterData_Stock.product_template_washer_for_weld_to_tyre_mount,33BC 240520,,0.0,0.0,0.0,,,,
product_product_id_133007,33BC 5101,1,Jinasena_MasterData_Stock.product_template_cover_plate_3_blade_shi,33BC 5101,,0.0,0.0,0.0,,,,
product_product_id_133008,33BC 5102,1,Jinasena_MasterData_Stock.product_template_head_spindle_housing_jet5,33BC 5102,,0.0,0.0,0.0,,,,
product_product_id_133009,33BC 5103,1,Jinasena_MasterData_Stock.product_template_slide_pipe_spindle_housing,33BC 5103,,0.0,0.0,0.0,,,,
product_product_id_133010,33BC 5104,1,Jinasena_MasterData_Stock.product_template_reinforcement_1_2_3_bl_shield,33BC 5104,,0.0,0.0,0.0,,,,
product_product_id_133011,33BC 5105,1,Jinasena_MasterData_Stock.product_template_sliding_guide_bar_fixing_plate,33BC 5105,,0.0,0.0,0.0,,,,
product_product_id_133012,33BC 5106,1,Jinasena_MasterData_Stock.product_template_buffer_top_1_2_bl_shield,33BC 5106,,0.0,0.0,0.0,,,,
product_product_id_133013,33BC 5107,1,Jinasena_MasterData_Stock.product_template_buffer_bottom_1_2_bl_shield,33BC 5107,,0.0,0.0,0.0,,,,
product_product_id_133014,33BC 5108,1,Jinasena_MasterData_Stock.product_template_belt_guide_1,33BC 5108,,0.0,0.0,0.0,,,,
product_product_id_133015,33BC 5109,1,Jinasena_MasterData_Stock.product_template_spindle_axel_jet5,33BC 5109,,0.0,0.0,0.0,,,,
product_product_id_133016,33BC 5110,1,Jinasena_MasterData_Stock.product_template_washer_for_d_pulley,33BC 5110,,0.0,0.0,0.0,,,,
product_product_id_133017,33BC 5111,1,Jinasena_MasterData_Stock.product_template_brake_liner_fix_plate,33BC 5111,,0.0,0.0,0.0,,,,
product_product_id_133018,33BC 5112,1,Jinasena_MasterData_Stock.product_template_rubber_protective_pad_bc_jet5,33BC 5112,,0.0,0.0,0.0,,,,
product_product_id_133019,33BC 5201,1,Jinasena_MasterData_Stock.product_template_attachment_plate_l_r,33BC 5201,,0.0,0.0,0.0,,,,
product_product_id_133020,33BC 5202,1,Jinasena_MasterData_Stock.product_template_buch_cutter_attachement,33BC 5202,,0.0,0.0,0.0,,,,
product_product_id_133021,33BC 5203,1,Jinasena_MasterData_Stock.product_template_angle_bracket_2,33BC 5203,,0.0,0.0,0.0,,,,
product_product_id_133022,33BC 5204,1,Jinasena_MasterData_Stock.product_template_slide_pipe_fix_plate_o_c,33BC 5204,,0.0,0.0,0.0,,,,
product_product_id_133023,33BC 5205,1,Jinasena_MasterData_Stock.product_template_tri_reinforcement_plate_o_c,33BC 5205,,0.0,0.0,0.0,,,,
product_product_id_133024,33BC 5206,1,Jinasena_MasterData_Stock.product_template_angle_bracket_2_reinforcement,33BC 5206,,0.0,0.0,0.0,,,,
product_product_id_133025,33BC 5207,1,Jinasena_MasterData_Stock.product_template_pulley_guard_bracket_329952,33BC 5207,,0.0,0.0,0.0,,,,
product_product_id_133026,33BC 5208,1,Jinasena_MasterData_Stock.product_template_sliding_pipe,33BC 5208,,0.0,0.0,0.0,,,,
product_product_id_133027,33BC 5209,1,Jinasena_MasterData_Stock.product_template_belt_guide_2,33BC 5209,,0.0,0.0,0.0,,,,
product_product_id_133028,33BC 5210,1,Jinasena_MasterData_Stock.product_template_spring_hold_plate,33BC 5210,,0.0,0.0,0.0,,,,
product_product_id_133029,33BC 5211,1,Jinasena_MasterData_Stock.product_template_atta_plate_reiforcement,33BC 5211,,0.0,0.0,0.0,,,,
product_product_id_133030,33BC 5212,1,Jinasena_MasterData_Stock.product_template_spacer_for_bearings,33BC 5212,,0.0,0.0,0.0,,,,
product_product_id_133031,33BC 5301,1,Jinasena_MasterData_Stock.product_template_wheel_fixing_arm,33BC 5301,,0.0,0.0,0.0,,,,
product_product_id_133032,33BC 5302,1,Jinasena_MasterData_Stock.product_template_spring_holder,33BC 5302,,0.0,0.0,0.0,,,,
product_product_id_133033,33BC 5303,1,Jinasena_MasterData_Stock.product_template_wheel_fixing_arm_bush,33BC 5303,,0.0,0.0,0.0,,,,
product_product_id_133034,33BC 5304,1,Jinasena_MasterData_Stock.product_template_lock_pin_caster_wheel,33BC 5304,,0.0,0.0,0.0,,,,
product_product_id_133035,33BC 5305,1,Jinasena_MasterData_Stock.product_template_caster_wheel_bracket_1,33BC 5305,,0.0,0.0,0.0,,,,
product_product_id_133036,33BC 5306,1,Jinasena_MasterData_Stock.product_template_caster_wheel_bracket_2,33BC 5306,,0.0,0.0,0.0,,,,
product_product_id_133037,33BC 5307,1,Jinasena_MasterData_Stock.product_template_caster_wheel_bracket_bush,33BC 5307,,0.0,0.0,0.0,,,,
product_product_id_133038,33BC 5308,1,Jinasena_MasterData_Stock.product_template_caster_wheel_fixing_bolt,33BC 5308,,0.0,0.0,0.0,,,,
product_product_id_133039,33BC 5309,1,Jinasena_MasterData_Stock.product_template_caster_wheel_axel,33BC 5309,,0.0,0.0,0.0,,,,
product_product_id_133040,33BC 5310,1,Jinasena_MasterData_Stock.product_template_reinforcement_plate_329967,33BC 5310,,0.0,0.0,0.0,,,,
product_product_id_133041,33BC 5311,1,Jinasena_MasterData_Stock.product_template_washer_for_fixinx_bolt,33BC 5311,,0.0,0.0,0.0,,,,
product_product_id_133042,33BC 5312,1,Jinasena_MasterData_Stock.product_template_spacer_for_bearing,33BC 5312,,0.0,0.0,0.0,,,,
product_product_id_133043,33BC 5313,1,Jinasena_MasterData_Stock.product_template_washer_for_wheel_axel,33BC 5313,,0.0,0.0,0.0,,,,
product_product_id_133044,33BC 5314,1,Jinasena_MasterData_Stock.product_template_chain_with_fixing_plate,33BC 5314,,0.0,0.0,0.0,,,,
product_product_id_133045,33BC 5401,1,Jinasena_MasterData_Stock.product_template_clutch_bar,33BC 5401,,0.0,0.0,0.0,,,,
product_product_id_133046,33BC 5402,1,Jinasena_MasterData_Stock.product_template_adjusting_plate,33BC 5402,,0.0,0.0,0.0,,,,
product_product_id_133047,33BC 5403,1,Jinasena_MasterData_Stock.product_template_clutch_bar_fixing_plate,33BC 5403,,0.0,0.0,0.0,,,,
product_product_id_133048,33BC 5404,1,Jinasena_MasterData_Stock.product_template_clutch_handle_bar_1,33BC 5404,,0.0,0.0,0.0,,,,
product_product_id_133049,33BC 5405,1,Jinasena_MasterData_Stock.product_template_clutch_handle_bar_2,33BC 5405,,0.0,0.0,0.0,,,,
product_product_id_133050,33BC 5406,1,Jinasena_MasterData_Stock.product_template_handle_pin,33BC 5406,,0.0,0.0,0.0,,,,
product_product_id_133051,33BC 5407,1,Jinasena_MasterData_Stock.product_template_clutch_handle_unit_fix_plate,33BC 5407,,0.0,0.0,0.0,,,,
product_product_id_133052,33BC 5408,1,Jinasena_MasterData_Stock.product_template_clutch_handle_unit_fixing_pin,33BC 5408,,0.0,0.0,0.0,,,,
product_product_id_133053,33BC 5409,1,Jinasena_MasterData_Stock.product_template_clutch_bar_end_reinforcement,33BC 5409,,0.0,0.0,0.0,,,,
product_product_id_133054,33BC 5501,1,Jinasena_MasterData_Stock.product_template_swing_arm,33BC 5501,,0.0,0.0,0.0,,,,
product_product_id_133055,33BC 5502,1,Jinasena_MasterData_Stock.product_template_wheel_turn_bush_arm,33BC 5502,,0.0,0.0,0.0,,,,
product_product_id_133056,33BC 5503,1,Jinasena_MasterData_Stock.product_template_seat_arm,33BC 5503,,0.0,0.0,0.0,,,,
product_product_id_133057,33BC 5504,1,Jinasena_MasterData_Stock.product_template_seat_bracket,33BC 5504,,0.0,0.0,0.0,,,,
product_product_id_133058,33BC 5505,1,Jinasena_MasterData_Stock.product_template_seat_rest_plate,33BC 5505,,0.0,0.0,0.0,,,,
product_product_id_133059,33BC 5506,1,Jinasena_MasterData_Stock.product_template_hitch_bracket_329986,33BC 5506,,0.0,0.0,0.0,,,,
product_product_id_133060,33BC 5507,1,Jinasena_MasterData_Stock.product_template_wheel_turning_bush,33BC 5507,,0.0,0.0,0.0,,,,
product_product_id_133061,33BC 5508,1,Jinasena_MasterData_Stock.product_template_wheel_turning_plate_o_c,33BC 5508,,0.0,0.0,0.0,,,,
product_product_id_133062,33BC 5509,1,Jinasena_MasterData_Stock.product_template_wheel_bracket,33BC 5509,,0.0,0.0,0.0,,,,
product_product_id_133063,33BC 5510,1,Jinasena_MasterData_Stock.product_template_padel_fix_bar,33BC 5510,,0.0,0.0,0.0,,,,
product_product_id_133064,33BC 5511,1,Jinasena_MasterData_Stock.product_template_hook_for_chain,33BC 5511,,0.0,0.0,0.0,,,,
product_product_id_133065,33BC 5512,1,Jinasena_MasterData_Stock.product_template_wheel_turning_axel,33BC 5512,,0.0,0.0,0.0,,,,
product_product_id_133066,33BC 5513,1,Jinasena_MasterData_Stock.product_template_seat_frame,33BC 5513,,0.0,0.0,0.0,,,,
product_product_id_133067,33BC 5514,1,Jinasena_MasterData_Stock.product_template_roof_frame,33BC 5514,,0.0,0.0,0.0,,,,
product_product_id_133068,33BC 5515,1,Jinasena_MasterData_Stock.product_template_wheel_axel_housing,33BC 5515,,0.0,0.0,0.0,,,,
product_product_id_133069,33BC 5516,1,Jinasena_MasterData_Stock.product_template_seat_support_1_2,33BC 5516,,0.0,0.0,0.0,,,,
product_product_id_133070,33BC 5517,1,Jinasena_MasterData_Stock.product_template_wheel_limit_rod,33BC 5517,,0.0,0.0,0.0,,,,
product_product_id_133071,33BC 5518,1,Jinasena_MasterData_Stock.product_template_hitch_pin_329998,33BC 5518,,0.0,0.0,0.0,,,,
product_product_id_133072,33BC 5519,1,Jinasena_MasterData_Stock.product_template_hitch_bracket,33BC 5519,,0.0,0.0,0.0,,,,
product_product_id_133073,33BC 5520,1,Jinasena_MasterData_Stock.product_template_roof_inset_pin,33BC 5520,,0.0,0.0,0.0,,,,
product_product_id_133074,33BC 5521,1,Jinasena_MasterData_Stock.product_template_wheel_axel_riding_seat,33BC 5521,,0.0,0.0,0.0,,,,
product_product_id_133075,33BC 5522,1,Jinasena_MasterData_Stock.product_template_rim_fixing_plate,33BC 5522,,0.0,0.0,0.0,,,,
product_product_id_133076,33BC 5601,1,Jinasena_MasterData_Stock.product_template_engine_base_side,33BC 5601,,0.0,0.0,0.0,,,,
product_product_id_133077,33BC 5602,1,Jinasena_MasterData_Stock.product_template_engine_mount_top_liner,33BC 5602,,0.0,0.0,0.0,,,,
product_product_id_133078,33BC 5603,1,Jinasena_MasterData_Stock.product_template_front_plate_angle,33BC 5603,,0.0,0.0,0.0,,,,
product_product_id_133079,33BC 5604,1,Jinasena_MasterData_Stock.product_template_rainforcenent_plate_large,33BC 5604,,0.0,0.0,0.0,,,,
product_product_id_133080,33BC 5605,1,Jinasena_MasterData_Stock.product_template_reinforcement_plate_small,33BC 5605,,0.0,0.0,0.0,,,,
product_product_id_133081,33BC 5606,1,Jinasena_MasterData_Stock.product_template_rein_forcement_plate_l_r,33BC 5606,,0.0,0.0,0.0,,,,
product_product_id_133082,33BC 5607,1,Jinasena_MasterData_Stock.product_template_wheel_arm_fixing_mount,33BC 5607,,0.0,0.0,0.0,,,,
product_product_id_133083,33BC 5701,1,Jinasena_MasterData_Stock.product_template_brake_padel_arm_1_2,33BC 5701,,0.0,0.0,0.0,,,,
product_product_id_133084,33BC 5702,1,Jinasena_MasterData_Stock.product_template_axel_plate_pin,33BC 5702,,0.0,0.0,0.0,,,,
product_product_id_133085,33BC 5703,1,Jinasena_MasterData_Stock.product_template_axel_plate_bush,33BC 5703,,0.0,0.0,0.0,,,,
product_product_id_133086,33BC 5704,1,Jinasena_MasterData_Stock.product_template_mount_pin,33BC 5704,,0.0,0.0,0.0,,,,
product_product_id_133087,33BC 5705,1,Jinasena_MasterData_Stock.product_template_brake_rod_1_2,33BC 5705,,0.0,0.0,0.0,,,,
product_product_id_133088,33BC 5706,1,Jinasena_MasterData_Stock.product_template_brake_padel_reinforcement,33BC 5706,,0.0,0.0,0.0,,,,
product_product_id_133089,33BC 5707,1,Jinasena_MasterData_Stock.product_template_chain_adjuster,33BC 5707,,0.0,0.0,0.0,,,,
product_product_id_133090,33BC 5801,1,Jinasena_MasterData_Stock.product_template_adupter_washer,33BC 5801,,0.0,0.0,0.0,,,,
product_product_id_133091,33BC 5802,1,Jinasena_MasterData_Stock.product_template_blade_fixing_bolt,33BC 5802,,0.0,0.0,0.0,,,,
product_product_id_133092,33BC 5901,1,Jinasena_MasterData_Stock.product_template_roller_plate_outer,33BC 5901,,0.0,0.0,0.0,,,,
product_product_id_133093,33BC 5902,1,Jinasena_MasterData_Stock.product_template_roller_plate_side,33BC 5902,,0.0,0.0,0.0,,,,
product_product_id_133094,33BC 5903,1,Jinasena_MasterData_Stock.product_template_axel_pipe,33BC 5903,,0.0,0.0,0.0,,,,
product_product_id_133095,33BC 5904,1,Jinasena_MasterData_Stock.product_template_tow_bar_bracket_01,33BC 5904,,0.0,0.0,0.0,,,,
product_product_id_133096,33BC 5905,1,Jinasena_MasterData_Stock.product_template_tow_bar_bracket_02,33BC 5905,,0.0,0.0,0.0,,,,
product_product_id_133097,33BC 5906,1,Jinasena_MasterData_Stock.product_template_tow_bar_bracket_for_axel,33BC 5906,,0.0,0.0,0.0,,,,
product_product_id_133098,33BC 5907,1,Jinasena_MasterData_Stock.product_template_bearing_housing_plate,33BC 5907,,0.0,0.0,0.0,,,,
product_product_id_133099,33BC 5908,1,Jinasena_MasterData_Stock.product_template_axel_reinforcement_rib,33BC 5908,,0.0,0.0,0.0,,,,
product_product_id_133100,33BC 6005,1,Jinasena_MasterData_Stock.product_template_attachment_fixing_plate_for_g_b,33BC 6005,,0.0,0.0,0.0,,,,
product_product_id_133101,33BC 6010,1,Jinasena_MasterData_Stock.product_template_handel_box_weld_rod_for_clutch,33BC 6010,,0.0,0.0,0.0,,,,
product_product_id_133102,33BC 6015,1,Jinasena_MasterData_Stock.product_template_l_braket_for_clutch_rod,33BC 6015,,0.0,0.0,0.0,,,,
product_product_id_133103,33BC 6020,1,Jinasena_MasterData_Stock.product_template_chassis_fixing_bar,33BC 6020,,0.0,0.0,0.0,,,,
product_product_id_133104,33BC 6025,1,Jinasena_MasterData_Stock.product_template_gear_box_guide_pin,33BC 6025,,0.0,0.0,0.0,,,,
product_product_id_133105,33BC 6030,1,Jinasena_MasterData_Stock.product_template_hitch_angle,33BC 6030,,0.0,0.0,0.0,,,,
product_product_id_133106,33BC 6035,1,Jinasena_MasterData_Stock.product_template_hitch_plate,33BC 6035,,0.0,0.0,0.0,,,,
product_product_id_133107,33BC 6040,1,Jinasena_MasterData_Stock.product_template_t_pin,33BC 6040,,0.0,0.0,0.0,,,,
product_product_id_133108,33BC 6045,1,Jinasena_MasterData_Stock.product_template_wheel_lock_plate,33BC 6045,,0.0,0.0,0.0,,,,
product_product_id_133109,33BC 6050,1,Jinasena_MasterData_Stock.product_template_spring_holder_330036,33BC 6050,,0.0,0.0,0.0,,,,
product_product_id_133110,33BC 6055,1,Jinasena_MasterData_Stock.product_template_spacer_bush_for_wheel_lock,33BC 6055,,0.0,0.0,0.0,,,,
product_product_id_133111,33BC 6060,1,Jinasena_MasterData_Stock.product_template_brake_drum_plange,33BC 6060,,0.0,0.0,0.0,,,,
product_product_id_133112,33BC 6065,1,Jinasena_MasterData_Stock.product_template_bush_for_brake_drum,33BC 6065,,0.0,0.0,0.0,,,,
product_product_id_133113,33BC 6117,1,Jinasena_MasterData_Stock.product_template_belt_guard_bracket_1_330040,33BC 6117,,0.0,0.0,0.0,,,,
product_product_id_133114,33BC 6201,1,Jinasena_MasterData_Stock.product_template_chassis_plate_a_b,33BC 6201,,0.0,0.0,0.0,,,,
product_product_id_133115,33BC 6202,1,Jinasena_MasterData_Stock.product_template_chassis_front_plate,33BC 6202,,0.0,0.0,0.0,,,,
product_product_id_133116,33BC 6203,1,Jinasena_MasterData_Stock.product_template_chassis_inner_plate_a,33BC 6203,,0.0,0.0,0.0,,,,
product_product_id_133117,33BC 6204,1,Jinasena_MasterData_Stock.product_template_chassis_inner_plate_b,33BC 6204,,0.0,0.0,0.0,,,,
product_product_id_133118,33BC 6205,1,Jinasena_MasterData_Stock.product_template_chassis_slot_side_plate,33BC 6205,,0.0,0.0,0.0,,,,
product_product_id_133119,33BC 6206,1,Jinasena_MasterData_Stock.product_template_chassis_slot_side_plate_2,33BC 6206,,0.0,0.0,0.0,,,,
product_product_id_133120,33BC 6207,1,Jinasena_MasterData_Stock.product_template_spring_hold_pipe_plate,33BC 6207,,0.0,0.0,0.0,,,,
product_product_id_133121,33BC 6208,1,Jinasena_MasterData_Stock.product_template_spring_hold_pipe,33BC 6208,,0.0,0.0,0.0,,,,
product_product_id_133122,33BC 6209,1,Jinasena_MasterData_Stock.product_template_load_wheel_arm_mount,33BC 6209,,0.0,0.0,0.0,,,,
product_product_id_133123,33BC 6210,1,Jinasena_MasterData_Stock.product_template_chassy_suport_arm,33BC 6210,,0.0,0.0,0.0,,,,
product_product_id_133124,33BC 6211,1,Jinasena_MasterData_Stock.product_template_reinforcement_plate_l_r,33BC 6211,,0.0,0.0,0.0,,,,
product_product_id_133125,33BC 6212,1,Jinasena_MasterData_Stock.product_template_chassis_support_arm_2,33BC 6212,,0.0,0.0,0.0,,,,
product_product_id_133126,33BC 6308,1,Jinasena_MasterData_Stock.product_template_base_guard_support_2,33BC 6308,,0.0,0.0,0.0,,,,
product_product_id_133127,33BC 8101,1,Jinasena_MasterData_Stock.product_template_bracket_angle_330054,33BC 8101,,0.0,0.0,0.0,,,,
product_product_id_133128,33BC 8102,1,Jinasena_MasterData_Stock.product_template_bracket_flate_iron,33BC 8102,,0.0,0.0,0.0,,,,
product_product_id_133129,33BC 8103,1,Jinasena_MasterData_Stock.product_template_pulley_axel,33BC 8103,,0.0,0.0,0.0,,,,
product_product_id_133130,33BC 8104,1,Jinasena_MasterData_Stock.product_template_angle_liner,33BC 8104,,0.0,0.0,0.0,,,,
product_product_id_133131,33BC 8105,1,Jinasena_MasterData_Stock.product_template_tie_bar,33BC 8105,,0.0,0.0,0.0,,,,
product_product_id_133132,33BC 8106,1,Jinasena_MasterData_Stock.product_template_tie_bar_flat_iron,33BC 8106,,0.0,0.0,0.0,,,,
product_product_id_133133,33BC 8107,1,Jinasena_MasterData_Stock.product_template_bolt_tensio_angle,33BC 8107,,0.0,0.0,0.0,,,,
product_product_id_133134,33BC 8108,1,Jinasena_MasterData_Stock.product_template_pulley_guard_bracket,33BC 8108,,0.0,0.0,0.0,,,,
product_product_id_133135,33BC 8201,1,Jinasena_MasterData_Stock.product_template_huosing_bracket_angle,33BC 8201,,0.0,0.0,0.0,,,,
product_product_id_133136,33BC 8202,1,Jinasena_MasterData_Stock.product_template_reinforcement_plate_330063,33BC 8202,,0.0,0.0,0.0,,,,
product_product_id_133137,33BC 8202-1,1,Jinasena_MasterData_Stock.product_template_reinforcement_plate_330064,33BC 8202-1,,0.0,0.0,0.0,,,,
product_product_id_133138,33BC 8203,1,Jinasena_MasterData_Stock.product_template_nut_lock_plate,33BC 8203,,0.0,0.0,0.0,,,,
product_product_id_133139,33BC 8204,1,Jinasena_MasterData_Stock.product_template_spindle_housing,33BC 8204,,0.0,0.0,0.0,,,,
product_product_id_133140,33BC 8205,1,Jinasena_MasterData_Stock.product_template_spindle_shaft,33BC 8205,,0.0,0.0,0.0,,,,
product_product_id_133141,33BC 8206,1,Jinasena_MasterData_Stock.product_template_bearing_cup_330068,33BC 8206,,0.0,0.0,0.0,,,,
product_product_id_133142,33BC 8207,1,Jinasena_MasterData_Stock.product_template_axel_nut,33BC 8207,,0.0,0.0,0.0,,,,
product_product_id_133143,33BC 8208,1,Jinasena_MasterData_Stock.product_template_bolt_for_blade,33BC 8208,,0.0,0.0,0.0,,,,
product_product_id_133144,33BC 8301,1,Jinasena_MasterData_Stock.product_template_belt_guard_330071,33BC 8301,,0.0,0.0,0.0,,,,
product_product_id_133145,33BC 8302,1,Jinasena_MasterData_Stock.product_template_clutch_lock_330072,33BC 8302,,0.0,0.0,0.0,,,,
product_product_id_133146,33BC 8303,1,Jinasena_MasterData_Stock.product_template_belt_guard_supporter,33BC 8303,,0.0,0.0,0.0,,,,
product_product_id_133147,33BC 8304,1,Jinasena_MasterData_Stock.product_template_pulley_fan,33BC 8304,,0.0,0.0,0.0,,,,
product_product_id_133148,33BC 8305,1,Jinasena_MasterData_Stock.product_template_lock_plate_330075,33BC 8305,,0.0,0.0,0.0,,,,
product_product_id_133149,33BC 8306,1,Jinasena_MasterData_Stock.product_template_lock_plate_bush,33BC 8306,,0.0,0.0,0.0,,,,
product_product_id_133150,33BC 8307,1,Jinasena_MasterData_Stock.product_template_belt_guard_support,33BC 8307,,0.0,0.0,0.0,,,,
product_product_id_133151,33BC 8308,1,Jinasena_MasterData_Stock.product_template_belt_guard_support_2,33BC 8308,,0.0,0.0,0.0,,,,
product_product_id_133152,33BC 8401,1,Jinasena_MasterData_Stock.product_template_wheel_axel_330079,33BC 8401,,0.0,0.0,0.0,,,,
product_product_id_133153,33BC 8402,1,Jinasena_MasterData_Stock.product_template_wheel_axel_bush_330080,33BC 8402,,0.0,0.0,0.0,,,,
product_product_id_133154,33BC 8403,1,Jinasena_MasterData_Stock.product_template_wheel_axel_plate,33BC 8403,,0.0,0.0,0.0,,,,
product_product_id_133155,33BC 8404,1,Jinasena_MasterData_Stock.product_template_freeweel_pin,33BC 8404,,0.0,0.0,0.0,,,,
product_product_id_133156,33BC 8405,1,Jinasena_MasterData_Stock.product_template_freewheel_cover_plate,33BC 8405,,0.0,0.0,0.0,,,,
product_product_id_133157,33BC 8501,1,Jinasena_MasterData_Stock.product_template_clutch_handle,33BC 8501,,0.0,0.0,0.0,,,,
product_product_id_133158,33BC 8502,1,Jinasena_MasterData_Stock.product_template_clutch_bush,33BC 8502,,0.0,0.0,0.0,,,,
product_product_id_133159,33BC 8503,1,Jinasena_MasterData_Stock.product_template_clutch_rod_guard,33BC 8503,,0.0,0.0,0.0,,,,
product_product_id_133160,33BC 8504,1,Jinasena_MasterData_Stock.product_template_clutch_bracket,33BC 8504,,0.0,0.0,0.0,,,,
product_product_id_133161,33BC 8505,1,Jinasena_MasterData_Stock.product_template_clutch_spring,33BC 8505,,0.0,0.0,0.0,,,,
product_product_id_133162,33BC 8600,1,Jinasena_MasterData_Stock.product_template_blade_set_for_gt_8_bush_cutter,33BC 8600,,0.0,0.0,0.0,,,,
product_product_id_133163,33BC 8601,1,Jinasena_MasterData_Stock.product_template_slasher_blade,33BC 8601,,0.0,0.0,0.0,,,,
product_product_id_133164,33BC 8602,1,Jinasena_MasterData_Stock.product_template_slasher_blade_bolt,33BC 8602,,0.0,0.0,0.0,,,,
product_product_id_133165,33BC 8603,1,Jinasena_MasterData_Stock.product_template_slasher_blade_bush,33BC 8603,,0.0,0.0,0.0,,,,
product_product_id_133166,33BC 9011,1,Jinasena_MasterData_Stock.product_template_wheel_plate,33BC 9011,,0.0,0.0,0.0,,,,
product_product_id_133167,33BC 9012,1,Jinasena_MasterData_Stock.product_template_wheel_spokes_330094,33BC 9012,,0.0,0.0,0.0,,,,
product_product_id_133168,33BC 9013,1,Jinasena_MasterData_Stock.product_template_wheel_angle,33BC 9013,,0.0,0.0,0.0,,,,
product_product_id_133169,33BC 9014,1,Jinasena_MasterData_Stock.product_template_wheel_outer_ribs,33BC 9014,,0.0,0.0,0.0,,,,
product_product_id_133170,33BC 9101,1,Jinasena_MasterData_Stock.product_template_tow_bar,33BC 9101,,0.0,0.0,0.0,,,,
product_product_id_133171,33BC 9102,1,Jinasena_MasterData_Stock.product_template_cross_bar,33BC 9102,,0.0,0.0,0.0,,,,
product_product_id_133172,33BC 9103,1,Jinasena_MasterData_Stock.product_template_seat_mount_bar,33BC 9103,,0.0,0.0,0.0,,,,
product_product_id_133173,33BC 9104,1,Jinasena_MasterData_Stock.product_template_wheel_fork,33BC 9104,,0.0,0.0,0.0,,,,
product_product_id_133174,33BC 9105,1,Jinasena_MasterData_Stock.product_template_seat_plate,33BC 9105,,0.0,0.0,0.0,,,,
product_product_id_133175,33BC 9106,1,Jinasena_MasterData_Stock.product_template_splat_plate,33BC 9106,,0.0,0.0,0.0,,,,
product_product_id_133176,33BC 9107,1,Jinasena_MasterData_Stock.product_template_splat_support,33BC 9107,,0.0,0.0,0.0,,,,
product_product_id_133177,33BC 9108,1,Jinasena_MasterData_Stock.product_template_mudguard_support,33BC 9108,,0.0,0.0,0.0,,,,
product_product_id_133178,33BC 9109,1,Jinasena_MasterData_Stock.product_template_seat_side_suport,33BC 9109,,0.0,0.0,0.0,,,,
product_product_id_133179,33BC 9110,1,Jinasena_MasterData_Stock.product_template_rear_support_rods,33BC 9110,,0.0,0.0,0.0,,,,
product_product_id_133180,33BC 9111,1,Jinasena_MasterData_Stock.product_template_hitch_falt_iron,33BC 9111,,0.0,0.0,0.0,,,,
product_product_id_133181,33BC 9112,1,Jinasena_MasterData_Stock.product_template_half_round_plate,33BC 9112,,0.0,0.0,0.0,,,,
product_product_id_133182,33BC 9113,1,Jinasena_MasterData_Stock.product_template_seat_reinforcement_plate,33BC 9113,,0.0,0.0,0.0,,,,
product_product_id_133183,33BC 9114,1,Jinasena_MasterData_Stock.product_template_mud_guard,33BC 9114,,0.0,0.0,0.0,,,,
product_product_id_133184,33BC 9115,1,Jinasena_MasterData_Stock.product_template_tube_end_cup,33BC 9115,,0.0,0.0,0.0,,,,
product_product_id_133185,33BC 9201,1,Jinasena_MasterData_Stock.product_template_brack_pulling_rods,33BC 9201,,0.0,0.0,0.0,,,,
product_product_id_133186,33BC 9202,1,Jinasena_MasterData_Stock.product_template_brack_paddle,33BC 9202,,0.0,0.0,0.0,,,,
product_product_id_133187,33BC 9203,1,Jinasena_MasterData_Stock.product_template_brake_arm,33BC 9203,,0.0,0.0,0.0,,,,
product_product_id_133188,33BC 9204,1,Jinasena_MasterData_Stock.product_template_brake_paddle_hinges_a,33BC 9204,,0.0,0.0,0.0,,,,
product_product_id_133189,33BC 9205,1,Jinasena_MasterData_Stock.product_template_brake_paddle_hinges_b,33BC 9205,,0.0,0.0,0.0,,,,
product_product_id_133190,33BC 9206,1,Jinasena_MasterData_Stock.product_template_brake_shoue_arm,33BC 9206,,0.0,0.0,0.0,,,,
product_product_id_133191,33BC 9207,1,Jinasena_MasterData_Stock.product_template_brake_slotted_plate,33BC 9207,,0.0,0.0,0.0,,,,
product_product_id_133192,33BC 9208,1,Jinasena_MasterData_Stock.product_template_brake_liner_flat_iron,33BC 9208,,0.0,0.0,0.0,,,,
product_product_id_133193,33BC 9303,1,Jinasena_MasterData_Stock.product_template_hich_cross_angle,33BC 9303,,0.0,0.0,0.0,,,,
product_product_id_133194,33BC 9304,1,Jinasena_MasterData_Stock.product_template_hitch_mount_angle,33BC 9304,,0.0,0.0,0.0,,,,
product_product_id_133195,33BC 9305,1,Jinasena_MasterData_Stock.product_template_hitch_verticle_angle,33BC 9305,,0.0,0.0,0.0,,,,
product_product_id_133196,33BC 9306,1,Jinasena_MasterData_Stock.product_template_hitch_reinforcement_rod,33BC 9306,,0.0,0.0,0.0,,,,
product_product_id_133197,33BC 9307,1,Jinasena_MasterData_Stock.product_template_hitch_bush,33BC 9307,,0.0,0.0,0.0,,,,
product_product_id_133198,33BC 9308,1,Jinasena_MasterData_Stock.product_template_hitch_joint_flat_iron,33BC 9308,,0.0,0.0,0.0,,,,
product_product_id_133199,33BC 9309,1,Jinasena_MasterData_Stock.product_template_hitch_pin,33BC 9309,,0.0,0.0,0.0,,,,
product_product_id_133200,33BC 9310,1,Jinasena_MasterData_Stock.product_template_hitch_pin_ring,33BC 9310,,0.0,0.0,0.0,,,,
product_product_id_133201,33BC 9401,1,Jinasena_MasterData_Stock.product_template_hub_bush,33BC 9401,,0.0,0.0,0.0,,,,
product_product_id_133202,33BC 9402,1,Jinasena_MasterData_Stock.product_template_hube_plate,33BC 9402,,0.0,0.0,0.0,,,,
product_product_id_133203,33BC 9403,1,Jinasena_MasterData_Stock.product_template_spacer_bush_a,33BC 9403,,0.0,0.0,0.0,,,,
product_product_id_133204,33BC 9404,1,Jinasena_MasterData_Stock.product_template_spacer_bush_b,33BC 9404,,0.0,0.0,0.0,,,,
product_product_id_133205,33BC 9405,1,Jinasena_MasterData_Stock.product_template_wheel_axel_330132,33BC 9405,,0.0,0.0,0.0,,,,
product_product_id_133206,33BC 9451,1,Jinasena_MasterData_Stock.product_template_tow_bar_330133,33BC 9451,,0.0,0.0,0.0,,,,
product_product_id_133207,33BC 9452,1,Jinasena_MasterData_Stock.product_template_tow_bar_cross_angle,33BC 9452,,0.0,0.0,0.0,,,,
product_product_id_133208,33BC 9453,1,Jinasena_MasterData_Stock.product_template_tow_bar_rainforcement,33BC 9453,,0.0,0.0,0.0,,,,
product_product_id_133209,33BC 9454,1,Jinasena_MasterData_Stock.product_template_foot_board_angle,33BC 9454,,0.0,0.0,0.0,,,,
product_product_id_133210,33BC 9455,1,Jinasena_MasterData_Stock.product_template_wheel_axel_330137,33BC 9455,,0.0,0.0,0.0,,,,
product_product_id_133211,33BC 9456,1,Jinasena_MasterData_Stock.product_template_wheel_axel_bush,33BC 9456,,0.0,0.0,0.0,,,,
product_product_id_133212,33BC 9457,1,Jinasena_MasterData_Stock.product_template_hitch_arm,33BC 9457,,0.0,0.0,0.0,,,,
product_product_id_133213,33BC 9458,1,Jinasena_MasterData_Stock.product_template_hitch_arm_mount,33BC 9458,,0.0,0.0,0.0,,,,
product_product_id_133214,33BC 9459,1,Jinasena_MasterData_Stock.product_template_hitch_bush_330141,33BC 9459,,0.0,0.0,0.0,,,,
product_product_id_133215,33BC 9460,1,Jinasena_MasterData_Stock.product_template_hitch_bush_fat_iron,33BC 9460,,0.0,0.0,0.0,,,,
product_product_id_133216,33BC 9461,1,Jinasena_MasterData_Stock.product_template_foot_board_wood,33BC 9461,,0.0,0.0,0.0,,,,
product_product_id_133217,33BC 9462,1,Jinasena_MasterData_Stock.product_template_foot_board_cross,33BC 9462,,0.0,0.0,0.0,,,,
product_product_id_133218,33BC 9472,1,Jinasena_MasterData_Stock.product_template_hub_pin,33BC 9472,,0.0,0.0,0.0,,,,
product_product_id_133219,33BC BG430.10-1,1,Jinasena_MasterData_Stock.product_template_2_5_x2000_nylon_wire_330146,33BC BG430.10-1,,0.0,0.0,0.0,,,,
product_product_id_133220,33BP 1604,1,Jinasena_MasterData_Stock.product_template_battary_case_plte,33BP 1604,,0.0,0.0,0.0,,,,
product_product_id_133221,33BP B50/1,1,Jinasena_MasterData_Stock.product_template_base_plate_b50_1_330148,33BP B50/1,,0.0,0.0,0.0,,,,
product_product_id_133222,33BP B50/2,1,Jinasena_MasterData_Stock.product_template_support_plate,33BP B50/2,,0.0,0.0,0.0,,,,
product_product_id_133223,33BP DD1601,1,Jinasena_MasterData_Stock.product_template_frame_side_with_bottom_plate_330150,33BP DD1601,,0.0,0.0,0.0,,,,
product_product_id_133224,33BP DD1602,1,Jinasena_MasterData_Stock.product_template_tank_plate_330151,33BP DD1602,,0.0,0.0,0.0,,,,
product_product_id_133225,33BP DD1605,1,Jinasena_MasterData_Stock.product_template_battary_case_edge,33BP DD1605,,0.0,0.0,0.0,,,,
product_product_id_133226,33BP DDH501,1,Jinasena_MasterData_Stock.product_template_frame_side,33BP DDH501,,0.0,0.0,0.0,,,,
product_product_id_133227,33BP DDH502,1,Jinasena_MasterData_Stock.product_template_tank_plate,33BP DDH502,,0.0,0.0,0.0,,,,
product_product_id_133228,33BP DDH503,1,Jinasena_MasterData_Stock.product_template_tank_lower_plate_deep_sump_330155,33BP DDH503,,0.0,0.0,0.0,,,,
product_product_id_133229,33BP DDH504,1,Jinasena_MasterData_Stock.product_template_tank_upper_plate_330156,33BP DDH504,,0.0,0.0,0.0,,,,
product_product_id_133230,33BP DDH505,1,Jinasena_MasterData_Stock.product_template_rib_channel,33BP DDH505,,0.0,0.0,0.0,,,,
product_product_id_133231,33BP DDH506,1,Jinasena_MasterData_Stock.product_template_pump_carrier_pad_plate,33BP DDH506,,0.0,0.0,0.0,,,,
product_product_id_133232,33BP DDH507,1,Jinasena_MasterData_Stock.product_template_engine_mount_pad_plate,33BP DDH507,,0.0,0.0,0.0,,,,
product_product_id_133233,33BP DDH508,1,Jinasena_MasterData_Stock.product_template_angle_for_fram_welding,33BP DDH508,,0.0,0.0,0.0,,,,
product_product_id_133234,33BP DDH509,1,Jinasena_MasterData_Stock.product_template_base_mount_washer_plate,33BP DDH509,,0.0,0.0,0.0,,,,
product_product_id_133235,33BP DDH510,1,Jinasena_MasterData_Stock.product_template_base_frame_nut_330162,33BP DDH510,,0.0,0.0,0.0,,,,
product_product_id_133236,33BP DDH511,1,Jinasena_MasterData_Stock.product_template_angle_for_frame_welding_330163,33BP DDH511,,0.0,0.0,0.0,,,,
product_product_id_133237,33BP DDH512,1,Jinasena_MasterData_Stock.product_template_pump_mount_lapping_plate_330164,33BP DDH512,,0.0,0.0,0.0,,,,
product_product_id_133238,33BP DDH513,1,Jinasena_MasterData_Stock.product_template_engine_mount_lapping_plate,33BP DDH513,,0.0,0.0,0.0,,,,
product_product_id_133239,33BP DDH514,1,Jinasena_MasterData_Stock.product_template_mounting_bolt_lapping_plate,33BP DDH514,,0.0,0.0,0.0,,,,
product_product_id_133240,33BP DDH601,1,Jinasena_MasterData_Stock.product_template_frame_side_330167,33BP DDH601,,0.0,0.0,0.0,,,,
product_product_id_133241,33BP DDH602,1,Jinasena_MasterData_Stock.product_template_tank_plate_330168,33BP DDH602,,0.0,0.0,0.0,,,,
product_product_id_133242,33BP DDH603,1,Jinasena_MasterData_Stock.product_template_tank_lower_plate_deep_sump,33BP DDH603,,0.0,0.0,0.0,,,,
product_product_id_133243,33BP DDH604,1,Jinasena_MasterData_Stock.product_template_tank_upper_plate,33BP DDH604,,0.0,0.0,0.0,,,,
product_product_id_133244,33BP DDH605,1,Jinasena_MasterData_Stock.product_template_rib_channel_330171,33BP DDH605,,0.0,0.0,0.0,,,,
product_product_id_133245,33BP DDH606,1,Jinasena_MasterData_Stock.product_template_tank_cross_channel,33BP DDH606,,0.0,0.0,0.0,,,,
product_product_id_133246,33BP DDH607,1,Jinasena_MasterData_Stock.product_template_base_mount_washer_plate_330173,33BP DDH607,,0.0,0.0,0.0,,,,
product_product_id_133247,33BP DDH608,1,Jinasena_MasterData_Stock.product_template_base_frame_nut,33BP DDH608,,0.0,0.0,0.0,,,,
product_product_id_133248,33BP DDH609,1,Jinasena_MasterData_Stock.product_template_pump_mount_lapping_plate,33BP DDH609,,0.0,0.0,0.0,,,,
product_product_id_133249,33BP DDH610,1,Jinasena_MasterData_Stock.product_template_engine_mount_lapping_plate_330176,33BP DDH610,,0.0,0.0,0.0,,,,
product_product_id_133250,33BP DDI501,1,Jinasena_MasterData_Stock.product_template_frame_side_330177,33BP DDI501,,0.0,0.0,0.0,,,,
product_product_id_133251,33BP DDI502,1,Jinasena_MasterData_Stock.product_template_tank_plate_330178,33BP DDI502,,0.0,0.0,0.0,,,,
product_product_id_133252,33BP DDI503,1,Jinasena_MasterData_Stock.product_template_battery_case_plate,33BP DDI503,,0.0,0.0,0.0,,,,
product_product_id_133253,33BP DDI504,1,Jinasena_MasterData_Stock.product_template_battery_case_plate_edge,33BP DDI504,,0.0,0.0,0.0,,,,
product_product_id_133254,33BP DDI505,1,Jinasena_MasterData_Stock.product_template_side_re_inforcement,33BP DDI505,,0.0,0.0,0.0,,,,
product_product_id_133255,33BP DDI506,1,Jinasena_MasterData_Stock.product_template_tank_cover_330182,33BP DDI506,,0.0,0.0,0.0,,,,
product_product_id_133256,33BP DDI507,1,Jinasena_MasterData_Stock.product_template_drain_nut_bolt,33BP DDI507,,0.0,0.0,0.0,,,,
product_product_id_133257,33BP DDI508,1,Jinasena_MasterData_Stock.product_template_angle_for_frame_welding_330184,33BP DDI508,,0.0,0.0,0.0,,,,
product_product_id_133258,33BP DDI601,1,Jinasena_MasterData_Stock.product_template_frame_side_with_bottom_plate,33BP DDI601,,0.0,0.0,0.0,,,,
product_product_id_133259,33BP DDI602,1,Jinasena_MasterData_Stock.product_template_tank_plate_330186,33BP DDI602,,0.0,0.0,0.0,,,,
product_product_id_133260,33BP DDI603,1,Jinasena_MasterData_Stock.product_template_tank_cover,33BP DDI603,,0.0,0.0,0.0,,,,
product_product_id_133261,33BP DDJ301,1,Jinasena_MasterData_Stock.product_template_frame_side_330188,33BP DDJ301,,0.0,0.0,0.0,,,,
product_product_id_133262,33BP DDJ3012,1,Jinasena_MasterData_Stock.product_template_upper_plate_330189,33BP DDJ3012,,0.0,0.0,0.0,,,,
product_product_id_133263,33BP DDJ302,1,Jinasena_MasterData_Stock.product_template_frame_side_rainforcment,33BP DDJ302,,0.0,0.0,0.0,,,,
product_product_id_133264,33BP DDJ303,1,Jinasena_MasterData_Stock.product_template_right_angle_lowerplate,33BP DDJ303,,0.0,0.0,0.0,,,,
product_product_id_133265,33BP DDJ304,1,Jinasena_MasterData_Stock.product_template_anguler_lower_plate,33BP DDJ304,,0.0,0.0,0.0,,,,
product_product_id_133266,33BP DDJ305,1,Jinasena_MasterData_Stock.product_template_upper_plate,33BP DDJ305,,0.0,0.0,0.0,,,,
product_product_id_133267,33BP DDJ306,1,Jinasena_MasterData_Stock.product_template_rib_channel_330194,33BP DDJ306,,0.0,0.0,0.0,,,,
product_product_id_133268,33BP DDJ307,1,Jinasena_MasterData_Stock.product_template_pump_mount_lapping_plate_330195,33BP DDJ307,,0.0,0.0,0.0,,,,
product_product_id_133269,33BP DDJ308,1,Jinasena_MasterData_Stock.product_template_base_mount_lapping_plate,33BP DDJ308,,0.0,0.0,0.0,,,,
product_product_id_133270,33BP DDJ309,1,Jinasena_MasterData_Stock.product_template_base_frame_nut_330197,33BP DDJ309,,0.0,0.0,0.0,,,,
product_product_id_133271,33BP DDJ310,1,Jinasena_MasterData_Stock.product_template_angle_for_frame_welding_330198,33BP DDJ310,,0.0,0.0,0.0,,,,
product_product_id_133272,33BP DDJ311,1,Jinasena_MasterData_Stock.product_template_frame_side_330199,33BP DDJ311,,0.0,0.0,0.0,,,,
product_product_id_133273,33BP DDM605,1,Jinasena_MasterData_Stock.product_template_frame_side_330200,33BP DDM605,,0.0,0.0,0.0,,,,
product_product_id_133274,33BP DDM606,1,Jinasena_MasterData_Stock.product_template_frame_side_rainforcment_330201,33BP DDM606,,0.0,0.0,0.0,,,,
product_product_id_133275,33BP DDM607,1,Jinasena_MasterData_Stock.product_template_right_angle_lowerplate_330202,33BP DDM607,,0.0,0.0,0.0,,,,
product_product_id_133276,33BP DDM608,1,Jinasena_MasterData_Stock.product_template_anguler_lower_plate_330203,33BP DDM608,,0.0,0.0,0.0,,,,
product_product_id_133277,33BP DDM609,1,Jinasena_MasterData_Stock.product_template_upper_plate_330204,33BP DDM609,,0.0,0.0,0.0,,,,
product_product_id_133278,33BP DDM610,1,Jinasena_MasterData_Stock.product_template_rib_channel_330205,33BP DDM610,,0.0,0.0,0.0,,,,
product_product_id_133279,33BP DDM611,1,Jinasena_MasterData_Stock.product_template_pump_mount_lapping_plate_330206,33BP DDM611,,0.0,0.0,0.0,,,,
product_product_id_133280,33BP DDM612,1,Jinasena_MasterData_Stock.product_template_engine_mount_lapping_plate_330207,33BP DDM612,,0.0,0.0,0.0,,,,
product_product_id_133281,33BP DDM613,1,Jinasena_MasterData_Stock.product_template_base_mount_lapping_plate_330208,33BP DDM613,,0.0,0.0,0.0,,,,
product_product_id_133282,33BP DDM614,1,Jinasena_MasterData_Stock.product_template_base_frame_nut_330209,33BP DDM614,,0.0,0.0,0.0,,,,
product_product_id_133283,33BP DDM615,1,Jinasena_MasterData_Stock.product_template_angle_for_frame_welding,33BP DDM615,,0.0,0.0,0.0,,,,
product_product_id_133284,33BP HMS104/1,1,Jinasena_MasterData_Stock.product_template_base_plate_type_hms_104_1,33BP HMS104/1,,0.0,0.0,0.0,,,,
product_product_id_133285,33BP HMS104S1,1,Jinasena_MasterData_Stock.product_template_base_plate_hms104_short,33BP HMS104S1,,0.0,0.0,0.0,,,,
product_product_id_133286,33BP L,1,Jinasena_MasterData_Stock.product_template_pump_base_plate_large_200_jv,33BP L,,0.0,0.0,0.0,,,,
product_product_id_133287,33BP S,1,Jinasena_MasterData_Stock.product_template_pump_base_plate_small,33BP S,,0.0,0.0,0.0,,,,
product_product_id_133288,33CC 1234,1,Jinasena_MasterData_Stock.product_template_coupling_cover_type_1_2_3_4,33CC 1234,,0.0,0.0,0.0,,,,
product_product_id_133289,33CC 1234-1,1,Jinasena_MasterData_Stock.product_template_coupling_cover_type_1234,33CC 1234-1,,0.0,0.0,0.0,,,,
product_product_id_133290,33CC 4TNV,1,Jinasena_MasterData_Stock.product_template_coupling_cover_4tnv_yanmar_engin,33CC 4TNV,,0.0,0.0,0.0,,,,
product_product_id_133291,33CC DDH500/100,1,Jinasena_MasterData_Stock.product_template_coupling_guard_for_ddh500_100,33CC DDH500/100,,0.0,0.0,0.0,,,,
product_product_id_133292,33CC DDH500/40,1,Jinasena_MasterData_Stock.product_template_motor_coupling_cover_ddh500_40,33CC DDH500/40,,0.0,0.0,0.0,,,,
product_product_id_133293,33CC DDH500/50,1,Jinasena_MasterData_Stock.product_template_motor_coupling_cover_50hp,33CC DDH500/50,,0.0,0.0,0.0,,,,
product_product_id_133294,33CC DDH500/60,1,Jinasena_MasterData_Stock.product_template_motor_coupling_cover_ddh500_60,33CC DDH500/60,,0.0,0.0,0.0,,,,
product_product_id_133295,33CC DDH500/75,1,Jinasena_MasterData_Stock.product_template_motor_coupling_cover_for_ddh500_75,33CC DDH500/75,,0.0,0.0,0.0,,,,
product_product_id_133298,33CC DDH600-30,1,Jinasena_MasterData_Stock.product_template_motor_coupling_cover_for_ddh600_30,33CC DDH600-30,,0.0,0.0,0.0,,,,
product_product_id_133296,33CC DDH600/40,1,Jinasena_MasterData_Stock.product_template_motor_coupling_cover_for_ddh600_40,33CC DDH600/40,,0.0,0.0,0.0,,,,
product_product_id_133297,33CC DDH600/75,1,Jinasena_MasterData_Stock.product_template_motor_coupling_cover_for_ddh600_75,33CC DDH600/75,,0.0,0.0,0.0,,,,
product_product_id_133299,33CC DDJ300-30,1,Jinasena_MasterData_Stock.product_template_coupling_cover_for_ddj300_30,33CC DDJ300-30,,0.0,0.0,0.0,,,,
product_product_id_133300,33CC DDJ300-40,1,Jinasena_MasterData_Stock.product_template_coupling_guard_for_ddj300_40,33CC DDJ300-40,,0.0,0.0,0.0,,,,
product_product_id_133301,33CC DDM500/30,1,Jinasena_MasterData_Stock.product_template_motor_coupling_cover_ddm500_30,33CC DDM500/30,,0.0,0.0,0.0,,,,
product_product_id_133302,33CC DDM500/40,1,Jinasena_MasterData_Stock.product_template_motor_coupling_cover_ddm500_40,33CC DDM500/40,,0.0,0.0,0.0,,,,
product_product_id_133303,33CC DDM504-20,1,Jinasena_MasterData_Stock.product_template_m_s_coupling_cover_for_ddm504_20,33CC DDM504-20,,0.0,0.0,0.0,,,,
product_product_id_133304,33CC DDM604/15,1,Jinasena_MasterData_Stock.product_template_coupling_cover_ddm604_15,33CC DDM604/15,,0.0,0.0,0.0,,,,
product_product_id_133305,33CC DDM604/25,1,Jinasena_MasterData_Stock.product_template_coupling_cover_ddm604_25,33CC DDM604/25,,0.0,0.0,0.0,,,,
product_product_id_133306,33CC DM404,1,Jinasena_MasterData_Stock.product_template_coupling_cover_for_ddm404_10_15,33CC DM404,,0.0,0.0,0.0,,,,
product_product_id_133307,33CC J300/3TNV,1,Jinasena_MasterData_Stock.product_template_coupling_cover_for_j300_tnv,33CC J300/3TNV,,0.0,0.0,0.0,,,,
product_product_id_133308,33CC J300/TNV,1,Jinasena_MasterData_Stock.product_template_coupling_cover_j300_tnv,33CC J300/TNV,,0.0,0.0,0.0,,,,
product_product_id_133309,33CF 200JV1,1,Jinasena_MasterData_Stock.product_template_pipe_frame_for_200_jv,33CF 200JV1,,0.0,0.0,0.0,,,,
product_product_id_133310,33CF 200JV2,1,Jinasena_MasterData_Stock.product_template_base_for_200_jv,33CF 200JV2,,0.0,0.0,0.0,,,,
product_product_id_133311,33CF DM1401,1,Jinasena_MasterData_Stock.product_template_pipe_frame_side_330238,33CF DM1401,,0.0,0.0,0.0,,,,
product_product_id_133312,33CF DM1402,1,Jinasena_MasterData_Stock.product_template_pipe_frame_reinforcement_330239,33CF DM1402,,0.0,0.0,0.0,,,,
product_product_id_133313,33CF DM1403,1,Jinasena_MasterData_Stock.product_template_frame_base_plate,33CF DM1403,,0.0,0.0,0.0,,,,
product_product_id_133314,33CF DM1404,1,Jinasena_MasterData_Stock.product_template_pump_support_u_strip,33CF DM1404,,0.0,0.0,0.0,,,,
product_product_id_133315,33CF DM1405,1,Jinasena_MasterData_Stock.product_template_pump_support_plate,33CF DM1405,,0.0,0.0,0.0,,,,
product_product_id_133316,33CF H200D1,1,Jinasena_MasterData_Stock.product_template_pipe_frame_side,33CF H200D1,,0.0,0.0,0.0,,,,
product_product_id_133317,33CF H200D2,1,Jinasena_MasterData_Stock.product_template_pipe_frame_reinforcement_330244,33CF H200D2,,0.0,0.0,0.0,,,,
product_product_id_133318,33CF H200D3,1,Jinasena_MasterData_Stock.product_template_frame_base_plate_330245,33CF H200D3,,0.0,0.0,0.0,,,,
product_product_id_133319,33CF H200D4,1,Jinasena_MasterData_Stock.product_template_pump_support_u_strip_330246,33CF H200D4,,0.0,0.0,0.0,,,,
product_product_id_133320,33CF H200D6,1,Jinasena_MasterData_Stock.product_template_frame_base_plate_m200,33CF H200D6,,0.0,0.0,0.0,,,,
product_product_id_133321,33CF JF1,1,Jinasena_MasterData_Stock.product_template_main_pipe_frame,33CF JF1,,0.0,0.0,0.0,,,,
product_product_id_133322,33CF JF2,1,Jinasena_MasterData_Stock.product_template_base_plate_sp200_jf_carry_frame,33CF JF2,,0.0,0.0,0.0,,,,
product_product_id_133323,33CF SF1,1,Jinasena_MasterData_Stock.product_template_pipe_frame_sp200_sf,33CF SF1,,0.0,0.0,0.0,,,,
product_product_id_133324,33CF SF2,1,Jinasena_MasterData_Stock.product_template_sheet_base_for_sp200_sf,33CF SF2,,0.0,0.0,0.0,,,,
product_product_id_133325,33CF SP200S1,1,Jinasena_MasterData_Stock.product_template_pipe_frame_side_330252,33CF SP200S1,,0.0,0.0,0.0,,,,
product_product_id_133326,33CF SP200S2,1,Jinasena_MasterData_Stock.product_template_frame_base_plate_330253,33CF SP200S2,,0.0,0.0,0.0,,,,
product_product_id_133327,33CF SP200S3,1,Jinasena_MasterData_Stock.product_template_pump_support_u_strip_330254,33CF SP200S3,,0.0,0.0,0.0,,,,
product_product_id_133328,33CF SP231,1,Jinasena_MasterData_Stock.product_template_pipe_frame_side_330255,33CF SP231,,0.0,0.0,0.0,,,,
product_product_id_133329,33CF SP232,1,Jinasena_MasterData_Stock.product_template_pipe_frame_reinforcement,33CF SP232,,0.0,0.0,0.0,,,,
product_product_id_133330,33CF SP233,1,Jinasena_MasterData_Stock.product_template_frame_base,33CF SP233,,0.0,0.0,0.0,,,,
product_product_id_133331,33CF SP234,1,Jinasena_MasterData_Stock.product_template_pump_support_u_strip_330258,33CF SP234,,0.0,0.0,0.0,,,,
product_product_id_133332,33CF SP235,1,Jinasena_MasterData_Stock.product_template_pump_support_plate_330259,33CF SP235,,0.0,0.0,0.0,,,,
product_product_id_133333,33CF SP300E1,1,Jinasena_MasterData_Stock.product_template_frame_sides,33CF SP300E1,,0.0,0.0,0.0,,,,
product_product_id_133334,33CF SP300E2,1,Jinasena_MasterData_Stock.product_template_frame_re_inforcement,33CF SP300E2,,0.0,0.0,0.0,,,,
product_product_id_133335,33CF SP300E3,1,Jinasena_MasterData_Stock.product_template_engine_base_plate,33CF SP300E3,,0.0,0.0,0.0,,,,
product_product_id_133336,33CF SP300E4,1,Jinasena_MasterData_Stock.product_template_tube_re_inforcement_bush,33CF SP300E4,,0.0,0.0,0.0,,,,
product_product_id_133337,33CF SP300E5,1,Jinasena_MasterData_Stock.product_template_pump_support_base_strip,33CF SP300E5,,0.0,0.0,0.0,,,,
product_product_id_133338,33CF SP401,1,Jinasena_MasterData_Stock.product_template_frame_side_sp400_km186,33CF SP401,,0.0,0.0,0.0,,,,
product_product_id_133339,33CF SP402,1,Jinasena_MasterData_Stock.product_template_frame_cross_sp400_km186,33CF SP402,,0.0,0.0,0.0,,,,
product_product_id_133340,33CF SP403,1,Jinasena_MasterData_Stock.product_template_engine_base_sp400_km186,33CF SP403,,0.0,0.0,0.0,,,,
product_product_id_133341,33CF SP404,1,Jinasena_MasterData_Stock.product_template_pump_support_sp400_km186,33CF SP404,,0.0,0.0,0.0,,,,
product_product_id_133342,33CH 122101,1,Jinasena_MasterData_Stock.product_template_drum_shaft_330269,33CH 122101,,0.0,0.0,0.0,,,,
product_product_id_133343,33CH 122102,1,Jinasena_MasterData_Stock.product_template_durm_bush,33CH 122102,,0.0,0.0,0.0,,,,
product_product_id_133344,33CH 122103,1,Jinasena_MasterData_Stock.product_template_drum_plate_330271,33CH 122103,,0.0,0.0,0.0,,,,
product_product_id_133345,33CH 122104,1,Jinasena_MasterData_Stock.product_template_pegs_330272,33CH 122104,,0.0,0.0,0.0,,,,
product_product_id_133346,33CH N1101,1,Jinasena_MasterData_Stock.product_template_holding_tape,33CH N1101,,0.0,0.0,0.0,,,,
product_product_id_133347,33CH N1102,1,Jinasena_MasterData_Stock.product_template_handle_330274,33CH N1102,,0.0,0.0,0.0,,,,
product_product_id_133348,33CS 002,1,Jinasena_MasterData_Stock.product_template_capacitor_strip_g18_18_mmx4,33CS 002,,0.0,0.0,0.0,,,,
product_product_id_133349,33CS 003,1,Jinasena_MasterData_Stock.product_template_capacitor_strip_g14_31_mmx4,33CS 003,,0.0,0.0,0.0,,,,
product_product_id_133350,33CS L,1,Jinasena_MasterData_Stock.product_template_condensor_strip_l,33CS L,,0.0,0.0,0.0,,,,
product_product_id_133351,33CS N,1,Jinasena_MasterData_Stock.product_template_condenser_strip_for_n_type_motor_15mm,33CS N,,0.0,0.0,0.0,,,,
product_product_id_133352,33CS N2,1,Jinasena_MasterData_Stock.product_template_condensor_strip_type_02_30mm,33CS N2,,0.0,0.0,0.0,,,,
product_product_id_133353,33CS N3,1,Jinasena_MasterData_Stock.product_template_condencer_strips_n3,33CS N3,,0.0,0.0,0.0,,,,
product_product_id_133354,33CSV 1003,1,Jinasena_MasterData_Stock.product_template_coloms,33CSV 1003,,0.0,0.0,0.0,,,,
product_product_id_133355,33CU 8101,1,Jinasena_MasterData_Stock.product_template_ridger_blade,33CU 8101,,0.0,0.0,0.0,,,,
product_product_id_133356,33CU 8102,1,Jinasena_MasterData_Stock.product_template_tie_ar,33CU 8102,,0.0,0.0,0.0,,,,
product_product_id_133357,33CU 8103,1,Jinasena_MasterData_Stock.product_template_blade_tip,33CU 8103,,0.0,0.0,0.0,,,,
product_product_id_133358,33CU 8104,1,Jinasena_MasterData_Stock.product_template_holder,33CU 8104,,0.0,0.0,0.0,,,,
product_product_id_133359,33CU 8105,1,Jinasena_MasterData_Stock.product_template_holder_support,33CU 8105,,0.0,0.0,0.0,,,,
product_product_id_133360,33CU 8106,1,Jinasena_MasterData_Stock.product_template_lower_blade_tip,33CU 8106,,0.0,0.0,0.0,,,,
product_product_id_133361,33CU GT8200,1,Jinasena_MasterData_Stock.product_template_plowe_rod_for_cultivator,33CU GT8200,,0.0,0.0,0.0,,,,
product_product_id_133362,33CW GT8-01,1,Jinasena_MasterData_Stock.product_template_plough_rod_for_cultivator,33CW GT8-01,,0.0,0.0,0.0,,,,
product_product_id_133363,33DU 10101,1,Jinasena_MasterData_Stock.product_template_side_plate_main_body,33DU 10101,,0.0,0.0,0.0,,,,
product_product_id_133364,33DU 10102,1,Jinasena_MasterData_Stock.product_template_inner_plate_1,33DU 10102,,0.0,0.0,0.0,,,,
product_product_id_133365,33DU 10103,1,Jinasena_MasterData_Stock.product_template_inner_plate_2,33DU 10103,,0.0,0.0,0.0,,,,
product_product_id_133366,33DU 10104,1,Jinasena_MasterData_Stock.product_template_inner_plate_3,33DU 10104,,0.0,0.0,0.0,,,,
product_product_id_133367,33DU 10105,1,Jinasena_MasterData_Stock.product_template_innet_plate_top,33DU 10105,,0.0,0.0,0.0,,,,
product_product_id_133368,33DU 10106,1,Jinasena_MasterData_Stock.product_template_inner_side_plate_rib,33DU 10106,,0.0,0.0,0.0,,,,
product_product_id_133369,33DU 10107,1,Jinasena_MasterData_Stock.product_template_motor_base_reinforcement,33DU 10107,,0.0,0.0,0.0,,,,
product_product_id_133370,33DU 10108,1,Jinasena_MasterData_Stock.product_template_frame_reinforcement_1,33DU 10108,,0.0,0.0,0.0,,,,
product_product_id_133371,33DU 10109,1,Jinasena_MasterData_Stock.product_template_frame_reinforcement_2,33DU 10109,,0.0,0.0,0.0,,,,
product_product_id_133372,33DU 10110,1,Jinasena_MasterData_Stock.product_template_bearing_plate_330299,33DU 10110,,0.0,0.0,0.0,,,,
product_product_id_133373,33DU 10111,1,Jinasena_MasterData_Stock.product_template_motor_bracket_plate,33DU 10111,,0.0,0.0,0.0,,,,
product_product_id_133374,33DU 10112,1,Jinasena_MasterData_Stock.product_template_hook_for_rubber_guard,33DU 10112,,0.0,0.0,0.0,,,,
product_product_id_133375,33DU 10113,1,Jinasena_MasterData_Stock.product_template_belt_guard_bracket_330302,33DU 10113,,0.0,0.0,0.0,,,,
product_product_id_133376,33DU 10114,1,Jinasena_MasterData_Stock.product_template_motor_base_plate,33DU 10114,,0.0,0.0,0.0,,,,
product_product_id_133377,33DU 10115,1,Jinasena_MasterData_Stock.product_template_pin_removing_bush,33DU 10115,,0.0,0.0,0.0,,,,
product_product_id_133378,33DU 10116,1,Jinasena_MasterData_Stock.product_template_side_hopper_mount_bracket,33DU 10116,,0.0,0.0,0.0,,,,
product_product_id_133379,33DU 10117,1,Jinasena_MasterData_Stock.product_template_rein_bush_for_sq_box_frame,33DU 10117,,0.0,0.0,0.0,,,,
product_product_id_133380,33DU 10118,1,Jinasena_MasterData_Stock.product_template_main_sq_tube_structure,33DU 10118,,0.0,0.0,0.0,,,,
product_product_id_133381,33DU 10119,1,Jinasena_MasterData_Stock.product_template_main_sq_tube_frame_end,33DU 10119,,0.0,0.0,0.0,,,,
product_product_id_133382,33DU 10120,1,Jinasena_MasterData_Stock.product_template_rubber_guard_mount_plate,33DU 10120,,0.0,0.0,0.0,,,,
product_product_id_133383,33DU 10201,1,Jinasena_MasterData_Stock.product_template_drum_circular_plate_330310,33DU 10201,,0.0,0.0,0.0,,,,
product_product_id_133384,33DU 10202,1,Jinasena_MasterData_Stock.product_template_drum_square_plate_330311,33DU 10202,,0.0,0.0,0.0,,,,
product_product_id_133385,33DU 10203,1,Jinasena_MasterData_Stock.product_template_drum_shaft_330312,33DU 10203,,0.0,0.0,0.0,,,,
product_product_id_133386,33DU 10204,1,Jinasena_MasterData_Stock.product_template_drum_bush_330313,33DU 10204,,0.0,0.0,0.0,,,,
product_product_id_133387,33DU 10205,1,Jinasena_MasterData_Stock.product_template_blade_hanging_pin_ss_du10,33DU 10205,,0.0,0.0,0.0,,,,
product_product_id_133388,33DU 10206,1,Jinasena_MasterData_Stock.product_template_spacer_bush_1,33DU 10206,,0.0,0.0,0.0,,,,
product_product_id_133389,33DU 10207,1,Jinasena_MasterData_Stock.product_template_spacer_bush_2,33DU 10207,,0.0,0.0,0.0,,,,
product_product_id_133390,33DU 10208,1,Jinasena_MasterData_Stock.product_template_side_blades_du10_pair,33DU 10208,,0.0,0.0,0.0,,,,
product_product_id_133391,33DU 10209,1,Jinasena_MasterData_Stock.product_template_hanging_blade_330318,33DU 10209,,0.0,0.0,0.0,,,,
product_product_id_133392,33DU 10210,1,Jinasena_MasterData_Stock.product_template_blade_guider,33DU 10210,,0.0,0.0,0.0,,,,
product_product_id_133393,33DU 10211,1,Jinasena_MasterData_Stock.product_template_drum_motor_pulley_key,33DU 10211,,0.0,0.0,0.0,,,,
product_product_id_133394,33DU 10212,1,Jinasena_MasterData_Stock.product_template_spacer_for_new_type_drum,33DU 10212,,0.0,0.0,0.0,,,,
product_product_id_133395,33DU 10213,1,Jinasena_MasterData_Stock.product_template_blade_holder_for_new_type_drum,33DU 10213,,0.0,0.0,0.0,,,,
product_product_id_133396,33DU 10214,1,Jinasena_MasterData_Stock.product_template_drum_triangular_plate,33DU 10214,,0.0,0.0,0.0,,,,
product_product_id_133397,33DU 10301,1,Jinasena_MasterData_Stock.product_template_concave_plate_330324,33DU 10301,,0.0,0.0,0.0,,,,
product_product_id_133398,33DU 10302,1,Jinasena_MasterData_Stock.product_template_concave_ros,33DU 10302,,0.0,0.0,0.0,,,,
product_product_id_133399,33DU 10303,1,Jinasena_MasterData_Stock.product_template_concave_part_rod,33DU 10303,,0.0,0.0,0.0,,,,
product_product_id_133400,33DU 10304,1,Jinasena_MasterData_Stock.product_template_concave_fixing_bush,33DU 10304,,0.0,0.0,0.0,,,,
product_product_id_133401,33DU 10305,1,Jinasena_MasterData_Stock.product_template_concave_fixing_bush_330328,33DU 10305,,0.0,0.0,0.0,,,,
product_product_id_133402,33DU 10306,1,Jinasena_MasterData_Stock.product_template_concave_fixing_pin_guide,33DU 10306,,0.0,0.0,0.0,,,,
product_product_id_133403,33DU 10307,1,Jinasena_MasterData_Stock.product_template_concave_handle_330330,33DU 10307,,0.0,0.0,0.0,,,,
product_product_id_133404,33DU 10401,1,Jinasena_MasterData_Stock.product_template_top_hopper_plate_1,33DU 10401,,0.0,0.0,0.0,,,,
product_product_id_133405,33DU 10402,1,Jinasena_MasterData_Stock.product_template_top_hopper_plate_2,33DU 10402,,0.0,0.0,0.0,,,,
product_product_id_133406,33DU 10403,1,Jinasena_MasterData_Stock.product_template_top_hopper_plate_3,33DU 10403,,0.0,0.0,0.0,,,,
product_product_id_133407,33DU 10404,1,Jinasena_MasterData_Stock.product_template_top_hopper_plate_4,33DU 10404,,0.0,0.0,0.0,,,,
product_product_id_133408,33DU 10405,1,Jinasena_MasterData_Stock.product_template_side_hopper_plate_1,33DU 10405,,0.0,0.0,0.0,,,,
product_product_id_133409,33DU 10406,1,Jinasena_MasterData_Stock.product_template_side_hopper_plate_2,33DU 10406,,0.0,0.0,0.0,,,,
product_product_id_133410,33DU 10407,1,Jinasena_MasterData_Stock.product_template_side_hopper_plate_3,33DU 10407,,0.0,0.0,0.0,,,,
product_product_id_133411,33DU 10408,1,Jinasena_MasterData_Stock.product_template_side_hopper_door,33DU 10408,,0.0,0.0,0.0,,,,
product_product_id_133412,33DU 10409,1,Jinasena_MasterData_Stock.product_template_side_hopper_cover_plate,33DU 10409,,0.0,0.0,0.0,,,,
product_product_id_133413,33DU 10410,1,Jinasena_MasterData_Stock.product_template_side_hopper_plate,33DU 10410,,0.0,0.0,0.0,,,,
product_product_id_133414,33DU 10411,1,Jinasena_MasterData_Stock.product_template_hinge_bush_for_door,33DU 10411,,0.0,0.0,0.0,,,,
product_product_id_133415,33DU 10412,1,Jinasena_MasterData_Stock.product_template_water_line_adupter,33DU 10412,,0.0,0.0,0.0,,,,
product_product_id_133416,33DU 10413,1,Jinasena_MasterData_Stock.product_template_belt_guard_plate_1_330343,33DU 10413,,0.0,0.0,0.0,,,,
product_product_id_133417,33DU 10414,1,Jinasena_MasterData_Stock.product_template_belt_guard_plate_330344,33DU 10414,,0.0,0.0,0.0,,,,
product_product_id_133418,33FB 1001,1,Jinasena_MasterData_Stock.product_template_bottom_angle,33FB 1001,,0.0,0.0,0.0,,,,
product_product_id_133419,33FB 1002,1,Jinasena_MasterData_Stock.product_template_vertical_angle,33FB 1002,,0.0,0.0,0.0,,,,
product_product_id_133420,33FB 1003,1,Jinasena_MasterData_Stock.product_template_wall_bracket_fixing_plate,33FB 1003,,0.0,0.0,0.0,,,,
product_product_id_133421,33FB 1004,1,Jinasena_MasterData_Stock.product_template_wall_bracket_fixing_plate_2,33FB 1004,,0.0,0.0,0.0,,,,
product_product_id_133422,33FB 1005,1,Jinasena_MasterData_Stock.product_template_wall_bracket,33FB 1005,,0.0,0.0,0.0,,,,
product_product_id_133423,33FB 1101,1,Jinasena_MasterData_Stock.product_template_main_body_side_plate_1,33FB 1101,,0.0,0.0,0.0,,,,
product_product_id_133424,33FB 1102,1,Jinasena_MasterData_Stock.product_template_main_body_cover_plate,33FB 1102,,0.0,0.0,0.0,,,,
product_product_id_133425,33FB 1103,1,Jinasena_MasterData_Stock.product_template_main_body_cover_plate_2,33FB 1103,,0.0,0.0,0.0,,,,
product_product_id_133426,33FB 1104,1,Jinasena_MasterData_Stock.product_template_main_body_cover_plate_3,33FB 1104,,0.0,0.0,0.0,,,,
product_product_id_133427,33FB 1105,1,Jinasena_MasterData_Stock.product_template_main_body_cover_plate_4,33FB 1105,,0.0,0.0,0.0,,,,
product_product_id_133428,33FB 1106,1,Jinasena_MasterData_Stock.product_template_hopper_plate_1_330355,33FB 1106,,0.0,0.0,0.0,,,,
product_product_id_133429,33FB 1107,1,Jinasena_MasterData_Stock.product_template_hopper_plate_2_330356,33FB 1107,,0.0,0.0,0.0,,,,
product_product_id_133430,33FB 1108,1,Jinasena_MasterData_Stock.product_template_hopper_plate_3_330357,33FB 1108,,0.0,0.0,0.0,,,,
product_product_id_133431,33FB 1109,1,Jinasena_MasterData_Stock.product_template_bearing_plate_330358,33FB 1109,,0.0,0.0,0.0,,,,
product_product_id_133432,33FB 1110,1,Jinasena_MasterData_Stock.product_template_pulley_guard_bracket_330359,33FB 1110,,0.0,0.0,0.0,,,,
product_product_id_133433,33FB 1111,1,Jinasena_MasterData_Stock.product_template_body_inside_peg,33FB 1111,,0.0,0.0,0.0,,,,
product_product_id_133434,33FB 1112,1,Jinasena_MasterData_Stock.product_template_outlet_rubber_guard,33FB 1112,,0.0,0.0,0.0,,,,
product_product_id_133435,33FB 1113,1,Jinasena_MasterData_Stock.product_template_engine_seperate_rubber_guard,33FB 1113,,0.0,0.0,0.0,,,,
product_product_id_133436,33FB 1114,1,Jinasena_MasterData_Stock.product_template_pulley_guard_330363,33FB 1114,,0.0,0.0,0.0,,,,
product_product_id_133437,33FB 1115,1,Jinasena_MasterData_Stock.product_template_base_side_plate,33FB 1115,,0.0,0.0,0.0,,,,
product_product_id_133438,33FB 1116,1,Jinasena_MasterData_Stock.product_template_mount_angle_tractor,33FB 1116,,0.0,0.0,0.0,,,,
product_product_id_133439,33FB 1117,1,Jinasena_MasterData_Stock.product_template_rubber_mount_plate,33FB 1117,,0.0,0.0,0.0,,,,
product_product_id_133440,33FB 1118,1,Jinasena_MasterData_Stock.product_template_rubber_mount_u_bracket,33FB 1118,,0.0,0.0,0.0,,,,
product_product_id_133441,33FB 1119,1,Jinasena_MasterData_Stock.product_template_rubber_mount_hook,33FB 1119,,0.0,0.0,0.0,,,,
product_product_id_133442,33FB 1120,1,Jinasena_MasterData_Stock.product_template_rubber_mount_rod,33FB 1120,,0.0,0.0,0.0,,,,
product_product_id_133443,33FB 1121,1,Jinasena_MasterData_Stock.product_template_rubber_mount_rod_support,33FB 1121,,0.0,0.0,0.0,,,,
product_product_id_133444,33FB 1122,1,Jinasena_MasterData_Stock.product_template_body_stand,33FB 1122,,0.0,0.0,0.0,,,,
product_product_id_133445,33FB 1123,1,Jinasena_MasterData_Stock.product_template_body_stand_base,33FB 1123,,0.0,0.0,0.0,,,,
product_product_id_133446,33FB 1201,1,Jinasena_MasterData_Stock.product_template_drum_plate_330373,33FB 1201,,0.0,0.0,0.0,,,,
product_product_id_133447,33FB 1202,1,Jinasena_MasterData_Stock.product_template_drum_bush_330374,33FB 1202,,0.0,0.0,0.0,,,,
product_product_id_133448,33FB 1203,1,Jinasena_MasterData_Stock.product_template_drum_shaft_jfb_8,33FB 1203,,0.0,0.0,0.0,,,,
product_product_id_133449,33FB 1204,1,Jinasena_MasterData_Stock.product_template_drum_blade_jfb_8,33FB 1204,,0.0,0.0,0.0,,,,
product_product_id_133450,33FB 1205,1,Jinasena_MasterData_Stock.product_template_blade_hanging_pin_jfb_8,33FB 1205,,0.0,0.0,0.0,,,,
product_product_id_133451,33FB 1206,1,Jinasena_MasterData_Stock.product_template_blade_spacer_bush_1_330378,33FB 1206,,0.0,0.0,0.0,,,,
product_product_id_133452,33FB 1207,1,Jinasena_MasterData_Stock.product_template_blade_spacer_bush_2_330379,33FB 1207,,0.0,0.0,0.0,,,,
product_product_id_133453,33FB 1301,1,Jinasena_MasterData_Stock.product_template_base_top_plate,33FB 1301,,0.0,0.0,0.0,,,,
product_product_id_133454,33FB 1302,1,Jinasena_MasterData_Stock.product_template_base_handle_330381,33FB 1302,,0.0,0.0,0.0,,,,
product_product_id_133455,33FB 1303,1,Jinasena_MasterData_Stock.product_template_base_chenel,33FB 1303,,0.0,0.0,0.0,,,,
product_product_id_133456,33FB 1304,1,Jinasena_MasterData_Stock.product_template_base_angle_330383,33FB 1304,,0.0,0.0,0.0,,,,
product_product_id_133457,33FB 1305,1,Jinasena_MasterData_Stock.product_template_base_flat_plate,33FB 1305,,0.0,0.0,0.0,,,,
product_product_id_133458,33FB 1306,1,Jinasena_MasterData_Stock.product_template_engine_base_chanel,33FB 1306,,0.0,0.0,0.0,,,,
product_product_id_133459,33FB 1401,1,Jinasena_MasterData_Stock.product_template_sieve_plate_330386,33FB 1401,,0.0,0.0,0.0,,,,
product_product_id_133460,33FB 1402,1,Jinasena_MasterData_Stock.product_template_sieve_bracket,33FB 1402,,0.0,0.0,0.0,,,,
product_product_id_133461,33FB 1403,1,Jinasena_MasterData_Stock.product_template_sieve_lock_plate,33FB 1403,,0.0,0.0,0.0,,,,
product_product_id_133462,33FB 1404,1,Jinasena_MasterData_Stock.product_template_concave_plate_330389,33FB 1404,,0.0,0.0,0.0,,,,
product_product_id_133463,33FB 1405,1,Jinasena_MasterData_Stock.product_template_sieve_clamp_plate,33FB 1405,,0.0,0.0,0.0,,,,
product_product_id_133464,33FB 1406,1,Jinasena_MasterData_Stock.product_template_padel_330391,33FB 1406,,0.0,0.0,0.0,,,,
product_product_id_133465,33FB 1407,1,Jinasena_MasterData_Stock.product_template_hinge_pin_330392,33FB 1407,,0.0,0.0,0.0,,,,
product_product_id_133466,33FB 1408,1,Jinasena_MasterData_Stock.product_template_concave_rib_1,33FB 1408,,0.0,0.0,0.0,,,,
product_product_id_133467,33FB 1409,1,Jinasena_MasterData_Stock.product_template_concave_rib_2_330394,33FB 1409,,0.0,0.0,0.0,,,,
product_product_id_133468,33FB 1410,1,Jinasena_MasterData_Stock.product_template_padel_arm_330395,33FB 1410,,0.0,0.0,0.0,,,,
product_product_id_133469,33FB 1411,1,Jinasena_MasterData_Stock.product_template_padel_arm_reinforcement,33FB 1411,,0.0,0.0,0.0,,,,
product_product_id_133470,33FB 1412,1,Jinasena_MasterData_Stock.product_template_ring_for_clamping_bolt,33FB 1412,,0.0,0.0,0.0,,,,
product_product_id_133471,33FB 1413,1,Jinasena_MasterData_Stock.product_template_hinge_bush_330398,33FB 1413,,0.0,0.0,0.0,,,,
product_product_id_133472,33FB 1501,1,Jinasena_MasterData_Stock.product_template_reinforcement_flat,33FB 1501,,0.0,0.0,0.0,,,,
product_product_id_133473,33FB 1502,1,Jinasena_MasterData_Stock.product_template_bracket_angle,33FB 1502,,0.0,0.0,0.0,,,,
product_product_id_133474,33FB 1503,1,Jinasena_MasterData_Stock.product_template_bracket_stand_330401,33FB 1503,,0.0,0.0,0.0,,,,
product_product_id_133475,33FB 1504,1,Jinasena_MasterData_Stock.product_template_stand_base_bolt_mount,33FB 1504,,0.0,0.0,0.0,,,,
product_product_id_133476,33FB 1505,1,Jinasena_MasterData_Stock.product_template_bracket_reinforcement_330403,33FB 1505,,0.0,0.0,0.0,,,,
product_product_id_133477,33FB 1506,1,Jinasena_MasterData_Stock.product_template_u_clamp_330404,33FB 1506,,0.0,0.0,0.0,,,,
product_product_id_133478,33FB 301,1,Jinasena_MasterData_Stock.product_template_bottom_angle_330405,33FB 301,,0.0,0.0,0.0,,,,
product_product_id_133479,33FB 302,1,Jinasena_MasterData_Stock.product_template_vertical_angle_330406,33FB 302,,0.0,0.0,0.0,,,,
product_product_id_133480,33FB 303,1,Jinasena_MasterData_Stock.product_template_wall_bracket_330407,33FB 303,,0.0,0.0,0.0,,,,
product_product_id_133481,33FB 304,1,Jinasena_MasterData_Stock.product_template_wall_bracket_fixing,33FB 304,,0.0,0.0,0.0,,,,
product_product_id_133482,33FB 305,1,Jinasena_MasterData_Stock.product_template_bracket_level_guide_330409,33FB 305,,0.0,0.0,0.0,,,,
product_product_id_133483,33FB 501,1,Jinasena_MasterData_Stock.product_template_bottom_angle_330410,33FB 501,,0.0,0.0,0.0,,,,
product_product_id_133484,33FB 502,1,Jinasena_MasterData_Stock.product_template_vertical_angle_330411,33FB 502,,0.0,0.0,0.0,,,,
product_product_id_133485,33FB 503,1,Jinasena_MasterData_Stock.product_template_wall_bracket_330412,33FB 503,,0.0,0.0,0.0,,,,
product_product_id_133486,33FB 504,1,Jinasena_MasterData_Stock.product_template_wall_bracket_fixing_plate_330413,33FB 504,,0.0,0.0,0.0,,,,
product_product_id_133487,33FB 505,1,Jinasena_MasterData_Stock.product_template_bracket_level_guide,33FB 505,,0.0,0.0,0.0,,,,
product_product_id_133488,33GF FS3-EY20,1,Jinasena_MasterData_Stock.product_template_generator_frame_side_fs3,33GF FS3-EY20,,0.0,0.0,0.0,,,,
product_product_id_133489,33GF FS3-YL40,1,Jinasena_MasterData_Stock.product_template_generator_frame_side_fs3_yl40,33GF FS3-YL40,,0.0,0.0,0.0,,,,
product_product_id_133490,33HT 12001,1,Jinasena_MasterData_Stock.product_template_mud_scraper_curve_plate,33HT 12001,,0.0,0.0,0.0,,,,
product_product_id_133491,33HT 12002,1,Jinasena_MasterData_Stock.product_template_mud_scraper_bolt_bracket,33HT 12002,,0.0,0.0,0.0,,,,
product_product_id_133492,33HT 12003,1,Jinasena_MasterData_Stock.product_template_bolt_bracket_tri_reinforcement,33HT 12003,,0.0,0.0,0.0,,,,
product_product_id_133493,33HT 12004,1,Jinasena_MasterData_Stock.product_template_mud_scraper_blade,33HT 12004,,0.0,0.0,0.0,,,,
product_product_id_133494,33HT 1201,1,Jinasena_MasterData_Stock.product_template_roof_frame_330421,33HT 1201,,0.0,0.0,0.0,,,,
product_product_id_133495,33HT 1202,1,Jinasena_MasterData_Stock.product_template_roof_frame_support,33HT 1202,,0.0,0.0,0.0,,,,
product_product_id_133496,33HT 12023,1,Jinasena_MasterData_Stock.product_template_seat_hang_bracket_1,33HT 12023,,0.0,0.0,0.0,,,,
product_product_id_133497,33HT 1203,1,Jinasena_MasterData_Stock.product_template_tube_insert_pipe,33HT 1203,,0.0,0.0,0.0,,,,
product_product_id_133498,33HT 1204,1,Jinasena_MasterData_Stock.product_template_frame_support_base_angle,33HT 1204,,0.0,0.0,0.0,,,,
product_product_id_133499,33HT 1205,1,Jinasena_MasterData_Stock.product_template_frame_support_base_plate,33HT 1205,,0.0,0.0,0.0,,,,
product_product_id_133500,33HT 1206,1,Jinasena_MasterData_Stock.product_template_base_plate_reinforcement_rod,33HT 1206,,0.0,0.0,0.0,,,,
product_product_id_133501,33HT 1207,1,Jinasena_MasterData_Stock.product_template_back_plate,33HT 1207,,0.0,0.0,0.0,,,,
product_product_id_133502,33HT 42501,1,Jinasena_MasterData_Stock.product_template_number_plate_bracket,33HT 42501,,0.0,0.0,0.0,,,,
product_product_id_133503,33HT 42502,1,Jinasena_MasterData_Stock.product_template_number_plate_plate,33HT 42502,,0.0,0.0,0.0,,,,
product_product_id_133504,33HT 42503,1,Jinasena_MasterData_Stock.product_template_lock_washer_jet5_steering_bush,33HT 42503,,0.0,0.0,0.0,,,,
product_product_id_133505,33HT 8201,1,Jinasena_MasterData_Stock.product_template_mud_scraper_aht8,33HT 8201,,0.0,0.0,0.0,,,,
product_product_id_133506,33HT 8202,1,Jinasena_MasterData_Stock.product_template_bolting_arm_mud_scraper,33HT 8202,,0.0,0.0,0.0,,,,
product_product_id_133507,33HT 8203,1,Jinasena_MasterData_Stock.product_template_holding_bracket_mud_scraper,33HT 8203,,0.0,0.0,0.0,,,,
product_product_id_133508,33HT 8301,1,Jinasena_MasterData_Stock.product_template_hitch_pin_for_aht8_aht12,33HT 8301,,0.0,0.0,0.0,,,,
product_product_id_133509,33HT 8302,1,Jinasena_MasterData_Stock.product_template_spring_clip_r_clip_330436,33HT 8302,,0.0,0.0,0.0,,,,
product_product_id_133510,33HT 8303,1,Jinasena_MasterData_Stock.product_template_chain_case_bracket_1_2_slot,33HT 8303,,0.0,0.0,0.0,,,,
product_product_id_133511,33HT 8304,1,Jinasena_MasterData_Stock.product_template_chain_case_bracket_2_1_slot,33HT 8304,,0.0,0.0,0.0,,,,
product_product_id_133512,33HT 8305,1,Jinasena_MasterData_Stock.product_template_chain_case_bracket_reinforcement,33HT 8305,,0.0,0.0,0.0,,,,
product_product_id_133513,33HT 8306,1,Jinasena_MasterData_Stock.product_template_chain_case_bracker_bolt_plate,33HT 8306,,0.0,0.0,0.0,,,,
product_product_id_133514,33IB 0101,1,Jinasena_MasterData_Stock.product_template_frame_left_tractor_bracket,33IB 0101,,0.0,0.0,0.0,,,,
product_product_id_133515,33IB 0102,1,Jinasena_MasterData_Stock.product_template_frame_right_tractor_bracket,33IB 0102,,0.0,0.0,0.0,,,,
product_product_id_133516,33IB 0103,1,Jinasena_MasterData_Stock.product_template_cross_angle_pump_bracket,33IB 0103,,0.0,0.0,0.0,,,,
product_product_id_133517,33IB 0104,1,Jinasena_MasterData_Stock.product_template_bracket_fixing_plate,33IB 0104,,0.0,0.0,0.0,,,,
product_product_id_133518,33JS 002,1,Jinasena_MasterData_Stock.product_template_fixed_blade_for_jsh16hp,33JS 002,,0.0,0.0,0.0,,,,
product_product_id_133519,33JS 101,1,Jinasena_MasterData_Stock.product_template_main_chassy_beab_long,33JS 101,,0.0,0.0,0.0,,,,
product_product_id_133520,33JS 102,1,Jinasena_MasterData_Stock.product_template_main_chassy_beab_short,33JS 102,,0.0,0.0,0.0,,,,
product_product_id_133521,33JS 103,1,Jinasena_MasterData_Stock.product_template_auxilary_chassy_beam_l,33JS 103,,0.0,0.0,0.0,,,,
product_product_id_133522,33JS 104,1,Jinasena_MasterData_Stock.product_template_draw_bar,33JS 104,,0.0,0.0,0.0,,,,
product_product_id_133523,33JS 105,1,Jinasena_MasterData_Stock.product_template_draw_bar_support,33JS 105,,0.0,0.0,0.0,,,,
product_product_id_133524,33JS 106,1,Jinasena_MasterData_Stock.product_template_draw_bar_end_cross_beam,33JS 106,,0.0,0.0,0.0,,,,
product_product_id_133525,33JS 107,1,Jinasena_MasterData_Stock.product_template_axel,33JS 107,,0.0,0.0,0.0,,,,
product_product_id_133526,33JS 108,1,Jinasena_MasterData_Stock.product_template_floor_board,33JS 108,,0.0,0.0,0.0,,,,
product_product_id_133527,33JS 109,1,Jinasena_MasterData_Stock.product_template_hitch,33JS 109,,0.0,0.0,0.0,,,,
product_product_id_133528,33JS 110,1,Jinasena_MasterData_Stock.product_template_wheel_hub_330455,33JS 110,,0.0,0.0,0.0,,,,
product_product_id_133529,33JS 111,1,Jinasena_MasterData_Stock.product_template_auxiliary_chasse_beam_l_2,33JS 111,,0.0,0.0,0.0,,,,
product_product_id_133530,33JS 112,1,Jinasena_MasterData_Stock.product_template_main_frame_beam_s,33JS 112,,0.0,0.0,0.0,,,,
product_product_id_133531,33JS 113,1,Jinasena_MasterData_Stock.product_template_beam_vertical_1,33JS 113,,0.0,0.0,0.0,,,,
product_product_id_133532,33JS 114,1,Jinasena_MasterData_Stock.product_template_beam_vertical_2,33JS 114,,0.0,0.0,0.0,,,,
product_product_id_133533,33JS 115,1,Jinasena_MasterData_Stock.product_template_beam_vertical_3,33JS 115,,0.0,0.0,0.0,,,,
product_product_id_133534,33JS 116,1,Jinasena_MasterData_Stock.product_template_motor_bracket_330461,33JS 116,,0.0,0.0,0.0,,,,
product_product_id_133535,33JS 117,1,Jinasena_MasterData_Stock.product_template_motor_mounting_plate,33JS 117,,0.0,0.0,0.0,,,,
product_product_id_133536,33JS 118,1,Jinasena_MasterData_Stock.product_template_hinge_pin,33JS 118,,0.0,0.0,0.0,,,,
product_product_id_133537,33JS 119,1,Jinasena_MasterData_Stock.product_template_hing_bush,33JS 119,,0.0,0.0,0.0,,,,
product_product_id_133538,33JS 120,1,Jinasena_MasterData_Stock.product_template_locking_bushes,33JS 120,,0.0,0.0,0.0,,,,
product_product_id_133539,33JS 121,1,Jinasena_MasterData_Stock.product_template_locking_pin,33JS 121,,0.0,0.0,0.0,,,,
product_product_id_133540,33JS 122,1,Jinasena_MasterData_Stock.product_template_bearing_plate,33JS 122,,0.0,0.0,0.0,,,,
product_product_id_133541,33JS 123,1,Jinasena_MasterData_Stock.product_template_machine_mounting_plates,33JS 123,,0.0,0.0,0.0,,,,
product_product_id_133542,33JS 131,1,Jinasena_MasterData_Stock.product_template_top_curved_plate,33JS 131,,0.0,0.0,0.0,,,,
product_product_id_133543,33JS 132,1,Jinasena_MasterData_Stock.product_template_bottem_curved_plate,33JS 132,,0.0,0.0,0.0,,,,
product_product_id_133544,33JS 133,1,Jinasena_MasterData_Stock.product_template_side_plates,33JS 133,,0.0,0.0,0.0,,,,
product_product_id_133545,33JS 134,1,Jinasena_MasterData_Stock.product_template_curved_plate_for_feeding,33JS 134,,0.0,0.0,0.0,,,,
product_product_id_133546,33JS 135,1,Jinasena_MasterData_Stock.product_template_side_plates_for_feeding,33JS 135,,0.0,0.0,0.0,,,,
product_product_id_133547,33JS 136,1,Jinasena_MasterData_Stock.product_template_louvres,33JS 136,,0.0,0.0,0.0,,,,
product_product_id_133548,33JS 137,1,Jinasena_MasterData_Stock.product_template_separate_plate_330475,33JS 137,,0.0,0.0,0.0,,,,
product_product_id_133549,33JS 141,1,Jinasena_MasterData_Stock.product_template_guard_plate_1,33JS 141,,0.0,0.0,0.0,,,,
product_product_id_133550,33JS 142,1,Jinasena_MasterData_Stock.product_template_guard_plate_2,33JS 142,,0.0,0.0,0.0,,,,
product_product_id_133551,33JS 143,1,Jinasena_MasterData_Stock.product_template_guard_bracket_330478,33JS 143,,0.0,0.0,0.0,,,,
product_product_id_133552,33JS 145,1,Jinasena_MasterData_Stock.product_template_guard_mesh_top,33JS 145,,0.0,0.0,0.0,,,,
product_product_id_133553,33JS 146,1,Jinasena_MasterData_Stock.product_template_guard_mesh_side,33JS 146,,0.0,0.0,0.0,,,,
product_product_id_133554,33JS 147,1,Jinasena_MasterData_Stock.product_template_mesh_raieforcement,33JS 147,,0.0,0.0,0.0,,,,
product_product_id_133555,33JS 148,1,Jinasena_MasterData_Stock.product_template_guard_bracket_330482,33JS 148,,0.0,0.0,0.0,,,,
product_product_id_133556,33JS 151,1,Jinasena_MasterData_Stock.product_template_drum_shaft_330483,33JS 151,,0.0,0.0,0.0,,,,
product_product_id_133557,33JS 152,1,Jinasena_MasterData_Stock.product_template_impeller_plate,33JS 152,,0.0,0.0,0.0,,,,
product_product_id_133558,33JS 153,1,Jinasena_MasterData_Stock.product_template_impeller_vans,33JS 153,,0.0,0.0,0.0,,,,
product_product_id_133559,33JS 154,1,Jinasena_MasterData_Stock.product_template_impiller_bush,33JS 154,,0.0,0.0,0.0,,,,
product_product_id_133560,33JS 161,1,Jinasena_MasterData_Stock.product_template_hop_pheriparal,33JS 161,,0.0,0.0,0.0,,,,
product_product_id_133561,33JS 162,1,Jinasena_MasterData_Stock.product_template_hop_sides,33JS 162,,0.0,0.0,0.0,,,,
product_product_id_133562,33JS 163,1,Jinasena_MasterData_Stock.product_template_mounting_bracket_1,33JS 163,,0.0,0.0,0.0,,,,
product_product_id_133563,33JS 164,1,Jinasena_MasterData_Stock.product_template_mounting_bracket_2,33JS 164,,0.0,0.0,0.0,,,,
product_product_id_133564,33JS 201,1,Jinasena_MasterData_Stock.product_template_short_pillers,33JS 201,,0.0,0.0,0.0,,,,
product_product_id_133565,33JS 202,1,Jinasena_MasterData_Stock.product_template_high_pillers,33JS 202,,0.0,0.0,0.0,,,,
product_product_id_133566,33JS 203,1,Jinasena_MasterData_Stock.product_template_bearing_holding_piller,33JS 203,,0.0,0.0,0.0,,,,
product_product_id_133567,33JS 204,1,Jinasena_MasterData_Stock.product_template_cross_beam_for_drum_bearings,33JS 204,,0.0,0.0,0.0,,,,
product_product_id_133568,33JS 205,1,Jinasena_MasterData_Stock.product_template_cross_beam_for_pti_bearings,33JS 205,,0.0,0.0,0.0,,,,
product_product_id_133569,33JS 206,1,Jinasena_MasterData_Stock.product_template_c_beam_for_feeder_bearings,33JS 206,,0.0,0.0,0.0,,,,
product_product_id_133570,33JS 207,1,Jinasena_MasterData_Stock.product_template_top_cover_mounting_beam,33JS 207,,0.0,0.0,0.0,,,,
product_product_id_133571,33JS 208,1,Jinasena_MasterData_Stock.product_template_feeder_upper_rib_l,33JS 208,,0.0,0.0,0.0,,,,
product_product_id_133572,33JS 209,1,Jinasena_MasterData_Stock.product_template_eeder_upper_rib_s,33JS 209,,0.0,0.0,0.0,,,,
product_product_id_133573,33JS 210,1,Jinasena_MasterData_Stock.product_template_feeder_upper_colums,33JS 210,,0.0,0.0,0.0,,,,
product_product_id_133574,33JS 211,1,Jinasena_MasterData_Stock.product_template_locking_hooks,33JS 211,,0.0,0.0,0.0,,,,
product_product_id_133575,33JS 251,1,Jinasena_MasterData_Stock.product_template_botom_slope_plate,33JS 251,,0.0,0.0,0.0,,,,
product_product_id_133576,33JS 252,1,Jinasena_MasterData_Stock.product_template_top_slope_plate,33JS 252,,0.0,0.0,0.0,,,,
product_product_id_133577,33JS 253,1,Jinasena_MasterData_Stock.product_template_side_slop_plate,33JS 253,,0.0,0.0,0.0,,,,
product_product_id_133578,33JS 254,1,Jinasena_MasterData_Stock.product_template_upper_chamber_side_l,33JS 254,,0.0,0.0,0.0,,,,
product_product_id_133579,33JS 255,1,Jinasena_MasterData_Stock.product_template_upper_chamber_side_s,33JS 255,,0.0,0.0,0.0,,,,
product_product_id_133580,33JS 261,1,Jinasena_MasterData_Stock.product_template_bottom_body_strips,33JS 261,,0.0,0.0,0.0,,,,
product_product_id_133581,33JS 262,1,Jinasena_MasterData_Stock.product_template_bottom_body_support,33JS 262,,0.0,0.0,0.0,,,,
product_product_id_133582,33JS 263,1,Jinasena_MasterData_Stock.product_template_throw_out_chamber_botom,33JS 263,,0.0,0.0,0.0,,,,
product_product_id_133583,33JS 264,1,Jinasena_MasterData_Stock.product_template_side_plates_330510,33JS 264,,0.0,0.0,0.0,,,,
product_product_id_133584,33JS 265,1,Jinasena_MasterData_Stock.product_template_top_cover_curved_plate,33JS 265,,0.0,0.0,0.0,,,,
product_product_id_133585,33JS 266,1,Jinasena_MasterData_Stock.product_template_top_cover_side_plate_330512,33JS 266,,0.0,0.0,0.0,,,,
product_product_id_133586,33JS 267,1,Jinasena_MasterData_Stock.product_template_side_hopper_holder,33JS 267,,0.0,0.0,0.0,,,,
product_product_id_133587,33JS 268,1,Jinasena_MasterData_Stock.product_template_hinge_bushes,33JS 268,,0.0,0.0,0.0,,,,
product_product_id_133588,33JS 269,1,Jinasena_MasterData_Stock.product_template_hinge_pin_330515,33JS 269,,0.0,0.0,0.0,,,,
product_product_id_133589,33JS 270,1,Jinasena_MasterData_Stock.product_template_draw_bolt,33JS 270,,0.0,0.0,0.0,,,,
product_product_id_133590,33JS 271,1,Jinasena_MasterData_Stock.product_template_loovers,33JS 271,,0.0,0.0,0.0,,,,
product_product_id_133591,33JS 272,1,Jinasena_MasterData_Stock.product_template_pegs_330518,33JS 272,,0.0,0.0,0.0,,,,
product_product_id_133592,33JS 273,1,Jinasena_MasterData_Stock.product_template_peg_holdingss,33JS 273,,0.0,0.0,0.0,,,,
product_product_id_133593,33JS 281,1,Jinasena_MasterData_Stock.product_template_long_side_plate,33JS 281,,0.0,0.0,0.0,,,,
product_product_id_133594,33JS 282,1,Jinasena_MasterData_Stock.product_template_short_side_plate,33JS 282,,0.0,0.0,0.0,,,,
product_product_id_133595,33JS 283,1,Jinasena_MasterData_Stock.product_template_hopper_bottom_frame,33JS 283,,0.0,0.0,0.0,,,,
product_product_id_133596,33JS 284,1,Jinasena_MasterData_Stock.product_template_holding_hooks,33JS 284,,0.0,0.0,0.0,,,,
product_product_id_133597,33JS 285,1,Jinasena_MasterData_Stock.product_template_locking_hooks_330524,33JS 285,,0.0,0.0,0.0,,,,
product_product_id_133598,33JS 286,1,Jinasena_MasterData_Stock.product_template_locking_bolt,33JS 286,,0.0,0.0,0.0,,,,
product_product_id_133599,33JS 287,1,Jinasena_MasterData_Stock.product_template_locking_nut,33JS 287,,0.0,0.0,0.0,,,,
product_product_id_133600,33JS 288,1,Jinasena_MasterData_Stock.product_template_botterfly_arms_to_nut,33JS 288,,0.0,0.0,0.0,,,,
product_product_id_133601,33JS 291,1,Jinasena_MasterData_Stock.product_template_top_and_side_covers,33JS 291,,0.0,0.0,0.0,,,,
product_product_id_133602,33JS 292,1,Jinasena_MasterData_Stock.product_template_bottom_plate_330529,33JS 292,,0.0,0.0,0.0,,,,
product_product_id_133603,33JS 293,1,Jinasena_MasterData_Stock.product_template_hopper_mount,33JS 293,,0.0,0.0,0.0,,,,
product_product_id_133604,33JS 294,1,Jinasena_MasterData_Stock.product_template_holding_nuts,33JS 294,,0.0,0.0,0.0,,,,
product_product_id_133605,33JS 311,1,Jinasena_MasterData_Stock.product_template_side_covers_covers,33JS 311,,0.0,0.0,0.0,,,,
product_product_id_133606,33JS 312,1,Jinasena_MasterData_Stock.product_template_top_cover_330533,33JS 312,,0.0,0.0,0.0,,,,
product_product_id_133607,33JS 313,1,Jinasena_MasterData_Stock.product_template_bottom_cover,33JS 313,,0.0,0.0,0.0,,,,
product_product_id_133608,33JS 314,1,Jinasena_MasterData_Stock.product_template_holding_hooks_330535,33JS 314,,0.0,0.0,0.0,,,,
product_product_id_133609,33JS 321,1,Jinasena_MasterData_Stock.product_template_feeder_axel,33JS 321,,0.0,0.0,0.0,,,,
product_product_id_133610,33JS 322,1,Jinasena_MasterData_Stock.product_template_feeder_arms,33JS 322,,0.0,0.0,0.0,,,,
product_product_id_133611,33JS 323,1,Jinasena_MasterData_Stock.product_template_plates,33JS 323,,0.0,0.0,0.0,,,,
product_product_id_133612,33JS 326,1,Jinasena_MasterData_Stock.product_template_main_shaft,33JS 326,,0.0,0.0,0.0,,,,
product_product_id_133613,33JS 327,1,Jinasena_MasterData_Stock.product_template_blades_holding_plates,33JS 327,,0.0,0.0,0.0,,,,
product_product_id_133614,33JS 328,1,Jinasena_MasterData_Stock.product_template_fix_blades,33JS 328,,0.0,0.0,0.0,,,,
product_product_id_133615,33JS 329,1,Jinasena_MasterData_Stock.product_template_drum_bush_1,33JS 329,,0.0,0.0,0.0,,,,
product_product_id_133616,33JS 330,1,Jinasena_MasterData_Stock.product_template_drum_flanges,33JS 330,,0.0,0.0,0.0,,,,
product_product_id_133617,33JS 331,1,Jinasena_MasterData_Stock.product_template_side_cutter_disck,33JS 331,,0.0,0.0,0.0,,,,
product_product_id_133618,33JS 332,1,Jinasena_MasterData_Stock.product_template_throwing_vanes,33JS 332,,0.0,0.0,0.0,,,,
product_product_id_133619,33JS 333,1,Jinasena_MasterData_Stock.product_template_center_bush,33JS 333,,0.0,0.0,0.0,,,,
product_product_id_133620,33JS 334,1,Jinasena_MasterData_Stock.product_template_side_cutter_blade,33JS 334,,0.0,0.0,0.0,,,,
product_product_id_133621,33JS 340,1,Jinasena_MasterData_Stock.product_template_gear_guard_assembly,33JS 340,,0.0,0.0,0.0,,,,
product_product_id_133622,33JS 341,1,Jinasena_MasterData_Stock.product_template_side_half_round_plates,33JS 341,,0.0,0.0,0.0,,,,
product_product_id_133623,33JS 342,1,Jinasena_MasterData_Stock.product_template_curved_plate,33JS 342,,0.0,0.0,0.0,,,,
product_product_id_133624,33JS 343,1,Jinasena_MasterData_Stock.product_template_cover_seats_330551,33JS 343,,0.0,0.0,0.0,,,,
product_product_id_133625,33JS 344,1,Jinasena_MasterData_Stock.product_template_holding_brackets_330552,33JS 344,,0.0,0.0,0.0,,,,
product_product_id_133626,33JS 351,1,Jinasena_MasterData_Stock.product_template_guard_cover_330553,33JS 351,,0.0,0.0,0.0,,,,
product_product_id_133627,33JS 352,1,Jinasena_MasterData_Stock.product_template_guard_plate_330554,33JS 352,,0.0,0.0,0.0,,,,
product_product_id_133628,33JS 353,1,Jinasena_MasterData_Stock.product_template_holding_brackets,33JS 353,,0.0,0.0,0.0,,,,
product_product_id_133629,33JS 361,1,Jinasena_MasterData_Stock.product_template_vertical_members,33JS 361,,0.0,0.0,0.0,,,,
product_product_id_133630,33JS 362,1,Jinasena_MasterData_Stock.product_template_horizontal_members_l,33JS 362,,0.0,0.0,0.0,,,,
product_product_id_133631,33JS 363,1,Jinasena_MasterData_Stock.product_template_horizontal_members_s,33JS 363,,0.0,0.0,0.0,,,,
product_product_id_133632,33JS 364,1,Jinasena_MasterData_Stock.product_template_cover_seats,33JS 364,,0.0,0.0,0.0,,,,
product_product_id_133633,33JS 365,1,Jinasena_MasterData_Stock.product_template_reflectors_red,33JS 365,,0.0,0.0,0.0,,,,
product_product_id_133634,33JSH 16FB,1,Jinasena_MasterData_Stock.product_template_fixed_blade_complete_for_jsh16_15,33JSH 16FB,,0.0,0.0,0.0,,,,
product_product_id_133635,33KE 1/4,1,Jinasena_MasterData_Stock.product_template_drum_pulley_shaft_key,33KE 1/4,,0.0,0.0,0.0,,,,
product_product_id_133636,33MC 22002,1,Jinasena_MasterData_Stock.product_template_multichopper_test,33MC 22002,,0.0,0.0,0.0,,,,
product_product_id_133637,33MC 25001,1,Jinasena_MasterData_Stock.product_template_side_plate,33MC 25001,,0.0,0.0,0.0,,,,
product_product_id_133638,33MC 25002,1,Jinasena_MasterData_Stock.product_template_bearing_plate_1,33MC 25002,,0.0,0.0,0.0,,,,
product_product_id_133639,33MC 25003,1,Jinasena_MasterData_Stock.product_template_bearing_plate_2,33MC 25003,,0.0,0.0,0.0,,,,
product_product_id_133640,33MC 25004,1,Jinasena_MasterData_Stock.product_template_cover_plate_1,33MC 25004,,0.0,0.0,0.0,,,,
product_product_id_133641,33MC 25005,1,Jinasena_MasterData_Stock.product_template_cover_plate_2,33MC 25005,,0.0,0.0,0.0,,,,
product_product_id_133642,33MC 25006,1,Jinasena_MasterData_Stock.product_template_cover_plate_3,33MC 25006,,0.0,0.0,0.0,,,,
product_product_id_133643,33MC 25007,1,Jinasena_MasterData_Stock.product_template_cover_plate_4,33MC 25007,,0.0,0.0,0.0,,,,
product_product_id_133644,33MC 25008,1,Jinasena_MasterData_Stock.product_template_hopper_rainfocement,33MC 25008,,0.0,0.0,0.0,,,,
product_product_id_133645,33MC 25009,1,Jinasena_MasterData_Stock.product_template_leg,33MC 25009,,0.0,0.0,0.0,,,,
product_product_id_133646,33MC 25010,1,Jinasena_MasterData_Stock.product_template_leg_base,33MC 25010,,0.0,0.0,0.0,,,,
product_product_id_133647,33MC 25011,1,Jinasena_MasterData_Stock.product_template_cover_plate_lower,33MC 25011,,0.0,0.0,0.0,,,,
product_product_id_133648,33MC 25012,1,Jinasena_MasterData_Stock.product_template_rubber_guard_hanging_bracket,33MC 25012,,0.0,0.0,0.0,,,,
product_product_id_133649,33MC 25013,1,Jinasena_MasterData_Stock.product_template_gum_peg_holder,33MC 25013,,0.0,0.0,0.0,,,,
product_product_id_133650,33MC 25014,1,Jinasena_MasterData_Stock.product_template_body_inner_plate,33MC 25014,,0.0,0.0,0.0,,,,
product_product_id_133651,33MC 25051,1,Jinasena_MasterData_Stock.product_template_drum_circuler_plate,33MC 25051,,0.0,0.0,0.0,,,,
product_product_id_133652,33MC 25052,1,Jinasena_MasterData_Stock.product_template_square_separate_plate,33MC 25052,,0.0,0.0,0.0,,,,
product_product_id_133653,33MC 25053,1,Jinasena_MasterData_Stock.product_template_cutter_blade_330580,33MC 25053,,0.0,0.0,0.0,,,,
product_product_id_133654,33MC 25054,1,Jinasena_MasterData_Stock.product_template_drum_bush_330581,33MC 25054,,0.0,0.0,0.0,,,,
product_product_id_133655,33MC 25055,1,Jinasena_MasterData_Stock.product_template_cpacer_1,33MC 25055,,0.0,0.0,0.0,,,,
product_product_id_133656,33MC 25056,1,Jinasena_MasterData_Stock.product_template_spacer_2,33MC 25056,,0.0,0.0,0.0,,,,
product_product_id_133657,33MC 25057,1,Jinasena_MasterData_Stock.product_template_blade_hanging_pin_3,33MC 25057,,0.0,0.0,0.0,,,,
product_product_id_133658,33MC 25058,1,Jinasena_MasterData_Stock.product_template_drum_shaft_330585,33MC 25058,,0.0,0.0,0.0,,,,
product_product_id_133659,33MC 25059,1,Jinasena_MasterData_Stock.product_template_pulley_lock_washer,33MC 25059,,0.0,0.0,0.0,,,,
product_product_id_133660,33MC 25060,1,Jinasena_MasterData_Stock.product_template_hanging_blade,33MC 25060,,0.0,0.0,0.0,,,,
product_product_id_133661,33MC 25061,1,Jinasena_MasterData_Stock.product_template_key,33MC 25061,,0.0,0.0,0.0,,,,
product_product_id_133662,33MC 25062,1,Jinasena_MasterData_Stock.product_template_octoganal_plates,33MC 25062,,0.0,0.0,0.0,,,,
product_product_id_133663,33MC 25063,1,Jinasena_MasterData_Stock.product_template_fix_blade_supporting_flat,33MC 25063,,0.0,0.0,0.0,,,,
product_product_id_133664,33MC 25071,1,Jinasena_MasterData_Stock.product_template_t_hoppet_plate_1,33MC 25071,,0.0,0.0,0.0,,,,
product_product_id_133665,33MC 25072,1,Jinasena_MasterData_Stock.product_template_t_hopper_plate_2,33MC 25072,,0.0,0.0,0.0,,,,
product_product_id_133666,33MC 25073,1,Jinasena_MasterData_Stock.product_template_t_hopper_plate_3,33MC 25073,,0.0,0.0,0.0,,,,
product_product_id_133667,33MC 25074,1,Jinasena_MasterData_Stock.product_template_s_hopper_plate_1,33MC 25074,,0.0,0.0,0.0,,,,
product_product_id_133668,33MC 25075,1,Jinasena_MasterData_Stock.product_template_s_hopper_plate_2,33MC 25075,,0.0,0.0,0.0,,,,
product_product_id_133669,33MC 25076,1,Jinasena_MasterData_Stock.product_template_s_hopper_plate_fixing_plate_1,33MC 25076,,0.0,0.0,0.0,,,,
product_product_id_133670,33MC 25077,1,Jinasena_MasterData_Stock.product_template_s_hopper_fixing_plate_2,33MC 25077,,0.0,0.0,0.0,,,,
product_product_id_133671,33MC 25078,1,Jinasena_MasterData_Stock.product_template_s_hopper_fixing_plate_3,33MC 25078,,0.0,0.0,0.0,,,,
product_product_id_133672,33MC 25081,1,Jinasena_MasterData_Stock.product_template_concave_plate,33MC 25081,,0.0,0.0,0.0,,,,
product_product_id_133673,33MC 25082,1,Jinasena_MasterData_Stock.product_template_padel,33MC 25082,,0.0,0.0,0.0,,,,
product_product_id_133674,33MC 25083,1,Jinasena_MasterData_Stock.product_template_cocave_rib_rainforcement,33MC 25083,,0.0,0.0,0.0,,,,
product_product_id_133675,33MC 25084,1,Jinasena_MasterData_Stock.product_template_concave_rib,33MC 25084,,0.0,0.0,0.0,,,,
product_product_id_133676,33MC 25085,1,Jinasena_MasterData_Stock.product_template_padel_arm,33MC 25085,,0.0,0.0,0.0,,,,
product_product_id_133677,33MC 25086,1,Jinasena_MasterData_Stock.product_template_padel_arm_rainfocement,33MC 25086,,0.0,0.0,0.0,,,,
product_product_id_133678,33MC 25087,1,Jinasena_MasterData_Stock.product_template_cocave_hinge_bush,33MC 25087,,0.0,0.0,0.0,,,,
product_product_id_133679,33MC 25088,1,Jinasena_MasterData_Stock.product_template_cocave_hinge_pin,33MC 25088,,0.0,0.0,0.0,,,,
product_product_id_133680,33MC 25089,1,Jinasena_MasterData_Stock.product_template_sieve_plate_330607,33MC 25089,,0.0,0.0,0.0,,,,
product_product_id_133681,33MC 25090,1,Jinasena_MasterData_Stock.product_template_sieve_fixing_bracket_1,33MC 25090,,0.0,0.0,0.0,,,,
product_product_id_133682,33MC 25091,1,Jinasena_MasterData_Stock.product_template_engine_mount,33MC 25091,,0.0,0.0,0.0,,,,
product_product_id_133683,33MC 250910,1,Jinasena_MasterData_Stock.product_template_main_base_member_4,33MC 250910,,0.0,0.0,0.0,,,,
product_product_id_133684,33MC 250911,1,Jinasena_MasterData_Stock.product_template_main_base_member_5,33MC 250911,,0.0,0.0,0.0,,,,
product_product_id_133685,33MC 250912,1,Jinasena_MasterData_Stock.product_template_pulling_screw_for_belt_tention,33MC 250912,,0.0,0.0,0.0,,,,
product_product_id_133686,33MC 250913,1,Jinasena_MasterData_Stock.product_template_pulling_rod_guide,33MC 250913,,0.0,0.0,0.0,,,,
product_product_id_133687,33MC 250914,1,Jinasena_MasterData_Stock.product_template_separate_plate,33MC 250914,,0.0,0.0,0.0,,,,
product_product_id_133688,33MC 250915,1,Jinasena_MasterData_Stock.product_template_base_plate,33MC 250915,,0.0,0.0,0.0,,,,
product_product_id_133689,33MC 25092,1,Jinasena_MasterData_Stock.product_template_bolt_slider_s_member_1,33MC 25092,,0.0,0.0,0.0,,,,
product_product_id_133690,33MC 25093,1,Jinasena_MasterData_Stock.product_template_bolt_slider_s_member_2,33MC 25093,,0.0,0.0,0.0,,,,
product_product_id_133691,33MC 25094,1,Jinasena_MasterData_Stock.product_template_bolt_slider_supporters,33MC 25094,,0.0,0.0,0.0,,,,
product_product_id_133692,33MC 25095,1,Jinasena_MasterData_Stock.product_template_b_s_crossmembers_a,33MC 25095,,0.0,0.0,0.0,,,,
product_product_id_133693,33MC 25096,1,Jinasena_MasterData_Stock.product_template_b_s_cross_members_b,33MC 25096,,0.0,0.0,0.0,,,,
product_product_id_133694,33MC 25097,1,Jinasena_MasterData_Stock.product_template_main_base_member_1,33MC 25097,,0.0,0.0,0.0,,,,
product_product_id_133695,33MC 25098,1,Jinasena_MasterData_Stock.product_template_main_base_member_2,33MC 25098,,0.0,0.0,0.0,,,,
product_product_id_133696,33MC 25099,1,Jinasena_MasterData_Stock.product_template_main_base_member_3,33MC 25099,,0.0,0.0,0.0,,,,
product_product_id_133697,33MC 25100,1,Jinasena_MasterData_Stock.product_template_seive_fixing_bracket_2,33MC 25100,,0.0,0.0,0.0,,,,
product_product_id_133698,33MC 25101,1,Jinasena_MasterData_Stock.product_template_side_plate_330625,33MC 25101,,0.0,0.0,0.0,,,,
product_product_id_133699,33MC 25102,1,Jinasena_MasterData_Stock.product_template_bearing_plate_1_330626,33MC 25102,,0.0,0.0,0.0,,,,
product_product_id_133700,33MC 25103,1,Jinasena_MasterData_Stock.product_template_bearing_plate_2_330627,33MC 25103,,0.0,0.0,0.0,,,,
product_product_id_133701,33MC 25150,1,Jinasena_MasterData_Stock.product_template_fixing_bolt_handel,33MC 25150,,0.0,0.0,0.0,,,,
product_product_id_133702,33MC 25151,1,Jinasena_MasterData_Stock.product_template_rubber_guard_bracket_1,33MC 25151,,0.0,0.0,0.0,,,,
product_product_id_133703,33MC 25152,1,Jinasena_MasterData_Stock.product_template_rubber_guard_bracket_2,33MC 25152,,0.0,0.0,0.0,,,,
product_product_id_133704,33MC 25153,1,Jinasena_MasterData_Stock.product_template_rubber_guard_bracket_renfcement,33MC 25153,,0.0,0.0,0.0,,,,
product_product_id_133705,33MC 25154,1,Jinasena_MasterData_Stock.product_template_rubber_guard,33MC 25154,,0.0,0.0,0.0,,,,
product_product_id_133706,33MC 25201,1,Jinasena_MasterData_Stock.product_template_base_angle_l_r,33MC 25201,,0.0,0.0,0.0,,,,
product_product_id_133707,33MC 25202,1,Jinasena_MasterData_Stock.product_template_base_angle_fr_bk,33MC 25202,,0.0,0.0,0.0,,,,
product_product_id_133708,33MC 25203,1,Jinasena_MasterData_Stock.product_template_motor_guide_1,33MC 25203,,0.0,0.0,0.0,,,,
product_product_id_133709,33MC 25204,1,Jinasena_MasterData_Stock.product_template_motor_guide_2,33MC 25204,,0.0,0.0,0.0,,,,
product_product_id_133710,33MC 25205,1,Jinasena_MasterData_Stock.product_template_chain_adjustment_holder,33MC 25205,,0.0,0.0,0.0,,,,
product_product_id_133711,33MC 25206,1,Jinasena_MasterData_Stock.product_template_belt_guard_bracket,33MC 25206,,0.0,0.0,0.0,,,,
product_product_id_133712,33MC 25207,1,Jinasena_MasterData_Stock.product_template_belt_cover_1,33MC 25207,,0.0,0.0,0.0,,,,
product_product_id_133713,33MC 25208,1,Jinasena_MasterData_Stock.product_template_belt_cover_2,33MC 25208,,0.0,0.0,0.0,,,,
product_product_id_133714,33MC 25451,1,Jinasena_MasterData_Stock.product_template_motor_bracket_horizontal,33MC 25451,,0.0,0.0,0.0,,,,
product_product_id_133715,33MC 25452,1,Jinasena_MasterData_Stock.product_template_motor_bracket_vertical,33MC 25452,,0.0,0.0,0.0,,,,
product_product_id_133716,33MC 25453,1,Jinasena_MasterData_Stock.product_template_motor_pulling_rod,33MC 25453,,0.0,0.0,0.0,,,,
product_product_id_133717,33MC 25454,1,Jinasena_MasterData_Stock.product_template_mtor_bolt_fixing_bars,33MC 25454,,0.0,0.0,0.0,,,,
product_product_id_133718,33MC 25500,1,Jinasena_MasterData_Stock.product_template_fixed_blade_jmc15,33MC 25500,,0.0,0.0,0.0,,,,
product_product_id_133719,33MC 6101,1,Jinasena_MasterData_Stock.product_template_side_plate_330646,33MC 6101,,0.0,0.0,0.0,,,,
product_product_id_133720,33MC 6102,1,Jinasena_MasterData_Stock.product_template_cover_plate_1_330647,33MC 6102,,0.0,0.0,0.0,,,,
product_product_id_133721,33MC 6103,1,Jinasena_MasterData_Stock.product_template_cover_plate_2_330648,33MC 6103,,0.0,0.0,0.0,,,,
product_product_id_133722,33MC 6104,1,Jinasena_MasterData_Stock.product_template_cover_plate_3_330649,33MC 6104,,0.0,0.0,0.0,,,,
product_product_id_133723,33MC 6105,1,Jinasena_MasterData_Stock.product_template_bearing_plate_330650,33MC 6105,,0.0,0.0,0.0,,,,
product_product_id_133724,33MC 6106,1,Jinasena_MasterData_Stock.product_template_stand_column_jmc6,33MC 6106,,0.0,0.0,0.0,,,,
product_product_id_133725,33MC 6107,1,Jinasena_MasterData_Stock.product_template_stand_base_jmc6,33MC 6107,,0.0,0.0,0.0,,,,
product_product_id_133726,33MC 6108,1,Jinasena_MasterData_Stock.product_template_tractor_bracket_angle_1,33MC 6108,,0.0,0.0,0.0,,,,
product_product_id_133727,33MC 6109,1,Jinasena_MasterData_Stock.product_template_tractor_braket_angle_2,33MC 6109,,0.0,0.0,0.0,,,,
product_product_id_133728,33MC 6110,1,Jinasena_MasterData_Stock.product_template_tractor_bracket_reinforcement,33MC 6110,,0.0,0.0,0.0,,,,
product_product_id_133729,33MC 6111,1,Jinasena_MasterData_Stock.product_template_tractor_bracket_angle_3,33MC 6111,,0.0,0.0,0.0,,,,
product_product_id_133730,33MC 6112,1,Jinasena_MasterData_Stock.product_template_tractor_bracket_end_plate,33MC 6112,,0.0,0.0,0.0,,,,
product_product_id_133731,33MC 6113,1,Jinasena_MasterData_Stock.product_template_adjuster_bush_plate,33MC 6113,,0.0,0.0,0.0,,,,
product_product_id_133732,33MC 6114,1,Jinasena_MasterData_Stock.product_template_adjuster_pipe_tractor_bracket,33MC 6114,,0.0,0.0,0.0,,,,
product_product_id_133733,33MC 6115,1,Jinasena_MasterData_Stock.product_template_tri_reinforcement_belt_guide,33MC 6115,,0.0,0.0,0.0,,,,
product_product_id_133734,33MC 6116,1,Jinasena_MasterData_Stock.product_template_adjuster_bolt_handle,33MC 6116,,0.0,0.0,0.0,,,,
product_product_id_133735,33MC 6117,1,Jinasena_MasterData_Stock.product_template_cover_plate_4_330662,33MC 6117,,0.0,0.0,0.0,,,,
product_product_id_133736,33MC 6118,1,Jinasena_MasterData_Stock.product_template_belt_guard_bracket_1,33MC 6118,,0.0,0.0,0.0,,,,
product_product_id_133737,33MC 6119,1,Jinasena_MasterData_Stock.product_template_adjuster_pipe_base,33MC 6119,,0.0,0.0,0.0,,,,
product_product_id_133738,33MC 6120,1,Jinasena_MasterData_Stock.product_template_belt_guard_plate,33MC 6120,,0.0,0.0,0.0,,,,
product_product_id_133739,33MC 6121,1,Jinasena_MasterData_Stock.product_template_rubber_guard_reinforcement,33MC 6121,,0.0,0.0,0.0,,,,
product_product_id_133740,33MC 6122,1,Jinasena_MasterData_Stock.product_template_side_hopper_mount_pkate_1,33MC 6122,,0.0,0.0,0.0,,,,
product_product_id_133741,33MC 6123,1,Jinasena_MasterData_Stock.product_template_hook_for_adjusting_bolt,33MC 6123,,0.0,0.0,0.0,,,,
product_product_id_133742,33MC 6124,1,Jinasena_MasterData_Stock.product_template_rubber_guard_outlet,33MC 6124,,0.0,0.0,0.0,,,,
product_product_id_133743,33MC 6125,1,Jinasena_MasterData_Stock.product_template_side_hopper_mount_plate_2,33MC 6125,,0.0,0.0,0.0,,,,
product_product_id_133744,33MC 6126,1,Jinasena_MasterData_Stock.product_template_rubber_guard_fixing_bracket,33MC 6126,,0.0,0.0,0.0,,,,
product_product_id_133745,33MC 6128,1,Jinasena_MasterData_Stock.product_template_slot_adgester_stand,33MC 6128,,0.0,0.0,0.0,,,,
product_product_id_133746,33MC 6129,1,Jinasena_MasterData_Stock.product_template_shaft_cover_bush_for_dust_protec,33MC 6129,,0.0,0.0,0.0,,,,
product_product_id_133747,33MC 6130,1,Jinasena_MasterData_Stock.product_template_cutter_blade_guide_internal,33MC 6130,,0.0,0.0,0.0,,,,
product_product_id_133748,33MC 6131,1,Jinasena_MasterData_Stock.product_template_side_hopper_mount_plate_3,33MC 6131,,0.0,0.0,0.0,,,,
product_product_id_133749,33MC 6132,1,Jinasena_MasterData_Stock.product_template_concave_side_guard_strip_1,33MC 6132,,0.0,0.0,0.0,,,,
product_product_id_133750,33MC 6133,1,Jinasena_MasterData_Stock.product_template_concave_side_guard_strip_2,33MC 6133,,0.0,0.0,0.0,,,,
product_product_id_133751,33MC 6134,1,Jinasena_MasterData_Stock.product_template_concave_side_guard,33MC 6134,,0.0,0.0,0.0,,,,
product_product_id_133752,33MC 6135,1,Jinasena_MasterData_Stock.product_template_spring_monitoring_rod,33MC 6135,,0.0,0.0,0.0,,,,
product_product_id_133753,33MC 6170,1,Jinasena_MasterData_Stock.product_template_tractor_guard,33MC 6170,,0.0,0.0,0.0,,,,
product_product_id_133754,33MC 6171,1,Jinasena_MasterData_Stock.product_template_gard_mount_rib,33MC 6171,,0.0,0.0,0.0,,,,
product_product_id_133755,33MC 6172,1,Jinasena_MasterData_Stock.product_template_guard_mount_plate,33MC 6172,,0.0,0.0,0.0,,,,
product_product_id_133756,33MC 6173,1,Jinasena_MasterData_Stock.product_template_stand_base_330683,33MC 6173,,0.0,0.0,0.0,,,,
product_product_id_133757,33MC 6174,1,Jinasena_MasterData_Stock.product_template_tractor_bracket_fixing_f_i,33MC 6174,,0.0,0.0,0.0,,,,
product_product_id_133758,33MC 6175,1,Jinasena_MasterData_Stock.product_template_tractor_bracket_fixing_a_i,33MC 6175,,0.0,0.0,0.0,,,,
product_product_id_133759,33MC 6201,1,Jinasena_MasterData_Stock.product_template_drum_circular_plate,33MC 6201,,0.0,0.0,0.0,,,,
product_product_id_133760,33MC 6202,1,Jinasena_MasterData_Stock.product_template_drum_square_plate_330687,33MC 6202,,0.0,0.0,0.0,,,,
product_product_id_133761,33MC 6203,1,Jinasena_MasterData_Stock.product_template_drum_bush_330688,33MC 6203,,0.0,0.0,0.0,,,,
product_product_id_133762,33MC 6204,1,Jinasena_MasterData_Stock.product_template_blade_hanging_pin_1_2,33MC 6204,,0.0,0.0,0.0,,,,
product_product_id_133763,33MC 6205,1,Jinasena_MasterData_Stock.product_template_blade_spacer_bush_1,33MC 6205,,0.0,0.0,0.0,,,,
product_product_id_133764,33MC 6206,1,Jinasena_MasterData_Stock.product_template_blade_spacer_bush_2,33MC 6206,,0.0,0.0,0.0,,,,
product_product_id_133765,33MC 6207,1,Jinasena_MasterData_Stock.product_template_hanging_blade_jmc6,33MC 6207,,0.0,0.0,0.0,,,,
product_product_id_133766,33MC 6208,1,Jinasena_MasterData_Stock.product_template_drum_shaft_jmc6,33MC 6208,,0.0,0.0,0.0,,,,
product_product_id_133767,33MC 6209,1,Jinasena_MasterData_Stock.product_template_cutter_blade_side_hopper_jmc6,33MC 6209,,0.0,0.0,0.0,,,,
product_product_id_133768,33MC 6210,1,Jinasena_MasterData_Stock.product_template_key_330695,33MC 6210,,0.0,0.0,0.0,,,,
product_product_id_133769,33MC 6211,1,Jinasena_MasterData_Stock.product_template_blade_holder_plate_330696,33MC 6211,,0.0,0.0,0.0,,,,
product_product_id_133770,33MC 6212,1,Jinasena_MasterData_Stock.product_template_blade_spacer_bush_3,33MC 6212,,0.0,0.0,0.0,,,,
product_product_id_133771,33MC 6213,1,Jinasena_MasterData_Stock.product_template_cutter_blade_guide_plate,33MC 6213,,0.0,0.0,0.0,,,,
product_product_id_133772,33MC 6301,1,Jinasena_MasterData_Stock.product_template_reinforcement_plate_1,33MC 6301,,0.0,0.0,0.0,,,,
product_product_id_133773,33MC 6302,1,Jinasena_MasterData_Stock.product_template_bolt_lock_hold_plate_of_sieve,33MC 6302,,0.0,0.0,0.0,,,,
product_product_id_133774,33MC 6303,1,Jinasena_MasterData_Stock.product_template_concave_rib_1_330701,33MC 6303,,0.0,0.0,0.0,,,,
product_product_id_133775,33MC 6304,1,Jinasena_MasterData_Stock.product_template_concave_rib_2,33MC 6304,,0.0,0.0,0.0,,,,
product_product_id_133776,33MC 6305,1,Jinasena_MasterData_Stock.product_template_concave_rib_3,33MC 6305,,0.0,0.0,0.0,,,,
product_product_id_133777,33MC 6306,1,Jinasena_MasterData_Stock.product_template_hinge_bush_330704,33MC 6306,,0.0,0.0,0.0,,,,
product_product_id_133778,33MC 6307,1,Jinasena_MasterData_Stock.product_template_hinge_pin_330705,33MC 6307,,0.0,0.0,0.0,,,,
product_product_id_133779,33MC 6308,1,Jinasena_MasterData_Stock.product_template_pin_guide,33MC 6308,,0.0,0.0,0.0,,,,
product_product_id_133780,33MC 6309,1,Jinasena_MasterData_Stock.product_template_sieve_plate,33MC 6309,,0.0,0.0,0.0,,,,
product_product_id_133781,33MC 6310,1,Jinasena_MasterData_Stock.product_template_sieve_bracket_1,33MC 6310,,0.0,0.0,0.0,,,,
product_product_id_133782,33MC 6311,1,Jinasena_MasterData_Stock.product_template_sieve_bracket_2,33MC 6311,,0.0,0.0,0.0,,,,
product_product_id_133783,33MC 6312,1,Jinasena_MasterData_Stock.product_template_ring_for_spring_mounting,33MC 6312,,0.0,0.0,0.0,,,,
product_product_id_133784,33MC 6313,1,Jinasena_MasterData_Stock.product_template_spring_holding_mount,33MC 6313,,0.0,0.0,0.0,,,,
product_product_id_133785,33MC 6314,1,Jinasena_MasterData_Stock.product_template_concave_cross_rib,33MC 6314,,0.0,0.0,0.0,,,,
product_product_id_133786,33MC 6401,1,Jinasena_MasterData_Stock.product_template_plate_1_side_hopper,33MC 6401,,0.0,0.0,0.0,,,,
product_product_id_133787,33MC 6402,1,Jinasena_MasterData_Stock.product_template_plate_2_side_hopper,33MC 6402,,0.0,0.0,0.0,,,,
product_product_id_133788,33MC 6403,1,Jinasena_MasterData_Stock.product_template_fixing_plate_1_side_hopper,33MC 6403,,0.0,0.0,0.0,,,,
product_product_id_133789,33MC 6404,1,Jinasena_MasterData_Stock.product_template_fixing_plate_2_side_hpper,33MC 6404,,0.0,0.0,0.0,,,,
product_product_id_133790,33MC 6405,1,Jinasena_MasterData_Stock.product_template_plate_1_top_hopper,33MC 6405,,0.0,0.0,0.0,,,,
product_product_id_133791,33MC 6406,1,Jinasena_MasterData_Stock.product_template_plate_2_top_hopper,33MC 6406,,0.0,0.0,0.0,,,,
product_product_id_133792,33MC 6407,1,Jinasena_MasterData_Stock.product_template_plate_3_top_hopper,33MC 6407,,0.0,0.0,0.0,,,,
product_product_id_133793,33MC 6408,1,Jinasena_MasterData_Stock.product_template_side_hopper_reinforcement,33MC 6408,,0.0,0.0,0.0,,,,
product_product_id_133794,33MC 6409,1,Jinasena_MasterData_Stock.product_template_fixing_plate_3_side_hopper,33MC 6409,,0.0,0.0,0.0,,,,
product_product_id_133795,33MC 6414,1,Jinasena_MasterData_Stock.product_template_hopper_plate_1_330722,33MC 6414,,0.0,0.0,0.0,,,,
product_product_id_133796,33MC 6415,1,Jinasena_MasterData_Stock.product_template_hopper_plate_2_2_parts,33MC 6415,,0.0,0.0,0.0,,,,
product_product_id_133797,33MC 6416,1,Jinasena_MasterData_Stock.product_template_hopper_plate_3_330724,33MC 6416,,0.0,0.0,0.0,,,,
product_product_id_133798,33MC 6417,1,Jinasena_MasterData_Stock.product_template_hopper_cover,33MC 6417,,0.0,0.0,0.0,,,,
product_product_id_133799,33MC 6418,1,Jinasena_MasterData_Stock.product_template_cutting_side_cover_plate,33MC 6418,,0.0,0.0,0.0,,,,
product_product_id_133800,33MC 6419,1,Jinasena_MasterData_Stock.product_template_hopper_mount_plate,33MC 6419,,0.0,0.0,0.0,,,,
product_product_id_133801,33MC 6420,1,Jinasena_MasterData_Stock.product_template_feeding_door,33MC 6420,,0.0,0.0,0.0,,,,
product_product_id_133802,33MC 6421,1,Jinasena_MasterData_Stock.product_template_door_guide_plate,33MC 6421,,0.0,0.0,0.0,,,,
product_product_id_133803,33MC 6422,1,Jinasena_MasterData_Stock.product_template_hopper_support,33MC 6422,,0.0,0.0,0.0,,,,
product_product_id_133804,33MC 6423,1,Jinasena_MasterData_Stock.product_template_hopper_support_holder,33MC 6423,,0.0,0.0,0.0,,,,
product_product_id_133805,33MC 6501,1,Jinasena_MasterData_Stock.product_template_base_angle_1_330732,33MC 6501,,0.0,0.0,0.0,,,,
product_product_id_133806,33MC 6502,1,Jinasena_MasterData_Stock.product_template_base_angle_2_330733,33MC 6502,,0.0,0.0,0.0,,,,
product_product_id_133807,33MC 6503,1,Jinasena_MasterData_Stock.product_template_base_angle_3,33MC 6503,,0.0,0.0,0.0,,,,
product_product_id_133808,33MC 6504,1,Jinasena_MasterData_Stock.product_template_motor_guard_bracket_1,33MC 6504,,0.0,0.0,0.0,,,,
product_product_id_133809,33MC 6505,1,Jinasena_MasterData_Stock.product_template_bottom_cover_330736,33MC 6505,,0.0,0.0,0.0,,,,
product_product_id_133810,33MC 6506,1,Jinasena_MasterData_Stock.product_template_side_cover,33MC 6506,,0.0,0.0,0.0,,,,
product_product_id_133811,33MC 6507,1,Jinasena_MasterData_Stock.product_template_motor_guard_330738,33MC 6507,,0.0,0.0,0.0,,,,
product_product_id_133812,33MC 6508,1,Jinasena_MasterData_Stock.product_template_belt_cover_1_330739,33MC 6508,,0.0,0.0,0.0,,,,
product_product_id_133813,33MC 6509,1,Jinasena_MasterData_Stock.product_template_belt_cover_2_330740,33MC 6509,,0.0,0.0,0.0,,,,
product_product_id_133814,33MC 6510,1,Jinasena_MasterData_Stock.product_template_motor_guard_bracket_2,33MC 6510,,0.0,0.0,0.0,,,,
product_product_id_133815,33MC 6601,1,Jinasena_MasterData_Stock.product_template_base_chanel_1,33MC 6601,,0.0,0.0,0.0,,,,
product_product_id_133816,33MC 6602,1,Jinasena_MasterData_Stock.product_template_base_chanel_2,33MC 6602,,0.0,0.0,0.0,,,,
product_product_id_133817,33MC 6603,1,Jinasena_MasterData_Stock.product_template_seperation_plate_rubber,33MC 6603,,0.0,0.0,0.0,,,,
product_product_id_133818,33MC 6604,1,Jinasena_MasterData_Stock.product_template_base_angle_for_engine_mount_slot,33MC 6604,,0.0,0.0,0.0,,,,
product_product_id_133819,33MC 6605,1,Jinasena_MasterData_Stock.product_template_pivet_pin,33MC 6605,,0.0,0.0,0.0,,,,
product_product_id_133820,33MC 6606,1,Jinasena_MasterData_Stock.product_template_base_flat_for_engine_mount_slot,33MC 6606,,0.0,0.0,0.0,,,,
product_product_id_133821,33MC 6607,1,Jinasena_MasterData_Stock.product_template_pivet_bush,33MC 6607,,0.0,0.0,0.0,,,,
product_product_id_133822,33MC 6608,1,Jinasena_MasterData_Stock.product_template_frame_connecting_plate,33MC 6608,,0.0,0.0,0.0,,,,
product_product_id_133823,33MC 6609,1,Jinasena_MasterData_Stock.product_template_tension_pulley_shaft_330750,33MC 6609,,0.0,0.0,0.0,,,,
product_product_id_133824,33MC 6610,1,Jinasena_MasterData_Stock.product_template_bottom_plate_reinforcement,33MC 6610,,0.0,0.0,0.0,,,,
product_product_id_133825,33MC 6611,1,Jinasena_MasterData_Stock.product_template_bottom_plate_330752,33MC 6611,,0.0,0.0,0.0,,,,
product_product_id_133826,33MC 6612,1,Jinasena_MasterData_Stock.product_template_base_handle,33MC 6612,,0.0,0.0,0.0,,,,
product_product_id_133827,33MC 6613,1,Jinasena_MasterData_Stock.product_template_pulley_belt_guard_plate_1_2,33MC 6613,,0.0,0.0,0.0,,,,
product_product_id_133828,33MC 6614,1,Jinasena_MasterData_Stock.product_template_belt_pulley_guard_bracket,33MC 6614,,0.0,0.0,0.0,,,,
product_product_id_133829,33MC 6615,1,Jinasena_MasterData_Stock.product_template_engine_mount_chanel,33MC 6615,,0.0,0.0,0.0,,,,
product_product_id_133830,33MC 6616,1,Jinasena_MasterData_Stock.product_template_spacer,33MC 6616,,0.0,0.0,0.0,,,,
product_product_id_133831,33MC 6617,1,Jinasena_MasterData_Stock.product_template_base_channel_3,33MC 6617,,0.0,0.0,0.0,,,,
product_product_id_133832,33MC 6618,1,Jinasena_MasterData_Stock.product_template_engine_adjusting_hook,33MC 6618,,0.0,0.0,0.0,,,,
product_product_id_133833,33MC 6619,1,Jinasena_MasterData_Stock.product_template_adjusting_hook_guide,33MC 6619,,0.0,0.0,0.0,,,,
product_product_id_133834,33MC 6801,1,Jinasena_MasterData_Stock.product_template_blade_spacer_bush_1_330761,33MC 6801,,0.0,0.0,0.0,,,,
product_product_id_133835,33MC 6802,1,Jinasena_MasterData_Stock.product_template_blade_spacer_bush_2_330762,33MC 6802,,0.0,0.0,0.0,,,,
product_product_id_133836,33MC 75101,1,Jinasena_MasterData_Stock.product_template_hopper_plate_1_330763,33MC 75101,,0.0,0.0,0.0,,,,
product_product_id_133837,33MC 75101SS,1,Jinasena_MasterData_Stock.product_template_hopper_plate_1_330764,33MC 75101SS,,0.0,0.0,0.0,,,,
product_product_id_133838,33MC 75102,1,Jinasena_MasterData_Stock.product_template_hopper_plate_2_330765,33MC 75102,,0.0,0.0,0.0,,,,
product_product_id_133839,33MC 75102SS,1,Jinasena_MasterData_Stock.product_template_hopper_plate_2_330766,33MC 75102SS,,0.0,0.0,0.0,,,,
product_product_id_133840,33MC 75103,1,Jinasena_MasterData_Stock.product_template_hopper_plate_3_330767,33MC 75103,,0.0,0.0,0.0,,,,
product_product_id_133841,33MC 75103SS,1,Jinasena_MasterData_Stock.product_template_hopper_plate_3,33MC 75103SS,,0.0,0.0,0.0,,,,
product_product_id_133842,33MC 75104,1,Jinasena_MasterData_Stock.product_template_vertical_feeding_box_hopper_330769,33MC 75104,,0.0,0.0,0.0,,,,
product_product_id_133843,33MC 75104SS,1,Jinasena_MasterData_Stock.product_template_vertical_feeding_box_hopper,33MC 75104SS,,0.0,0.0,0.0,,,,
product_product_id_133844,33MC 75105,1,Jinasena_MasterData_Stock.product_template_feeding_guide_330771,33MC 75105,,0.0,0.0,0.0,,,,
product_product_id_133845,33MC 75105SS,1,Jinasena_MasterData_Stock.product_template_feeding_guide_330772,33MC 75105SS,,0.0,0.0,0.0,,,,
product_product_id_133846,33MC 75201,1,Jinasena_MasterData_Stock.product_template_outlet_cover_330773,33MC 75201,,0.0,0.0,0.0,,,,
product_product_id_133847,33MC 75202,1,Jinasena_MasterData_Stock.product_template_outlet_cover_re_inforcement,33MC 75202,,0.0,0.0,0.0,,,,
product_product_id_133848,33MC 75203,1,Jinasena_MasterData_Stock.product_template_top_unit_hinge_pin,33MC 75203,,0.0,0.0,0.0,,,,
product_product_id_133849,33MC 75203SS,1,Jinasena_MasterData_Stock.product_template_top_unit_hinge_pin_s_s,33MC 75203SS,,0.0,0.0,0.0,,,,
product_product_id_133850,33MC 75204,1,Jinasena_MasterData_Stock.product_template_top_unit_hinge_bracket,33MC 75204,,0.0,0.0,0.0,,,,
product_product_id_133851,33MC 75204SS,1,Jinasena_MasterData_Stock.product_template_top_unit_hinge_bracket_ss,33MC 75204SS,,0.0,0.0,0.0,,,,
product_product_id_133852,33MC 75205,1,Jinasena_MasterData_Stock.product_template_blade_shield_cover_plateate,33MC 75205,,0.0,0.0,0.0,,,,
product_product_id_133853,33MC 75205SS,1,Jinasena_MasterData_Stock.product_template_blade_shield_cover_plate_ss,33MC 75205SS,,0.0,0.0,0.0,,,,
product_product_id_133854,33MC 75206,1,Jinasena_MasterData_Stock.product_template_sliding_cover,33MC 75206,,0.0,0.0,0.0,,,,
product_product_id_133855,33MC 75206SS,1,Jinasena_MasterData_Stock.product_template_sliding_cover_ss,33MC 75206SS,,0.0,0.0,0.0,,,,
product_product_id_133856,33MC 75207,1,Jinasena_MasterData_Stock.product_template_straight_blade_mini_multi_chop_330783,33MC 75207,,0.0,0.0,0.0,,,,
product_product_id_133857,33MC 75207SS,1,Jinasena_MasterData_Stock.product_template_straight_blade_mini_multi_chop,33MC 75207SS,,0.0,0.0,0.0,,,,
product_product_id_133858,33MC 75208,1,Jinasena_MasterData_Stock.product_template_angle_blade_mini_multi_chop_330785,33MC 75208,,0.0,0.0,0.0,,,,
product_product_id_133859,33MC 75208SS,1,Jinasena_MasterData_Stock.product_template_angle_blade_mini_multi_chop,33MC 75208SS,,0.0,0.0,0.0,,,,
product_product_id_133860,33MC 75209,1,Jinasena_MasterData_Stock.product_template_blade_holder_plate_330787,33MC 75209,,0.0,0.0,0.0,,,,
product_product_id_133861,33MC 75209SS,1,Jinasena_MasterData_Stock.product_template_blade_hopper_plate_ss,33MC 75209SS,,0.0,0.0,0.0,,,,
product_product_id_133862,33MC 75210,1,Jinasena_MasterData_Stock.product_template_blade_holder_pin,33MC 75210,,0.0,0.0,0.0,,,,
product_product_id_133863,33MC 75210SS,1,Jinasena_MasterData_Stock.product_template_blade_holding_pin_ss,33MC 75210SS,,0.0,0.0,0.0,,,,
product_product_id_133864,33MC 75211,1,Jinasena_MasterData_Stock.product_template_rotating_disc,33MC 75211,,0.0,0.0,0.0,,,,
product_product_id_133865,33MC 75211SS,1,Jinasena_MasterData_Stock.product_template_rotating_disc_ss,33MC 75211SS,,0.0,0.0,0.0,,,,
product_product_id_133866,33MC 75212,1,Jinasena_MasterData_Stock.product_template_spindle_shaft_330793,33MC 75212,,0.0,0.0,0.0,,,,
product_product_id_133867,33MC 75212SS,1,Jinasena_MasterData_Stock.product_template_spindle_shaft_1_25mm_ss,33MC 75212SS,,0.0,0.0,0.0,,,,
product_product_id_133868,33MC 75213,1,Jinasena_MasterData_Stock.product_template_rotating_disc_hold_bush,33MC 75213,,0.0,0.0,0.0,,,,
product_product_id_133869,33MC 75214,1,Jinasena_MasterData_Stock.product_template_lock_hinge_bush,33MC 75214,,0.0,0.0,0.0,,,,
product_product_id_133870,33MC 75215,1,Jinasena_MasterData_Stock.product_template_lock_hinge_fix_plate,33MC 75215,,0.0,0.0,0.0,,,,
product_product_id_133871,33MC 75216,1,Jinasena_MasterData_Stock.product_template_spindle_shaft_key,33MC 75216,,0.0,0.0,0.0,,,,
product_product_id_133872,33MC 75217,1,Jinasena_MasterData_Stock.product_template_cottaer_pin,33MC 75217,,0.0,0.0,0.0,,,,
product_product_id_133873,33MC 75218,1,Jinasena_MasterData_Stock.product_template_copra_cutter_blade_straight,33MC 75218,,0.0,0.0,0.0,,,,
product_product_id_133874,33MC 75219,1,Jinasena_MasterData_Stock.product_template_copra_cutter_blade_angle,33MC 75219,,0.0,0.0,0.0,,,,
product_product_id_133875,33MC 75220,1,Jinasena_MasterData_Stock.product_template_rubber_guard_for_outlet,33MC 75220,,0.0,0.0,0.0,,,,
product_product_id_133876,33MC 75221,1,Jinasena_MasterData_Stock.product_template_limit_switch_bracket,33MC 75221,,0.0,0.0,0.0,,,,
product_product_id_133877,33MC 75222,1,Jinasena_MasterData_Stock.product_template_straight_blade_mini_multi_chop_3_mm,33MC 75222,,0.0,0.0,0.0,,,,
product_product_id_133878,33MC 75223,1,Jinasena_MasterData_Stock.product_template_angle_blade_mini_multi_chop_3_mm,33MC 75223,,0.0,0.0,0.0,,,,
product_product_id_133879,33MC 75301,1,Jinasena_MasterData_Stock.product_template_leg_1,33MC 75301,,0.0,0.0,0.0,,,,
product_product_id_133880,33MC 75302,1,Jinasena_MasterData_Stock.product_template_leg_2,33MC 75302,,0.0,0.0,0.0,,,,
product_product_id_133881,33MC 75303,1,Jinasena_MasterData_Stock.product_template_leg_2_re_inforcement,33MC 75303,,0.0,0.0,0.0,,,,
product_product_id_133882,33MC 75304,1,Jinasena_MasterData_Stock.product_template_capacitor_box_cover_1_330809,33MC 75304,,0.0,0.0,0.0,,,,
product_product_id_133883,33MC 75305,1,Jinasena_MasterData_Stock.product_template_copacitor_box_cover_2,33MC 75305,,0.0,0.0,0.0,,,,
product_product_id_133884,33MC 75306,1,Jinasena_MasterData_Stock.product_template_wheel_axel_bar,33MC 75306,,0.0,0.0,0.0,,,,
product_product_id_133885,33MC 75307,1,Jinasena_MasterData_Stock.product_template_wheel_spacer,33MC 75307,,0.0,0.0,0.0,,,,
product_product_id_133886,33MC 75308,1,Jinasena_MasterData_Stock.product_template_leg_end_insert_for_al_bracket,33MC 75308,,0.0,0.0,0.0,,,,
product_product_id_133887,33MC 75309,1,Jinasena_MasterData_Stock.product_template_belt_guard_for_mimi_multi_choppe,33MC 75309,,0.0,0.0,0.0,,,,
product_product_id_133888,33MC 75311,1,Jinasena_MasterData_Stock.product_template_bottem_guiding_funnel,33MC 75311,,0.0,0.0,0.0,,,,
product_product_id_133889,33MC 75312,1,Jinasena_MasterData_Stock.product_template_leg1,33MC 75312,,0.0,0.0,0.0,,,,
product_product_id_133890,33MC 75313,1,Jinasena_MasterData_Stock.product_template_leg_1_and_2,33MC 75313,,0.0,0.0,0.0,,,,
product_product_id_133891,33MC 75314,1,Jinasena_MasterData_Stock.product_template_cross_reinforcement_bar,33MC 75314,,0.0,0.0,0.0,,,,
product_product_id_133892,33MC 75315,1,Jinasena_MasterData_Stock.product_template_wheel_rod,33MC 75315,,0.0,0.0,0.0,,,,
product_product_id_133893,33MC 75316,1,Jinasena_MasterData_Stock.product_template_feeding_hopper_ss,33MC 75316,,0.0,0.0,0.0,,,,
product_product_id_133894,33MC 75318,1,Jinasena_MasterData_Stock.product_template_belt_guard_for_mmc_100_ss,33MC 75318,,0.0,0.0,0.0,,,,
product_product_id_133895,33MC 75319,1,Jinasena_MasterData_Stock.product_template_wheel_axel_bar_for_mmc100_ss,33MC 75319,,0.0,0.0,0.0,,,,
product_product_id_133896,33MC 8051,1,Jinasena_MasterData_Stock.product_template_separate_plate_1,33MC 8051,,0.0,0.0,0.0,,,,
product_product_id_133897,33MC 8052,1,Jinasena_MasterData_Stock.product_template_separate_plate_2,33MC 8052,,0.0,0.0,0.0,,,,
product_product_id_133898,33MC 8053,1,Jinasena_MasterData_Stock.product_template_guard_holding_bush,33MC 8053,,0.0,0.0,0.0,,,,
product_product_id_133899,33MC 8054,1,Jinasena_MasterData_Stock.product_template_rubber_guard_rainfocement_1,33MC 8054,,0.0,0.0,0.0,,,,
product_product_id_133900,33MC 8055,1,Jinasena_MasterData_Stock.product_template_rubber_guard_support_rod_1,33MC 8055,,0.0,0.0,0.0,,,,
product_product_id_133901,33MC 8056,1,Jinasena_MasterData_Stock.product_template_rubber_guard_support_strip,33MC 8056,,0.0,0.0,0.0,,,,
product_product_id_133902,33MCT 241,1,Jinasena_MasterData_Stock.product_template_top_cover_front_plate,33MCT 241,,0.0,0.0,0.0,,,,
product_product_id_133903,33MCT 242,1,Jinasena_MasterData_Stock.product_template_top_cover_back_plate,33MCT 242,,0.0,0.0,0.0,,,,
product_product_id_133904,33MCT 243,1,Jinasena_MasterData_Stock.product_template_rainforsement_cover,33MCT 243,,0.0,0.0,0.0,,,,
product_product_id_133905,33MCT 244,1,Jinasena_MasterData_Stock.product_template_top_cover_back_plate_a,33MCT 244,,0.0,0.0,0.0,,,,
product_product_id_133906,33MCT 245,1,Jinasena_MasterData_Stock.product_template_top_cover_hinge_supporter,33MCT 245,,0.0,0.0,0.0,,,,
product_product_id_133907,33MCT 246,1,Jinasena_MasterData_Stock.product_template_round_bar,33MCT 246,,0.0,0.0,0.0,,,,
product_product_id_133908,33MCT 247,1,Jinasena_MasterData_Stock.product_template_tray_330835,33MCT 247,,0.0,0.0,0.0,,,,
product_product_id_133909,33MCT 248,1,Jinasena_MasterData_Stock.product_template_top_cover_middle_plate,33MCT 248,,0.0,0.0,0.0,,,,
product_product_id_133910,33MCT 249,1,Jinasena_MasterData_Stock.product_template_crushing_componant_angle,33MCT 249,,0.0,0.0,0.0,,,,
product_product_id_133911,33MCT 250,1,Jinasena_MasterData_Stock.product_template_crushing_componant_rod,33MCT 250,,0.0,0.0,0.0,,,,
product_product_id_133912,33MCT 251,1,Jinasena_MasterData_Stock.product_template_rods,33MCT 251,,0.0,0.0,0.0,,,,
product_product_id_133913,33MCT 252,1,Jinasena_MasterData_Stock.product_template_coloum_front_side,33MCT 252,,0.0,0.0,0.0,,,,
product_product_id_133914,33MCT 253,1,Jinasena_MasterData_Stock.product_template_coloum_back,33MCT 253,,0.0,0.0,0.0,,,,
product_product_id_133915,33MCT 254,1,Jinasena_MasterData_Stock.product_template_coloum_side_1,33MCT 254,,0.0,0.0,0.0,,,,
product_product_id_133916,33MCT 255,1,Jinasena_MasterData_Stock.product_template_coloum_side_2,33MCT 255,,0.0,0.0,0.0,,,,
product_product_id_133917,33MCT 256,1,Jinasena_MasterData_Stock.product_template_supporter_plate_a,33MCT 256,,0.0,0.0,0.0,,,,
product_product_id_133918,33MCT 257,1,Jinasena_MasterData_Stock.product_template_supporter_plate_b,33MCT 257,,0.0,0.0,0.0,,,,
product_product_id_133919,33MCT 258,1,Jinasena_MasterData_Stock.product_template_botom_plate,33MCT 258,,0.0,0.0,0.0,,,,
product_product_id_133920,33MCT 259,1,Jinasena_MasterData_Stock.product_template_main_body_side_plate_1_330847,33MCT 259,,0.0,0.0,0.0,,,,
product_product_id_133921,33MCT 260,1,Jinasena_MasterData_Stock.product_template_main_body_side_plate_2,33MCT 260,,0.0,0.0,0.0,,,,
product_product_id_133922,33MCT 261,1,Jinasena_MasterData_Stock.product_template_grain_outlet_top_plate_1,33MCT 261,,0.0,0.0,0.0,,,,
product_product_id_133923,33MCT 262,1,Jinasena_MasterData_Stock.product_template_grain_outlet_botom_plate_2,33MCT 262,,0.0,0.0,0.0,,,,
product_product_id_133924,33MCT 263,1,Jinasena_MasterData_Stock.product_template_grain_outlet_side_plate_1,33MCT 263,,0.0,0.0,0.0,,,,
product_product_id_133925,33MCT 264,1,Jinasena_MasterData_Stock.product_template_handdle,33MCT 264,,0.0,0.0,0.0,,,,
product_product_id_133926,33MCT 281,1,Jinasena_MasterData_Stock.product_template_pully_guard_plate_a,33MCT 281,,0.0,0.0,0.0,,,,
product_product_id_133927,33MCT 282,1,Jinasena_MasterData_Stock.product_template_pully_guard_plate_b,33MCT 282,,0.0,0.0,0.0,,,,
product_product_id_133928,33MCT 283,1,Jinasena_MasterData_Stock.product_template_pully_guard_plate_c,33MCT 283,,0.0,0.0,0.0,,,,
product_product_id_133929,33MCT 291,1,Jinasena_MasterData_Stock.product_template_motor_bracket_330856,33MCT 291,,0.0,0.0,0.0,,,,
product_product_id_133930,33MCT 292,1,Jinasena_MasterData_Stock.product_template_motor_bracket_adjustng_plate,33MCT 292,,0.0,0.0,0.0,,,,
product_product_id_133931,33MCT 293,1,Jinasena_MasterData_Stock.product_template_motor_bracket_hinge_rod,33MCT 293,,0.0,0.0,0.0,,,,
product_product_id_133932,33MCT 294,1,Jinasena_MasterData_Stock.product_template_motor_bracket_hinge_rod_330859,33MCT 294,,0.0,0.0,0.0,,,,
product_product_id_133933,33MCT 295,1,Jinasena_MasterData_Stock.product_template_motor_bracket_hinge_plate,33MCT 295,,0.0,0.0,0.0,,,,
product_product_id_133934,33MCT 301,1,Jinasena_MasterData_Stock.product_template_presser_plate_top,33MCT 301,,0.0,0.0,0.0,,,,
product_product_id_133935,33MCT 302,1,Jinasena_MasterData_Stock.product_template_presser_plate_rainforsement,33MCT 302,,0.0,0.0,0.0,,,,
product_product_id_133936,33MCT 303,1,Jinasena_MasterData_Stock.product_template_spring_holding_plate,33MCT 303,,0.0,0.0,0.0,,,,
product_product_id_133937,33MCT 304,1,Jinasena_MasterData_Stock.product_template_spring_mounting_rod_330864,33MCT 304,,0.0,0.0,0.0,,,,
product_product_id_133938,33MCT 305,1,Jinasena_MasterData_Stock.product_template_spring_mounting_rod,33MCT 305,,0.0,0.0,0.0,,,,
product_product_id_133939,33MCT 306,1,Jinasena_MasterData_Stock.product_template_spring_holding_angle,33MCT 306,,0.0,0.0,0.0,,,,
product_product_id_133940,33MCT 307,1,Jinasena_MasterData_Stock.product_template_mounting_rod,33MCT 307,,0.0,0.0,0.0,,,,
product_product_id_133941,33MCT 308,1,Jinasena_MasterData_Stock.product_template_presser_plate_mountings,33MCT 308,,0.0,0.0,0.0,,,,
product_product_id_133942,33MCT 401,1,Jinasena_MasterData_Stock.product_template_roller_cover_plate_a_b,33MCT 401,,0.0,0.0,0.0,,,,
product_product_id_133943,33MCT 402,1,Jinasena_MasterData_Stock.product_template_rod_for_rollers_a,33MCT 402,,0.0,0.0,0.0,,,,
product_product_id_133944,33MCT 403,1,Jinasena_MasterData_Stock.product_template_rod_for_rollers_b,33MCT 403,,0.0,0.0,0.0,,,,
product_product_id_133945,33MCT 404,1,Jinasena_MasterData_Stock.product_template_roller_rainforsement,33MCT 404,,0.0,0.0,0.0,,,,
product_product_id_133946,33MCT 405,1,Jinasena_MasterData_Stock.product_template_roller_shafts_a_b,33MCT 405,,0.0,0.0,0.0,,,,
product_product_id_133947,33MCT 406,1,Jinasena_MasterData_Stock.product_template_roller_side_cup,33MCT 406,,0.0,0.0,0.0,,,,
product_product_id_133948,33MCT 407,1,Jinasena_MasterData_Stock.product_template_inner_bush,33MCT 407,,0.0,0.0,0.0,,,,
product_product_id_133949,33MCT 408,1,Jinasena_MasterData_Stock.product_template_key_330876,33MCT 408,,0.0,0.0,0.0,,,,
product_product_id_133950,33MF DM200/100,1,Jinasena_MasterData_Stock.product_template_motor_foot_dm200_dm100,33MF DM200/100,,0.0,0.0,0.0,,,,
product_product_id_133951,33MG 72205,1,Jinasena_MasterData_Stock.product_template_outlet_side_plate_330878,33MG 72205,,0.0,0.0,0.0,,,,
product_product_id_133952,33MG 75101,1,Jinasena_MasterData_Stock.product_template_side_plate_330879,33MG 75101,,0.0,0.0,0.0,,,,
product_product_id_133953,33MG 75102,1,Jinasena_MasterData_Stock.product_template_cover_plate_330880,33MG 75102,,0.0,0.0,0.0,,,,
product_product_id_133954,33MG 75103,1,Jinasena_MasterData_Stock.product_template_sieve_plate_330881,33MG 75103,,0.0,0.0,0.0,,,,
product_product_id_133955,33MG 75104,1,Jinasena_MasterData_Stock.product_template_sieve_plate_bracket_1_330882,33MG 75104,,0.0,0.0,0.0,,,,
product_product_id_133956,33MG 75105,1,Jinasena_MasterData_Stock.product_template_sieve_plate_bracket_2_330883,33MG 75105,,0.0,0.0,0.0,,,,
product_product_id_133957,33MG 75106,1,Jinasena_MasterData_Stock.product_template_u_bracket_for_spring,33MG 75106,,0.0,0.0,0.0,,,,
product_product_id_133958,33MG 75107,1,Jinasena_MasterData_Stock.product_template_door_hinge_plate,33MG 75107,,0.0,0.0,0.0,,,,
product_product_id_133959,33MG 75108,1,Jinasena_MasterData_Stock.product_template_lock_hinge_plate,33MG 75108,,0.0,0.0,0.0,,,,
product_product_id_133960,33MG 75109,1,Jinasena_MasterData_Stock.product_template_door_hinge_pin,33MG 75109,,0.0,0.0,0.0,,,,
product_product_id_133961,33MG 75110,1,Jinasena_MasterData_Stock.product_template_collar_bush_for_oil_seal,33MG 75110,,0.0,0.0,0.0,,,,
product_product_id_133962,33MG 75111,1,Jinasena_MasterData_Stock.product_template_drum_circular_plate_330889,33MG 75111,,0.0,0.0,0.0,,,,
product_product_id_133963,33MG 75112,1,Jinasena_MasterData_Stock.product_template_blade_liner_330890,33MG 75112,,0.0,0.0,0.0,,,,
product_product_id_133964,33MG 75113,1,Jinasena_MasterData_Stock.product_template_drum_bush_330891,33MG 75113,,0.0,0.0,0.0,,,,
product_product_id_133965,33MG 75114,1,Jinasena_MasterData_Stock.product_template_peg_drum,33MG 75114,,0.0,0.0,0.0,,,,
product_product_id_133966,33MG 75115,1,Jinasena_MasterData_Stock.product_template_hinge_bush_reinforcement,33MG 75115,,0.0,0.0,0.0,,,,
product_product_id_133967,33MG 75116,1,Jinasena_MasterData_Stock.product_template_micro_switch_fix_plate,33MG 75116,,0.0,0.0,0.0,,,,
product_product_id_133968,33MG 75117,1,Jinasena_MasterData_Stock.product_template_s_s_rivet_6x15mm,33MG 75117,,0.0,0.0,0.0,,,,
product_product_id_133969,33MG 75118,1,Jinasena_MasterData_Stock.product_template_door_hinge_bush,33MG 75118,,0.0,0.0,0.0,,,,
product_product_id_133970,33MG 75119,1,Jinasena_MasterData_Stock.product_template_capacitor_box_cover_1,33MG 75119,,0.0,0.0,0.0,,,,
product_product_id_133971,33MG 75120,1,Jinasena_MasterData_Stock.product_template_capacitor_box_cover_2,33MG 75120,,0.0,0.0,0.0,,,,
product_product_id_133972,33MG 75121,1,Jinasena_MasterData_Stock.product_template_micro_switch_rod_330899,33MG 75121,,0.0,0.0,0.0,,,,
product_product_id_133973,33MG 75122,1,Jinasena_MasterData_Stock.product_template_sieve_plate_guide_1_2,33MG 75122,,0.0,0.0,0.0,,,,
product_product_id_133974,33MG 75123,1,Jinasena_MasterData_Stock.product_template_rubber_beading_for_multi_grinder,33MG 75123,,0.0,0.0,0.0,,,,
product_product_id_133975,33MG 75124,1,Jinasena_MasterData_Stock.product_template_outlet_seperator_plate,33MG 75124,,0.0,0.0,0.0,,,,
product_product_id_133976,33MG 75125,1,Jinasena_MasterData_Stock.product_template_shaft_extension,33MG 75125,,0.0,0.0,0.0,,,,
product_product_id_133977,33MG 75126,1,Jinasena_MasterData_Stock.product_template_dome_nut,33MG 75126,,0.0,0.0,0.0,,,,
product_product_id_133978,33MG 75127,1,Jinasena_MasterData_Stock.product_template_capacitor_box_mounting_plate,33MG 75127,,0.0,0.0,0.0,,,,
product_product_id_133979,33MG 75128,1,Jinasena_MasterData_Stock.product_template_door_lock_hook,33MG 75128,,0.0,0.0,0.0,,,,
product_product_id_133980,33MG 75129,1,Jinasena_MasterData_Stock.product_template_ss_blade_for_mg75,33MG 75129,,0.0,0.0,0.0,,,,
product_product_id_133981,33MG 75130,1,Jinasena_MasterData_Stock.product_template_outlet_seperator_plate_pin,33MG 75130,,0.0,0.0,0.0,,,,
product_product_id_133982,33MG 75201,1,Jinasena_MasterData_Stock.product_template_hopper_plate_1,33MG 75201,,0.0,0.0,0.0,,,,
product_product_id_133983,33MG 75202,1,Jinasena_MasterData_Stock.product_template_hopper_plate_2,33MG 75202,,0.0,0.0,0.0,,,,
product_product_id_133984,33MG 75203,1,Jinasena_MasterData_Stock.product_template_tray_330911,33MG 75203,,0.0,0.0,0.0,,,,
product_product_id_133985,33MG 75204,1,Jinasena_MasterData_Stock.product_template_motor_base_mount_plate,33MG 75204,,0.0,0.0,0.0,,,,
product_product_id_133986,33MG 75205,1,Jinasena_MasterData_Stock.product_template_safety_rod,33MG 75205,,0.0,0.0,0.0,,,,
product_product_id_133987,33MG 75301,1,Jinasena_MasterData_Stock.product_template_straight_member,33MG 75301,,0.0,0.0,0.0,,,,
product_product_id_133988,33MG 75302,1,Jinasena_MasterData_Stock.product_template_bend_member,33MG 75302,,0.0,0.0,0.0,,,,
product_product_id_133989,33MG 75303,1,Jinasena_MasterData_Stock.product_template_rest_member,33MG 75303,,0.0,0.0,0.0,,,,
product_product_id_133990,33MG 75304,1,Jinasena_MasterData_Stock.product_template_wheel_member,33MG 75304,,0.0,0.0,0.0,,,,
product_product_id_133991,33MG 75305,1,Jinasena_MasterData_Stock.product_template_midle_member,33MG 75305,,0.0,0.0,0.0,,,,
product_product_id_133992,33MG 75306,1,Jinasena_MasterData_Stock.product_template_rest_long_member,33MG 75306,,0.0,0.0,0.0,,,,
product_product_id_133993,33MG 75307,1,Jinasena_MasterData_Stock.product_template_base_cross_member,33MG 75307,,0.0,0.0,0.0,,,,
product_product_id_133994,33MG 75308,1,Jinasena_MasterData_Stock.product_template_base_long_member,33MG 75308,,0.0,0.0,0.0,,,,
product_product_id_133995,33MG 75309,1,Jinasena_MasterData_Stock.product_template_tray_mount_long_arm,33MG 75309,,0.0,0.0,0.0,,,,
product_product_id_133996,33MG 75310,1,Jinasena_MasterData_Stock.product_template_tray_mount_short_arm,33MG 75310,,0.0,0.0,0.0,,,,
product_product_id_133997,33MG 75311,1,Jinasena_MasterData_Stock.product_template_tray_mount_tie_bar,33MG 75311,,0.0,0.0,0.0,,,,
product_product_id_133998,33MG 75312,1,Jinasena_MasterData_Stock.product_template_tray_bracket_arm,33MG 75312,,0.0,0.0,0.0,,,,
product_product_id_133999,33MG 75313,1,Jinasena_MasterData_Stock.product_template_stay_grip_long,33MG 75313,,0.0,0.0,0.0,,,,
product_product_id_134000,33MG 75314,1,Jinasena_MasterData_Stock.product_template_stay_grip_short,33MG 75314,,0.0,0.0,0.0,,,,
product_product_id_134001,33MG 75315,1,Jinasena_MasterData_Stock.product_template_lock_screw_ring,33MG 75315,,0.0,0.0,0.0,,,,
product_product_id_134002,33MG 75316,1,Jinasena_MasterData_Stock.product_template_wheel_axel,33MG 75316,,0.0,0.0,0.0,,,,
product_product_id_134003,33MG 75317,1,Jinasena_MasterData_Stock.product_template_handle_pipe,33MG 75317,,0.0,0.0,0.0,,,,
product_product_id_134004,33MG 75318,1,Jinasena_MasterData_Stock.product_template_handle_pipe_bracket,33MG 75318,,0.0,0.0,0.0,,,,
product_product_id_134005,33MG 75319,1,Jinasena_MasterData_Stock.product_template_base_member,33MG 75319,,0.0,0.0,0.0,,,,
product_product_id_134006,33MG 75401,1,Jinasena_MasterData_Stock.product_template_cover_plate_330933,33MG 75401,,0.0,0.0,0.0,,,,
product_product_id_134007,33MG 75402,1,Jinasena_MasterData_Stock.product_template_sieve_plate_330934,33MG 75402,,0.0,0.0,0.0,,,,
product_product_id_134008,33MG 75403,1,Jinasena_MasterData_Stock.product_template_sieve_plate_bracket_1,33MG 75403,,0.0,0.0,0.0,,,,
product_product_id_134009,33MG 75404,1,Jinasena_MasterData_Stock.product_template_sieve_plate_bracket_2,33MG 75404,,0.0,0.0,0.0,,,,
product_product_id_134010,33MG 75405,1,Jinasena_MasterData_Stock.product_template_door_hinge_plate_330937,33MG 75405,,0.0,0.0,0.0,,,,
product_product_id_134011,33MG 75406,1,Jinasena_MasterData_Stock.product_template_lock_hinge_bush_330938,33MG 75406,,0.0,0.0,0.0,,,,
product_product_id_134012,33MG 75407,1,Jinasena_MasterData_Stock.product_template_door_hinge_pin_330939,33MG 75407,,0.0,0.0,0.0,,,,
product_product_id_134013,33MG 75408,1,Jinasena_MasterData_Stock.product_template_drum_circular_plate_330940,33MG 75408,,0.0,0.0,0.0,,,,
product_product_id_134014,33MG 75409,1,Jinasena_MasterData_Stock.product_template_blade_liner,33MG 75409,,0.0,0.0,0.0,,,,
product_product_id_134015,33MG 75410,1,Jinasena_MasterData_Stock.product_template_drum_bush_330942,33MG 75410,,0.0,0.0,0.0,,,,
product_product_id_134016,33MG 75411,1,Jinasena_MasterData_Stock.product_template_peg,33MG 75411,,0.0,0.0,0.0,,,,
product_product_id_134017,33MG 75412,1,Jinasena_MasterData_Stock.product_template_drum_bush_key,33MG 75412,,0.0,0.0,0.0,,,,
product_product_id_134018,33MG 75413,1,Jinasena_MasterData_Stock.product_template_micro_switch_bracket,33MG 75413,,0.0,0.0,0.0,,,,
product_product_id_134019,33MG 75501,1,Jinasena_MasterData_Stock.product_template_hopper_plate_1_2_3,33MG 75501,,0.0,0.0,0.0,,,,
product_product_id_134020,33MG 75502,1,Jinasena_MasterData_Stock.product_template_hopper_bottom_plate_1_2_3,33MG 75502,,0.0,0.0,0.0,,,,
product_product_id_134021,33MG 75503,1,Jinasena_MasterData_Stock.product_template_tray_330948,33MG 75503,,0.0,0.0,0.0,,,,
product_product_id_134022,33MG 75504,1,Jinasena_MasterData_Stock.product_template_outlet_mount_plate_1_2_ms,33MG 75504,,0.0,0.0,0.0,,,,
product_product_id_134023,33MG 75505,1,Jinasena_MasterData_Stock.product_template_outlet_side_plate_ms,33MG 75505,,0.0,0.0,0.0,,,,
product_product_id_134024,33MG 75506,1,Jinasena_MasterData_Stock.product_template_bag_fixing_wire_ms,33MG 75506,,0.0,0.0,0.0,,,,
product_product_id_134025,33MG 75601,1,Jinasena_MasterData_Stock.product_template_outlet_side_plate_mg150_3,33MG 75601,,0.0,0.0,0.0,,,,
product_product_id_134026,33MG 75602,1,Jinasena_MasterData_Stock.product_template_side_plate_mg150_3,33MG 75602,,0.0,0.0,0.0,,,,
product_product_id_134027,33MG 75603,1,Jinasena_MasterData_Stock.product_template_cover_plate_mg150_3,33MG 75603,,0.0,0.0,0.0,,,,
product_product_id_134028,33MG 75604,1,Jinasena_MasterData_Stock.product_template_sieve_plete_mg150_3,33MG 75604,,0.0,0.0,0.0,,,,
product_product_id_134029,33MG 75605,1,Jinasena_MasterData_Stock.product_template_sieve_plate_bracket_1_mg150_3,33MG 75605,,0.0,0.0,0.0,,,,
product_product_id_134030,33MG 75606,1,Jinasena_MasterData_Stock.product_template_sieve_plate_bracket_2_mg150_3,33MG 75606,,0.0,0.0,0.0,,,,
product_product_id_134031,33MG 75607,1,Jinasena_MasterData_Stock.product_template_door_hinge_plate_mg150_3,33MG 75607,,0.0,0.0,0.0,,,,
product_product_id_134032,33MG 75608,1,Jinasena_MasterData_Stock.product_template_lock_hinge_plate_mg150_3,33MG 75608,,0.0,0.0,0.0,,,,
product_product_id_134033,33MG 75609,1,Jinasena_MasterData_Stock.product_template_door_hinge_pin_mg150_3,33MG 75609,,0.0,0.0,0.0,,,,
product_product_id_134034,33MG 75610,1,Jinasena_MasterData_Stock.product_template_coller_bush_for_oil_seal_mg150_3,33MG 75610,,0.0,0.0,0.0,,,,
product_product_id_134035,33MG 75611,1,Jinasena_MasterData_Stock.product_template_drum_circuler_plate_mg150_3,33MG 75611,,0.0,0.0,0.0,,,,
product_product_id_134036,33MG 75612,1,Jinasena_MasterData_Stock.product_template_blade_liner_mg150_3,33MG 75612,,0.0,0.0,0.0,,,,
product_product_id_134037,33MG 75613,1,Jinasena_MasterData_Stock.product_template_drum_bush_mg150_3,33MG 75613,,0.0,0.0,0.0,,,,
product_product_id_134038,33MG 75614,1,Jinasena_MasterData_Stock.product_template_peg_drum_mg150_3,33MG 75614,,0.0,0.0,0.0,,,,
product_product_id_134039,33MG 75615,1,Jinasena_MasterData_Stock.product_template_hinge_bush_reinforcement_mg150_3,33MG 75615,,0.0,0.0,0.0,,,,
product_product_id_134040,33MG 75616,1,Jinasena_MasterData_Stock.product_template_door_hinge_bush_mg150_3,33MG 75616,,0.0,0.0,0.0,,,,
product_product_id_134041,33MG 75617,1,Jinasena_MasterData_Stock.product_template_sieve_plateguide_1_2_mg150_3,33MG 75617,,0.0,0.0,0.0,,,,
product_product_id_134042,33MG 75618,1,Jinasena_MasterData_Stock.product_template_rubber_beading_for_m_grinder_mg1,33MG 75618,,0.0,0.0,0.0,,,,
product_product_id_134043,33MG 75619,1,Jinasena_MasterData_Stock.product_template_outlet_separate_plate_mg150_3,33MG 75619,,0.0,0.0,0.0,,,,
product_product_id_134044,33MG 75620,1,Jinasena_MasterData_Stock.product_template_shaft_extension_mg150_3,33MG 75620,,0.0,0.0,0.0,,,,
product_product_id_134045,33MG 75621,1,Jinasena_MasterData_Stock.product_template_dome_nut_mg150_3,33MG 75621,,0.0,0.0,0.0,,,,
product_product_id_134046,33MG 75622,1,Jinasena_MasterData_Stock.product_template_door_lock_hook_mg150_3,33MG 75622,,0.0,0.0,0.0,,,,
product_product_id_134047,33MG 75623,1,Jinasena_MasterData_Stock.product_template_s_s_blade_mg150_3,33MG 75623,,0.0,0.0,0.0,,,,
product_product_id_134048,33MG 75624,1,Jinasena_MasterData_Stock.product_template_outlet_separator_plate_mg150_3,33MG 75624,,0.0,0.0,0.0,,,,
product_product_id_134049,33MG 75625,1,Jinasena_MasterData_Stock.product_template_motor_cover_plte_mg150_3,33MG 75625,,0.0,0.0,0.0,,,,
product_product_id_134050,33MG 75626,1,Jinasena_MasterData_Stock.product_template_limite_switch_cover_box_mg150_3,33MG 75626,,0.0,0.0,0.0,,,,
product_product_id_134051,33MG 75627,1,Jinasena_MasterData_Stock.product_template_sive_plate_guide_2,33MG 75627,,0.0,0.0,0.0,,,,
product_product_id_134052,33MG 75628,1,Jinasena_MasterData_Stock.product_template_micro_switch_rod,33MG 75628,,0.0,0.0,0.0,,,,
product_product_id_134053,33MG 75629,1,Jinasena_MasterData_Stock.product_template_starter_mounting_plate,33MG 75629,,0.0,0.0,0.0,,,,
product_product_id_134054,33MG 75630,1,Jinasena_MasterData_Stock.product_template_u_bracket_for_spring_330981,33MG 75630,,0.0,0.0,0.0,,,,
product_product_id_134055,33MG 75631,1,Jinasena_MasterData_Stock.product_template_water_base_mount,33MG 75631,,0.0,0.0,0.0,,,,
product_product_id_134056,33MG 75701,1,Jinasena_MasterData_Stock.product_template_hopper_plate_1_mg150_3,33MG 75701,,0.0,0.0,0.0,,,,
product_product_id_134057,33MG 75702,1,Jinasena_MasterData_Stock.product_template_hopper_ple_2_mg150_3,33MG 75702,,0.0,0.0,0.0,,,,
product_product_id_134058,33MG 75703,1,Jinasena_MasterData_Stock.product_template_tray_mg150_3,33MG 75703,,0.0,0.0,0.0,,,,
product_product_id_134059,33MG 75704,1,Jinasena_MasterData_Stock.product_template_safty_rod_mg150_3,33MG 75704,,0.0,0.0,0.0,,,,
product_product_id_134060,33MG 75711,1,Jinasena_MasterData_Stock.product_template_lock_handle,33MG 75711,,0.0,0.0,0.0,,,,
product_product_id_134061,33MG 75712,1,Jinasena_MasterData_Stock.product_template_u_bracket_330988,33MG 75712,,0.0,0.0,0.0,,,,
product_product_id_134062,33MG 75713,1,Jinasena_MasterData_Stock.product_template_lock_pin_330989,33MG 75713,,0.0,0.0,0.0,,,,
product_product_id_134063,33MG 75714,1,Jinasena_MasterData_Stock.product_template_hinge_pin_330990,33MG 75714,,0.0,0.0,0.0,,,,
product_product_id_134064,33MG 75715,1,Jinasena_MasterData_Stock.product_template_guide_pin,33MG 75715,,0.0,0.0,0.0,,,,
product_product_id_134065,33MG 75721,1,Jinasena_MasterData_Stock.product_template_cover_plate_330992,33MG 75721,,0.0,0.0,0.0,,,,
product_product_id_134066,33MG 75722,1,Jinasena_MasterData_Stock.product_template_mount,33MG 75722,,0.0,0.0,0.0,,,,
product_product_id_134067,33MG STAND,1,Jinasena_MasterData_Stock.product_template_stand_without_painting,33MG STAND,,0.0,0.0,0.0,,,,
product_product_id_134068,33MSD 1000,1,Jinasena_MasterData_Stock.product_template_hex_plate,33MSD 1000,,0.0,0.0,0.0,,,,
product_product_id_134069,33MSD 1001,1,Jinasena_MasterData_Stock.product_template_hx1,33MSD 1001,,0.0,0.0,0.0,,,,
product_product_id_134070,33MSD 1002,1,Jinasena_MasterData_Stock.product_template_hx2,33MSD 1002,,0.0,0.0,0.0,,,,
product_product_id_134071,33MSD 1003,1,Jinasena_MasterData_Stock.product_template_hx3,33MSD 1003,,0.0,0.0,0.0,,,,
product_product_id_134072,33MSD 1004,1,Jinasena_MasterData_Stock.product_template_hx4,33MSD 1004,,0.0,0.0,0.0,,,,
product_product_id_134073,33MSD 1005,1,Jinasena_MasterData_Stock.product_template_hx5,33MSD 1005,,0.0,0.0,0.0,,,,
product_product_id_134074,33MSD 1006,1,Jinasena_MasterData_Stock.product_template_hx6,33MSD 1006,,0.0,0.0,0.0,,,,
product_product_id_134075,33MSD 1007,1,Jinasena_MasterData_Stock.product_template_hx7,33MSD 1007,,0.0,0.0,0.0,,,,
product_product_id_134076,33MSD 1008,1,Jinasena_MasterData_Stock.product_template_hx8,33MSD 1008,,0.0,0.0,0.0,,,,
product_product_id_134077,33MSD 1009,1,Jinasena_MasterData_Stock.product_template_hx9,33MSD 1009,,0.0,0.0,0.0,,,,
product_product_id_134078,33MSD 1010,1,Jinasena_MasterData_Stock.product_template_hx10,33MSD 1010,,0.0,0.0,0.0,,,,
product_product_id_134079,33MSD 1011,1,Jinasena_MasterData_Stock.product_template_hx11,33MSD 1011,,0.0,0.0,0.0,,,,
product_product_id_134080,33MSD 1012,1,Jinasena_MasterData_Stock.product_template_hx12,33MSD 1012,,0.0,0.0,0.0,,,,
product_product_id_134081,33MSD 1013,1,Jinasena_MasterData_Stock.product_template_seed_wheel,33MSD 1013,,0.0,0.0,0.0,,,,
product_product_id_134082,33MSD 1101,1,Jinasena_MasterData_Stock.product_template_hp1,33MSD 1101,,0.0,0.0,0.0,,,,
product_product_id_134083,33MSD 1102,1,Jinasena_MasterData_Stock.product_template_hp2,33MSD 1102,,0.0,0.0,0.0,,,,
product_product_id_134084,33MSD 1103,1,Jinasena_MasterData_Stock.product_template_hp3,33MSD 1103,,0.0,0.0,0.0,,,,
product_product_id_134085,33MSD 1201,1,Jinasena_MasterData_Stock.product_template_fa1,33MSD 1201,,0.0,0.0,0.0,,,,
product_product_id_134086,33MSD 1202,1,Jinasena_MasterData_Stock.product_template_fa2,33MSD 1202,,0.0,0.0,0.0,,,,
product_product_id_134087,33MSD 1203,1,Jinasena_MasterData_Stock.product_template_fa3,33MSD 1203,,0.0,0.0,0.0,,,,
product_product_id_134088,33MSD 1204,1,Jinasena_MasterData_Stock.product_template_fa4,33MSD 1204,,0.0,0.0,0.0,,,,
product_product_id_134089,33MSD 1205,1,Jinasena_MasterData_Stock.product_template_fa5,33MSD 1205,,0.0,0.0,0.0,,,,
product_product_id_134090,33MSD 1206,1,Jinasena_MasterData_Stock.product_template_fa6,33MSD 1206,,0.0,0.0,0.0,,,,
product_product_id_134091,33MSD 1207,1,Jinasena_MasterData_Stock.product_template_fa7,33MSD 1207,,0.0,0.0,0.0,,,,
product_product_id_134092,33MSD 1208,1,Jinasena_MasterData_Stock.product_template_fa8,33MSD 1208,,0.0,0.0,0.0,,,,
product_product_id_134093,33MSD 1301,1,Jinasena_MasterData_Stock.product_template_tw1,33MSD 1301,,0.0,0.0,0.0,,,,
product_product_id_134094,33MSD 1302,1,Jinasena_MasterData_Stock.product_template_tw2,33MSD 1302,,0.0,0.0,0.0,,,,
product_product_id_134095,33MSD 1303,1,Jinasena_MasterData_Stock.product_template_tw3,33MSD 1303,,0.0,0.0,0.0,,,,
product_product_id_134096,33MSD 1304,1,Jinasena_MasterData_Stock.product_template_tw4,33MSD 1304,,0.0,0.0,0.0,,,,
product_product_id_134097,33MSD 1305,1,Jinasena_MasterData_Stock.product_template_tw5,33MSD 1305,,0.0,0.0,0.0,,,,
product_product_id_134098,33MSD 1306,1,Jinasena_MasterData_Stock.product_template_tw6,33MSD 1306,,0.0,0.0,0.0,,,,
product_product_id_134099,33MSD 1307,1,Jinasena_MasterData_Stock.product_template_tw7,33MSD 1307,,0.0,0.0,0.0,,,,
product_product_id_134100,33MSD 1308,1,Jinasena_MasterData_Stock.product_template_tw8,33MSD 1308,,0.0,0.0,0.0,,,,
product_product_id_134101,33MSD 1309,1,Jinasena_MasterData_Stock.product_template_tw9,33MSD 1309,,0.0,0.0,0.0,,,,
product_product_id_134102,33MSD 1310,1,Jinasena_MasterData_Stock.product_template_tw10,33MSD 1310,,0.0,0.0,0.0,,,,
product_product_id_134103,33MSD 1311,1,Jinasena_MasterData_Stock.product_template_tw11,33MSD 1311,,0.0,0.0,0.0,,,,
product_product_id_134104,33MT 11101,1,Jinasena_MasterData_Stock.product_template_frame_side_guide_1,33MT 11101,,0.0,0.0,0.0,,,,
product_product_id_134105,33MT 11102,1,Jinasena_MasterData_Stock.product_template_frame_side_guide_2,33MT 11102,,0.0,0.0,0.0,,,,
product_product_id_134106,33MT 11103,1,Jinasena_MasterData_Stock.product_template_concave_rod_331033,33MT 11103,,0.0,0.0,0.0,,,,
product_product_id_134107,33MT 11104,1,Jinasena_MasterData_Stock.product_template_feeding_mouth_side,33MT 11104,,0.0,0.0,0.0,,,,
product_product_id_134108,33MT 11105,1,Jinasena_MasterData_Stock.product_template_feeding_mouth_bottom,33MT 11105,,0.0,0.0,0.0,,,,
product_product_id_134109,33MT 11106,1,Jinasena_MasterData_Stock.product_template_reinforcement_for_feeding_mouth,33MT 11106,,0.0,0.0,0.0,,,,
product_product_id_134110,33MT 11107,1,Jinasena_MasterData_Stock.product_template_hinge_pin_for_seperator_plate,33MT 11107,,0.0,0.0,0.0,,,,
product_product_id_134111,33MT 11108,1,Jinasena_MasterData_Stock.product_template_seperator_plate,33MT 11108,,0.0,0.0,0.0,,,,
product_product_id_134112,33MT 11109,1,Jinasena_MasterData_Stock.product_template_seperator_plate_hinge_bush,33MT 11109,,0.0,0.0,0.0,,,,
product_product_id_134113,33MT 11110,1,Jinasena_MasterData_Stock.product_template_outlet_plate,33MT 11110,,0.0,0.0,0.0,,,,
product_product_id_134114,33MT 11601,1,Jinasena_MasterData_Stock.product_template_inner_cover_331041,33MT 11601,,0.0,0.0,0.0,,,,
product_product_id_134115,33MT 11602,1,Jinasena_MasterData_Stock.product_template_louver,33MT 11602,,0.0,0.0,0.0,,,,
product_product_id_134116,33MT 11801,1,Jinasena_MasterData_Stock.product_template_peg_12mm,33MT 11801,,0.0,0.0,0.0,,,,
product_product_id_134117,33MTH 1001,1,Jinasena_MasterData_Stock.product_template_column_1l_1r,33MTH 1001,,0.0,0.0,0.0,,,,
product_product_id_134118,33MTH 1002,1,Jinasena_MasterData_Stock.product_template_column_2l_2r,33MTH 1002,,0.0,0.0,0.0,,,,
product_product_id_134119,33MTH 1003,1,Jinasena_MasterData_Stock.product_template_bottom_angle_3f_3b,33MTH 1003,,0.0,0.0,0.0,,,,
product_product_id_134120,33MTH 1004,1,Jinasena_MasterData_Stock.product_template_bottom_angle_4l_4r,33MTH 1004,,0.0,0.0,0.0,,,,
product_product_id_134121,33MTH 1005,1,Jinasena_MasterData_Stock.product_template_siever_mount_bracket_5,33MTH 1005,,0.0,0.0,0.0,,,,
product_product_id_134122,33MTH 1006,1,Jinasena_MasterData_Stock.product_template_siever_mount_6,33MTH 1006,,0.0,0.0,0.0,,,,
product_product_id_134123,33MTH 1007,1,Jinasena_MasterData_Stock.product_template_inner_hopper_bar_7l_7r,33MTH 1007,,0.0,0.0,0.0,,,,
product_product_id_134124,33MTH 1008,1,Jinasena_MasterData_Stock.product_template_rant_bracket_platefix_al_bottom,33MTH 1008,,0.0,0.0,0.0,,,,
product_product_id_134125,33MTH 1009,1,Jinasena_MasterData_Stock.product_template_bearing_bracket_9l_9r,33MTH 1009,,0.0,0.0,0.0,,,,
product_product_id_134126,33MTH 1010,1,Jinasena_MasterData_Stock.product_template_top_cover_base_10l_10r,33MTH 1010,,0.0,0.0,0.0,,,,
product_product_id_134127,33MTH 1011,1,Jinasena_MasterData_Stock.product_template_top_cover_base_11f_11b,33MTH 1011,,0.0,0.0,0.0,,,,
product_product_id_134128,33MTH 1012,1,Jinasena_MasterData_Stock.product_template_top_cover_fixing_al12,33MTH 1012,,0.0,0.0,0.0,,,,
product_product_id_134129,33MTH 1013,1,Jinasena_MasterData_Stock.product_template_siever_hangers_13,33MTH 1013,,0.0,0.0,0.0,,,,
product_product_id_134130,33MTH 1014,1,Jinasena_MasterData_Stock.product_template_siever_hangers_base_19,33MTH 1014,,0.0,0.0,0.0,,,,
product_product_id_134131,33MTH 1015,1,Jinasena_MasterData_Stock.product_template_lifting_rin_14,33MTH 1015,,0.0,0.0,0.0,,,,
product_product_id_134132,33MTH 1016,1,Jinasena_MasterData_Stock.product_template_siev_pivot_mount_15,33MTH 1016,,0.0,0.0,0.0,,,,
product_product_id_134133,33MTH 1017,1,Jinasena_MasterData_Stock.product_template_top_cover_pivot_16,33MTH 1017,,0.0,0.0,0.0,,,,
product_product_id_134134,33MTH 1018,1,Jinasena_MasterData_Stock.product_template_rubber_guard_hager_17,33MTH 1018,,0.0,0.0,0.0,,,,
product_product_id_134135,33MTH 1019,1,Jinasena_MasterData_Stock.product_template_botton_rainf_plate_18,33MTH 1019,,0.0,0.0,0.0,,,,
product_product_id_134136,33MTH 1020,1,Jinasena_MasterData_Stock.product_template_seperation_plate,33MTH 1020,,0.0,0.0,0.0,,,,
product_product_id_134137,33MTH 1021,1,Jinasena_MasterData_Stock.product_template_reinforcements_for_back_plate,33MTH 1021,,0.0,0.0,0.0,,,,
product_product_id_134138,33MTH 1022,1,Jinasena_MasterData_Stock.product_template_concave_ribs,33MTH 1022,,0.0,0.0,0.0,,,,
product_product_id_134139,33MTH 1023,1,Jinasena_MasterData_Stock.product_template_concave_rods,33MTH 1023,,0.0,0.0,0.0,,,,
product_product_id_134140,33MTH 1024,1,Jinasena_MasterData_Stock.product_template_outlet_concave_ribs,33MTH 1024,,0.0,0.0,0.0,,,,
product_product_id_134141,33MTH 1025,1,Jinasena_MasterData_Stock.product_template_outlet_concave_rds,33MTH 1025,,0.0,0.0,0.0,,,,
product_product_id_134142,33MTH 1026,1,Jinasena_MasterData_Stock.product_template_frame_side_plate_l_r,33MTH 1026,,0.0,0.0,0.0,,,,
product_product_id_134143,33MTH 1027,1,Jinasena_MasterData_Stock.product_template_hopper_covering_plate,33MTH 1027,,0.0,0.0,0.0,,,,
product_product_id_134144,33MTH 1028,1,Jinasena_MasterData_Stock.product_template_inner_hopper_front_back_cover,33MTH 1028,,0.0,0.0,0.0,,,,
product_product_id_134145,33MTH 1029,1,Jinasena_MasterData_Stock.product_template_inner_hopper_left_right_cover,33MTH 1029,,0.0,0.0,0.0,,,,
product_product_id_134146,33MTH 1030,1,Jinasena_MasterData_Stock.product_template_front_cover_plate,33MTH 1030,,0.0,0.0,0.0,,,,
product_product_id_134147,33MTH 1031,1,Jinasena_MasterData_Stock.product_template_back_cover_plate,33MTH 1031,,0.0,0.0,0.0,,,,
product_product_id_134148,33MTH 1032,1,Jinasena_MasterData_Stock.product_template_outlet_side_plate,33MTH 1032,,0.0,0.0,0.0,,,,
product_product_id_134149,33MTH 1033,1,Jinasena_MasterData_Stock.product_template_outlet_top_plate,33MTH 1033,,0.0,0.0,0.0,,,,
product_product_id_134150,33MTH 1034,1,Jinasena_MasterData_Stock.product_template_outlet_bottom_plate,33MTH 1034,,0.0,0.0,0.0,,,,
product_product_id_134151,33MTH 1035,1,Jinasena_MasterData_Stock.product_template_column_cover_plate,33MTH 1035,,0.0,0.0,0.0,,,,
product_product_id_134152,33MTH 11,1,Jinasena_MasterData_Stock.product_template_top_cover_plate_1,33MTH 11,,0.0,0.0,0.0,,,,
product_product_id_134153,33MTH 1101,1,Jinasena_MasterData_Stock.product_template_top_plate,33MTH 1101,,0.0,0.0,0.0,,,,
product_product_id_134154,33MTH 1102,1,Jinasena_MasterData_Stock.product_template_side_plate_331081,33MTH 1102,,0.0,0.0,0.0,,,,
product_product_id_134155,33MTH 1103,1,Jinasena_MasterData_Stock.product_template_reinforcement_strip,33MTH 1103,,0.0,0.0,0.0,,,,
product_product_id_134156,33MTH 1104,1,Jinasena_MasterData_Stock.product_template_hinge_pin_1,33MTH 1104,,0.0,0.0,0.0,,,,
product_product_id_134157,33MTH 1105,1,Jinasena_MasterData_Stock.product_template_hinge_pin_2,33MTH 1105,,0.0,0.0,0.0,,,,
product_product_id_134158,33MTH 1106,1,Jinasena_MasterData_Stock.product_template_hinge_pin_lugs,33MTH 1106,,0.0,0.0,0.0,,,,
product_product_id_134159,33MTH 12,1,Jinasena_MasterData_Stock.product_template_top_cover_side,33MTH 12,,0.0,0.0,0.0,,,,
product_product_id_134160,33MTH 1201,1,Jinasena_MasterData_Stock.product_template_top_cover_frame_al_f_b,33MTH 1201,,0.0,0.0,0.0,,,,
product_product_id_134161,33MTH 1202,1,Jinasena_MasterData_Stock.product_template_top_cover_frame_al_l_r,33MTH 1202,,0.0,0.0,0.0,,,,
product_product_id_134162,33MTH 1203,1,Jinasena_MasterData_Stock.product_template_top_cover_hinge_fi_large,33MTH 1203,,0.0,0.0,0.0,,,,
product_product_id_134163,33MTH 1204,1,Jinasena_MasterData_Stock.product_template_top_cover_hinge_fi_small,33MTH 1204,,0.0,0.0,0.0,,,,
product_product_id_134164,33MTH 1205,1,Jinasena_MasterData_Stock.product_template_top_cover_lock_fi,33MTH 1205,,0.0,0.0,0.0,,,,
product_product_id_134165,33MTH 1206,1,Jinasena_MasterData_Stock.product_template_top_cover_hinge_pin,33MTH 1206,,0.0,0.0,0.0,,,,
product_product_id_134166,33MTH 1207,1,Jinasena_MasterData_Stock.product_template_inlet_frame_al_large,33MTH 1207,,0.0,0.0,0.0,,,,
product_product_id_134167,33MTH 1208,1,Jinasena_MasterData_Stock.product_template_inlet_frame_al_small,33MTH 1208,,0.0,0.0,0.0,,,,
product_product_id_134168,33MTH 1209,1,Jinasena_MasterData_Stock.product_template_tray_handle_bracket_plate,33MTH 1209,,0.0,0.0,0.0,,,,
product_product_id_134169,33MTH 1210,1,Jinasena_MasterData_Stock.product_template_tray_hunge_bush,33MTH 1210,,0.0,0.0,0.0,,,,
product_product_id_134170,33MTH 1211,1,Jinasena_MasterData_Stock.product_template_tray_hinge_pin,33MTH 1211,,0.0,0.0,0.0,,,,
product_product_id_134171,33MTH 1212,1,Jinasena_MasterData_Stock.product_template_top_cover_plate,33MTH 1212,,0.0,0.0,0.0,,,,
product_product_id_134172,33MTH 1213,1,Jinasena_MasterData_Stock.product_template_top_cover_side_plate_l_r,33MTH 1213,,0.0,0.0,0.0,,,,
product_product_id_134173,33MTH 1214,1,Jinasena_MasterData_Stock.product_template_top_cover_inner_guide_plate,33MTH 1214,,0.0,0.0,0.0,,,,
product_product_id_134174,33MTH 1215,1,Jinasena_MasterData_Stock.product_template_top_cover_handle_331101,33MTH 1215,,0.0,0.0,0.0,,,,
product_product_id_134175,33MTH 13,1,Jinasena_MasterData_Stock.product_template_top_cover_plate_rainf,33MTH 13,,0.0,0.0,0.0,,,,
product_product_id_134176,33MTH 1301,1,Jinasena_MasterData_Stock.product_template_bottom_al_large,33MTH 1301,,0.0,0.0,0.0,,,,
product_product_id_134177,33MTH 1302,1,Jinasena_MasterData_Stock.product_template_bottom_al_small,33MTH 1302,,0.0,0.0,0.0,,,,
product_product_id_134178,33MTH 1303,1,Jinasena_MasterData_Stock.product_template_bottom_suppoters_large,33MTH 1303,,0.0,0.0,0.0,,,,
product_product_id_134179,33MTH 1304,1,Jinasena_MasterData_Stock.product_template_bottom_suppoters_small,33MTH 1304,,0.0,0.0,0.0,,,,
product_product_id_134180,33MTH 1305,1,Jinasena_MasterData_Stock.product_template_stip_large,33MTH 1305,,0.0,0.0,0.0,,,,
product_product_id_134181,33MTH 1306,1,Jinasena_MasterData_Stock.product_template_strip_small,33MTH 1306,,0.0,0.0,0.0,,,,
product_product_id_134182,33MTH 1307,1,Jinasena_MasterData_Stock.product_template_mesh,33MTH 1307,,0.0,0.0,0.0,,,,
product_product_id_134183,33MTH 1308,1,Jinasena_MasterData_Stock.product_template_frame_al_large,33MTH 1308,,0.0,0.0,0.0,,,,
product_product_id_134184,33MTH 1309,1,Jinasena_MasterData_Stock.product_template_frame_al_small,33MTH 1309,,0.0,0.0,0.0,,,,
product_product_id_134185,33MTH 1310,1,Jinasena_MasterData_Stock.product_template_support_member,33MTH 1310,,0.0,0.0,0.0,,,,
product_product_id_134186,33MTH 1311,1,Jinasena_MasterData_Stock.product_template_hole_plates,33MTH 1311,,0.0,0.0,0.0,,,,
product_product_id_134187,33MTH 1312,1,Jinasena_MasterData_Stock.product_template_seed_retaining_plate,33MTH 1312,,0.0,0.0,0.0,,,,
product_product_id_134188,33MTH 1313,1,Jinasena_MasterData_Stock.product_template_side_cover_plate,33MTH 1313,,0.0,0.0,0.0,,,,
product_product_id_134189,33MTH 1314,1,Jinasena_MasterData_Stock.product_template_back_cover_plate_331116,33MTH 1314,,0.0,0.0,0.0,,,,
product_product_id_134190,33MTH 1315,1,Jinasena_MasterData_Stock.product_template_dust_collector,33MTH 1315,,0.0,0.0,0.0,,,,
product_product_id_134191,33MTH 1316,1,Jinasena_MasterData_Stock.product_template_frame_bottom_plate_1,33MTH 1316,,0.0,0.0,0.0,,,,
product_product_id_134192,33MTH 1317,1,Jinasena_MasterData_Stock.product_template_d_c_bach_cover_side_plate,33MTH 1317,,0.0,0.0,0.0,,,,
product_product_id_134193,33MTH 1318,1,Jinasena_MasterData_Stock.product_template_seed_outlet,33MTH 1318,,0.0,0.0,0.0,,,,
product_product_id_134194,33MTH 1319,1,Jinasena_MasterData_Stock.product_template_seed_outle_bra_strip,33MTH 1319,,0.0,0.0,0.0,,,,
product_product_id_134195,33MTH 1320,1,Jinasena_MasterData_Stock.product_template_seed_outlet_mount_strip,33MTH 1320,,0.0,0.0,0.0,,,,
product_product_id_134196,33MTH 1321,1,Jinasena_MasterData_Stock.product_template_backward_chute,33MTH 1321,,0.0,0.0,0.0,,,,
product_product_id_134197,33MTH 1322,1,Jinasena_MasterData_Stock.product_template_chute_guide_strip,33MTH 1322,,0.0,0.0,0.0,,,,
product_product_id_134198,33MTH 1323,1,Jinasena_MasterData_Stock.product_template_dust_hopper_top_h_rd,33MTH 1323,,0.0,0.0,0.0,,,,
product_product_id_134199,33MTH 1324,1,Jinasena_MasterData_Stock.product_template_dust_hopper_end_h_rd,33MTH 1324,,0.0,0.0,0.0,,,,
product_product_id_134200,33MTH 1325,1,Jinasena_MasterData_Stock.product_template_seiver_hingers_pin,33MTH 1325,,0.0,0.0,0.0,,,,
product_product_id_134201,33MTH 1326,1,Jinasena_MasterData_Stock.product_template_hingers_bushes,33MTH 1326,,0.0,0.0,0.0,,,,
product_product_id_134202,33MTH 1327,1,Jinasena_MasterData_Stock.product_template_hingers_member_a,33MTH 1327,,0.0,0.0,0.0,,,,
product_product_id_134203,33MTH 1328,1,Jinasena_MasterData_Stock.product_template_hinger_member_a_1,33MTH 1328,,0.0,0.0,0.0,,,,
product_product_id_134204,33MTH 1329,1,Jinasena_MasterData_Stock.product_template_hinge_member_b,33MTH 1329,,0.0,0.0,0.0,,,,
product_product_id_134205,33MTH 1330,1,Jinasena_MasterData_Stock.product_template_bearing_hunge_plate,33MTH 1330,,0.0,0.0,0.0,,,,
product_product_id_134206,33MTH 14,1,Jinasena_MasterData_Stock.product_template_louvers,33MTH 14,,0.0,0.0,0.0,,,,
product_product_id_134207,33MTH 1401,1,Jinasena_MasterData_Stock.product_template_cross_strip_large,33MTH 1401,,0.0,0.0,0.0,,,,
product_product_id_134208,33MTH 1402,1,Jinasena_MasterData_Stock.product_template_cross_strip_small,33MTH 1402,,0.0,0.0,0.0,,,,
product_product_id_134209,33MTH 1403,1,Jinasena_MasterData_Stock.product_template_drum_bush_331136,33MTH 1403,,0.0,0.0,0.0,,,,
product_product_id_134210,33MTH 1404,1,Jinasena_MasterData_Stock.product_template_cross_reinforcement_plate,33MTH 1404,,0.0,0.0,0.0,,,,
product_product_id_134211,33MTH 1405,1,Jinasena_MasterData_Stock.product_template_drum_angles,33MTH 1405,,0.0,0.0,0.0,,,,
product_product_id_134212,33MTH 1406,1,Jinasena_MasterData_Stock.product_template_side_plate_331139,33MTH 1406,,0.0,0.0,0.0,,,,
product_product_id_134213,33MTH 1407,1,Jinasena_MasterData_Stock.product_template_pegs,33MTH 1407,,0.0,0.0,0.0,,,,
product_product_id_134214,33MTH 1408,1,Jinasena_MasterData_Stock.product_template_outlet_rods,33MTH 1408,,0.0,0.0,0.0,,,,
product_product_id_134215,33MTH 1409,1,Jinasena_MasterData_Stock.product_template_cover_plates_a,33MTH 1409,,0.0,0.0,0.0,,,,
product_product_id_134216,33MTH 1410,1,Jinasena_MasterData_Stock.product_template_cover_plate_b_331143,33MTH 1410,,0.0,0.0,0.0,,,,
product_product_id_134217,33MTH 1411,1,Jinasena_MasterData_Stock.product_template_cover_plate_c,33MTH 1411,,0.0,0.0,0.0,,,,
product_product_id_134218,33MTH 1412,1,Jinasena_MasterData_Stock.product_template_drum_shaft_331145,33MTH 1412,,0.0,0.0,0.0,,,,
product_product_id_134219,33MTH 1601,1,Jinasena_MasterData_Stock.product_template_reiforcement_strip_a,33MTH 1601,,0.0,0.0,0.0,,,,
product_product_id_134220,33MTH 1602,1,Jinasena_MasterData_Stock.product_template_reinfocement_strip_b,33MTH 1602,,0.0,0.0,0.0,,,,
product_product_id_134221,33MTH 1603,1,Jinasena_MasterData_Stock.product_template_reinforcement_strip_c,33MTH 1603,,0.0,0.0,0.0,,,,
product_product_id_134222,33MTH 1604,1,Jinasena_MasterData_Stock.product_template_reinforcement_strip_d,33MTH 1604,,0.0,0.0,0.0,,,,
product_product_id_134223,33MTH 1605,1,Jinasena_MasterData_Stock.product_template_reinforcement_strip_e,33MTH 1605,,0.0,0.0,0.0,,,,
product_product_id_134224,33MTH 1606,1,Jinasena_MasterData_Stock.product_template_reinforcement_strip_f,33MTH 1606,,0.0,0.0,0.0,,,,
product_product_id_134225,33MTH 1607,1,Jinasena_MasterData_Stock.product_template_reinforcement_strip_g,33MTH 1607,,0.0,0.0,0.0,,,,
product_product_id_134226,33MTH 1608,1,Jinasena_MasterData_Stock.product_template_side_plate_331153,33MTH 1608,,0.0,0.0,0.0,,,,
product_product_id_134227,33MTH 1609,1,Jinasena_MasterData_Stock.product_template_bottom_plate,33MTH 1609,,0.0,0.0,0.0,,,,
product_product_id_134228,33MTH 1610,1,Jinasena_MasterData_Stock.product_template_top_guard_plate,33MTH 1610,,0.0,0.0,0.0,,,,
product_product_id_134229,33MTH 1611,1,Jinasena_MasterData_Stock.product_template_tray_hinge_bush,33MTH 1611,,0.0,0.0,0.0,,,,
product_product_id_134230,33MTH 1701,1,Jinasena_MasterData_Stock.product_template_outlet_plate_331157,33MTH 1701,,0.0,0.0,0.0,,,,
product_product_id_134231,33MTH 1702,1,Jinasena_MasterData_Stock.product_template_frame_angle_2,33MTH 1702,,0.0,0.0,0.0,,,,
product_product_id_134232,33MTH 1703,1,Jinasena_MasterData_Stock.product_template_frame_angle_3,33MTH 1703,,0.0,0.0,0.0,,,,
product_product_id_134233,33MTH 1704,1,Jinasena_MasterData_Stock.product_template_hing_bush_331160,33MTH 1704,,0.0,0.0,0.0,,,,
product_product_id_134234,33MTH 1705,1,Jinasena_MasterData_Stock.product_template_hanging_rod,33MTH 1705,,0.0,0.0,0.0,,,,
product_product_id_134235,33MTH 1801,1,Jinasena_MasterData_Stock.product_template_frame_member_1,33MTH 1801,,0.0,0.0,0.0,,,,
product_product_id_134236,33MTH 1802,1,Jinasena_MasterData_Stock.product_template_frame_member_2,33MTH 1802,,0.0,0.0,0.0,,,,
product_product_id_134237,33MTH 1803,1,Jinasena_MasterData_Stock.product_template_frame_member_3,33MTH 1803,,0.0,0.0,0.0,,,,
product_product_id_134238,33MTH 1804,1,Jinasena_MasterData_Stock.product_template_member_connector_1,33MTH 1804,,0.0,0.0,0.0,,,,
product_product_id_134239,33MTH 1805,1,Jinasena_MasterData_Stock.product_template_member_connector_2,33MTH 1805,,0.0,0.0,0.0,,,,
product_product_id_134240,33MTH 1806,1,Jinasena_MasterData_Stock.product_template_member_connector_3,33MTH 1806,,0.0,0.0,0.0,,,,
product_product_id_134241,33MTH 1807,1,Jinasena_MasterData_Stock.product_template_u_clamp,33MTH 1807,,0.0,0.0,0.0,,,,
product_product_id_134242,33MTH 1808,1,Jinasena_MasterData_Stock.product_template_handle_bar_331169,33MTH 1808,,0.0,0.0,0.0,,,,
product_product_id_134243,33MTH 1809,1,Jinasena_MasterData_Stock.product_template_bracket_stand,33MTH 1809,,0.0,0.0,0.0,,,,
product_product_id_134244,33MTH 1810,1,Jinasena_MasterData_Stock.product_template_stand_base_331171,33MTH 1810,,0.0,0.0,0.0,,,,
product_product_id_134245,33MTH 1901,1,Jinasena_MasterData_Stock.product_template_eccentic_shaft,33MTH 1901,,0.0,0.0,0.0,,,,
product_product_id_134246,33MTH 1902,1,Jinasena_MasterData_Stock.product_template_bearing_housing,33MTH 1902,,0.0,0.0,0.0,,,,
product_product_id_134247,33MTH 1903,1,Jinasena_MasterData_Stock.product_template_lugs_for_bearing_housing,33MTH 1903,,0.0,0.0,0.0,,,,
product_product_id_134248,33MTH 1904,1,Jinasena_MasterData_Stock.product_template_tread_holder_bush,33MTH 1904,,0.0,0.0,0.0,,,,
product_product_id_134249,33MTH 1905,1,Jinasena_MasterData_Stock.product_template_thread_holder_pin,33MTH 1905,,0.0,0.0,0.0,,,,
product_product_id_134250,33MTH 1906,1,Jinasena_MasterData_Stock.product_template_tread_holder,33MTH 1906,,0.0,0.0,0.0,,,,
product_product_id_134251,33MTH 1907,1,Jinasena_MasterData_Stock.product_template_adjuster,33MTH 1907,,0.0,0.0,0.0,,,,
product_product_id_134252,33MTH 1908,1,Jinasena_MasterData_Stock.product_template_ajduster_mounting_bracket_a,33MTH 1908,,0.0,0.0,0.0,,,,
product_product_id_134253,33MTH 1909,1,Jinasena_MasterData_Stock.product_template_bush_bolt,33MTH 1909,,0.0,0.0,0.0,,,,
product_product_id_134254,33MTH 1910,1,Jinasena_MasterData_Stock.product_template_swing_plate,33MTH 1910,,0.0,0.0,0.0,,,,
product_product_id_134255,33MTH 1911,1,Jinasena_MasterData_Stock.product_template_swing_plate_bush,33MTH 1911,,0.0,0.0,0.0,,,,
product_product_id_134256,33MTH 1912,1,Jinasena_MasterData_Stock.product_template_siever_connecting_arm,33MTH 1912,,0.0,0.0,0.0,,,,
product_product_id_134257,33MTH 1913,1,Jinasena_MasterData_Stock.product_template_arm_bracket_b_to_swing_plate,33MTH 1913,,0.0,0.0,0.0,,,,
product_product_id_134258,33MTH 1914,1,Jinasena_MasterData_Stock.product_template_split_coller,33MTH 1914,,0.0,0.0,0.0,,,,
product_product_id_134259,33MTH 1915,1,Jinasena_MasterData_Stock.product_template_lugs_for_split_coller,33MTH 1915,,0.0,0.0,0.0,,,,
product_product_id_134260,33MTH 1916,1,Jinasena_MasterData_Stock.product_template_outlet_coller_of_split_bush,33MTH 1916,,0.0,0.0,0.0,,,,
product_product_id_134261,33MTH 1917,1,Jinasena_MasterData_Stock.product_template_inner_coller_of_outlet_bush,33MTH 1917,,0.0,0.0,0.0,,,,
product_product_id_134262,33MTH 1918,1,Jinasena_MasterData_Stock.product_template_sieve_connecting_road,33MTH 1918,,0.0,0.0,0.0,,,,
product_product_id_134263,33MTH 1919,1,Jinasena_MasterData_Stock.product_template_bracket_c_for_connecting_rod,33MTH 1919,,0.0,0.0,0.0,,,,
product_product_id_134264,33MTH 1920,1,Jinasena_MasterData_Stock.product_template_coller_bush_for_bracket_a_b_c,33MTH 1920,,0.0,0.0,0.0,,,,
product_product_id_134265,33MTH 1921,1,Jinasena_MasterData_Stock.product_template_bracket_pin_a_b,33MTH 1921,,0.0,0.0,0.0,,,,
product_product_id_134266,33MTH 1922,1,Jinasena_MasterData_Stock.product_template_swing_plate_holding_pin,33MTH 1922,,0.0,0.0,0.0,,,,
product_product_id_134267,33MTH 1923,1,Jinasena_MasterData_Stock.product_template_sop_unit_mounting_tube_on_frame,33MTH 1923,,0.0,0.0,0.0,,,,
product_product_id_134268,33MTH 1924,1,Jinasena_MasterData_Stock.product_template_sopu_mount_on_frame_1,33MTH 1924,,0.0,0.0,0.0,,,,
product_product_id_134269,33MTH 1925,1,Jinasena_MasterData_Stock.product_template_sopu_mount_on_frame_2,33MTH 1925,,0.0,0.0,0.0,,,,
product_product_id_134270,33MTH 1926,1,Jinasena_MasterData_Stock.product_template_collor_bush,33MTH 1926,,0.0,0.0,0.0,,,,
product_product_id_134271,33MTH 1927,1,Jinasena_MasterData_Stock.product_template_sopu_bush_on_drum_shaft,33MTH 1927,,0.0,0.0,0.0,,,,
product_product_id_134272,33MTH 1928,1,Jinasena_MasterData_Stock.product_template_sopu_ecentric_pin,33MTH 1928,,0.0,0.0,0.0,,,,
product_product_id_134273,33MTH 1929,1,Jinasena_MasterData_Stock.product_template_sopu_mount_1_on_seiver_unit,33MTH 1929,,0.0,0.0,0.0,,,,
product_product_id_134274,33MTH 1930,1,Jinasena_MasterData_Stock.product_template_sopu_mount_2_on_seiver_unit,33MTH 1930,,0.0,0.0,0.0,,,,
product_product_id_134275,33MTH 1931,1,Jinasena_MasterData_Stock.product_template_u_pin_holders,33MTH 1931,,0.0,0.0,0.0,,,,
product_product_id_134276,33MTH 1932,1,Jinasena_MasterData_Stock.product_template_pins,33MTH 1932,,0.0,0.0,0.0,,,,
product_product_id_134277,33MTH 1951,1,Jinasena_MasterData_Stock.product_template_sieving_top_mesh,33MTH 1951,,0.0,0.0,0.0,,,,
product_product_id_134278,33MTH 1952,1,Jinasena_MasterData_Stock.product_template_sieving_bottom_mesh,33MTH 1952,,0.0,0.0,0.0,,,,
product_product_id_134279,33MTH 1953,1,Jinasena_MasterData_Stock.product_template_siever_frame_top_angle_long,33MTH 1953,,0.0,0.0,0.0,,,,
product_product_id_134280,33MTH 1954,1,Jinasena_MasterData_Stock.product_template_sieving_frame_top_angle_short,33MTH 1954,,0.0,0.0,0.0,,,,
product_product_id_134281,33MTH 1955,1,Jinasena_MasterData_Stock.product_template_frame_rainforcement_angle,33MTH 1955,,0.0,0.0,0.0,,,,
product_product_id_134282,33MTH 1956,1,Jinasena_MasterData_Stock.product_template_siever_cover_side,33MTH 1956,,0.0,0.0,0.0,,,,
product_product_id_134283,33MTH 1957,1,Jinasena_MasterData_Stock.product_template_seed_outlet_chute,33MTH 1957,,0.0,0.0,0.0,,,,
product_product_id_134284,33MTH 1958,1,Jinasena_MasterData_Stock.product_template_crob_outlet_chute,33MTH 1958,,0.0,0.0,0.0,,,,
product_product_id_134285,33MTH 1959,1,Jinasena_MasterData_Stock.product_template_siever_hinge_pin,33MTH 1959,,0.0,0.0,0.0,,,,
product_product_id_134286,33MTH 1960,1,Jinasena_MasterData_Stock.product_template_siever_hanging_bush,33MTH 1960,,0.0,0.0,0.0,,,,
product_product_id_134287,33MTH 1961,1,Jinasena_MasterData_Stock.product_template_siever_hinge_pin_mount,33MTH 1961,,0.0,0.0,0.0,,,,
product_product_id_134288,33MTH 1962,1,Jinasena_MasterData_Stock.product_template_siever_hinge_pin_bearing,33MTH 1962,,0.0,0.0,0.0,,,,
product_product_id_134289,33MTH 1963,1,Jinasena_MasterData_Stock.product_template_siever_hinge_pin_bearing_mount,33MTH 1963,,0.0,0.0,0.0,,,,
product_product_id_134290,33MTH 2001,1,Jinasena_MasterData_Stock.product_template_ribs_331217,33MTH 2001,,0.0,0.0,0.0,,,,
product_product_id_134291,33MTH 2002,1,Jinasena_MasterData_Stock.product_template_concave_ribs_1,33MTH 2002,,0.0,0.0,0.0,,,,
product_product_id_134292,33MTH 2003,1,Jinasena_MasterData_Stock.product_template_concave_ribs_2,33MTH 2003,,0.0,0.0,0.0,,,,
product_product_id_134293,33MTH 2004,1,Jinasena_MasterData_Stock.product_template_seeds_collecting_plate_1,33MTH 2004,,0.0,0.0,0.0,,,,
product_product_id_134294,33MTH 2005,1,Jinasena_MasterData_Stock.product_template_seeds_collecting_plate_2,33MTH 2005,,0.0,0.0,0.0,,,,
product_product_id_134295,33MTH 2006,1,Jinasena_MasterData_Stock.product_template_coller_bush,33MTH 2006,,0.0,0.0,0.0,,,,
product_product_id_134296,33MTH 2007,1,Jinasena_MasterData_Stock.product_template_coller_bush_pin1,33MTH 2007,,0.0,0.0,0.0,,,,
product_product_id_134297,33MTH 2008,1,Jinasena_MasterData_Stock.product_template_coller_bush_pin_2,33MTH 2008,,0.0,0.0,0.0,,,,
product_product_id_134298,33MTH 2009,1,Jinasena_MasterData_Stock.product_template_cam_arm,33MTH 2009,,0.0,0.0,0.0,,,,
product_product_id_134299,33MTH 2010,1,Jinasena_MasterData_Stock.product_template_cam_arm_pin,33MTH 2010,,0.0,0.0,0.0,,,,
product_product_id_134300,33MTH 21,1,Jinasena_MasterData_Stock.product_template_drum_pipe,33MTH 21,,0.0,0.0,0.0,,,,
product_product_id_134301,33MTH 2101,1,Jinasena_MasterData_Stock.product_template_bubber_guard_holder,33MTH 2101,,0.0,0.0,0.0,,,,
product_product_id_134302,33MTH 2102,1,Jinasena_MasterData_Stock.product_template_rubber_guard_holder_pin,33MTH 2102,,0.0,0.0,0.0,,,,
product_product_id_134303,33MTH 22,1,Jinasena_MasterData_Stock.product_template_drum_pipe_side,33MTH 22,,0.0,0.0,0.0,,,,
product_product_id_134304,33MTH 23,1,Jinasena_MasterData_Stock.product_template_drum_pegs,33MTH 23,,0.0,0.0,0.0,,,,
product_product_id_134305,33MTH 24,1,Jinasena_MasterData_Stock.product_template_drum_side_pegs,33MTH 24,,0.0,0.0,0.0,,,,
product_product_id_134306,33MTH 25,1,Jinasena_MasterData_Stock.product_template_drum_bush_331233,33MTH 25,,0.0,0.0,0.0,,,,
product_product_id_134307,33MTH 26,1,Jinasena_MasterData_Stock.product_template_drum_axel_331234,33MTH 26,,0.0,0.0,0.0,,,,
product_product_id_134308,33MTH 31,1,Jinasena_MasterData_Stock.product_template_pipe_331235,33MTH 31,,0.0,0.0,0.0,,,,
product_product_id_134309,33MTH 32,1,Jinasena_MasterData_Stock.product_template_remover_peg,33MTH 32,,0.0,0.0,0.0,,,,
product_product_id_134310,33MTH 33,1,Jinasena_MasterData_Stock.product_template_remover_peg_cross,33MTH 33,,0.0,0.0,0.0,,,,
product_product_id_134311,33MTH 34,1,Jinasena_MasterData_Stock.product_template_remover_peg_rainofrcement,33MTH 34,,0.0,0.0,0.0,,,,
product_product_id_134312,33MTH 41,1,Jinasena_MasterData_Stock.product_template_net_main,33MTH 41,,0.0,0.0,0.0,,,,
product_product_id_134313,33MTH 42,1,Jinasena_MasterData_Stock.product_template_net_side_cover,33MTH 42,,0.0,0.0,0.0,,,,
product_product_id_134314,33MTH 43,1,Jinasena_MasterData_Stock.product_template_column_verticle,33MTH 43,,0.0,0.0,0.0,,,,
product_product_id_134315,33MTH 44,1,Jinasena_MasterData_Stock.product_template_column_horizontal,33MTH 44,,0.0,0.0,0.0,,,,
product_product_id_134316,33MTH 45,1,Jinasena_MasterData_Stock.product_template_column_cross_1,33MTH 45,,0.0,0.0,0.0,,,,
product_product_id_134317,33MTH 46,1,Jinasena_MasterData_Stock.product_template_column_cross_2,33MTH 46,,0.0,0.0,0.0,,,,
product_product_id_134318,33MTH 47,1,Jinasena_MasterData_Stock.product_template_beam_supportt_1,33MTH 47,,0.0,0.0,0.0,,,,
product_product_id_134319,33MTH 48,1,Jinasena_MasterData_Stock.product_template_beam_supportt_2,33MTH 48,,0.0,0.0,0.0,,,,
product_product_id_134320,33MTH 49,1,Jinasena_MasterData_Stock.product_template_seiver_support_angle_1,33MTH 49,,0.0,0.0,0.0,,,,
product_product_id_134321,33MTH 50,1,Jinasena_MasterData_Stock.product_template_seiver_support_angle_2,33MTH 50,,0.0,0.0,0.0,,,,
product_product_id_134322,33MTH 51,1,Jinasena_MasterData_Stock.product_template_seaving_net_frame_1,33MTH 51,,0.0,0.0,0.0,,,,
product_product_id_134323,33MTH 52,1,Jinasena_MasterData_Stock.product_template_seaving_net_frame_2,33MTH 52,,0.0,0.0,0.0,,,,
product_product_id_134324,33MTH 53,1,Jinasena_MasterData_Stock.product_template_seaving_net_frame_3,33MTH 53,,0.0,0.0,0.0,,,,
product_product_id_134325,33MTH 54,1,Jinasena_MasterData_Stock.product_template_net,33MTH 54,,0.0,0.0,0.0,,,,
product_product_id_134326,33MTH 55,1,Jinasena_MasterData_Stock.product_template_separate_plate_331253,33MTH 55,,0.0,0.0,0.0,,,,
product_product_id_134327,33MTH 56,1,Jinasena_MasterData_Stock.product_template_seaving_net_frame_4,33MTH 56,,0.0,0.0,0.0,,,,
product_product_id_134328,33MTH 57,1,Jinasena_MasterData_Stock.product_template_cob_seive_out_1,33MTH 57,,0.0,0.0,0.0,,,,
product_product_id_134329,33MTH 58,1,Jinasena_MasterData_Stock.product_template_cob_seive_out_2,33MTH 58,,0.0,0.0,0.0,,,,
product_product_id_134330,33MTH 59,1,Jinasena_MasterData_Stock.product_template_cob_seive_out_3,33MTH 59,,0.0,0.0,0.0,,,,
product_product_id_134331,33MTH 60,1,Jinasena_MasterData_Stock.product_template_cob_seive_out_4,33MTH 60,,0.0,0.0,0.0,,,,
product_product_id_134332,33MTH 61,1,Jinasena_MasterData_Stock.product_template_belt_guard_plate_1,33MTH 61,,0.0,0.0,0.0,,,,
product_product_id_134333,33MTH 62,1,Jinasena_MasterData_Stock.product_template_belt_guard_plate_2,33MTH 62,,0.0,0.0,0.0,,,,
product_product_id_134334,33MTH 63,1,Jinasena_MasterData_Stock.product_template_belt_guard_bracket_331261,33MTH 63,,0.0,0.0,0.0,,,,
product_product_id_134335,33MTH 65,1,Jinasena_MasterData_Stock.product_template_cob_seive_out_5,33MTH 65,,0.0,0.0,0.0,,,,
product_product_id_134336,33MTH 66,1,Jinasena_MasterData_Stock.product_template_tractor_bracket_mounting_1,33MTH 66,,0.0,0.0,0.0,,,,
product_product_id_134337,33MTH 67,1,Jinasena_MasterData_Stock.product_template_tractor_bracket_mounting_2,33MTH 67,,0.0,0.0,0.0,,,,
product_product_id_134338,33MTH 68,1,Jinasena_MasterData_Stock.product_template_tractor_bracket_mounting_3,33MTH 68,,0.0,0.0,0.0,,,,
product_product_id_134339,33PT 2101,1,Jinasena_MasterData_Stock.product_template_frame_base_angle_1,33PT 2101,,0.0,0.0,0.0,,,,
product_product_id_134340,33PT 2102,1,Jinasena_MasterData_Stock.product_template_frame_base_angle_2,33PT 2102,,0.0,0.0,0.0,,,,
product_product_id_134341,33PT 2103,1,Jinasena_MasterData_Stock.product_template_frame_column_angle,33PT 2103,,0.0,0.0,0.0,,,,
product_product_id_134342,33PT 2104,1,Jinasena_MasterData_Stock.product_template_base_rest,33PT 2104,,0.0,0.0,0.0,,,,
product_product_id_134343,33PT 2105,1,Jinasena_MasterData_Stock.product_template_handle_bar,33PT 2105,,0.0,0.0,0.0,,,,
product_product_id_134344,33PT 2106,1,Jinasena_MasterData_Stock.product_template_handle_joint_bar,33PT 2106,,0.0,0.0,0.0,,,,
product_product_id_134345,33PT 2107,1,Jinasena_MasterData_Stock.product_template_carrying_handle_reinforcement,33PT 2107,,0.0,0.0,0.0,,,,
product_product_id_134346,33PT 2108,1,Jinasena_MasterData_Stock.product_template_motor_base,33PT 2108,,0.0,0.0,0.0,,,,
product_product_id_134347,33PT 2109,1,Jinasena_MasterData_Stock.product_template_hook_for_wire_cord,33PT 2109,,0.0,0.0,0.0,,,,
product_product_id_134348,33PT 2110,1,Jinasena_MasterData_Stock.product_template_wheel_fixing_rod,33PT 2110,,0.0,0.0,0.0,,,,
product_product_id_134349,33PT 2111,1,Jinasena_MasterData_Stock.product_template_tri_plate_for_wheel_fix_rod,33PT 2111,,0.0,0.0,0.0,,,,
product_product_id_134350,33PT 2112,1,Jinasena_MasterData_Stock.product_template_wheel_rim,33PT 2112,,0.0,0.0,0.0,,,,
product_product_id_134351,33PT 2113,1,Jinasena_MasterData_Stock.product_template_pepper_out_let,33PT 2113,,0.0,0.0,0.0,,,,
product_product_id_134352,33PT 2113SS,1,Jinasena_MasterData_Stock.product_template_pepper_out_let_ss,33PT 2113SS,,0.0,0.0,0.0,,,,
product_product_id_134353,33PT 2114,1,Jinasena_MasterData_Stock.product_template_main_body_plate_1,33PT 2114,,0.0,0.0,0.0,,,,
product_product_id_134354,33PT 2114SS,1,Jinasena_MasterData_Stock.product_template_main_body_plate_1_ss,33PT 2114SS,,0.0,0.0,0.0,,,,
product_product_id_134355,33PT 2115,1,Jinasena_MasterData_Stock.product_template_main_body_plate_2,33PT 2115,,0.0,0.0,0.0,,,,
product_product_id_134356,33PT 2115SS,1,Jinasena_MasterData_Stock.product_template_main_body_plate_2_ss,33PT 2115SS,,0.0,0.0,0.0,,,,
product_product_id_134357,33PT 2116,1,Jinasena_MasterData_Stock.product_template_main_body_plate_3,33PT 2116,,0.0,0.0,0.0,,,,
product_product_id_134358,33PT 2116SS,1,Jinasena_MasterData_Stock.product_template_main_body_plate_3_ss,33PT 2116SS,,0.0,0.0,0.0,,,,
product_product_id_134359,33PT 2117,1,Jinasena_MasterData_Stock.product_template_concave_plate_331286,33PT 2117,,0.0,0.0,0.0,,,,
product_product_id_134360,33PT 2117SS,1,Jinasena_MasterData_Stock.product_template_concave_plate_ss,33PT 2117SS,,0.0,0.0,0.0,,,,
product_product_id_134361,33PT 2118,1,Jinasena_MasterData_Stock.product_template_concave_peg,33PT 2118,,0.0,0.0,0.0,,,,
product_product_id_134362,33PT 2118SS,1,Jinasena_MasterData_Stock.product_template_concave_peg_ss,33PT 2118SS,,0.0,0.0,0.0,,,,
product_product_id_134363,33PT 2119,1,Jinasena_MasterData_Stock.product_template_hopper_unit_aling_strip,33PT 2119,,0.0,0.0,0.0,,,,
product_product_id_134364,33PT 2119SS,1,Jinasena_MasterData_Stock.product_template_hopper_unit_aling_strip_ss,33PT 2119SS,,0.0,0.0,0.0,,,,
product_product_id_134365,33PT 2120,1,Jinasena_MasterData_Stock.product_template_hopper_unit_hinge_plate,33PT 2120,,0.0,0.0,0.0,,,,
product_product_id_134366,33PT 2121,1,Jinasena_MasterData_Stock.product_template_hopper_unit_hinge_pin,33PT 2121,,0.0,0.0,0.0,,,,
product_product_id_134367,33PT 2122,1,Jinasena_MasterData_Stock.product_template_handle_pin_for_out_let_door,33PT 2122,,0.0,0.0,0.0,,,,
product_product_id_134368,33PT 2123,1,Jinasena_MasterData_Stock.product_template_handle_for_out_let_door,33PT 2123,,0.0,0.0,0.0,,,,
product_product_id_134369,33PT 2124,1,Jinasena_MasterData_Stock.product_template_outlet_door_reinforcement,33PT 2124,,0.0,0.0,0.0,,,,
product_product_id_134370,33PT 2125,1,Jinasena_MasterData_Stock.product_template_out_let_door,33PT 2125,,0.0,0.0,0.0,,,,
product_product_id_134371,33PT 2125SS,1,Jinasena_MasterData_Stock.product_template_out_let_door_ss,33PT 2125SS,,0.0,0.0,0.0,,,,
product_product_id_134372,33PT 2126,1,Jinasena_MasterData_Stock.product_template_door_side,33PT 2126,,0.0,0.0,0.0,,,,
product_product_id_134373,33PT 2126SS,1,Jinasena_MasterData_Stock.product_template_door_side_ss,33PT 2126SS,,0.0,0.0,0.0,,,,
product_product_id_134374,33PT 2127,1,Jinasena_MasterData_Stock.product_template_out_let,33PT 2127,,0.0,0.0,0.0,,,,
product_product_id_134375,33PT 2127SS,1,Jinasena_MasterData_Stock.product_template_out_let_ss,33PT 2127SS,,0.0,0.0,0.0,,,,
product_product_id_134376,33PT 2128,1,Jinasena_MasterData_Stock.product_template_bush_for_handle_pin,33PT 2128,,0.0,0.0,0.0,,,,
product_product_id_134377,33PT 2129,1,Jinasena_MasterData_Stock.product_template_pulley_guard_round_plate,33PT 2129,,0.0,0.0,0.0,,,,
product_product_id_134378,33PT 2130,1,Jinasena_MasterData_Stock.product_template_pulley_guard_bracket_331305,33PT 2130,,0.0,0.0,0.0,,,,
product_product_id_134379,33PT 2131,1,Jinasena_MasterData_Stock.product_template_pulley_guard_cover,33PT 2131,,0.0,0.0,0.0,,,,
product_product_id_134380,33PT 2132,1,Jinasena_MasterData_Stock.product_template_pulley_guard_rod,33PT 2132,,0.0,0.0,0.0,,,,
product_product_id_134381,33PT 2133,1,Jinasena_MasterData_Stock.product_template_pl_block_fix_angle,33PT 2133,,0.0,0.0,0.0,,,,
product_product_id_134382,33PT 2134,1,Jinasena_MasterData_Stock.product_template_reduction_shaft,33PT 2134,,0.0,0.0,0.0,,,,
product_product_id_134383,33PT 2135,1,Jinasena_MasterData_Stock.product_template_engine_safty_bar,33PT 2135,,0.0,0.0,0.0,,,,
product_product_id_134384,33PT 2136,1,Jinasena_MasterData_Stock.product_template_motor_base_1,33PT 2136,,0.0,0.0,0.0,,,,
product_product_id_134385,33PT 2137,1,Jinasena_MasterData_Stock.product_template_motor_base_2,33PT 2137,,0.0,0.0,0.0,,,,
product_product_id_134386,33PT 2138,1,Jinasena_MasterData_Stock.product_template_motor_base_cross_bar,33PT 2138,,0.0,0.0,0.0,,,,
product_product_id_134387,33PT 2201,1,Jinasena_MasterData_Stock.product_template_pepper_threshing_bott_peg,33PT 2201,,0.0,0.0,0.0,,,,
product_product_id_134388,33PT 2201SS,1,Jinasena_MasterData_Stock.product_template_pepper_threshing_bott_peg_ss_331315,33PT 2201SS,,0.0,0.0,0.0,,,,
product_product_id_134389,33PT 2202,1,Jinasena_MasterData_Stock.product_template_hopper_bottom_cover_2,33PT 2202,,0.0,0.0,0.0,,,,
product_product_id_134390,33PT 2202SS,1,Jinasena_MasterData_Stock.product_template_hopper_bottom_cover_2_ss,33PT 2202SS,,0.0,0.0,0.0,,,,
product_product_id_134391,33PT 2203,1,Jinasena_MasterData_Stock.product_template_hopper_bottom_cover_3,33PT 2203,,0.0,0.0,0.0,,,,
product_product_id_134392,33PT 2203SS,1,Jinasena_MasterData_Stock.product_template_hopper_bottom_cover_3_ss,33PT 2203SS,,0.0,0.0,0.0,,,,
product_product_id_134393,33PT 2204,1,Jinasena_MasterData_Stock.product_template_hopper_bott_cover_reinforcement,33PT 2204,,0.0,0.0,0.0,,,,
product_product_id_134394,33PT 2204SS,1,Jinasena_MasterData_Stock.product_template_hopper_bott_cover_reinforcement_ss,33PT 2204SS,,0.0,0.0,0.0,,,,
product_product_id_134395,33PT 2205,1,Jinasena_MasterData_Stock.product_template_hopper_top_vover_1,33PT 2205,,0.0,0.0,0.0,,,,
product_product_id_134396,33PT 2205SS,1,Jinasena_MasterData_Stock.product_template_hopper_top_vover_1_ss,33PT 2205SS,,0.0,0.0,0.0,,,,
product_product_id_134397,33PT 2206,1,Jinasena_MasterData_Stock.product_template_hopper_top_cover_2,33PT 2206,,0.0,0.0,0.0,,,,
product_product_id_134398,33PT 2206SS,1,Jinasena_MasterData_Stock.product_template_hopper_top_cover_2_ss,33PT 2206SS,,0.0,0.0,0.0,,,,
product_product_id_134399,33PT 2207,1,Jinasena_MasterData_Stock.product_template_hopper_top_cover_3,33PT 2207,,0.0,0.0,0.0,,,,
product_product_id_134400,33PT 2207SS,1,Jinasena_MasterData_Stock.product_template_hopper_top_cover_3_ss,33PT 2207SS,,0.0,0.0,0.0,,,,
product_product_id_134401,33PT 2208,1,Jinasena_MasterData_Stock.product_template_hopper_feeding_axel,33PT 2208,,0.0,0.0,0.0,,,,
product_product_id_134402,33PT 2209,1,Jinasena_MasterData_Stock.product_template_hopper_feeding_axel_bush,33PT 2209,,0.0,0.0,0.0,,,,
product_product_id_134403,33PT 2209SS,1,Jinasena_MasterData_Stock.product_template_hopper_feeding_axel_bush_ss,33PT 2209SS,,0.0,0.0,0.0,,,,
product_product_id_134404,33PT 2210,1,Jinasena_MasterData_Stock.product_template_feeding_peg,33PT 2210,,0.0,0.0,0.0,,,,
product_product_id_134405,33PT 2210SS,1,Jinasena_MasterData_Stock.product_template_feeding_peg_ss,33PT 2210SS,,0.0,0.0,0.0,,,,
product_product_id_134406,33PT 2211,1,Jinasena_MasterData_Stock.product_template_pepper_threshing_bott_peg_331333,33PT 2211,,0.0,0.0,0.0,,,,
product_product_id_134407,33PT 2211SS,1,Jinasena_MasterData_Stock.product_template_pepper_threshing_bott_peg_ss,33PT 2211SS,,0.0,0.0,0.0,,,,
product_product_id_134408,33PT 2212,1,Jinasena_MasterData_Stock.product_template_pepper_threshing_bott_peg_rein,33PT 2212,,0.0,0.0,0.0,,,,
product_product_id_134409,33PT 2212SS,1,Jinasena_MasterData_Stock.product_template_pepper_threshing_bott_peg_rein_ss,33PT 2212SS,,0.0,0.0,0.0,,,,
product_product_id_134410,33PT 2213,1,Jinasena_MasterData_Stock.product_template_hopper_bottom_cover_1,33PT 2213,,0.0,0.0,0.0,,,,
product_product_id_134411,33PT 2213SS,1,Jinasena_MasterData_Stock.product_template_hopper_bottom_cover_1_ss,33PT 2213SS,,0.0,0.0,0.0,,,,
product_product_id_134412,33PT 2301,1,Jinasena_MasterData_Stock.product_template_drum_peg,33PT 2301,,0.0,0.0,0.0,,,,
product_product_id_134413,33PT 2301SS,1,Jinasena_MasterData_Stock.product_template_drum_peg_ss,33PT 2301SS,,0.0,0.0,0.0,,,,
product_product_id_134414,33PT 2302,1,Jinasena_MasterData_Stock.product_template_drum_peg_cross_reinforcement,33PT 2302,,0.0,0.0,0.0,,,,
product_product_id_134415,33PT 2302SS,1,Jinasena_MasterData_Stock.product_template_drum_peg_cross_reinforcement_ss,33PT 2302SS,,0.0,0.0,0.0,,,,
product_product_id_134416,33PT 2303,1,Jinasena_MasterData_Stock.product_template_drum_bush_331343,33PT 2303,,0.0,0.0,0.0,,,,
product_product_id_134417,33PT 2303SS,1,Jinasena_MasterData_Stock.product_template_drum_bush_ss,33PT 2303SS,,0.0,0.0,0.0,,,,
product_product_id_134418,33PT 2304,1,Jinasena_MasterData_Stock.product_template_drum_axel,33PT 2304,,0.0,0.0,0.0,,,,
product_product_id_134419,33PT 2305,1,Jinasena_MasterData_Stock.product_template_drum_peg_reinforcement,33PT 2305,,0.0,0.0,0.0,,,,
product_product_id_134420,33PT 2305SS,1,Jinasena_MasterData_Stock.product_template_drum_peg_reinforcement_ss,33PT 2305SS,,0.0,0.0,0.0,,,,
product_product_id_134421,33PT 2401,1,Jinasena_MasterData_Stock.product_template_pepper_th_bracket_1,33PT 2401,,0.0,0.0,0.0,,,,
product_product_id_134422,33PT 2402,1,Jinasena_MasterData_Stock.product_template_tractor_side_bracket_1,33PT 2402,,0.0,0.0,0.0,,,,
product_product_id_134423,33PT 2403,1,Jinasena_MasterData_Stock.product_template_pepper_th_br_2_tr_th_side,33PT 2403,,0.0,0.0,0.0,,,,
product_product_id_134424,33PT 2404,1,Jinasena_MasterData_Stock.product_template_reinforcement_for_bracket,33PT 2404,,0.0,0.0,0.0,,,,
product_product_id_134425,33PT 2405,1,Jinasena_MasterData_Stock.product_template_pipe_base,33PT 2405,,0.0,0.0,0.0,,,,
product_product_id_134426,33PT 2406,1,Jinasena_MasterData_Stock.product_template_tractor_bra_support,33PT 2406,,0.0,0.0,0.0,,,,
product_product_id_134427,33PT 2407,1,Jinasena_MasterData_Stock.product_template_pepper_th_bracket_support,33PT 2407,,0.0,0.0,0.0,,,,
product_product_id_134428,33PT 2408,1,Jinasena_MasterData_Stock.product_template_pulley_guard,33PT 2408,,0.0,0.0,0.0,,,,
product_product_id_134429,33PT 2409,1,Jinasena_MasterData_Stock.product_template_guard_for_pulley_guard,33PT 2409,,0.0,0.0,0.0,,,,
product_product_id_134430,33PT 2410,1,Jinasena_MasterData_Stock.product_template_pepper_th_bra_guide,33PT 2410,,0.0,0.0,0.0,,,,
product_product_id_134431,33PT 3107,1,Jinasena_MasterData_Stock.product_template_handle_reinforcement,33PT 3107,,0.0,0.0,0.0,,,,
product_product_id_134432,33PT 4100,1,Jinasena_MasterData_Stock.product_template_leg_comp_1,33PT 4100,,0.0,0.0,0.0,,,,
product_product_id_134433,33PT 4101,1,Jinasena_MasterData_Stock.product_template_leg_comp_2,33PT 4101,,0.0,0.0,0.0,,,,
product_product_id_134434,33PT 4102,1,Jinasena_MasterData_Stock.product_template_leg_comp_3,33PT 4102,,0.0,0.0,0.0,,,,
product_product_id_134435,33PT 4103,1,Jinasena_MasterData_Stock.product_template_bearing_mount_1,33PT 4103,,0.0,0.0,0.0,,,,
product_product_id_134436,33PT 4104,1,Jinasena_MasterData_Stock.product_template_bearing_mount_2,33PT 4104,,0.0,0.0,0.0,,,,
product_product_id_134437,33PT 4105,1,Jinasena_MasterData_Stock.product_template_leg_supports,33PT 4105,,0.0,0.0,0.0,,,,
product_product_id_134438,33PT 4106,1,Jinasena_MasterData_Stock.product_template_motor_base_comopent_1,33PT 4106,,0.0,0.0,0.0,,,,
product_product_id_134439,33PT 4107,1,Jinasena_MasterData_Stock.product_template_motor_base_comopent_2,33PT 4107,,0.0,0.0,0.0,,,,
product_product_id_134440,33PT 4108,1,Jinasena_MasterData_Stock.product_template_motor_base_comopent_3,33PT 4108,,0.0,0.0,0.0,,,,
product_product_id_134441,33PT 4109,1,Jinasena_MasterData_Stock.product_template_sieve_plate_331368,33PT 4109,,0.0,0.0,0.0,,,,
product_product_id_134442,33PT 4110,1,Jinasena_MasterData_Stock.product_template_side_cover_1,33PT 4110,,0.0,0.0,0.0,,,,
product_product_id_134443,33PT 4111,1,Jinasena_MasterData_Stock.product_template_side_cover_2,33PT 4111,,0.0,0.0,0.0,,,,
product_product_id_134444,33PT 4112,1,Jinasena_MasterData_Stock.product_template_tray,33PT 4112,,0.0,0.0,0.0,,,,
product_product_id_134445,33PT 4113,1,Jinasena_MasterData_Stock.product_template_top_cover_sides_331372,33PT 4113,,0.0,0.0,0.0,,,,
product_product_id_134446,33PT 4114,1,Jinasena_MasterData_Stock.product_template_front_cover_331373,33PT 4114,,0.0,0.0,0.0,,,,
product_product_id_134447,33PT 4115,1,Jinasena_MasterData_Stock.product_template_tray_sides,33PT 4115,,0.0,0.0,0.0,,,,
product_product_id_134448,33PT 4116,1,Jinasena_MasterData_Stock.product_template_top_cover_sides,33PT 4116,,0.0,0.0,0.0,,,,
product_product_id_134449,33PT 4117,1,Jinasena_MasterData_Stock.product_template_feeding_tray_comp_1,33PT 4117,,0.0,0.0,0.0,,,,
product_product_id_134450,33PT 4118,1,Jinasena_MasterData_Stock.product_template_feeding_tray_comp_2,33PT 4118,,0.0,0.0,0.0,,,,
product_product_id_134451,33PT 4119,1,Jinasena_MasterData_Stock.product_template_belt_guard_com_1,33PT 4119,,0.0,0.0,0.0,,,,
product_product_id_134452,33PT 4120,1,Jinasena_MasterData_Stock.product_template_belt_guard_com_2,33PT 4120,,0.0,0.0,0.0,,,,
product_product_id_134453,33PT 4121,1,Jinasena_MasterData_Stock.product_template_drum_sides,33PT 4121,,0.0,0.0,0.0,,,,
product_product_id_134454,33PT 4122,1,Jinasena_MasterData_Stock.product_template_drum_bush_331381,33PT 4122,,0.0,0.0,0.0,,,,
product_product_id_134455,33PT 4123,1,Jinasena_MasterData_Stock.product_template_drum_shaft_331382,33PT 4123,,0.0,0.0,0.0,,,,
product_product_id_134456,33PT 4124,1,Jinasena_MasterData_Stock.product_template_drum_spiral_strip,33PT 4124,,0.0,0.0,0.0,,,,
product_product_id_134457,33PT 4125,1,Jinasena_MasterData_Stock.product_template_drum_pegs_331384,33PT 4125,,0.0,0.0,0.0,,,,
product_product_id_134458,33PT 4201,1,Jinasena_MasterData_Stock.product_template_frame_base_angle_01,33PT 4201,,0.0,0.0,0.0,,,,
product_product_id_134459,33PT 4203,1,Jinasena_MasterData_Stock.product_template_frame_column_angle_331386,33PT 4203,,0.0,0.0,0.0,,,,
product_product_id_134460,33PT 4204,1,Jinasena_MasterData_Stock.product_template_main_bodyy_plate_01,33PT 4204,,0.0,0.0,0.0,,,,
product_product_id_134461,33PT 4205,1,Jinasena_MasterData_Stock.product_template_main_bodyy_plate_02,33PT 4205,,0.0,0.0,0.0,,,,
product_product_id_134462,33PT 4206,1,Jinasena_MasterData_Stock.product_template_main_bodyy_plate_03,33PT 4206,,0.0,0.0,0.0,,,,
product_product_id_134463,33PT 4207,1,Jinasena_MasterData_Stock.product_template_concave_plate_331390,33PT 4207,,0.0,0.0,0.0,,,,
product_product_id_134464,33PT 4208,1,Jinasena_MasterData_Stock.product_template_hop_unit_align_strip,33PT 4208,,0.0,0.0,0.0,,,,
product_product_id_134465,33PT 4209,1,Jinasena_MasterData_Stock.product_template_outlet_door,33PT 4209,,0.0,0.0,0.0,,,,
product_product_id_134466,33PT 4210,1,Jinasena_MasterData_Stock.product_template_outlet_door_ss_cover,33PT 4210,,0.0,0.0,0.0,,,,
product_product_id_134467,33PT 4211,1,Jinasena_MasterData_Stock.product_template_door_sides,33PT 4211,,0.0,0.0,0.0,,,,
product_product_id_134468,33PT 4212,1,Jinasena_MasterData_Stock.product_template_outlet,33PT 4212,,0.0,0.0,0.0,,,,
product_product_id_134469,33PT 4213,1,Jinasena_MasterData_Stock.product_template_puley_guard_round_plate,33PT 4213,,0.0,0.0,0.0,,,,
product_product_id_134470,33PT 4214,1,Jinasena_MasterData_Stock.product_template_puley_guard_plate,33PT 4214,,0.0,0.0,0.0,,,,
product_product_id_134471,33PT 4215,1,Jinasena_MasterData_Stock.product_template_mesh_331398,33PT 4215,,0.0,0.0,0.0,,,,
product_product_id_134472,33PT 4216,1,Jinasena_MasterData_Stock.product_template_tray_plates,33PT 4216,,0.0,0.0,0.0,,,,
product_product_id_134473,33PT 4217,1,Jinasena_MasterData_Stock.product_template_hop_cover_1,33PT 4217,,0.0,0.0,0.0,,,,
product_product_id_134474,33PT 4218,1,Jinasena_MasterData_Stock.product_template_hop_cover_2,33PT 4218,,0.0,0.0,0.0,,,,
product_product_id_134475,33PT 4219,1,Jinasena_MasterData_Stock.product_template_hop_cover_3,33PT 4219,,0.0,0.0,0.0,,,,
product_product_id_134476,33PT 4220,1,Jinasena_MasterData_Stock.product_template_hop_top_cover_1,33PT 4220,,0.0,0.0,0.0,,,,
product_product_id_134477,33PT 4221,1,Jinasena_MasterData_Stock.product_template_hop_top_cover_2,33PT 4221,,0.0,0.0,0.0,,,,
product_product_id_134478,33PT 4222,1,Jinasena_MasterData_Stock.product_template_hop_peg_rainf,33PT 4222,,0.0,0.0,0.0,,,,
product_product_id_134479,33PT 4223,1,Jinasena_MasterData_Stock.product_template_column_foot,33PT 4223,,0.0,0.0,0.0,,,,
product_product_id_134480,33PT 4224,1,Jinasena_MasterData_Stock.product_template_handle_bar_331407,33PT 4224,,0.0,0.0,0.0,,,,
product_product_id_134481,33PT 4225,1,Jinasena_MasterData_Stock.product_template_handle_joint_bar_331408,33PT 4225,,0.0,0.0,0.0,,,,
product_product_id_134482,33PT 4226,1,Jinasena_MasterData_Stock.product_template_wheel_fixing_rod_331409,33PT 4226,,0.0,0.0,0.0,,,,
product_product_id_134483,33PT 4227,1,Jinasena_MasterData_Stock.product_template_hopper_hinges,33PT 4227,,0.0,0.0,0.0,,,,
product_product_id_134484,33PT 4228,1,Jinasena_MasterData_Stock.product_template_handle_pin_outlet_door,33PT 4228,,0.0,0.0,0.0,,,,
product_product_id_134485,33PT 4229,1,Jinasena_MasterData_Stock.product_template_outlet_door_rairforce,33PT 4229,,0.0,0.0,0.0,,,,
product_product_id_134486,33PT 4230,1,Jinasena_MasterData_Stock.product_template_door_handle,33PT 4230,,0.0,0.0,0.0,,,,
product_product_id_134487,33PT 4231,1,Jinasena_MasterData_Stock.product_template_bottom_pegs,33PT 4231,,0.0,0.0,0.0,,,,
product_product_id_134488,33PT 4232,1,Jinasena_MasterData_Stock.product_template_drum_pipe_331415,33PT 4232,,0.0,0.0,0.0,,,,
product_product_id_134489,33PT 4233,1,Jinasena_MasterData_Stock.product_template_drum_bush_331416,33PT 4233,,0.0,0.0,0.0,,,,
product_product_id_134490,33PT 4234,1,Jinasena_MasterData_Stock.product_template_drum_pegs_331417,33PT 4234,,0.0,0.0,0.0,,,,
product_product_id_134491,33PT 4235,1,Jinasena_MasterData_Stock.product_template_drum_pegs_cross,33PT 4235,,0.0,0.0,0.0,,,,
product_product_id_134492,33PT 4236,1,Jinasena_MasterData_Stock.product_template_drum_axel_331419,33PT 4236,,0.0,0.0,0.0,,,,
product_product_id_134493,33PT 4237,1,Jinasena_MasterData_Stock.product_template_concave_pegs,33PT 4237,,0.0,0.0,0.0,,,,
product_product_id_134494,33PT 4238,1,Jinasena_MasterData_Stock.product_template_bush_for_handle_pin_331421,33PT 4238,,0.0,0.0,0.0,,,,
product_product_id_134495,33PT 4239,1,Jinasena_MasterData_Stock.product_template_pulliey_guard_bracket,33PT 4239,,0.0,0.0,0.0,,,,
product_product_id_134496,33PT 4240,1,Jinasena_MasterData_Stock.product_template_motor_bracket_1,33PT 4240,,0.0,0.0,0.0,,,,
product_product_id_134497,33PT 4241,1,Jinasena_MasterData_Stock.product_template_motor_bracket_cross,33PT 4241,,0.0,0.0,0.0,,,,
product_product_id_134498,33PW 601,1,Jinasena_MasterData_Stock.product_template_side_ring,33PW 601,,0.0,0.0,0.0,,,,
product_product_id_134499,33PW 602,1,Jinasena_MasterData_Stock.product_template_middle_ring,33PW 602,,0.0,0.0,0.0,,,,
product_product_id_134500,33PW 603,1,Jinasena_MasterData_Stock.product_template_wheel_blades,33PW 603,,0.0,0.0,0.0,,,,
product_product_id_134501,33PW 604,1,Jinasena_MasterData_Stock.product_template_spoke_long,33PW 604,,0.0,0.0,0.0,,,,
product_product_id_134502,33PW 605,1,Jinasena_MasterData_Stock.product_template_spoke_short,33PW 605,,0.0,0.0,0.0,,,,
product_product_id_134503,33PW 606,1,Jinasena_MasterData_Stock.product_template_hub_plate_331430,33PW 606,,0.0,0.0,0.0,,,,
product_product_id_134504,33PW 607,1,Jinasena_MasterData_Stock.product_template_blade_support_331431,33PW 607,,0.0,0.0,0.0,,,,
product_product_id_134505,33PW 651,1,Jinasena_MasterData_Stock.product_template_wheel_ring_jet5_plough,33PW 651,,0.0,0.0,0.0,,,,
product_product_id_134506,33PW 652,1,Jinasena_MasterData_Stock.product_template_wheel_blade_jet5_plough,33PW 652,,0.0,0.0,0.0,,,,
product_product_id_134507,33PW 653,1,Jinasena_MasterData_Stock.product_template_blade_reinforcement_s_jet5_ploug,33PW 653,,0.0,0.0,0.0,,,,
product_product_id_134508,33PW 654,1,Jinasena_MasterData_Stock.product_template_blade_reinforcement_l_jet5_ploug,33PW 654,,0.0,0.0,0.0,,,,
product_product_id_134509,33PW 655,1,Jinasena_MasterData_Stock.product_template_spoke_jet5_plough,33PW 655,,0.0,0.0,0.0,,,,
product_product_id_134510,33RE 10002,1,Jinasena_MasterData_Stock.product_template_rubber_peice,33RE 10002,,0.0,0.0,0.0,,,,
product_product_id_134511,33RE 120001,1,Jinasena_MasterData_Stock.product_template_special_washer_3mm_thick,33RE 120001,,0.0,0.0,0.0,,,,
product_product_id_134512,33RE 120010,1,Jinasena_MasterData_Stock.product_template_key_a,33RE 120010,,0.0,0.0,0.0,,,,
product_product_id_134513,33RE 120011,1,Jinasena_MasterData_Stock.product_template_key_a1,33RE 120011,,0.0,0.0,0.0,,,,
product_product_id_134514,33RE 120101,1,Jinasena_MasterData_Stock.product_template_cover_left_divider_angle_assy,33RE 120101,,0.0,0.0,0.0,,,,
product_product_id_134515,33RE 120102,1,Jinasena_MasterData_Stock.product_template_fixing_bracket_divider_angle,33RE 120102,,0.0,0.0,0.0,,,,
product_product_id_134516,33RE 120103,1,Jinasena_MasterData_Stock.product_template_pipe_divider_angle,33RE 120103,,0.0,0.0,0.0,,,,
product_product_id_134517,33RE 120104,1,Jinasena_MasterData_Stock.product_template_block_divider_angle,33RE 120104,,0.0,0.0,0.0,,,,
product_product_id_134518,33RE 120105,1,Jinasena_MasterData_Stock.product_template_cover_reinforcement_plate,33RE 120105,,0.0,0.0,0.0,,,,
product_product_id_134519,33RE 120106,1,Jinasena_MasterData_Stock.product_template_top_rod_divider_angle,33RE 120106,,0.0,0.0,0.0,,,,
product_product_id_134520,33RE 120107,1,Jinasena_MasterData_Stock.product_template_point_divider_angle,33RE 120107,,0.0,0.0,0.0,,,,
product_product_id_134521,33RE 120108,1,Jinasena_MasterData_Stock.product_template_lower_rod_divider_angle,33RE 120108,,0.0,0.0,0.0,,,,
product_product_id_134522,33RE 120114,1,Jinasena_MasterData_Stock.product_template_top_member_main_frame,33RE 120114,,0.0,0.0,0.0,,,,
product_product_id_134523,33RE 120115,1,Jinasena_MasterData_Stock.product_template_slotted_member_short,33RE 120115,,0.0,0.0,0.0,,,,
product_product_id_134524,33RE 120116,1,Jinasena_MasterData_Stock.product_template_upright_member_b,33RE 120116,,0.0,0.0,0.0,,,,
product_product_id_134525,33RE 120201,1,Jinasena_MasterData_Stock.product_template_bracket,33RE 120201,,0.0,0.0,0.0,,,,
product_product_id_134526,33RE 120202,1,Jinasena_MasterData_Stock.product_template_lug_for_outlet_main_frame,33RE 120202,,0.0,0.0,0.0,,,,
product_product_id_134527,33RE 120203,1,Jinasena_MasterData_Stock.product_template_up_right_member_a,33RE 120203,,0.0,0.0,0.0,,,,
product_product_id_134528,33RE 120204,1,Jinasena_MasterData_Stock.product_template_lower_member_a,33RE 120204,,0.0,0.0,0.0,,,,
product_product_id_134529,33RE 120205,1,Jinasena_MasterData_Stock.product_template_lower_member_b,33RE 120205,,0.0,0.0,0.0,,,,
product_product_id_134530,33RE 120206,1,Jinasena_MasterData_Stock.product_template_lower_member_c,33RE 120206,,0.0,0.0,0.0,,,,
product_product_id_134531,33RE 120207,1,Jinasena_MasterData_Stock.product_template_bracket_for_star_wheel_assembly,33RE 120207,,0.0,0.0,0.0,,,,
product_product_id_134532,33RE 120208,1,Jinasena_MasterData_Stock.product_template_slot_strip_main_frame,33RE 120208,,0.0,0.0,0.0,,,,
product_product_id_134533,33RE 120209,1,Jinasena_MasterData_Stock.product_template_slotted_member_long_main_frame,33RE 120209,,0.0,0.0,0.0,,,,
product_product_id_134534,33RE 120210,1,Jinasena_MasterData_Stock.product_template_corner_piece_main_frame,33RE 120210,,0.0,0.0,0.0,,,,
product_product_id_134535,33RE 120211,1,Jinasena_MasterData_Stock.product_template_hook_a_main_frame,33RE 120211,,0.0,0.0,0.0,,,,
product_product_id_134536,33RE 120212,1,Jinasena_MasterData_Stock.product_template_hook_b_main_frame,33RE 120212,,0.0,0.0,0.0,,,,
product_product_id_134537,33RE 120213,1,Jinasena_MasterData_Stock.product_template_fixing_bracket,33RE 120213,,0.0,0.0,0.0,,,,
product_product_id_134538,33RE 120214,1,Jinasena_MasterData_Stock.product_template_hook_mounting_plate,33RE 120214,,0.0,0.0,0.0,,,,
product_product_id_134539,33RE 120301,1,Jinasena_MasterData_Stock.product_template_shaft_star_wheel,33RE 120301,,0.0,0.0,0.0,,,,
product_product_id_134540,33RE 120302,1,Jinasena_MasterData_Stock.product_template_cup_star_wheel,33RE 120302,,0.0,0.0,0.0,,,,
product_product_id_134541,33RE 120303,1,Jinasena_MasterData_Stock.product_template_spring_tension,33RE 120303,,0.0,0.0,0.0,,,,
product_product_id_134542,33RE 120304,1,Jinasena_MasterData_Stock.product_template_cover_star_wheel_a,33RE 120304,,0.0,0.0,0.0,,,,
product_product_id_134543,33RE 120305,1,Jinasena_MasterData_Stock.product_template_cover_point,33RE 120305,,0.0,0.0,0.0,,,,
product_product_id_134544,33RE 120306,1,Jinasena_MasterData_Stock.product_template_protective_pipe,33RE 120306,,0.0,0.0,0.0,,,,
product_product_id_134545,33RE 120307,1,Jinasena_MasterData_Stock.product_template_angle_bar_bent,33RE 120307,,0.0,0.0,0.0,,,,
product_product_id_134546,33RE 120308,1,Jinasena_MasterData_Stock.product_template_cover_holder_bracket,33RE 120308,,0.0,0.0,0.0,,,,
product_product_id_134547,33RE 120309,1,Jinasena_MasterData_Stock.product_template_bracket_fixing_1,33RE 120309,,0.0,0.0,0.0,,,,
product_product_id_134548,33RE 120310,1,Jinasena_MasterData_Stock.product_template_star_wheel_holder_bracket_a,33RE 120310,,0.0,0.0,0.0,,,,
product_product_id_134549,33RE 120311,1,Jinasena_MasterData_Stock.product_template_star_wheel_holder_bracket_b,33RE 120311,,0.0,0.0,0.0,,,,
product_product_id_134550,33RE 120312,1,Jinasena_MasterData_Stock.product_template_bracket_fixing_2,33RE 120312,,0.0,0.0,0.0,,,,
product_product_id_134551,33RE 120313,1,Jinasena_MasterData_Stock.product_template_supporting_plate,33RE 120313,,0.0,0.0,0.0,,,,
product_product_id_134552,33RE 120314,1,Jinasena_MasterData_Stock.product_template_star_wheel_cover_rod,33RE 120314,,0.0,0.0,0.0,,,,
product_product_id_134553,33RE 120315,1,Jinasena_MasterData_Stock.product_template_star_wheel_piller_rein_ment_1,33RE 120315,,0.0,0.0,0.0,,,,
product_product_id_134554,33RE 120316,1,Jinasena_MasterData_Stock.product_template_star_wheel_piller_rein_ment_2,33RE 120316,,0.0,0.0,0.0,,,,
product_product_id_134555,33RE 120317,1,Jinasena_MasterData_Stock.product_template_cover_star_wheel_b,33RE 120317,,0.0,0.0,0.0,,,,
product_product_id_134556,33RE 120401,1,Jinasena_MasterData_Stock.product_template_angle_bar_of_cutter_assembly,33RE 120401,,0.0,0.0,0.0,,,,
product_product_id_134557,33RE 120402,1,Jinasena_MasterData_Stock.product_template_cover_ball_bearing,33RE 120402,,0.0,0.0,0.0,,,,
product_product_id_134558,33RE 120403,1,Jinasena_MasterData_Stock.product_template_inner_collar,33RE 120403,,0.0,0.0,0.0,,,,
product_product_id_134559,33RE 120404,1,Jinasena_MasterData_Stock.product_template_outer_collar,33RE 120404,,0.0,0.0,0.0,,,,
product_product_id_134560,33RE 120405,1,Jinasena_MasterData_Stock.product_template_bearing_housing_link_rod,33RE 120405,,0.0,0.0,0.0,,,,
product_product_id_134561,33RE 120406,1,Jinasena_MasterData_Stock.product_template_link_rod,33RE 120406,,0.0,0.0,0.0,,,,
product_product_id_134562,33RE 120407,1,Jinasena_MasterData_Stock.product_template_collar_split,33RE 120407,,0.0,0.0,0.0,,,,
product_product_id_134563,33RE 120408,1,Jinasena_MasterData_Stock.product_template_clamping_lug,33RE 120408,,0.0,0.0,0.0,,,,
product_product_id_134564,33RE 120409,1,Jinasena_MasterData_Stock.product_template_bolt_bush_knife_bar,33RE 120409,,0.0,0.0,0.0,,,,
product_product_id_134565,33RE 120410,1,Jinasena_MasterData_Stock.product_template_connectin_plate_for_knife_bar,33RE 120410,,0.0,0.0,0.0,,,,
product_product_id_134566,33RE 120501,1,Jinasena_MasterData_Stock.product_template_shaft_conveyor_drive_reaper,33RE 120501,,0.0,0.0,0.0,,,,
product_product_id_134567,33RE 120502,1,Jinasena_MasterData_Stock.product_template_collar_a,33RE 120502,,0.0,0.0,0.0,,,,
product_product_id_134568,33RE 120504,1,Jinasena_MasterData_Stock.product_template_key_de,33RE 120504,,0.0,0.0,0.0,,,,
product_product_id_134569,33RE 120505,1,Jinasena_MasterData_Stock.product_template_collar_b,33RE 120505,,0.0,0.0,0.0,,,,
product_product_id_134570,33RE 120506,1,Jinasena_MasterData_Stock.product_template_key_b_conveyor_driver_assemb,33RE 120506,,0.0,0.0,0.0,,,,
product_product_id_134571,33RE 120602,1,Jinasena_MasterData_Stock.product_template_shaft_main,33RE 120602,,0.0,0.0,0.0,,,,
product_product_id_134572,33RE 120604,1,Jinasena_MasterData_Stock.product_template_washer_12mm_t_3mm_special,33RE 120604,,0.0,0.0,0.0,,,,
product_product_id_134573,33RE 120605,1,Jinasena_MasterData_Stock.product_template_shaft_crank_main_shaft,33RE 120605,,0.0,0.0,0.0,,,,
product_product_id_134574,33RE 120606,1,Jinasena_MasterData_Stock.product_template_plate_crank_main_shaft,33RE 120606,,0.0,0.0,0.0,,,,
product_product_id_134575,33RE 120607,1,Jinasena_MasterData_Stock.product_template_collar_crank_main_shaft,33RE 120607,,0.0,0.0,0.0,,,,
product_product_id_134576,33RE 120701,1,Jinasena_MasterData_Stock.product_template_tension_plate_for_conveyor_belts,33RE 120701,,0.0,0.0,0.0,,,,
product_product_id_134577,33RE 120702,1,Jinasena_MasterData_Stock.product_template_bolt_conveyor_driven_assembly,33RE 120702,,0.0,0.0,0.0,,,,
product_product_id_134578,33RE 120703,1,Jinasena_MasterData_Stock.product_template_bracket_convy_driven_assembly,33RE 120703,,0.0,0.0,0.0,,,,
product_product_id_134579,33RE 120704,1,Jinasena_MasterData_Stock.product_template_shaft_conveyor_driven_reaper,33RE 120704,,0.0,0.0,0.0,,,,
product_product_id_134580,33RE 120801,1,Jinasena_MasterData_Stock.product_template_bracket_for_skid_ajust,33RE 120801,,0.0,0.0,0.0,,,,
product_product_id_134581,33RE 120802,1,Jinasena_MasterData_Stock.product_template_skid_side_plate,33RE 120802,,0.0,0.0,0.0,,,,
product_product_id_134582,33RE 120803,1,Jinasena_MasterData_Stock.product_template_skid_bottom_plate,33RE 120803,,0.0,0.0,0.0,,,,
product_product_id_134583,33RE 120804,1,Jinasena_MasterData_Stock.product_template_skid_top_plate,33RE 120804,,0.0,0.0,0.0,,,,
product_product_id_134584,33RE 120805,1,Jinasena_MasterData_Stock.product_template_special_washer_2mm,33RE 120805,,0.0,0.0,0.0,,,,
product_product_id_134585,33RE 120901,1,Jinasena_MasterData_Stock.product_template_cover_upper,33RE 120901,,0.0,0.0,0.0,,,,
product_product_id_134586,33RE 120902,1,Jinasena_MasterData_Stock.product_template_cover_outlet_lower,33RE 120902,,0.0,0.0,0.0,,,,
product_product_id_134587,33RE 120903,1,Jinasena_MasterData_Stock.product_template_plate_for_bolt_cover,33RE 120903,,0.0,0.0,0.0,,,,
product_product_id_134588,33RE 121001,1,Jinasena_MasterData_Stock.product_template_tension_pulley,33RE 121001,,0.0,0.0,0.0,,,,
product_product_id_134589,33RE 121002,1,Jinasena_MasterData_Stock.product_template_bracket_top_tension_pulley_shaft,33RE 121002,,0.0,0.0,0.0,,,,
product_product_id_134590,33RE 121003,1,Jinasena_MasterData_Stock.product_template_shaft_top_tension_pulley,33RE 121003,,0.0,0.0,0.0,,,,
product_product_id_134591,33RE 121101,1,Jinasena_MasterData_Stock.product_template_spacer_4mm_thickness,33RE 121101,,0.0,0.0,0.0,,,,
product_product_id_134592,33RE 121102,1,Jinasena_MasterData_Stock.product_template_lever,33RE 121102,,0.0,0.0,0.0,,,,
product_product_id_134593,33RE 121104,1,Jinasena_MasterData_Stock.product_template_crank_clutch,33RE 121104,,0.0,0.0,0.0,,,,
product_product_id_134594,33RE 121105,1,Jinasena_MasterData_Stock.product_template_slide_piece,33RE 121105,,0.0,0.0,0.0,,,,
product_product_id_134595,33RE 121106,1,Jinasena_MasterData_Stock.product_template_shaft_connecting,33RE 121106,,0.0,0.0,0.0,,,,
product_product_id_134596,33RE 121107,1,Jinasena_MasterData_Stock.product_template_clutch_dog_for_kubota_kit,33RE 121107,,0.0,0.0,0.0,,,,
product_product_id_134597,33RE 121110,1,Jinasena_MasterData_Stock.product_template_bush_for_st_pulley,33RE 121110,,0.0,0.0,0.0,,,,
product_product_id_134598,33RE 121202,1,Jinasena_MasterData_Stock.product_template_shaft_bracket_t_pulley_att_kits,33RE 121202,,0.0,0.0,0.0,,,,
product_product_id_134599,33RE 121203,1,Jinasena_MasterData_Stock.product_template_spring_clutch_tension_kubota_kit,33RE 121203,,0.0,0.0,0.0,,,,
product_product_id_134600,33RE 121204,1,Jinasena_MasterData_Stock.product_template_angle_iron_slotted,33RE 121204,,0.0,0.0,0.0,,,,
product_product_id_134601,33RE 121205,1,Jinasena_MasterData_Stock.product_template_angle_iron_member,33RE 121205,,0.0,0.0,0.0,,,,
product_product_id_134602,33RE 121206,1,Jinasena_MasterData_Stock.product_template_bracket_pull_rod_spring,33RE 121206,,0.0,0.0,0.0,,,,
product_product_id_134603,33RE 121302,1,Jinasena_MasterData_Stock.product_template_pull_rod,33RE 121302,,0.0,0.0,0.0,,,,
product_product_id_134604,33RE 121303,1,Jinasena_MasterData_Stock.product_template_spring,33RE 121303,,0.0,0.0,0.0,,,,
product_product_id_134605,33RE 121305,1,Jinasena_MasterData_Stock.product_template_bracket_331532,33RE 121305,,0.0,0.0,0.0,,,,
product_product_id_134606,33RE 121306,1,Jinasena_MasterData_Stock.product_template_handle_clutch_lever,33RE 121306,,0.0,0.0,0.0,,,,
product_product_id_134607,33RE 121307,1,Jinasena_MasterData_Stock.product_template_bracket_handle_clutch_lever,33RE 121307,,0.0,0.0,0.0,,,,
product_product_id_134608,33RE 121308,1,Jinasena_MasterData_Stock.product_template_bracket_pull_rod,33RE 121308,,0.0,0.0,0.0,,,,
product_product_id_134609,33RE 121309,1,Jinasena_MasterData_Stock.product_template_gate_bracket_clutch_handle,33RE 121309,,0.0,0.0,0.0,,,,
product_product_id_134610,33RE 121310,1,Jinasena_MasterData_Stock.product_template_side_bracket_clutch,33RE 121310,,0.0,0.0,0.0,,,,
product_product_id_134611,33RE 121311,1,Jinasena_MasterData_Stock.product_template_bracket_holder,33RE 121311,,0.0,0.0,0.0,,,,
product_product_id_134612,33RE 121312,1,Jinasena_MasterData_Stock.product_template_shaft_clutch_handle,33RE 121312,,0.0,0.0,0.0,,,,
product_product_id_134613,33RE 121401,1,Jinasena_MasterData_Stock.product_template_spring_clip_r_clip,33RE 121401,,0.0,0.0,0.0,,,,
product_product_id_134614,33RE 121402,1,Jinasena_MasterData_Stock.product_template_reaper_pin,33RE 121402,,0.0,0.0,0.0,,,,
product_product_id_134615,33RE 121403,1,Jinasena_MasterData_Stock.product_template_supporting_arm,33RE 121403,,0.0,0.0,0.0,,,,
product_product_id_134616,33RE 121404,1,Jinasena_MasterData_Stock.product_template_lug_bracket_pin_a,33RE 121404,,0.0,0.0,0.0,,,,
product_product_id_134617,33RE 121405,1,Jinasena_MasterData_Stock.product_template_angle_iron_member_long,33RE 121405,,0.0,0.0,0.0,,,,
product_product_id_134618,33RE 121406,1,Jinasena_MasterData_Stock.product_template_angle_iron_member_side,33RE 121406,,0.0,0.0,0.0,,,,
product_product_id_134619,33RE 121407,1,Jinasena_MasterData_Stock.product_template_lug_bracket_pin_b,33RE 121407,,0.0,0.0,0.0,,,,
product_product_id_134620,33RE 121408,1,Jinasena_MasterData_Stock.product_template_pin_main_bracket,33RE 121408,,0.0,0.0,0.0,,,,
product_product_id_134621,33RE 121409,1,Jinasena_MasterData_Stock.product_template_angle_iron_member_short,33RE 121409,,0.0,0.0,0.0,,,,
product_product_id_134622,33RE 121410,1,Jinasena_MasterData_Stock.product_template_cover_plate,33RE 121410,,0.0,0.0,0.0,,,,
product_product_id_134623,33RE 121411,1,Jinasena_MasterData_Stock.product_template_reaper_connecting_lug,33RE 121411,,0.0,0.0,0.0,,,,
product_product_id_134624,33RE 121501,1,Jinasena_MasterData_Stock.product_template_bracket_tension,33RE 121501,,0.0,0.0,0.0,,,,
product_product_id_134625,33RE 121502,1,Jinasena_MasterData_Stock.product_template_shaft_bracket_t_pulley_att_kits_331552,33RE 121502,,0.0,0.0,0.0,,,,
product_product_id_134626,33RE 1215A,1,Jinasena_MasterData_Stock.product_template_tention_pulley_braket,33RE 1215A,,0.0,0.0,0.0,,,,
product_product_id_134627,33RE 121601,1,Jinasena_MasterData_Stock.product_template_washer_supporting_arm,33RE 121601,,0.0,0.0,0.0,,,,
product_product_id_134628,33RE 121602,1,Jinasena_MasterData_Stock.product_template_arm_left,33RE 121602,,0.0,0.0,0.0,,,,
product_product_id_134629,33RE 121603,1,Jinasena_MasterData_Stock.product_template_arm_right,33RE 121603,,0.0,0.0,0.0,,,,
product_product_id_134630,33RE 121701,1,Jinasena_MasterData_Stock.product_template_panel,33RE 121701,,0.0,0.0,0.0,,,,
product_product_id_134631,33RE 121702,1,Jinasena_MasterData_Stock.product_template_pannel_rod,33RE 121702,,0.0,0.0,0.0,,,,
product_product_id_134632,33RE 121901,1,Jinasena_MasterData_Stock.product_template_lug_reaper,33RE 121901,,0.0,0.0,0.0,,,,
product_product_id_134633,33RE 12201,1,Jinasena_MasterData_Stock.product_template_side_plate_331560,33RE 12201,,0.0,0.0,0.0,,,,
product_product_id_134634,33RE 12202,1,Jinasena_MasterData_Stock.product_template_bottom_plate_a,33RE 12202,,0.0,0.0,0.0,,,,
product_product_id_134635,33RE 12203,1,Jinasena_MasterData_Stock.product_template_front_plate_b,33RE 12203,,0.0,0.0,0.0,,,,
product_product_id_134636,33RE 12204,1,Jinasena_MasterData_Stock.product_template_back_plate_c,33RE 12204,,0.0,0.0,0.0,,,,
product_product_id_134637,33RE 12205,1,Jinasena_MasterData_Stock.product_template_cover_plate_331564,33RE 12205,,0.0,0.0,0.0,,,,
product_product_id_134638,33RE 12206,1,Jinasena_MasterData_Stock.product_template_lock_holder,33RE 12206,,0.0,0.0,0.0,,,,
product_product_id_134639,33RE 12207,1,Jinasena_MasterData_Stock.product_template_re_inforcing_strips,33RE 12207,,0.0,0.0,0.0,,,,
product_product_id_134640,33RE 12209,1,Jinasena_MasterData_Stock.product_template_lock_hook,33RE 12209,,0.0,0.0,0.0,,,,
product_product_id_134641,33RE 12212,1,Jinasena_MasterData_Stock.product_template_bottom_plate_b,33RE 12212,,0.0,0.0,0.0,,,,
product_product_id_134642,33RE 12213,1,Jinasena_MasterData_Stock.product_template_top_plate_1,33RE 12213,,0.0,0.0,0.0,,,,
product_product_id_134643,33RE 12214,1,Jinasena_MasterData_Stock.product_template_top_plate_2,33RE 12214,,0.0,0.0,0.0,,,,
product_product_id_134644,33RE 220001,1,Jinasena_MasterData_Stock.product_template_top_holding_plate,33RE 220001,,0.0,0.0,0.0,,,,
product_product_id_134645,33RE 220805,1,Jinasena_MasterData_Stock.product_template_reaper_mount_bottom_al,33RE 220805,,0.0,0.0,0.0,,,,
product_product_id_134646,33RE 221404,1,Jinasena_MasterData_Stock.product_template_reaper_mount_top_a_i,33RE 221404,,0.0,0.0,0.0,,,,
product_product_id_134647,33RE 221407,1,Jinasena_MasterData_Stock.product_template_reaper_mount_a_i,33RE 221407,,0.0,0.0,0.0,,,,
product_product_id_134648,33RE 221410,1,Jinasena_MasterData_Stock.product_template_reaper_mount_top_pin,33RE 221410,,0.0,0.0,0.0,,,,
product_product_id_134649,33RE 22201,1,Jinasena_MasterData_Stock.product_template_side_plate_a_b,33RE 22201,,0.0,0.0,0.0,,,,
product_product_id_134650,33RE 22202,1,Jinasena_MasterData_Stock.product_template_reinforcement_plate_a_b,33RE 22202,,0.0,0.0,0.0,,,,
product_product_id_134651,33RE 22203,1,Jinasena_MasterData_Stock.product_template_middle_plate_b,33RE 22203,,0.0,0.0,0.0,,,,
product_product_id_134652,33RE 22204,1,Jinasena_MasterData_Stock.product_template_middle_plate_c,33RE 22204,,0.0,0.0,0.0,,,,
product_product_id_134653,33RE 22205,1,Jinasena_MasterData_Stock.product_template_top_cover_lock_plate_331580,33RE 22205,,0.0,0.0,0.0,,,,
product_product_id_134654,33RE 22206,1,Jinasena_MasterData_Stock.product_template_top_cover_331581,33RE 22206,,0.0,0.0,0.0,,,,
product_product_id_134655,33RE 22207,1,Jinasena_MasterData_Stock.product_template_reaper_mount_f_i,33RE 22207,,0.0,0.0,0.0,,,,
product_product_id_134656,33RE 22210,1,Jinasena_MasterData_Stock.product_template_slide_slotted_angle,33RE 22210,,0.0,0.0,0.0,,,,
product_product_id_134657,33RE 22211,1,Jinasena_MasterData_Stock.product_template_reaper_pin_f_i,33RE 22211,,0.0,0.0,0.0,,,,
product_product_id_134658,33RE 22212,1,Jinasena_MasterData_Stock.product_template_side_ren_force_plate,33RE 22212,,0.0,0.0,0.0,,,,
product_product_id_134659,33RE 22213,1,Jinasena_MasterData_Stock.product_template_skid_mount_plate,33RE 22213,,0.0,0.0,0.0,,,,
product_product_id_134660,33RE 22214,1,Jinasena_MasterData_Stock.product_template_skid_support_arm,33RE 22214,,0.0,0.0,0.0,,,,
product_product_id_134661,33RE 22215,1,Jinasena_MasterData_Stock.product_template_seperate_plate_r,33RE 22215,,0.0,0.0,0.0,,,,
product_product_id_134662,33RE 22216,1,Jinasena_MasterData_Stock.product_template_seperate_plate_l,33RE 22216,,0.0,0.0,0.0,,,,
product_product_id_134663,33RE 22217,1,Jinasena_MasterData_Stock.product_template_seperate_plate_m,33RE 22217,,0.0,0.0,0.0,,,,
product_product_id_134664,33RE 22218,1,Jinasena_MasterData_Stock.product_template_seperate_plate_r_support,33RE 22218,,0.0,0.0,0.0,,,,
product_product_id_134665,33RE 7001,1,Jinasena_MasterData_Stock.product_template_slot_angle_short_1,33RE 7001,,0.0,0.0,0.0,,,,
product_product_id_134666,33RE 7002,1,Jinasena_MasterData_Stock.product_template_sloty_angle_long,33RE 7002,,0.0,0.0,0.0,,,,
product_product_id_134667,33RE 7003,1,Jinasena_MasterData_Stock.product_template_angle_side,33RE 7003,,0.0,0.0,0.0,,,,
product_product_id_134668,33RE 7004,1,Jinasena_MasterData_Stock.product_template_mount_angle_1,33RE 7004,,0.0,0.0,0.0,,,,
product_product_id_134669,33RE 7005,1,Jinasena_MasterData_Stock.product_template_mount_angle_2,33RE 7005,,0.0,0.0,0.0,,,,
product_product_id_134670,33RE 7006,1,Jinasena_MasterData_Stock.product_template_angle_front,33RE 7006,,0.0,0.0,0.0,,,,
product_product_id_134671,33RE 7007,1,Jinasena_MasterData_Stock.product_template_clutch_lever_hanging_pin,33RE 7007,,0.0,0.0,0.0,,,,
product_product_id_134672,33RE 7008,1,Jinasena_MasterData_Stock.product_template_clutch_lever_hanging_pin_holder,33RE 7008,,0.0,0.0,0.0,,,,
product_product_id_134673,33RE 7009,1,Jinasena_MasterData_Stock.product_template_hitchmount_1,33RE 7009,,0.0,0.0,0.0,,,,
product_product_id_134674,33RE 7010,1,Jinasena_MasterData_Stock.product_template_hitch_mount_2,33RE 7010,,0.0,0.0,0.0,,,,
product_product_id_134675,33RM 4101,1,Jinasena_MasterData_Stock.product_template_rotomaster_handle,33RM 4101,,0.0,0.0,0.0,,,,
product_product_id_134676,33RM 4102,1,Jinasena_MasterData_Stock.product_template_handle_fixing_plate_331603,33RM 4102,,0.0,0.0,0.0,,,,
product_product_id_134677,33RM 4103,1,Jinasena_MasterData_Stock.product_template_steering_clutch_lever_lock,33RM 4103,,0.0,0.0,0.0,,,,
product_product_id_134678,33RM 4104,1,Jinasena_MasterData_Stock.product_template_steering_clutch_lever_braket,33RM 4104,,0.0,0.0,0.0,,,,
product_product_id_134679,33RM 4105,1,Jinasena_MasterData_Stock.product_template_clutch_lever_spring,33RM 4105,,0.0,0.0,0.0,,,,
product_product_id_134680,33RM 4201,1,Jinasena_MasterData_Stock.product_template_gear_box_cover_plate,33RM 4201,,0.0,0.0,0.0,,,,
product_product_id_134681,33RM 4202,1,Jinasena_MasterData_Stock.product_template_oil_cap_bush,33RM 4202,,0.0,0.0,0.0,,,,
product_product_id_134682,33RM 4203,1,Jinasena_MasterData_Stock.product_template_handle_box_support_1,33RM 4203,,0.0,0.0,0.0,,,,
product_product_id_134683,33RM 4204,1,Jinasena_MasterData_Stock.product_template_handle_box_support_2,33RM 4204,,0.0,0.0,0.0,,,,
product_product_id_134684,33RM 4205,1,Jinasena_MasterData_Stock.product_template_handle_box_fix_plate,33RM 4205,,0.0,0.0,0.0,,,,
product_product_id_134685,33RM 4206,1,Jinasena_MasterData_Stock.product_template_handle_box_reinforcement,33RM 4206,,0.0,0.0,0.0,,,,
product_product_id_134686,33RM 4207,1,Jinasena_MasterData_Stock.product_template_hitch_plate_1,33RM 4207,,0.0,0.0,0.0,,,,
product_product_id_134687,33RM 4208,1,Jinasena_MasterData_Stock.product_template_hitch_plate_2_side,33RM 4208,,0.0,0.0,0.0,,,,
product_product_id_134688,33RM 4209,1,Jinasena_MasterData_Stock.product_template_hitch_plate_3,33RM 4209,,0.0,0.0,0.0,,,,
product_product_id_134689,33RM 4210,1,Jinasena_MasterData_Stock.product_template_hitch_pin_bush_rmt4_carbon_st,33RM 4210,,0.0,0.0,0.0,,,,
product_product_id_134690,33RM 4211,1,Jinasena_MasterData_Stock.product_template_hitch_pin_331617,33RM 4211,,0.0,0.0,0.0,,,,
product_product_id_134691,33RM 4212,1,Jinasena_MasterData_Stock.product_template_hitch_pin_hook,33RM 4212,,0.0,0.0,0.0,,,,
product_product_id_134692,33RM 4213,1,Jinasena_MasterData_Stock.product_template_reduction_shaft_1_for_rmt4,33RM 4213,,0.0,0.0,0.0,,,,
product_product_id_134693,33RM 4214,1,Jinasena_MasterData_Stock.product_template_reduction_shaft_2_for_rmt4_331620,33RM 4214,,0.0,0.0,0.0,,,,
product_product_id_134694,33RM 4215,1,Jinasena_MasterData_Stock.product_template_spring_clip_for_hitch_pin,33RM 4215,,0.0,0.0,0.0,,,,
product_product_id_134695,33RM 4216,1,Jinasena_MasterData_Stock.product_template_spacer_2_331622,33RM 4216,,0.0,0.0,0.0,,,,
product_product_id_134696,33RM 4217,1,Jinasena_MasterData_Stock.product_template_spacer_3,33RM 4217,,0.0,0.0,0.0,,,,
product_product_id_134697,33RM 4218,1,Jinasena_MasterData_Stock.product_template_hitch_fixing_bush,33RM 4218,,0.0,0.0,0.0,,,,
product_product_id_134698,33RM 4219,1,Jinasena_MasterData_Stock.product_template_plough_rod_adjuster,33RM 4219,,0.0,0.0,0.0,,,,
product_product_id_134699,33RM 4220,1,Jinasena_MasterData_Stock.product_template_plogh_rod_bush_1,33RM 4220,,0.0,0.0,0.0,,,,
product_product_id_134700,33RM 4221,1,Jinasena_MasterData_Stock.product_template_plough_rod_bush_2,33RM 4221,,0.0,0.0,0.0,,,,
product_product_id_134701,33RM 4222,1,Jinasena_MasterData_Stock.product_template_plough_rod_lock_bolt_handle,33RM 4222,,0.0,0.0,0.0,,,,
product_product_id_134702,33RM 4223,1,Jinasena_MasterData_Stock.product_template_lock_bolt,33RM 4223,,0.0,0.0,0.0,,,,
product_product_id_134703,33RM 4224,1,Jinasena_MasterData_Stock.product_template_plough_rod_for_rmt4,33RM 4224,,0.0,0.0,0.0,,,,
product_product_id_134704,33RM 4225,1,Jinasena_MasterData_Stock.product_template_drain_plug_bracket,33RM 4225,,0.0,0.0,0.0,,,,
product_product_id_134705,33RM 4226,1,Jinasena_MasterData_Stock.product_template_frame_angle_331632,33RM 4226,,0.0,0.0,0.0,,,,
product_product_id_134706,33RM 4227,1,Jinasena_MasterData_Stock.product_template_engine_mount_plate,33RM 4227,,0.0,0.0,0.0,,,,
product_product_id_134707,33RM 4228,1,Jinasena_MasterData_Stock.product_template_buffer_bracket,33RM 4228,,0.0,0.0,0.0,,,,
product_product_id_134708,33RM 4229,1,Jinasena_MasterData_Stock.product_template_buffer,33RM 4229,,0.0,0.0,0.0,,,,
product_product_id_134709,33RM 4230,1,Jinasena_MasterData_Stock.product_template_stand,33RM 4230,,0.0,0.0,0.0,,,,
product_product_id_134710,33RM 4231,1,Jinasena_MasterData_Stock.product_template_stand_base_331637,33RM 4231,,0.0,0.0,0.0,,,,
product_product_id_134711,33RM 4232,1,Jinasena_MasterData_Stock.product_template_stand_fixing_bar,33RM 4232,,0.0,0.0,0.0,,,,
product_product_id_134712,33RM 4233,1,Jinasena_MasterData_Stock.product_template_stand_pin_for_rmt4,33RM 4233,,0.0,0.0,0.0,,,,
product_product_id_134713,33RM 4234,1,Jinasena_MasterData_Stock.product_template_spring_hold_rod,33RM 4234,,0.0,0.0,0.0,,,,
product_product_id_134714,33RM 4235,1,Jinasena_MasterData_Stock.product_template_mud_guard_bracket_u_plate,33RM 4235,,0.0,0.0,0.0,,,,
product_product_id_134715,33RM 4236,1,Jinasena_MasterData_Stock.product_template_mud_guard_bracket_2,33RM 4236,,0.0,0.0,0.0,,,,
product_product_id_134716,33RM 4237,1,Jinasena_MasterData_Stock.product_template_gear_box_cover,33RM 4237,,0.0,0.0,0.0,,,,
product_product_id_134717,33RM 4238,1,Jinasena_MasterData_Stock.product_template_pulley_guard_bracket_1,33RM 4238,,0.0,0.0,0.0,,,,
product_product_id_134718,33RM 4239,1,Jinasena_MasterData_Stock.product_template_pulley_guard_bracket_2,33RM 4239,,0.0,0.0,0.0,,,,
product_product_id_134719,33RM 4240,1,Jinasena_MasterData_Stock.product_template_pulley_guard_plate_1_jet5,33RM 4240,,0.0,0.0,0.0,,,,
product_product_id_134720,33RM 4241,1,Jinasena_MasterData_Stock.product_template_pulley_guard_bracket_2_jet5,33RM 4241,,0.0,0.0,0.0,,,,
product_product_id_134721,33RM 4242,1,Jinasena_MasterData_Stock.product_template_clutch_cable_guide,33RM 4242,,0.0,0.0,0.0,,,,
product_product_id_134722,33RM 4243,1,Jinasena_MasterData_Stock.product_template_tension_pulley_arm,33RM 4243,,0.0,0.0,0.0,,,,
product_product_id_134723,33RM 4244,1,Jinasena_MasterData_Stock.product_template_tension_pulley_shaft_331650,33RM 4244,,0.0,0.0,0.0,,,,
product_product_id_134724,33RM 4245,1,Jinasena_MasterData_Stock.product_template_adj_bolt_for_t_pulley_spring,33RM 4245,,0.0,0.0,0.0,,,,
product_product_id_134725,33RM 4246,1,Jinasena_MasterData_Stock.product_template_t_pulley_bracket_1,33RM 4246,,0.0,0.0,0.0,,,,
product_product_id_134726,33RM 4247,1,Jinasena_MasterData_Stock.product_template_t_pulley_bra_reinforcement,33RM 4247,,0.0,0.0,0.0,,,,
product_product_id_134727,33RM 4248,1,Jinasena_MasterData_Stock.product_template_clutch_cable_adjuster_bush_nut,33RM 4248,,0.0,0.0,0.0,,,,
product_product_id_134728,33RM 4249,1,Jinasena_MasterData_Stock.product_template_clutch_cable_adjuster_bolt,33RM 4249,,0.0,0.0,0.0,,,,
product_product_id_134729,33RM 4250,1,Jinasena_MasterData_Stock.product_template_v_belt_guide_1,33RM 4250,,0.0,0.0,0.0,,,,
product_product_id_134730,33RM 4251,1,Jinasena_MasterData_Stock.product_template_v_belt_guide_2,33RM 4251,,0.0,0.0,0.0,,,,
product_product_id_134731,33RM 4252,1,Jinasena_MasterData_Stock.product_template_t_pulley_bracket_2,33RM 4252,,0.0,0.0,0.0,,,,
product_product_id_134732,33RM 4253,1,Jinasena_MasterData_Stock.product_template_lock_pin_rorary_blade_set,33RM 4253,,0.0,0.0,0.0,,,,
product_product_id_134733,33RM 4254,1,Jinasena_MasterData_Stock.product_template_t_pulley_hinge_bolt,33RM 4254,,0.0,0.0,0.0,,,,
product_product_id_134734,33RM 4255,1,Jinasena_MasterData_Stock.product_template_mud_guard_plate_left_right,33RM 4255,,0.0,0.0,0.0,,,,
product_product_id_134735,33RM 4256,1,Jinasena_MasterData_Stock.product_template_accelarator_rod_guide_plate,33RM 4256,,0.0,0.0,0.0,,,,
product_product_id_134736,33RM 4257,1,Jinasena_MasterData_Stock.product_template_lock_washer_for_300mm_al_pulley,33RM 4257,,0.0,0.0,0.0,,,,
product_product_id_134737,33RM 4258,1,Jinasena_MasterData_Stock.product_template_packing_set_07_nos,33RM 4258,,0.0,0.0,0.0,,,,
product_product_id_134738,33RM 4301,1,Jinasena_MasterData_Stock.product_template_wheel_fix_bolt_310_wheel_220mm,33RM 4301,,0.0,0.0,0.0,,,,
product_product_id_134739,33RM 4302,1,Jinasena_MasterData_Stock.product_template_wheel_set_fixing_washer_rmt4,33RM 4302,,0.0,0.0,0.0,,,,
product_product_id_134740,33RM 4303,1,Jinasena_MasterData_Stock.product_template_spacer_bush_for_wheels,33RM 4303,,0.0,0.0,0.0,,,,
product_product_id_134741,33RM 4304,1,Jinasena_MasterData_Stock.product_template_round_plate,33RM 4304,,0.0,0.0,0.0,,,,
product_product_id_134742,33RM 4305,1,Jinasena_MasterData_Stock.product_template_wheel_fix_bolt_495_wheel_370mm,33RM 4305,,0.0,0.0,0.0,,,,
product_product_id_134743,33RM 4306,1,Jinasena_MasterData_Stock.product_template_axel_extension_pipe,33RM 4306,,0.0,0.0,0.0,,,,
product_product_id_134744,33RM 4307,1,Jinasena_MasterData_Stock.product_template_round_plate_for_tyre_hub,33RM 4307,,0.0,0.0,0.0,,,,
product_product_id_134745,33RM 4401,1,Jinasena_MasterData_Stock.product_template_ring,33RM 4401,,0.0,0.0,0.0,,,,
product_product_id_134746,33RM 4402,1,Jinasena_MasterData_Stock.product_template_spoke,33RM 4402,,0.0,0.0,0.0,,,,
product_product_id_134747,33RM 4403,1,Jinasena_MasterData_Stock.product_template_hub_mounting_plate,33RM 4403,,0.0,0.0,0.0,,,,
product_product_id_134748,33RM 4404,1,Jinasena_MasterData_Stock.product_template_wheel_plate_puddling_wheel_rmt4,33RM 4404,,0.0,0.0,0.0,,,,
product_product_id_134749,33RM 4405,1,Jinasena_MasterData_Stock.product_template_wheel_plate_outer_plate,33RM 4405,,0.0,0.0,0.0,,,,
product_product_id_134750,33RM 4406,1,Jinasena_MasterData_Stock.product_template_middle_ring_331677,33RM 4406,,0.0,0.0,0.0,,,,
product_product_id_134751,33RM 4501,1,Jinasena_MasterData_Stock.product_template_throttle_lever,33RM 4501,,0.0,0.0,0.0,,,,
product_product_id_134752,33RM 4502,1,Jinasena_MasterData_Stock.product_template_throttle_adjuster_pivet_1,33RM 4502,,0.0,0.0,0.0,,,,
product_product_id_134753,33RM 4503,1,Jinasena_MasterData_Stock.product_template_throttle_adjuster_pivet_2,33RM 4503,,0.0,0.0,0.0,,,,
product_product_id_134754,33RM 4504,1,Jinasena_MasterData_Stock.product_template_thorttle_adjuster_bracket_1,33RM 4504,,0.0,0.0,0.0,,,,
product_product_id_134755,33RM 4505,1,Jinasena_MasterData_Stock.product_template_throttle_adjuster_bracket_2,33RM 4505,,0.0,0.0,0.0,,,,
product_product_id_134756,33RM 4506,1,Jinasena_MasterData_Stock.product_template_connecting_wire_for_throttle_uni,33RM 4506,,0.0,0.0,0.0,,,,
product_product_id_134757,33RM 4507,1,Jinasena_MasterData_Stock.product_template_accelerator_rod_for_rmt4,33RM 4507,,0.0,0.0,0.0,,,,
product_product_id_134758,33RM 4601,1,Jinasena_MasterData_Stock.product_template_pump_base_angle,33RM 4601,,0.0,0.0,0.0,,,,
product_product_id_134759,33RM 4602,1,Jinasena_MasterData_Stock.product_template_tiller_bracket_angle,33RM 4602,,0.0,0.0,0.0,,,,
product_product_id_134760,33RM 4603,1,Jinasena_MasterData_Stock.product_template_pump_base_angle_re_inforcement,33RM 4603,,0.0,0.0,0.0,,,,
product_product_id_134761,33RM 4604,1,Jinasena_MasterData_Stock.product_template_support_adjusting_u_plate,33RM 4604,,0.0,0.0,0.0,,,,
product_product_id_134762,33RM 4605,1,Jinasena_MasterData_Stock.product_template_bracket_support_331689,33RM 4605,,0.0,0.0,0.0,,,,
product_product_id_134763,33RM 4606,1,Jinasena_MasterData_Stock.product_template_support_base,33RM 4606,,0.0,0.0,0.0,,,,
product_product_id_134764,33RM 4607,1,Jinasena_MasterData_Stock.product_template_support_clamping_bolt_wing,33RM 4607,,0.0,0.0,0.0,,,,
product_product_id_134765,33RM 4608,1,Jinasena_MasterData_Stock.product_template_adjuster_bolt_331692,33RM 4608,,0.0,0.0,0.0,,,,
product_product_id_134766,33RM 4609,1,Jinasena_MasterData_Stock.product_template_adjuster_bolt,33RM 4609,,0.0,0.0,0.0,,,,
product_product_id_134767,33RR 001,1,Jinasena_MasterData_Stock.product_template_idling_wheel_axel,33RR 001,,0.0,0.0,0.0,,,,
product_product_id_134768,33RR 002,1,Jinasena_MasterData_Stock.product_template_driving_wheel_axel,33RR 002,,0.0,0.0,0.0,,,,
product_product_id_134769,33RR 003,1,Jinasena_MasterData_Stock.product_template_rubber_roller_axels_all,33RR 003,,0.0,0.0,0.0,,,,
product_product_id_134770,33RR 004,1,Jinasena_MasterData_Stock.product_template_drivuing_warm_wheel_fixing_pins,33RR 004,,0.0,0.0,0.0,,,,
product_product_id_134771,33RR 005,1,Jinasena_MasterData_Stock.product_template_top_roller_adjusting_screw_bar,33RR 005,,0.0,0.0,0.0,,,,
product_product_id_134772,33RR 006,1,Jinasena_MasterData_Stock.product_template_top_roller_adjusting_screw_nut,33RR 006,,0.0,0.0,0.0,,,,
product_product_id_134773,33RR 007,1,Jinasena_MasterData_Stock.product_template_handle_axel,33RR 007,,0.0,0.0,0.0,,,,
product_product_id_134774,33RR 008,1,Jinasena_MasterData_Stock.product_template_handle_axel_end,33RR 008,,0.0,0.0,0.0,,,,
product_product_id_134775,33RR 009,1,Jinasena_MasterData_Stock.product_template_top_axel_331702,33RR 009,,0.0,0.0,0.0,,,,
product_product_id_134776,33RR 1001,1,Jinasena_MasterData_Stock.product_template_top_beam_a,33RR 1001,,0.0,0.0,0.0,,,,
product_product_id_134777,33RR 1002,1,Jinasena_MasterData_Stock.product_template_top_beam_b,33RR 1002,,0.0,0.0,0.0,,,,
product_product_id_134778,33RR 1003,1,Jinasena_MasterData_Stock.product_template_stand_legs,33RR 1003,,0.0,0.0,0.0,,,,
product_product_id_134779,33RR 1004,1,Jinasena_MasterData_Stock.product_template_bottom_angle_a,33RR 1004,,0.0,0.0,0.0,,,,
product_product_id_134780,33RR 1005,1,Jinasena_MasterData_Stock.product_template_bottom_angle_b,33RR 1005,,0.0,0.0,0.0,,,,
product_product_id_134781,33RR 1006,1,Jinasena_MasterData_Stock.product_template_dol_bracket_a,33RR 1006,,0.0,0.0,0.0,,,,
product_product_id_134782,33RR 1007,1,Jinasena_MasterData_Stock.product_template_dol_bracket_b,33RR 1007,,0.0,0.0,0.0,,,,
product_product_id_134783,33RR 1008,1,Jinasena_MasterData_Stock.product_template_dol_plate,33RR 1008,,0.0,0.0,0.0,,,,
product_product_id_134784,33RR 1009,1,Jinasena_MasterData_Stock.product_template_shoe_plate_331711,33RR 1009,,0.0,0.0,0.0,,,,
product_product_id_134785,33RR 1010,1,Jinasena_MasterData_Stock.product_template_gear_box_base_plate_a,33RR 1010,,0.0,0.0,0.0,,,,
product_product_id_134786,33RR 1011,1,Jinasena_MasterData_Stock.product_template_gear_box_plate_b,33RR 1011,,0.0,0.0,0.0,,,,
product_product_id_134787,33RR 1012,1,Jinasena_MasterData_Stock.product_template_g_box_coup_guard_mount,33RR 1012,,0.0,0.0,0.0,,,,
product_product_id_134788,33RR 1013,1,Jinasena_MasterData_Stock.product_template_motor_guard_bracket,33RR 1013,,0.0,0.0,0.0,,,,
product_product_id_134789,33RR 1014,1,Jinasena_MasterData_Stock.product_template_motor_coupling_guard,33RR 1014,,0.0,0.0,0.0,,,,
product_product_id_134790,33RR 1015,1,Jinasena_MasterData_Stock.product_template_gear_box_couling_gurad,33RR 1015,,0.0,0.0,0.0,,,,
product_product_id_134791,33RR 1016,1,Jinasena_MasterData_Stock.product_template_motor_guard,33RR 1016,,0.0,0.0,0.0,,,,
product_product_id_134792,33RR 1101,1,Jinasena_MasterData_Stock.product_template_top_cover_331719,33RR 1101,,0.0,0.0,0.0,,,,
product_product_id_134793,33RR 1102,1,Jinasena_MasterData_Stock.product_template_top_cover_side_plate,33RR 1102,,0.0,0.0,0.0,,,,
product_product_id_134794,33RR 1103,1,Jinasena_MasterData_Stock.product_template_top_axel,33RR 1103,,0.0,0.0,0.0,,,,
product_product_id_134795,33RR 1104,1,Jinasena_MasterData_Stock.product_template_top_bracket_fixing_pipe,33RR 1104,,0.0,0.0,0.0,,,,
product_product_id_134796,33RR 1105,1,Jinasena_MasterData_Stock.product_template_top_bracket_fixing_pipe_bush,33RR 1105,,0.0,0.0,0.0,,,,
product_product_id_134797,33RR 1106,1,Jinasena_MasterData_Stock.product_template_ratchet_bush,33RR 1106,,0.0,0.0,0.0,,,,
product_product_id_134798,33RR 1107,1,Jinasena_MasterData_Stock.product_template_top_bracket_flate_iron_a,33RR 1107,,0.0,0.0,0.0,,,,
product_product_id_134799,33RR 1108,1,Jinasena_MasterData_Stock.product_template_top_bracket_flat_iron_b,33RR 1108,,0.0,0.0,0.0,,,,
product_product_id_134800,33RR 1109,1,Jinasena_MasterData_Stock.product_template_spring_holding_bush,33RR 1109,,0.0,0.0,0.0,,,,
product_product_id_134801,33RR 1110,1,Jinasena_MasterData_Stock.product_template_top_roller_adjesting_pin,33RR 1110,,0.0,0.0,0.0,,,,
product_product_id_134802,33RR 1111,1,Jinasena_MasterData_Stock.product_template_ratchet_pin,33RR 1111,,0.0,0.0,0.0,,,,
product_product_id_134803,33RR 1112,1,Jinasena_MasterData_Stock.product_template_limit_bolt_fixing_plate,33RR 1112,,0.0,0.0,0.0,,,,
product_product_id_134804,33RR 1113,1,Jinasena_MasterData_Stock.product_template_key_bar,33RR 1113,,0.0,0.0,0.0,,,,
product_product_id_134805,33RR 1114,1,Jinasena_MasterData_Stock.product_template_roller_bush_for_bearing,33RR 1114,,0.0,0.0,0.0,,,,
product_product_id_134806,33RR 1201,1,Jinasena_MasterData_Stock.product_template_wheel_cover_plate,33RR 1201,,0.0,0.0,0.0,,,,
product_product_id_134807,33RR 1202,1,Jinasena_MasterData_Stock.product_template_cover_plate_rib,33RR 1202,,0.0,0.0,0.0,,,,
product_product_id_134808,33RR 1203,1,Jinasena_MasterData_Stock.product_template_stud_for_cover,33RR 1203,,0.0,0.0,0.0,,,,
product_product_id_134809,33RR 1204,1,Jinasena_MasterData_Stock.product_template_gear_wheeh_shaft,33RR 1204,,0.0,0.0,0.0,,,,
product_product_id_134810,33RS 0101,1,Jinasena_MasterData_Stock.product_template_top_beam_331737,33RS 0101,,0.0,0.0,0.0,,,,
product_product_id_134811,33RS 0102,1,Jinasena_MasterData_Stock.product_template_bottem_beam,33RS 0102,,0.0,0.0,0.0,,,,
product_product_id_134812,33RS 0103,1,Jinasena_MasterData_Stock.product_template_colum,33RS 0103,,0.0,0.0,0.0,,,,
product_product_id_134813,33RS 0104,1,Jinasena_MasterData_Stock.product_template_shoe_plate,33RS 0104,,0.0,0.0,0.0,,,,
product_product_id_134814,33RS 0201,1,Jinasena_MasterData_Stock.product_template_main_slides_331741,33RS 0201,,0.0,0.0,0.0,,,,
product_product_id_134815,33RS 0202,1,Jinasena_MasterData_Stock.product_template_auxilary_slide_1,33RS 0202,,0.0,0.0,0.0,,,,
product_product_id_134816,33RS 0203,1,Jinasena_MasterData_Stock.product_template_auxilary_slide_2,33RS 0203,,0.0,0.0,0.0,,,,
product_product_id_134817,33RS 0204,1,Jinasena_MasterData_Stock.product_template_gear_box_mount_beam,33RS 0204,,0.0,0.0,0.0,,,,
product_product_id_134818,33RS 0205,1,Jinasena_MasterData_Stock.product_template_front_cover,33RS 0205,,0.0,0.0,0.0,,,,
product_product_id_134819,33RS 0206,1,Jinasena_MasterData_Stock.product_template_prop,33RS 0206,,0.0,0.0,0.0,,,,
product_product_id_134820,33RS 0301,1,Jinasena_MasterData_Stock.product_template_shaft_body,33RS 0301,,0.0,0.0,0.0,,,,
product_product_id_134821,33RS 0302,1,Jinasena_MasterData_Stock.product_template_drive_end_shaft_331748,33RS 0302,,0.0,0.0,0.0,,,,
product_product_id_134822,33RS 0303,1,Jinasena_MasterData_Stock.product_template_driven_end_shaft,33RS 0303,,0.0,0.0,0.0,,,,
product_product_id_134823,33RS 0401,1,Jinasena_MasterData_Stock.product_template_main_ring_1,33RS 0401,,0.0,0.0,0.0,,,,
product_product_id_134824,33RS 0402,1,Jinasena_MasterData_Stock.product_template_main_ring_2,33RS 0402,,0.0,0.0,0.0,,,,
product_product_id_134825,33RS 0403,1,Jinasena_MasterData_Stock.product_template_main_ring_3,33RS 0403,,0.0,0.0,0.0,,,,
product_product_id_134826,33RS 0404,1,Jinasena_MasterData_Stock.product_template_main_ring_4,33RS 0404,,0.0,0.0,0.0,,,,
product_product_id_134827,33RS 0405,1,Jinasena_MasterData_Stock.product_template_sub_ring_1,33RS 0405,,0.0,0.0,0.0,,,,
product_product_id_134828,33RS 0406,1,Jinasena_MasterData_Stock.product_template_sub_ring_2,33RS 0406,,0.0,0.0,0.0,,,,
product_product_id_134829,33RS 0407,1,Jinasena_MasterData_Stock.product_template_sub_ring_3,33RS 0407,,0.0,0.0,0.0,,,,
product_product_id_134830,33RS 0408,1,Jinasena_MasterData_Stock.product_template_sub_ring_4_331757,33RS 0408,,0.0,0.0,0.0,,,,
product_product_id_134831,33RS 0409,1,Jinasena_MasterData_Stock.product_template_sproket_1,33RS 0409,,0.0,0.0,0.0,,,,
product_product_id_134832,33RS 0410,1,Jinasena_MasterData_Stock.product_template_sproket_2,33RS 0410,,0.0,0.0,0.0,,,,
product_product_id_134833,33RS 0411,1,Jinasena_MasterData_Stock.product_template_sproket_3,33RS 0411,,0.0,0.0,0.0,,,,
product_product_id_134834,33RS 0412,1,Jinasena_MasterData_Stock.product_template_sproket_4,33RS 0412,,0.0,0.0,0.0,,,,
product_product_id_134835,33RS 0413,1,Jinasena_MasterData_Stock.product_template_ribs,33RS 0413,,0.0,0.0,0.0,,,,
product_product_id_134836,33RS 0414,1,Jinasena_MasterData_Stock.product_template_mesh_mounting_rings,33RS 0414,,0.0,0.0,0.0,,,,
product_product_id_134837,33RS 0415,1,Jinasena_MasterData_Stock.product_template_mesh_mounting_ring_2,33RS 0415,,0.0,0.0,0.0,,,,
product_product_id_134838,33RS 0416,1,Jinasena_MasterData_Stock.product_template_mesh_mounting_rings_3,33RS 0416,,0.0,0.0,0.0,,,,
product_product_id_134839,33RS 0417,1,Jinasena_MasterData_Stock.product_template_mesh_mounting_ring_4,33RS 0417,,0.0,0.0,0.0,,,,
product_product_id_134840,33RS 0418,1,Jinasena_MasterData_Stock.product_template_mesh_mounting_ring_5,33RS 0418,,0.0,0.0,0.0,,,,
product_product_id_134841,33RS 0419,1,Jinasena_MasterData_Stock.product_template_mesh_mounting_strip,33RS 0419,,0.0,0.0,0.0,,,,
product_product_id_134842,33RS 0420,1,Jinasena_MasterData_Stock.product_template_selving_mesh,33RS 0420,,0.0,0.0,0.0,,,,
product_product_id_134843,33RS 0421,1,Jinasena_MasterData_Stock.product_template_support_mesh,33RS 0421,,0.0,0.0,0.0,,,,
product_product_id_134844,33RS 201,1,Jinasena_MasterData_Stock.product_template_main_slides,33RS 201,,0.0,0.0,0.0,,,,
product_product_id_134845,33RSV 1301,1,Jinasena_MasterData_Stock.product_template_shaft_body_331772,33RSV 1301,,0.0,0.0,0.0,,,,
product_product_id_134846,33RSV 1302,1,Jinasena_MasterData_Stock.product_template_drive_end_shaft_331773,33RSV 1302,,0.0,0.0,0.0,,,,
product_product_id_134847,33RSV 1409,1,Jinasena_MasterData_Stock.product_template_sprok_1,33RSV 1409,,0.0,0.0,0.0,,,,
product_product_id_134848,33RSV 1410,1,Jinasena_MasterData_Stock.product_template_sprok_2,33RSV 1410,,0.0,0.0,0.0,,,,
product_product_id_134849,33RSV 1411,1,Jinasena_MasterData_Stock.product_template_spork_3_331776,33RSV 1411,,0.0,0.0,0.0,,,,
product_product_id_134850,33RT 7001,1,Jinasena_MasterData_Stock.product_template_mud_flap_securing_plate,33RT 7001,,0.0,0.0,0.0,,,,
product_product_id_134851,33RT 7002,1,Jinasena_MasterData_Stock.product_template_rim_spacers,33RT 7002,,0.0,0.0,0.0,,,,
product_product_id_134852,33RT 7003,1,Jinasena_MasterData_Stock.product_template_bearing_spacer,33RT 7003,,0.0,0.0,0.0,,,,
product_product_id_134853,33RT 7004,1,Jinasena_MasterData_Stock.product_template_support_arm_l_bracket,33RT 7004,,0.0,0.0,0.0,,,,
product_product_id_134854,33RT 7005,1,Jinasena_MasterData_Stock.product_template_bolt_washer,33RT 7005,,0.0,0.0,0.0,,,,
product_product_id_134855,33RW 100,1,Jinasena_MasterData_Stock.product_template_wheel_rim_331782,33RW 100,,0.0,0.0,0.0,,,,
product_product_id_134856,33RW 101,1,Jinasena_MasterData_Stock.product_template_wheel_hub,33RW 101,,0.0,0.0,0.0,,,,
product_product_id_134857,33RW 102,1,Jinasena_MasterData_Stock.product_template_wheel_tags,33RW 102,,0.0,0.0,0.0,,,,
product_product_id_134858,33RW 103,1,Jinasena_MasterData_Stock.product_template_tag_rainforcements,33RW 103,,0.0,0.0,0.0,,,,
product_product_id_134859,33RW 104,1,Jinasena_MasterData_Stock.product_template_wheel_spokes,33RW 104,,0.0,0.0,0.0,,,,
product_product_id_134860,33RW 7401,1,Jinasena_MasterData_Stock.product_template_rim,33RW 7401,,0.0,0.0,0.0,,,,
product_product_id_134861,33RW 7402,1,Jinasena_MasterData_Stock.product_template_spork_large,33RW 7402,,0.0,0.0,0.0,,,,
product_product_id_134862,33RW 7403,1,Jinasena_MasterData_Stock.product_template_spork_short,33RW 7403,,0.0,0.0,0.0,,,,
product_product_id_134863,33RW 7404,1,Jinasena_MasterData_Stock.product_template_rotory_plate,33RW 7404,,0.0,0.0,0.0,,,,
product_product_id_134864,33RW 7405,1,Jinasena_MasterData_Stock.product_template_hub_plate,33RW 7405,,0.0,0.0,0.0,,,,
product_product_id_134865,33RW 7406,1,Jinasena_MasterData_Stock.product_template_edge_support,33RW 7406,,0.0,0.0,0.0,,,,
product_product_id_134866,33RW 7407,1,Jinasena_MasterData_Stock.product_template_blade_support,33RW 7407,,0.0,0.0,0.0,,,,
product_product_id_134867,33SC 1101,1,Jinasena_MasterData_Stock.product_template_side_plate_1_2,33SC 1101,,0.0,0.0,0.0,,,,
product_product_id_134868,33SC 1101SS,1,Jinasena_MasterData_Stock.product_template_side_plate_1_and_2,33SC 1101SS,,0.0,0.0,0.0,,,,
product_product_id_134869,33SC 1102,1,Jinasena_MasterData_Stock.product_template_top_cover_angle_plate_331796,33SC 1102,,0.0,0.0,0.0,,,,
product_product_id_134870,33SC 1102SS,1,Jinasena_MasterData_Stock.product_template_top_cover_angle_plate,33SC 1102SS,,0.0,0.0,0.0,,,,
product_product_id_134871,33SC 1103,1,Jinasena_MasterData_Stock.product_template_top_cover_side_plate_331798,33SC 1103,,0.0,0.0,0.0,,,,
product_product_id_134872,33SC 1103SS,1,Jinasena_MasterData_Stock.product_template_top_cover_side_plate_331799,33SC 1103SS,,0.0,0.0,0.0,,,,
product_product_id_134873,33SC 1104,1,Jinasena_MasterData_Stock.product_template_top_cover_round_plate_331800,33SC 1104,,0.0,0.0,0.0,,,,
product_product_id_134874,33SC 1104SS,1,Jinasena_MasterData_Stock.product_template_top_cover_round_plate,33SC 1104SS,,0.0,0.0,0.0,,,,
product_product_id_134875,33SC 1105,1,Jinasena_MasterData_Stock.product_template_top_plate_strip_331802,33SC 1105,,0.0,0.0,0.0,,,,
product_product_id_134876,33SC 1105SS,1,Jinasena_MasterData_Stock.product_template_top_plate_strip,33SC 1105SS,,0.0,0.0,0.0,,,,
product_product_id_134877,33SC 1106,1,Jinasena_MasterData_Stock.product_template_drum_bottom_plate_331804,33SC 1106,,0.0,0.0,0.0,,,,
product_product_id_134878,33SC 1106SS,1,Jinasena_MasterData_Stock.product_template_drum_bottom_plate,33SC 1106SS,,0.0,0.0,0.0,,,,
product_product_id_134879,33SC 1107,1,Jinasena_MasterData_Stock.product_template_feeding_plate_331806,33SC 1107,,0.0,0.0,0.0,,,,
product_product_id_134880,33SC 1107SS,1,Jinasena_MasterData_Stock.product_template_feeding_plate,33SC 1107SS,,0.0,0.0,0.0,,,,
product_product_id_134881,33SC 1108,1,Jinasena_MasterData_Stock.product_template_feeding_angle_plate_331808,33SC 1108,,0.0,0.0,0.0,,,,
product_product_id_134882,33SC 1108SS,1,Jinasena_MasterData_Stock.product_template_feeding_angle_plate,33SC 1108SS,,0.0,0.0,0.0,,,,
product_product_id_134883,33SC 1109,1,Jinasena_MasterData_Stock.product_template_fixed_blade_331810,33SC 1109,,0.0,0.0,0.0,,,,
product_product_id_134884,33SC 1110,1,Jinasena_MasterData_Stock.product_template_blade_holder_plate,33SC 1110,,0.0,0.0,0.0,,,,
product_product_id_134885,33SC 1111,1,Jinasena_MasterData_Stock.product_template_top_reinforcement_rod_331812,33SC 1111,,0.0,0.0,0.0,,,,
product_product_id_134886,33SC 1111SS,1,Jinasena_MasterData_Stock.product_template_top_reinforcement_rod,33SC 1111SS,,0.0,0.0,0.0,,,,
product_product_id_134887,33SC 1112,1,Jinasena_MasterData_Stock.product_template_upper_roller_hinge_pin,33SC 1112,,0.0,0.0,0.0,,,,
product_product_id_134888,33SC 1113,1,Jinasena_MasterData_Stock.product_template_blade_adjusting_angle,33SC 1113,,0.0,0.0,0.0,,,,
product_product_id_134889,33SC 1114,1,Jinasena_MasterData_Stock.product_template_t_pulley_bolt_adjusting_angle,33SC 1114,,0.0,0.0,0.0,,,,
product_product_id_134890,33SC 1115,1,Jinasena_MasterData_Stock.product_template_pulley_guard_bracket_331817,33SC 1115,,0.0,0.0,0.0,,,,
product_product_id_134891,33SC 1115SS,1,Jinasena_MasterData_Stock.product_template_pulley_guard_bracket_331818,33SC 1115SS,,0.0,0.0,0.0,,,,
product_product_id_134892,33SC 1116,1,Jinasena_MasterData_Stock.product_template_hinge_bush_top_cover_331819,33SC 1116,,0.0,0.0,0.0,,,,
product_product_id_134893,33SC 1116SS,1,Jinasena_MasterData_Stock.product_template_hinge_bush_top_cover,33SC 1116SS,,0.0,0.0,0.0,,,,
product_product_id_134894,33SC 1117,1,Jinasena_MasterData_Stock.product_template_hinge_pin_top_cover_331821,33SC 1117,,0.0,0.0,0.0,,,,
product_product_id_134895,33SC 1117SS,1,Jinasena_MasterData_Stock.product_template_hinge_pin_top_cover,33SC 1117SS,,0.0,0.0,0.0,,,,
product_product_id_134896,33SC 1118,1,Jinasena_MasterData_Stock.product_template_feeding_roll_limit,33SC 1118,,0.0,0.0,0.0,,,,
product_product_id_134897,33SC 1119,1,Jinasena_MasterData_Stock.product_template_body_stand_331824,33SC 1119,,0.0,0.0,0.0,,,,
product_product_id_134898,33SC 1120,1,Jinasena_MasterData_Stock.product_template_stand_cross_bar,33SC 1120,,0.0,0.0,0.0,,,,
product_product_id_134899,33SC 1121,1,Jinasena_MasterData_Stock.product_template_motor_base_331826,33SC 1121,,0.0,0.0,0.0,,,,
product_product_id_134900,33SC 1122,1,Jinasena_MasterData_Stock.product_template_stand_fixing_bracket,33SC 1122,,0.0,0.0,0.0,,,,
product_product_id_134901,33SC 1123,1,Jinasena_MasterData_Stock.product_template_stand_reinforcement,33SC 1123,,0.0,0.0,0.0,,,,
product_product_id_134902,33SC 1124,1,Jinasena_MasterData_Stock.product_template_tray_holder_rod_331829,33SC 1124,,0.0,0.0,0.0,,,,
product_product_id_134903,33SC 1125,1,Jinasena_MasterData_Stock.product_template_capacitor_box_bracket_1,33SC 1125,,0.0,0.0,0.0,,,,
product_product_id_134904,33SC 1126,1,Jinasena_MasterData_Stock.product_template_capacitor_box_bracket_2,33SC 1126,,0.0,0.0,0.0,,,,
product_product_id_134905,33SC 1127,1,Jinasena_MasterData_Stock.product_template_capacitor_box_plate_1,33SC 1127,,0.0,0.0,0.0,,,,
product_product_id_134906,33SC 1128,1,Jinasena_MasterData_Stock.product_template_capacitor_box_plate_2,33SC 1128,,0.0,0.0,0.0,,,,
product_product_id_134907,33SC 1128SS,1,Jinasena_MasterData_Stock.product_template_top_cover_handle,33SC 1128SS,,0.0,0.0,0.0,,,,
product_product_id_134908,33SC 1129SS,1,Jinasena_MasterData_Stock.product_template_top_cover_lock_plate,33SC 1129SS,,0.0,0.0,0.0,,,,
product_product_id_134909,33SC 1130SS,1,Jinasena_MasterData_Stock.product_template_feeding_plate_top,33SC 1130SS,,0.0,0.0,0.0,,,,
product_product_id_134910,33SC 1201,1,Jinasena_MasterData_Stock.product_template_feeding_roll_pipe_331837,33SC 1201,,0.0,0.0,0.0,,,,
product_product_id_134911,33SC 1202,1,Jinasena_MasterData_Stock.product_template_feeding_roll_pipe,33SC 1202,,0.0,0.0,0.0,,,,
product_product_id_134912,33SC 1203,1,Jinasena_MasterData_Stock.product_template_feeding_roll_end,33SC 1203,,0.0,0.0,0.0,,,,
product_product_id_134913,33SC 1204,1,Jinasena_MasterData_Stock.product_template_feeding_roll_axel,33SC 1204,,0.0,0.0,0.0,,,,
product_product_id_134914,33SC 1205,1,Jinasena_MasterData_Stock.product_template_bush_for_sprocket_15t,33SC 1205,,0.0,0.0,0.0,,,,
product_product_id_134915,33SC 1206,1,Jinasena_MasterData_Stock.product_template_upper_roller_bearing_cup,33SC 1206,,0.0,0.0,0.0,,,,
product_product_id_134916,33SC 1207,1,Jinasena_MasterData_Stock.product_template_upper_roller_hinge_bush,33SC 1207,,0.0,0.0,0.0,,,,
product_product_id_134917,33SC 1208,1,Jinasena_MasterData_Stock.product_template_upper_roller_hinge_arm,33SC 1208,,0.0,0.0,0.0,,,,
product_product_id_134918,33SC 1209,1,Jinasena_MasterData_Stock.product_template_reduction_pulley_shaft,33SC 1209,,0.0,0.0,0.0,,,,
product_product_id_134919,33SC 1210,1,Jinasena_MasterData_Stock.product_template_key_for_pulley_sprockets,33SC 1210,,0.0,0.0,0.0,,,,
product_product_id_134920,33SC 1211,1,Jinasena_MasterData_Stock.product_template_tension_pulley_shaft,33SC 1211,,0.0,0.0,0.0,,,,
product_product_id_134921,33SC 1212,1,Jinasena_MasterData_Stock.product_template_tension_shaft_arm,33SC 1212,,0.0,0.0,0.0,,,,
product_product_id_134922,33SC 1213,1,Jinasena_MasterData_Stock.product_template_bearing_cup_for_15t_sprocket,33SC 1213,,0.0,0.0,0.0,,,,
product_product_id_134923,33SC 1214,1,Jinasena_MasterData_Stock.product_template_tension_shaft_for_chain,33SC 1214,,0.0,0.0,0.0,,,,
product_product_id_134924,33SC 1215,1,Jinasena_MasterData_Stock.product_template_arm_pin_for_chain_tension,33SC 1215,,0.0,0.0,0.0,,,,
product_product_id_134925,33SC 1216,1,Jinasena_MasterData_Stock.product_template_arm_bush_for_chain_tension,33SC 1216,,0.0,0.0,0.0,,,,
product_product_id_134926,33SC 1217,1,Jinasena_MasterData_Stock.product_template_feeding_roll,33SC 1217,,0.0,0.0,0.0,,,,
product_product_id_134927,33SC 1218,1,Jinasena_MasterData_Stock.product_template_feeding_roll_331854,33SC 1218,,0.0,0.0,0.0,,,,
product_product_id_134928,33SC 1219SS,1,Jinasena_MasterData_Stock.product_template_feeding_roll_axel_bush,33SC 1219SS,,0.0,0.0,0.0,,,,
product_product_id_134929,33SC 1301,1,Jinasena_MasterData_Stock.product_template_drum_angle_331856,33SC 1301,,0.0,0.0,0.0,,,,
product_product_id_134930,33SC 1301SS,1,Jinasena_MasterData_Stock.product_template_drum_angle,33SC 1301SS,,0.0,0.0,0.0,,,,
product_product_id_134931,33SC 1302,1,Jinasena_MasterData_Stock.product_template_drum_bush_331858,33SC 1302,,0.0,0.0,0.0,,,,
product_product_id_134932,33SC 1302SS,1,Jinasena_MasterData_Stock.product_template_drum_bush,33SC 1302SS,,0.0,0.0,0.0,,,,
product_product_id_134933,33SC 1303,1,Jinasena_MasterData_Stock.product_template_drum_shaft_331860,33SC 1303,,0.0,0.0,0.0,,,,
product_product_id_134934,33SC 1304,1,Jinasena_MasterData_Stock.product_template_drum_plate_331861,33SC 1304,,0.0,0.0,0.0,,,,
product_product_id_134935,33SC 1304SS,1,Jinasena_MasterData_Stock.product_template_drum_pipe_331862,33SC 1304SS,,0.0,0.0,0.0,,,,
product_product_id_134936,33SC 1305,1,Jinasena_MasterData_Stock.product_template_drum_plate_331863,33SC 1305,,0.0,0.0,0.0,,,,
product_product_id_134937,33SC 1305SS,1,Jinasena_MasterData_Stock.product_template_drum_plate,33SC 1305SS,,0.0,0.0,0.0,,,,
product_product_id_134938,33SC 1306,1,Jinasena_MasterData_Stock.product_template_cutter_blade,33SC 1306,,0.0,0.0,0.0,,,,
product_product_id_134939,33SC 1307,1,Jinasena_MasterData_Stock.product_template_blade_adjusting_plate_331866,33SC 1307,,0.0,0.0,0.0,,,,
product_product_id_134940,33SC 1307SS,1,Jinasena_MasterData_Stock.product_template_blade_adjusting_plate,33SC 1307SS,,0.0,0.0,0.0,,,,
product_product_id_134941,33SC 1401,1,Jinasena_MasterData_Stock.product_template_hopper_bottom_plate_331868,33SC 1401,,0.0,0.0,0.0,,,,
product_product_id_134942,33SC 1401SS,1,Jinasena_MasterData_Stock.product_template_hopper_bottom_plate,33SC 1401SS,,0.0,0.0,0.0,,,,
product_product_id_134943,33SC 1402,1,Jinasena_MasterData_Stock.product_template_hopper_top_plate_331870,33SC 1402,,0.0,0.0,0.0,,,,
product_product_id_134944,33SC 1402SS,1,Jinasena_MasterData_Stock.product_template_hopper_top_plate,33SC 1402SS,,0.0,0.0,0.0,,,,
product_product_id_134945,33SC 1403,1,Jinasena_MasterData_Stock.product_template_hopper_outlet_top_plate_331872,33SC 1403,,0.0,0.0,0.0,,,,
product_product_id_134946,33SC 1403SS,1,Jinasena_MasterData_Stock.product_template_hopper_outlet_top_plate,33SC 1403SS,,0.0,0.0,0.0,,,,
product_product_id_134947,33SC 1404,1,Jinasena_MasterData_Stock.product_template_hopper_outlet_bottom_plate_331874,33SC 1404,,0.0,0.0,0.0,,,,
product_product_id_134948,33SC 1404SS,1,Jinasena_MasterData_Stock.product_template_hopper_outlet_bottom_plate,33SC 1404SS,,0.0,0.0,0.0,,,,
product_product_id_134949,33SC 1405,1,Jinasena_MasterData_Stock.product_template_rubber_outlet_guard,33SC 1405,,0.0,0.0,0.0,,,,
product_product_id_134950,33SC 1406,1,Jinasena_MasterData_Stock.product_template_rubber_mounting_strip_331877,33SC 1406,,0.0,0.0,0.0,,,,
product_product_id_134951,33SC 1406SS,1,Jinasena_MasterData_Stock.product_template_rubber_mounting_strip,33SC 1406SS,,0.0,0.0,0.0,,,,
product_product_id_134952,33SC 1407,1,Jinasena_MasterData_Stock.product_template_motor_pulley_guard_1,33SC 1407,,0.0,0.0,0.0,,,,
product_product_id_134953,33SC 1408,1,Jinasena_MasterData_Stock.product_template_motor_pulley_guard_2,33SC 1408,,0.0,0.0,0.0,,,,
product_product_id_134954,33SC 1409,1,Jinasena_MasterData_Stock.product_template_reduction_pulley_guard_1,33SC 1409,,0.0,0.0,0.0,,,,
product_product_id_134955,33SC 1410,1,Jinasena_MasterData_Stock.product_template_reduction_pulley_guard_2,33SC 1410,,0.0,0.0,0.0,,,,
product_product_id_134956,33SC 1411,1,Jinasena_MasterData_Stock.product_template_motor_guard_plate,33SC 1411,,0.0,0.0,0.0,,,,
product_product_id_134957,33SC 1411SS,1,Jinasena_MasterData_Stock.product_template_hopper_inner_guide,33SC 1411SS,,0.0,0.0,0.0,,,,
product_product_id_134958,33SC 1421,1,Jinasena_MasterData_Stock.product_template_stand_column,33SC 1421,,0.0,0.0,0.0,,,,
product_product_id_134959,33SC 1422,1,Jinasena_MasterData_Stock.product_template_stand_cross,33SC 1422,,0.0,0.0,0.0,,,,
product_product_id_134960,33SC 1423,1,Jinasena_MasterData_Stock.product_template_stand_base,33SC 1423,,0.0,0.0,0.0,,,,
product_product_id_134961,33SC 1431,1,Jinasena_MasterData_Stock.product_template_bracket_angle_1,33SC 1431,,0.0,0.0,0.0,,,,
product_product_id_134962,33SC 1432,1,Jinasena_MasterData_Stock.product_template_bracket_angle_2,33SC 1432,,0.0,0.0,0.0,,,,
product_product_id_134963,33SC 1433,1,Jinasena_MasterData_Stock.product_template_bracket_angle_3,33SC 1433,,0.0,0.0,0.0,,,,
product_product_id_134964,33SC 1434,1,Jinasena_MasterData_Stock.product_template_bracket_angle_4,33SC 1434,,0.0,0.0,0.0,,,,
product_product_id_134965,33SC 1435,1,Jinasena_MasterData_Stock.product_template_suport_angle_5,33SC 1435,,0.0,0.0,0.0,,,,
product_product_id_134966,33SC 1436,1,Jinasena_MasterData_Stock.product_template_motor_base_f_i,33SC 1436,,0.0,0.0,0.0,,,,
product_product_id_134967,33SC 1437,1,Jinasena_MasterData_Stock.product_template_base_front,33SC 1437,,0.0,0.0,0.0,,,,
product_product_id_134968,33SC 1438,1,Jinasena_MasterData_Stock.product_template_support_pipe,33SC 1438,,0.0,0.0,0.0,,,,
product_product_id_134969,33SC 1439,1,Jinasena_MasterData_Stock.product_template_u_bracket,33SC 1439,,0.0,0.0,0.0,,,,
product_product_id_134970,33SC 1441,1,Jinasena_MasterData_Stock.product_template_motor_mount_angle,33SC 1441,,0.0,0.0,0.0,,,,
product_product_id_134971,33SC 1442,1,Jinasena_MasterData_Stock.product_template_motor_mountflat_iron,33SC 1442,,0.0,0.0,0.0,,,,
product_product_id_134972,33SC 1443,1,Jinasena_MasterData_Stock.product_template_bracket_cross,33SC 1443,,0.0,0.0,0.0,,,,
product_product_id_134973,33SC 1444,1,Jinasena_MasterData_Stock.product_template_bracket_vertical,33SC 1444,,0.0,0.0,0.0,,,,
product_product_id_134974,33SC 1445,1,Jinasena_MasterData_Stock.product_template_bracket_support,33SC 1445,,0.0,0.0,0.0,,,,
product_product_id_134975,33SC 1446,1,Jinasena_MasterData_Stock.product_template_base_front_331902,33SC 1446,,0.0,0.0,0.0,,,,
product_product_id_134976,33SC 1601,1,Jinasena_MasterData_Stock.product_template_base_frame,33SC 1601,,0.0,0.0,0.0,,,,
product_product_id_134977,33SC 1602,1,Jinasena_MasterData_Stock.product_template_bracket_column,33SC 1602,,0.0,0.0,0.0,,,,
product_product_id_134978,33SC 1603,1,Jinasena_MasterData_Stock.product_template_bracket_beam,33SC 1603,,0.0,0.0,0.0,,,,
product_product_id_134979,33SC 1604,1,Jinasena_MasterData_Stock.product_template_support,33SC 1604,,0.0,0.0,0.0,,,,
product_product_id_134980,33SC 1605,1,Jinasena_MasterData_Stock.product_template_front_element,33SC 1605,,0.0,0.0,0.0,,,,
product_product_id_134981,33SC 1606,1,Jinasena_MasterData_Stock.product_template_bolt_bar,33SC 1606,,0.0,0.0,0.0,,,,
product_product_id_134982,33SC M101,1,Jinasena_MasterData_Stock.product_template_sideplate,33SC M101,,0.0,0.0,0.0,,,,
product_product_id_134983,33SC M102,1,Jinasena_MasterData_Stock.product_template_bottom_plate_331910,33SC M102,,0.0,0.0,0.0,,,,
product_product_id_134984,33SC M103,1,Jinasena_MasterData_Stock.product_template_cover_plate_a_331911,33SC M103,,0.0,0.0,0.0,,,,
product_product_id_134985,33SC M104,1,Jinasena_MasterData_Stock.product_template_cover_plate_b_331912,33SC M104,,0.0,0.0,0.0,,,,
product_product_id_134986,33SC M105,1,Jinasena_MasterData_Stock.product_template_cover_plate_c_331913,33SC M105,,0.0,0.0,0.0,,,,
product_product_id_134987,33SC M106,1,Jinasena_MasterData_Stock.product_template_cover_plate_d_331914,33SC M106,,0.0,0.0,0.0,,,,
product_product_id_134988,33SC M107,1,Jinasena_MasterData_Stock.product_template_cover_plate_e_331915,33SC M107,,0.0,0.0,0.0,,,,
product_product_id_134989,33SC M108,1,Jinasena_MasterData_Stock.product_template_bearing_plate_331916,33SC M108,,0.0,0.0,0.0,,,,
product_product_id_134990,33SC M109,1,Jinasena_MasterData_Stock.product_template_outlet_side_331917,33SC M109,,0.0,0.0,0.0,,,,
product_product_id_134991,33SC M110,1,Jinasena_MasterData_Stock.product_template_top_angle_plate_331918,33SC M110,,0.0,0.0,0.0,,,,
product_product_id_134992,33SC M111,1,Jinasena_MasterData_Stock.product_template_outlet_cover_331919,33SC M111,,0.0,0.0,0.0,,,,
product_product_id_134993,33SCM 300,1,Jinasena_MasterData_Stock.product_template_hoper_plate_1,33SCM 300,,0.0,0.0,0.0,,,,
product_product_id_134994,33SCM 301,1,Jinasena_MasterData_Stock.product_template_hoper_plate_2,33SCM 301,,0.0,0.0,0.0,,,,
product_product_id_134995,33SCM 302,1,Jinasena_MasterData_Stock.product_template_hoper_plate_3,33SCM 302,,0.0,0.0,0.0,,,,
product_product_id_134996,33SCM 303,1,Jinasena_MasterData_Stock.product_template_hoper_plate_4,33SCM 303,,0.0,0.0,0.0,,,,
product_product_id_134997,33SCM 400,1,Jinasena_MasterData_Stock.product_template_base_assembly_331924,33SCM 400,,0.0,0.0,0.0,,,,
product_product_id_134998,33SCM 401,1,Jinasena_MasterData_Stock.product_template_pressure_guard_plate_331925,33SCM 401,,0.0,0.0,0.0,,,,
product_product_id_134999,33SCM 402,1,Jinasena_MasterData_Stock.product_template_pressure_guard_bush_331926,33SCM 402,,0.0,0.0,0.0,,,,
product_product_id_135000,33SCM 403,1,Jinasena_MasterData_Stock.product_template_pressure_guard_pin,33SCM 403,,0.0,0.0,0.0,,,,
product_product_id_135001,33SCM 404,1,Jinasena_MasterData_Stock.product_template_pressure_guard_handle_1,33SCM 404,,0.0,0.0,0.0,,,,
product_product_id_135002,33SCM 405,1,Jinasena_MasterData_Stock.product_template_pressure_guard_handle_2,33SCM 405,,0.0,0.0,0.0,,,,
product_product_id_135003,33SCM 406,1,Jinasena_MasterData_Stock.product_template_rachet_plate,33SCM 406,,0.0,0.0,0.0,,,,
product_product_id_135004,33SCM 407,1,Jinasena_MasterData_Stock.product_template_rachet_plate_pin,33SCM 407,,0.0,0.0,0.0,,,,
product_product_id_135005,33SCM 408,1,Jinasena_MasterData_Stock.product_template_sieve_plate_331932,33SCM 408,,0.0,0.0,0.0,,,,
product_product_id_135006,33SCM 408-3MM,1,Jinasena_MasterData_Stock.product_template_sieve_plate_ss_3mm,33SCM 408-3MM,,0.0,0.0,0.0,,,,
product_product_id_135007,33SCM 451,1,Jinasena_MasterData_Stock.product_template_base_angle_1,33SCM 451,,0.0,0.0,0.0,,,,
product_product_id_135008,33SCM 452,1,Jinasena_MasterData_Stock.product_template_base_angle_2,33SCM 452,,0.0,0.0,0.0,,,,
product_product_id_135009,33SCM 453,1,Jinasena_MasterData_Stock.product_template_motor_bracket_support,33SCM 453,,0.0,0.0,0.0,,,,
product_product_id_135010,33SCM 454,1,Jinasena_MasterData_Stock.product_template_motor_bracket_angle,33SCM 454,,0.0,0.0,0.0,,,,
product_product_id_135011,33SCM 455,1,Jinasena_MasterData_Stock.product_template_body_holding_brackete,33SCM 455,,0.0,0.0,0.0,,,,
product_product_id_135012,33SCM 456,1,Jinasena_MasterData_Stock.product_template_base_angle_front,33SCM 456,,0.0,0.0,0.0,,,,
product_product_id_135013,33SCM 457,1,Jinasena_MasterData_Stock.product_template_base_raiforcement_1,33SCM 457,,0.0,0.0,0.0,,,,
product_product_id_135014,33SCM 458,1,Jinasena_MasterData_Stock.product_template_base_raiforcement_2,33SCM 458,,0.0,0.0,0.0,,,,
product_product_id_135015,33SCM 459,1,Jinasena_MasterData_Stock.product_template_motor_bracket_f_i,33SCM 459,,0.0,0.0,0.0,,,,
product_product_id_135016,33SCM 460,1,Jinasena_MasterData_Stock.product_template_stage_plate,33SCM 460,,0.0,0.0,0.0,,,,
product_product_id_135017,33SCM 461,1,Jinasena_MasterData_Stock.product_template_cloumns_foots,33SCM 461,,0.0,0.0,0.0,,,,
product_product_id_135018,33SCM201,1,Jinasena_MasterData_Stock.product_template_drumplates,33SCM201,,0.0,0.0,0.0,,,,
product_product_id_135019,33SCM202,1,Jinasena_MasterData_Stock.product_template_drum_bush_331946,33SCM202,,0.0,0.0,0.0,,,,
product_product_id_135020,33SCM203,1,Jinasena_MasterData_Stock.product_template_drum_shaft,33SCM203,,0.0,0.0,0.0,,,,
product_product_id_135021,33SCM204,1,Jinasena_MasterData_Stock.product_template_blade_spacers,33SCM204,,0.0,0.0,0.0,,,,
product_product_id_135022,33SCM205,1,Jinasena_MasterData_Stock.product_template_blade_hangin_pin,33SCM205,,0.0,0.0,0.0,,,,
product_product_id_135023,33SCM206,1,Jinasena_MasterData_Stock.product_template_shaft_key,33SCM206,,0.0,0.0,0.0,,,,
product_product_id_135024,33SCV 1001,1,Jinasena_MasterData_Stock.product_template_top_beam,33SCV 1001,,0.0,0.0,0.0,,,,
product_product_id_135025,33SCV 1002,1,Jinasena_MasterData_Stock.product_template_bottom_beam,33SCV 1002,,0.0,0.0,0.0,,,,
product_product_id_135026,33SCV 1003,1,Jinasena_MasterData_Stock.product_template_columns,33SCV 1003,,0.0,0.0,0.0,,,,
product_product_id_135027,33SCV 1004,1,Jinasena_MasterData_Stock.product_template_shoe_plates,33SCV 1004,,0.0,0.0,0.0,,,,
product_product_id_135028,33SCV 1201,1,Jinasena_MasterData_Stock.product_template_main_sides,33SCV 1201,,0.0,0.0,0.0,,,,
product_product_id_135029,33SCV 1202,1,Jinasena_MasterData_Stock.product_template_axilary_side_1,33SCV 1202,,0.0,0.0,0.0,,,,
product_product_id_135030,33SCV 1203,1,Jinasena_MasterData_Stock.product_template_auxilary_side_2,33SCV 1203,,0.0,0.0,0.0,,,,
product_product_id_135031,33SCV 1204,1,Jinasena_MasterData_Stock.product_template_gear_box_mount_beam_331958,33SCV 1204,,0.0,0.0,0.0,,,,
product_product_id_135032,33SCV 1205,1,Jinasena_MasterData_Stock.product_template_front_cover_331959,33SCV 1205,,0.0,0.0,0.0,,,,
product_product_id_135033,33SCV 1206,1,Jinasena_MasterData_Stock.product_template_prop_331960,33SCV 1206,,0.0,0.0,0.0,,,,
product_product_id_135034,33SCV 1301,1,Jinasena_MasterData_Stock.product_template_shaft_body_331961,33SCV 1301,,0.0,0.0,0.0,,,,
product_product_id_135035,33SCV 1302,1,Jinasena_MasterData_Stock.product_template_drive_end_shaft,33SCV 1302,,0.0,0.0,0.0,,,,
product_product_id_135036,33SCV 1303,1,Jinasena_MasterData_Stock.product_template_driven_end_shaft_331963,33SCV 1303,,0.0,0.0,0.0,,,,
product_product_id_135037,33SCV 1304,1,Jinasena_MasterData_Stock.product_template_driven_shaft_for_the_screw_type,33SCV 1304,,0.0,0.0,0.0,,,,
product_product_id_135038,33SCV 1401,1,Jinasena_MasterData_Stock.product_template_main_ring_1_331965,33SCV 1401,,0.0,0.0,0.0,,,,
product_product_id_135039,33SCV 1402,1,Jinasena_MasterData_Stock.product_template_main_ring_2_331966,33SCV 1402,,0.0,0.0,0.0,,,,
product_product_id_135040,33SCV 1403,1,Jinasena_MasterData_Stock.product_template_main_ring_3_331967,33SCV 1403,,0.0,0.0,0.0,,,,
product_product_id_135041,33SCV 1404,1,Jinasena_MasterData_Stock.product_template_main_ring_4_331968,33SCV 1404,,0.0,0.0,0.0,,,,
product_product_id_135042,33SCV 1405,1,Jinasena_MasterData_Stock.product_template_sub_ring_1_331969,33SCV 1405,,0.0,0.0,0.0,,,,
product_product_id_135043,33SCV 1406,1,Jinasena_MasterData_Stock.product_template_sub_ring_2_331970,33SCV 1406,,0.0,0.0,0.0,,,,
product_product_id_135044,33SCV 1407,1,Jinasena_MasterData_Stock.product_template_sub_ring_3_331971,33SCV 1407,,0.0,0.0,0.0,,,,
product_product_id_135045,33SCV 1408,1,Jinasena_MasterData_Stock.product_template_sub_ring_4,33SCV 1408,,0.0,0.0,0.0,,,,
product_product_id_135046,33SCV 1409,1,Jinasena_MasterData_Stock.product_template_spork_1,33SCV 1409,,0.0,0.0,0.0,,,,
product_product_id_135047,33SCV 1410,1,Jinasena_MasterData_Stock.product_template_spork_2,33SCV 1410,,0.0,0.0,0.0,,,,
product_product_id_135048,33SCV 1411,1,Jinasena_MasterData_Stock.product_template_spork_3,33SCV 1411,,0.0,0.0,0.0,,,,
product_product_id_135049,33SCV 1412,1,Jinasena_MasterData_Stock.product_template_spork_4,33SCV 1412,,0.0,0.0,0.0,,,,
product_product_id_135050,33SCV 1413,1,Jinasena_MasterData_Stock.product_template_ribs_331977,33SCV 1413,,0.0,0.0,0.0,,,,
product_product_id_135051,33SCV 1414,1,Jinasena_MasterData_Stock.product_template_mesh_mounting_rings_1,33SCV 1414,,0.0,0.0,0.0,,,,
product_product_id_135052,33SCV 1415,1,Jinasena_MasterData_Stock.product_template_mesh_mount_ring_2,33SCV 1415,,0.0,0.0,0.0,,,,
product_product_id_135053,33SCV 1416,1,Jinasena_MasterData_Stock.product_template_mesh_mount_ring_3,33SCV 1416,,0.0,0.0,0.0,,,,
product_product_id_135054,33SCV 1417,1,Jinasena_MasterData_Stock.product_template_mesh_mount_ring_4,33SCV 1417,,0.0,0.0,0.0,,,,
product_product_id_135055,33SCV 1418,1,Jinasena_MasterData_Stock.product_template_mesh_mount_ring_5,33SCV 1418,,0.0,0.0,0.0,,,,
product_product_id_135056,33SCV 1419,1,Jinasena_MasterData_Stock.product_template_mesh_mount_strip,33SCV 1419,,0.0,0.0,0.0,,,,
product_product_id_135057,33SCV 1420,1,Jinasena_MasterData_Stock.product_template_seiving_mesh,33SCV 1420,,0.0,0.0,0.0,,,,
product_product_id_135058,33SCV 1421,1,Jinasena_MasterData_Stock.product_template_support_mesh_331985,33SCV 1421,,0.0,0.0,0.0,,,,
product_product_id_135059,33SCV 1422,1,Jinasena_MasterData_Stock.product_template_main_ring_5,33SCV 1422,,0.0,0.0,0.0,,,,
product_product_id_135060,33SCV 1451,1,Jinasena_MasterData_Stock.product_template_curved_support,33SCV 1451,,0.0,0.0,0.0,,,,
product_product_id_135061,33SCV 1452,1,Jinasena_MasterData_Stock.product_template_plate_rainforcement,33SCV 1452,,0.0,0.0,0.0,,,,
product_product_id_135062,33SCV 1453,1,Jinasena_MasterData_Stock.product_template_plate,33SCV 1453,,0.0,0.0,0.0,,,,
product_product_id_135063,33SCV 1455,1,Jinasena_MasterData_Stock.product_template_flatform_mount,33SCV 1455,,0.0,0.0,0.0,,,,
product_product_id_135064,33SCV 1456,1,Jinasena_MasterData_Stock.product_template_flatform_support,33SCV 1456,,0.0,0.0,0.0,,,,
product_product_id_135065,33SL H500,1,Jinasena_MasterData_Stock.product_template_stay_geg_h500,33SL H500,,0.0,0.0,0.0,,,,
product_product_id_135066,33SL H600,1,Jinasena_MasterData_Stock.product_template_stay_geg_h_600,33SL H600,,0.0,0.0,0.0,,,,
product_product_id_135067,33SL M500,1,Jinasena_MasterData_Stock.product_template_stay_leg_m500,33SL M500,,0.0,0.0,0.0,,,,
product_product_id_135068,33SL M604,1,Jinasena_MasterData_Stock.product_template_stay_leg_m604,33SL M604,,0.0,0.0,0.0,,,,
product_product_id_135069,33TC 409,1,Jinasena_MasterData_Stock.product_template_sieve_plate_331996,33TC 409,,0.0,0.0,0.0,,,,
product_product_id_135070,33TC 6101,1,Jinasena_MasterData_Stock.product_template_side_plate_331997,33TC 6101,,0.0,0.0,0.0,,,,
product_product_id_135071,33TC 6102,1,Jinasena_MasterData_Stock.product_template_bottom_plate_331998,33TC 6102,,0.0,0.0,0.0,,,,
product_product_id_135072,33TC 6103,1,Jinasena_MasterData_Stock.product_template_cover_plate_a,33TC 6103,,0.0,0.0,0.0,,,,
product_product_id_135073,33TC 6104,1,Jinasena_MasterData_Stock.product_template_cover_plate_b,33TC 6104,,0.0,0.0,0.0,,,,
product_product_id_135074,33TC 6105,1,Jinasena_MasterData_Stock.product_template_cover_plate_c_332001,33TC 6105,,0.0,0.0,0.0,,,,
product_product_id_135075,33TC 6106,1,Jinasena_MasterData_Stock.product_template_cover_plate_d,33TC 6106,,0.0,0.0,0.0,,,,
product_product_id_135076,33TC 6107,1,Jinasena_MasterData_Stock.product_template_cover_plate_e,33TC 6107,,0.0,0.0,0.0,,,,
product_product_id_135077,33TC 6108,1,Jinasena_MasterData_Stock.product_template_cross_angle_a,33TC 6108,,0.0,0.0,0.0,,,,
product_product_id_135078,33TC 6109,1,Jinasena_MasterData_Stock.product_template_cross_angle_b_332005,33TC 6109,,0.0,0.0,0.0,,,,
product_product_id_135079,33TC 6110,1,Jinasena_MasterData_Stock.product_template_body_mount_angle,33TC 6110,,0.0,0.0,0.0,,,,
product_product_id_135080,33TC 6111,1,Jinasena_MasterData_Stock.product_template_motor_support_angle,33TC 6111,,0.0,0.0,0.0,,,,
product_product_id_135081,33TC 6112,1,Jinasena_MasterData_Stock.product_template_motor_support_flat_iron,33TC 6112,,0.0,0.0,0.0,,,,
product_product_id_135082,33TC 6113,1,Jinasena_MasterData_Stock.product_template_bearing_plate_332009,33TC 6113,,0.0,0.0,0.0,,,,
product_product_id_135083,33TC 6114,1,Jinasena_MasterData_Stock.product_template_outlet_side,33TC 6114,,0.0,0.0,0.0,,,,
product_product_id_135084,33TC 6115,1,Jinasena_MasterData_Stock.product_template_top_angle_plate,33TC 6115,,0.0,0.0,0.0,,,,
product_product_id_135085,33TC 6116,1,Jinasena_MasterData_Stock.product_template_outlet_cover,33TC 6116,,0.0,0.0,0.0,,,,
product_product_id_135086,33TC 6117,1,Jinasena_MasterData_Stock.product_template_bearing_guard,33TC 6117,,0.0,0.0,0.0,,,,
product_product_id_135087,33TC 6118,1,Jinasena_MasterData_Stock.product_template_bearing_guard_mount_al,33TC 6118,,0.0,0.0,0.0,,,,
product_product_id_135088,33TC 6119,1,Jinasena_MasterData_Stock.product_template_feeding_mouth_net,33TC 6119,,0.0,0.0,0.0,,,,
product_product_id_135089,33TC 6120,1,Jinasena_MasterData_Stock.product_template_feeding_mouth_plate,33TC 6120,,0.0,0.0,0.0,,,,
product_product_id_135090,33TC 6121,1,Jinasena_MasterData_Stock.product_template_pulley_gard_bracket,33TC 6121,,0.0,0.0,0.0,,,,
product_product_id_135091,33TC 6160,1,Jinasena_MasterData_Stock.product_template_cross_angle_1,33TC 6160,,0.0,0.0,0.0,,,,
product_product_id_135092,33TC 6161,1,Jinasena_MasterData_Stock.product_template_cross_angle_2,33TC 6161,,0.0,0.0,0.0,,,,
product_product_id_135093,33TC 6162,1,Jinasena_MasterData_Stock.product_template_main_body_stand_ai,33TC 6162,,0.0,0.0,0.0,,,,
product_product_id_135094,33TC 6201,1,Jinasena_MasterData_Stock.product_template_drum_square_plate,33TC 6201,,0.0,0.0,0.0,,,,
product_product_id_135095,33TC 6202,1,Jinasena_MasterData_Stock.product_template_drum_bush_332022,33TC 6202,,0.0,0.0,0.0,,,,
product_product_id_135096,33TC 6203,1,Jinasena_MasterData_Stock.product_template_drum_shaft_332023,33TC 6203,,0.0,0.0,0.0,,,,
product_product_id_135097,33TC 6204,1,Jinasena_MasterData_Stock.product_template_blade_spacer_a,33TC 6204,,0.0,0.0,0.0,,,,
product_product_id_135098,33TC 6205,1,Jinasena_MasterData_Stock.product_template_blade_spacer_b,33TC 6205,,0.0,0.0,0.0,,,,
product_product_id_135099,33TC 6206,1,Jinasena_MasterData_Stock.product_template_blade_hanging_pin,33TC 6206,,0.0,0.0,0.0,,,,
product_product_id_135100,33TC 6207,1,Jinasena_MasterData_Stock.product_template_bearing_cover_plate,33TC 6207,,0.0,0.0,0.0,,,,
product_product_id_135101,33TC 6208,1,Jinasena_MasterData_Stock.product_template_lock_washer_332028,33TC 6208,,0.0,0.0,0.0,,,,
product_product_id_135102,33TC 6209,1,Jinasena_MasterData_Stock.product_template_parallet_key,33TC 6209,,0.0,0.0,0.0,,,,
product_product_id_135103,33TC 6210,1,Jinasena_MasterData_Stock.product_template_blade_spacer_2mm_for_tcm,33TC 6210,,0.0,0.0,0.0,,,,
product_product_id_135104,33TC 6211,1,Jinasena_MasterData_Stock.product_template_blade_spacer_3mm_for_tcm,33TC 6211,,0.0,0.0,0.0,,,,
product_product_id_135105,33TC 6212,1,Jinasena_MasterData_Stock.product_template_tea_cutter_blade_spacer_special,33TC 6212,,0.0,0.0,0.0,,,,
product_product_id_135106,33TC 6301,1,Jinasena_MasterData_Stock.product_template_hopper_plate_a,33TC 6301,,0.0,0.0,0.0,,,,
product_product_id_135107,33TC 6302,1,Jinasena_MasterData_Stock.product_template_hopper_plate_b,33TC 6302,,0.0,0.0,0.0,,,,
product_product_id_135108,33TC 6303,1,Jinasena_MasterData_Stock.product_template_hopper_plate_c,33TC 6303,,0.0,0.0,0.0,,,,
product_product_id_135109,33TC 6304,1,Jinasena_MasterData_Stock.product_template_feeding_limit_plate,33TC 6304,,0.0,0.0,0.0,,,,
product_product_id_135110,33TC 6305,1,Jinasena_MasterData_Stock.product_template_bolt_ring,33TC 6305,,0.0,0.0,0.0,,,,
product_product_id_135111,33TC 6306,1,Jinasena_MasterData_Stock.product_template_hinge_bush_332038,33TC 6306,,0.0,0.0,0.0,,,,
product_product_id_135112,33TC 6360,1,Jinasena_MasterData_Stock.product_template_concave_handle,33TC 6360,,0.0,0.0,0.0,,,,
product_product_id_135113,33TC 6361,1,Jinasena_MasterData_Stock.product_template_handle_pin_332040,33TC 6361,,0.0,0.0,0.0,,,,
product_product_id_135114,33TC 6401,1,Jinasena_MasterData_Stock.product_template_reduction_shaft_332041,33TC 6401,,0.0,0.0,0.0,,,,
product_product_id_135115,33TC 6402,1,Jinasena_MasterData_Stock.product_template_bearing_mount_al_a,33TC 6402,,0.0,0.0,0.0,,,,
product_product_id_135116,33TC 6403,1,Jinasena_MasterData_Stock.product_template_bearing_mount_al_b,33TC 6403,,0.0,0.0,0.0,,,,
product_product_id_135117,33TC 6404,1,Jinasena_MasterData_Stock.product_template_shaft_key_332044,33TC 6404,,0.0,0.0,0.0,,,,
product_product_id_135118,33TC 6405,1,Jinasena_MasterData_Stock.product_template_reinforcement_plate_332045,33TC 6405,,0.0,0.0,0.0,,,,
product_product_id_135119,33TC 6406,1,Jinasena_MasterData_Stock.product_template_lock_washer,33TC 6406,,0.0,0.0,0.0,,,,
product_product_id_135120,33TC 6407,1,Jinasena_MasterData_Stock.product_template_belt_tention_fi_a,33TC 6407,,0.0,0.0,0.0,,,,
product_product_id_135121,33TC 6408,1,Jinasena_MasterData_Stock.product_template_belt_tention_fi_b,33TC 6408,,0.0,0.0,0.0,,,,
product_product_id_135122,33TC 6409,1,Jinasena_MasterData_Stock.product_template_ruduction_motor_fixing_ajts,33TC 6409,,0.0,0.0,0.0,,,,
product_product_id_135123,33TC 6501,1,Jinasena_MasterData_Stock.product_template_cross_angle_a_332050,33TC 6501,,0.0,0.0,0.0,,,,
product_product_id_135124,33TC 6502,1,Jinasena_MasterData_Stock.product_template_cross_angle_b,33TC 6502,,0.0,0.0,0.0,,,,
product_product_id_135125,33TC 6503,1,Jinasena_MasterData_Stock.product_template_angle_leg,33TC 6503,,0.0,0.0,0.0,,,,
product_product_id_135126,33TC 6504,1,Jinasena_MasterData_Stock.product_template_reinforcement_al_a,33TC 6504,,0.0,0.0,0.0,,,,
product_product_id_135127,33TC 6505,1,Jinasena_MasterData_Stock.product_template_reinforcement_al_b,33TC 6505,,0.0,0.0,0.0,,,,
product_product_id_135128,33TC 6506,1,Jinasena_MasterData_Stock.product_template_reinforcement_plate_332055,33TC 6506,,0.0,0.0,0.0,,,,
product_product_id_135129,33TC 6507,1,Jinasena_MasterData_Stock.product_template_leg_mount,33TC 6507,,0.0,0.0,0.0,,,,
product_product_id_135130,33TC 6508,1,Jinasena_MasterData_Stock.product_template_floor_board_332057,33TC 6508,,0.0,0.0,0.0,,,,
product_product_id_135131,33TC 6509,1,Jinasena_MasterData_Stock.product_template_pipe_fixing_rpound_plate,33TC 6509,,0.0,0.0,0.0,,,,
product_product_id_135132,33TC 6510,1,Jinasena_MasterData_Stock.product_template_dust_conner_plate_a,33TC 6510,,0.0,0.0,0.0,,,,
product_product_id_135133,33TC 6511,1,Jinasena_MasterData_Stock.product_template_dust_conner_plate_b,33TC 6511,,0.0,0.0,0.0,,,,
product_product_id_135134,33TC 6512,1,Jinasena_MasterData_Stock.product_template_blower_fixing_brakect,33TC 6512,,0.0,0.0,0.0,,,,
product_product_id_135135,33TC 6513,1,Jinasena_MasterData_Stock.product_template_blowe_fan_shaft,33TC 6513,,0.0,0.0,0.0,,,,
product_product_id_135136,33TC 6514,1,Jinasena_MasterData_Stock.product_template_blower_fan_bush,33TC 6514,,0.0,0.0,0.0,,,,
product_product_id_135137,33TC 6601,1,Jinasena_MasterData_Stock.product_template_base_al,33TC 6601,,0.0,0.0,0.0,,,,
product_product_id_135138,33TC 6602,1,Jinasena_MasterData_Stock.product_template_base_flate_iron_332065,33TC 6602,,0.0,0.0,0.0,,,,
product_product_id_135139,33TC 6603,1,Jinasena_MasterData_Stock.product_template_reinforcement_flate_i_a,33TC 6603,,0.0,0.0,0.0,,,,
product_product_id_135140,33TC 6604,1,Jinasena_MasterData_Stock.product_template_reinforcement_plate_i_b,33TC 6604,,0.0,0.0,0.0,,,,
product_product_id_135141,33TC 6605,1,Jinasena_MasterData_Stock.product_template_motor_tention_ring,33TC 6605,,0.0,0.0,0.0,,,,
product_product_id_135142,33TC 6606,1,Jinasena_MasterData_Stock.product_template_motor_tention_bush,33TC 6606,,0.0,0.0,0.0,,,,
product_product_id_135143,33TC 6701,1,Jinasena_MasterData_Stock.product_template_belt_gurad_face_plate,33TC 6701,,0.0,0.0,0.0,,,,
product_product_id_135144,33TC 6702,1,Jinasena_MasterData_Stock.product_template_belt_guard_cover_plate_a,33TC 6702,,0.0,0.0,0.0,,,,
product_product_id_135145,33TC 6703,1,Jinasena_MasterData_Stock.product_template_belt_guard_cover_plate_b,33TC 6703,,0.0,0.0,0.0,,,,
product_product_id_135146,33TC 6704,1,Jinasena_MasterData_Stock.product_template_belt_guard_support_arm_a,33TC 6704,,0.0,0.0,0.0,,,,
product_product_id_135147,33TC 6705,1,Jinasena_MasterData_Stock.product_template_belt_guard_support_arm_b,33TC 6705,,0.0,0.0,0.0,,,,
product_product_id_135148,33TC 6706,1,Jinasena_MasterData_Stock.product_template_angle_leg_b_332075,33TC 6706,,0.0,0.0,0.0,,,,
product_product_id_135149,33TC 6707,1,Jinasena_MasterData_Stock.product_template_belt_ring,33TC 6707,,0.0,0.0,0.0,,,,
product_product_id_135150,33TC 6708,1,Jinasena_MasterData_Stock.product_template_motor_adjustment_f_i,33TC 6708,,0.0,0.0,0.0,,,,
product_product_id_135151,33TC 6709,1,Jinasena_MasterData_Stock.product_template_reinfocement_angle_c,33TC 6709,,0.0,0.0,0.0,,,,
product_product_id_135152,33TC 6710,1,Jinasena_MasterData_Stock.product_template_reinfocement_angle_d,33TC 6710,,0.0,0.0,0.0,,,,
product_product_id_135153,33TC 6711,1,Jinasena_MasterData_Stock.product_template_reinforcement_angle_e,33TC 6711,,0.0,0.0,0.0,,,,
product_product_id_135154,33TC 6712,1,Jinasena_MasterData_Stock.product_template_reinforcement_plate,33TC 6712,,0.0,0.0,0.0,,,,
product_product_id_135155,33TC 6801,1,Jinasena_MasterData_Stock.product_template_pressure_guard_plate,33TC 6801,,0.0,0.0,0.0,,,,
product_product_id_135156,33TC 6802,1,Jinasena_MasterData_Stock.product_template_pressure_guard_bush,33TC 6802,,0.0,0.0,0.0,,,,
product_product_id_135157,33TC 6803,1,Jinasena_MasterData_Stock.product_template_pressure_guard_rod,33TC 6803,,0.0,0.0,0.0,,,,
product_product_id_135158,33TC 6804,1,Jinasena_MasterData_Stock.product_template_pressure_guard_handle_a,33TC 6804,,0.0,0.0,0.0,,,,
product_product_id_135159,33TC 6805,1,Jinasena_MasterData_Stock.product_template_pressure_guard_handle_b,33TC 6805,,0.0,0.0,0.0,,,,
product_product_id_135160,33TC 6806,1,Jinasena_MasterData_Stock.product_template_pressure_guard_ratchet_plate,33TC 6806,,0.0,0.0,0.0,,,,
product_product_id_135161,33TC 6807,1,Jinasena_MasterData_Stock.product_template_pressure_guard_ratchet_pin,33TC 6807,,0.0,0.0,0.0,,,,
product_product_id_135162,33TC 6808,1,Jinasena_MasterData_Stock.product_template_siever_plate_19mm,33TC 6808,,0.0,0.0,0.0,,,,
product_product_id_135163,33TC 6901,1,Jinasena_MasterData_Stock.product_template_base_angle,33TC 6901,,0.0,0.0,0.0,,,,
product_product_id_135164,33TC 6902,1,Jinasena_MasterData_Stock.product_template_base_flate_iron,33TC 6902,,0.0,0.0,0.0,,,,
product_product_id_135165,33TC 6903,1,Jinasena_MasterData_Stock.product_template_reinforcement_flate_iron,33TC 6903,,0.0,0.0,0.0,,,,
product_product_id_135166,33TC 6904,1,Jinasena_MasterData_Stock.product_template_reinforcement_flate_iron_b,33TC 6904,,0.0,0.0,0.0,,,,
product_product_id_135167,33TC 7606,1,Jinasena_MasterData_Stock.product_template_angle_leg_b,33TC 7606,,0.0,0.0,0.0,,,,
product_product_id_135168,33TCM 409,1,Jinasena_MasterData_Stock.product_template_sieve_plate_g14,33TCM 409,,0.0,0.0,0.0,,,,
product_product_id_135169,33TH 11101,1,Jinasena_MasterData_Stock.product_template_frame_top_angle_l,33TH 11101,,0.0,0.0,0.0,,,,
product_product_id_135170,33TH 11102,1,Jinasena_MasterData_Stock.product_template_frame_top_angle_s,33TH 11102,,0.0,0.0,0.0,,,,
product_product_id_135171,33TH 11103,1,Jinasena_MasterData_Stock.product_template_bottom_angle_l,33TH 11103,,0.0,0.0,0.0,,,,
product_product_id_135172,33TH 11104,1,Jinasena_MasterData_Stock.product_template_bottom_angle_s,33TH 11104,,0.0,0.0,0.0,,,,
product_product_id_135173,33TH 11105,1,Jinasena_MasterData_Stock.product_template_frame_vertical_angle,33TH 11105,,0.0,0.0,0.0,,,,
product_product_id_135174,33TH 11106,1,Jinasena_MasterData_Stock.product_template_frame_bottom_angle_plate_1,33TH 11106,,0.0,0.0,0.0,,,,
product_product_id_135175,33TH 11107,1,Jinasena_MasterData_Stock.product_template_frame_bottom_angle_plate_2,33TH 11107,,0.0,0.0,0.0,,,,
product_product_id_135176,33TH 11108,1,Jinasena_MasterData_Stock.product_template_comcave_rib,33TH 11108,,0.0,0.0,0.0,,,,
product_product_id_135177,33TH 11109,1,Jinasena_MasterData_Stock.product_template_concave_rod_332104,33TH 11109,,0.0,0.0,0.0,,,,
product_product_id_135178,33TH 11110,1,Jinasena_MasterData_Stock.product_template_concave_bottom_strip,33TH 11110,,0.0,0.0,0.0,,,,
product_product_id_135179,33TH 11111,1,Jinasena_MasterData_Stock.product_template_frame_side_cover,33TH 11111,,0.0,0.0,0.0,,,,
product_product_id_135180,33TH 11112,1,Jinasena_MasterData_Stock.product_template_frame_bottom_plate_01,33TH 11112,,0.0,0.0,0.0,,,,
product_product_id_135181,33TH 11113,1,Jinasena_MasterData_Stock.product_template_frame_side_guide_2_332108,33TH 11113,,0.0,0.0,0.0,,,,
product_product_id_135182,33TH 11114,1,Jinasena_MasterData_Stock.product_template_straw_outlet_mount,33TH 11114,,0.0,0.0,0.0,,,,
product_product_id_135183,33TH 11115,1,Jinasena_MasterData_Stock.product_template_cutter_blade_mount_plate,33TH 11115,,0.0,0.0,0.0,,,,
product_product_id_135184,33TH 11116,1,Jinasena_MasterData_Stock.product_template_straw_outlet_mount_2,33TH 11116,,0.0,0.0,0.0,,,,
product_product_id_135185,33TH 11117,1,Jinasena_MasterData_Stock.product_template_fan_mount_colomn,33TH 11117,,0.0,0.0,0.0,,,,
product_product_id_135186,33TH 11118,1,Jinasena_MasterData_Stock.product_template_pulley_guard_bracket_332113,33TH 11118,,0.0,0.0,0.0,,,,
product_product_id_135187,33TH 11119,1,Jinasena_MasterData_Stock.product_template_tray_mount_rod,33TH 11119,,0.0,0.0,0.0,,,,
product_product_id_135188,33TH 11120,1,Jinasena_MasterData_Stock.product_template_top_cover_bolt_ring,33TH 11120,,0.0,0.0,0.0,,,,
product_product_id_135189,33TH 11121,1,Jinasena_MasterData_Stock.product_template_frame_bottom_plate_02,33TH 11121,,0.0,0.0,0.0,,,,
product_product_id_135190,33TH 11122,1,Jinasena_MasterData_Stock.product_template_reinforcement_for_frame_angles,33TH 11122,,0.0,0.0,0.0,,,,
product_product_id_135191,33TH 11123,1,Jinasena_MasterData_Stock.product_template_frame_front_cover,33TH 11123,,0.0,0.0,0.0,,,,
product_product_id_135192,33TH 11124,1,Jinasena_MasterData_Stock.product_template_frame_back_cover,33TH 11124,,0.0,0.0,0.0,,,,
product_product_id_135193,33TH 11125,1,Jinasena_MasterData_Stock.product_template_frame_vertical_angle_box,33TH 11125,,0.0,0.0,0.0,,,,
product_product_id_135194,33TH 11126,1,Jinasena_MasterData_Stock.product_template_mth_sieve_unit_hangings,33TH 11126,,0.0,0.0,0.0,,,,
product_product_id_135195,33TH 11127,1,Jinasena_MasterData_Stock.product_template_mth_essentric_shaft_mounts,33TH 11127,,0.0,0.0,0.0,,,,
product_product_id_135196,33TH 11128,1,Jinasena_MasterData_Stock.product_template_mth_drum_bearing_mout_supports,33TH 11128,,0.0,0.0,0.0,,,,
product_product_id_135197,33TH 11129,1,Jinasena_MasterData_Stock.product_template_sieve_hangin_f_i_s,33TH 11129,,0.0,0.0,0.0,,,,
product_product_id_135198,33TH 11130,1,Jinasena_MasterData_Stock.product_template_top_cover_hinges,33TH 11130,,0.0,0.0,0.0,,,,
product_product_id_135199,33TH 11131,1,Jinasena_MasterData_Stock.product_template_top_cover_handle_332126,33TH 11131,,0.0,0.0,0.0,,,,
product_product_id_135200,33TH 11401,1,Jinasena_MasterData_Stock.product_template_pulley_guard_1,33TH 11401,,0.0,0.0,0.0,,,,
product_product_id_135201,33TH 11402,1,Jinasena_MasterData_Stock.product_template_pulley_guard_2,33TH 11402,,0.0,0.0,0.0,,,,
product_product_id_135202,33TH 11403,1,Jinasena_MasterData_Stock.product_template_pulley_mount_bracket,33TH 11403,,0.0,0.0,0.0,,,,
product_product_id_135203,33TH 11404,1,Jinasena_MasterData_Stock.product_template_pulley_guard_mount_bracket_2,33TH 11404,,0.0,0.0,0.0,,,,
product_product_id_135204,33TH 11601,1,Jinasena_MasterData_Stock.product_template_cover_top_332131,33TH 11601,,0.0,0.0,0.0,,,,
product_product_id_135205,33TH 11602,1,Jinasena_MasterData_Stock.product_template_cover_side,33TH 11602,,0.0,0.0,0.0,,,,
product_product_id_135206,33TH 11603,1,Jinasena_MasterData_Stock.product_template_inner_mouth_332133,33TH 11603,,0.0,0.0,0.0,,,,
product_product_id_135207,33TH 11604,1,Jinasena_MasterData_Stock.product_template_cover_mount_plate,33TH 11604,,0.0,0.0,0.0,,,,
product_product_id_135208,33TH 11701,1,Jinasena_MasterData_Stock.product_template_tray_bottom_332135,33TH 11701,,0.0,0.0,0.0,,,,
product_product_id_135209,33TH 11702,1,Jinasena_MasterData_Stock.product_template_tray_side_plate_front,33TH 11702,,0.0,0.0,0.0,,,,
product_product_id_135210,33TH 11703,1,Jinasena_MasterData_Stock.product_template_tray_rein_angle,33TH 11703,,0.0,0.0,0.0,,,,
product_product_id_135211,33TH 11704,1,Jinasena_MasterData_Stock.product_template_tray_bar,33TH 11704,,0.0,0.0,0.0,,,,
product_product_id_135212,33TH 11705,1,Jinasena_MasterData_Stock.product_template_tray_bar_socket,33TH 11705,,0.0,0.0,0.0,,,,
product_product_id_135213,33TH 11706,1,Jinasena_MasterData_Stock.product_template_tray_holder_plate,33TH 11706,,0.0,0.0,0.0,,,,
product_product_id_135214,33TH 11707,1,Jinasena_MasterData_Stock.product_template_tray_support_base,33TH 11707,,0.0,0.0,0.0,,,,
product_product_id_135215,33TH 11708,1,Jinasena_MasterData_Stock.product_template_tray_back,33TH 11708,,0.0,0.0,0.0,,,,
product_product_id_135216,33TH 11709,1,Jinasena_MasterData_Stock.product_template_tray_front,33TH 11709,,0.0,0.0,0.0,,,,
product_product_id_135217,33TH 11710,1,Jinasena_MasterData_Stock.product_template_tray_side,33TH 11710,,0.0,0.0,0.0,,,,
product_product_id_135218,33TH 11801,1,Jinasena_MasterData_Stock.product_template_drum_cross_332145,33TH 11801,,0.0,0.0,0.0,,,,
product_product_id_135219,33TH 11802,1,Jinasena_MasterData_Stock.product_template_drum_cross_reinforcement,33TH 11802,,0.0,0.0,0.0,,,,
product_product_id_135220,33TH 11803,1,Jinasena_MasterData_Stock.product_template_drum_shaft_th1,33TH 11803,,0.0,0.0,0.0,,,,
product_product_id_135221,33TH 11804,1,Jinasena_MasterData_Stock.product_template_drum_circular_palte_l,33TH 11804,,0.0,0.0,0.0,,,,
product_product_id_135222,33TH 11805,1,Jinasena_MasterData_Stock.product_template_drum_circular_plate_m,33TH 11805,,0.0,0.0,0.0,,,,
product_product_id_135223,33TH 11806,1,Jinasena_MasterData_Stock.product_template_drum_angle_332150,33TH 11806,,0.0,0.0,0.0,,,,
product_product_id_135224,33TH 11807,1,Jinasena_MasterData_Stock.product_template_rubber_holder_angle_l,33TH 11807,,0.0,0.0,0.0,,,,
product_product_id_135225,33TH 11808,1,Jinasena_MasterData_Stock.product_template_rubber_holder_angle_s,33TH 11808,,0.0,0.0,0.0,,,,
product_product_id_135226,33TH 11809,1,Jinasena_MasterData_Stock.product_template_rubber_pad_holder_l,33TH 11809,,0.0,0.0,0.0,,,,
product_product_id_135227,33TH 11810,1,Jinasena_MasterData_Stock.product_template_rubber_pad_holder_plate_s,33TH 11810,,0.0,0.0,0.0,,,,
product_product_id_135228,33TH 13201,1,Jinasena_MasterData_Stock.product_template_engine_mount_332155,33TH 13201,,0.0,0.0,0.0,,,,
product_product_id_135229,33TH 13202,1,Jinasena_MasterData_Stock.product_template_engine_frame_cross_s,33TH 13202,,0.0,0.0,0.0,,,,
product_product_id_135230,33TH 13203,1,Jinasena_MasterData_Stock.product_template_engine_frame_cross_l,33TH 13203,,0.0,0.0,0.0,,,,
product_product_id_135231,33TH 13204,1,Jinasena_MasterData_Stock.product_template_engine_frame_column_332158,33TH 13204,,0.0,0.0,0.0,,,,
product_product_id_135232,33TH 13205,1,Jinasena_MasterData_Stock.product_template_engine_frame_rein,33TH 13205,,0.0,0.0,0.0,,,,
product_product_id_135233,33TH 13206,1,Jinasena_MasterData_Stock.product_template_engine_frame_bottom,33TH 13206,,0.0,0.0,0.0,,,,
product_product_id_135234,33TH 22201,1,Jinasena_MasterData_Stock.product_template_m_s_square_section_column_332161,33TH 22201,,0.0,0.0,0.0,,,,
product_product_id_135235,33TH 22202,1,Jinasena_MasterData_Stock.product_template_m_s_beam_short,33TH 22202,,0.0,0.0,0.0,,,,
product_product_id_135236,33TH 22203,1,Jinasena_MasterData_Stock.product_template_m_s_beam_top_long,33TH 22203,,0.0,0.0,0.0,,,,
product_product_id_135237,33TH 22204,1,Jinasena_MasterData_Stock.product_template_grain_chute_sides,33TH 22204,,0.0,0.0,0.0,,,,
product_product_id_135238,33TH 22205,1,Jinasena_MasterData_Stock.product_template_grain_chute_front,33TH 22205,,0.0,0.0,0.0,,,,
product_product_id_135239,33TH 22206,1,Jinasena_MasterData_Stock.product_template_grain_chute_bottom_332166,33TH 22206,,0.0,0.0,0.0,,,,
product_product_id_135240,33TH 22207,1,Jinasena_MasterData_Stock.product_template_thresher_frame_handle,33TH 22207,,0.0,0.0,0.0,,,,
product_product_id_135241,33TH 22208,1,Jinasena_MasterData_Stock.product_template_side_plate_straw_outlet,33TH 22208,,0.0,0.0,0.0,,,,
product_product_id_135242,33TH 22209,1,Jinasena_MasterData_Stock.product_template_grain_chute_top,33TH 22209,,0.0,0.0,0.0,,,,
product_product_id_135243,33TH 22210,1,Jinasena_MasterData_Stock.product_template_straw_outlet_concave_retainer_pl,33TH 22210,,0.0,0.0,0.0,,,,
product_product_id_135244,33TH 22211,1,Jinasena_MasterData_Stock.product_template_pedestal_beam_short,33TH 22211,,0.0,0.0,0.0,,,,
product_product_id_135245,33TH 22212,1,Jinasena_MasterData_Stock.product_template_m_s_beam_bottom_long,33TH 22212,,0.0,0.0,0.0,,,,
product_product_id_135246,33TH 22213,1,Jinasena_MasterData_Stock.product_template_bearing_plate_332173,33TH 22213,,0.0,0.0,0.0,,,,
product_product_id_135247,33TH 22221,1,Jinasena_MasterData_Stock.product_template_straw_outlet_spacer,33TH 22221,,0.0,0.0,0.0,,,,
product_product_id_135248,33TH 22222,1,Jinasena_MasterData_Stock.product_template_tray_holder_stud,33TH 22222,,0.0,0.0,0.0,,,,
product_product_id_135249,33TH 22223,1,Jinasena_MasterData_Stock.product_template_bracket_fixing_plate_1,33TH 22223,,0.0,0.0,0.0,,,,
product_product_id_135250,33TH 22224,1,Jinasena_MasterData_Stock.product_template_bracket_fixing_plate_2,33TH 22224,,0.0,0.0,0.0,,,,
product_product_id_135251,33TH 22225,1,Jinasena_MasterData_Stock.product_template_rubber_strip_for_frame_top,33TH 22225,,0.0,0.0,0.0,,,,
product_product_id_135252,33TH 22401,1,Jinasena_MasterData_Stock.product_template_guard_bracket_no_1,33TH 22401,,0.0,0.0,0.0,,,,
product_product_id_135253,33TH 22402,1,Jinasena_MasterData_Stock.product_template_guard_cover,33TH 22402,,0.0,0.0,0.0,,,,
product_product_id_135254,33TH 22403,1,Jinasena_MasterData_Stock.product_template_m_s_guard_frame,33TH 22403,,0.0,0.0,0.0,,,,
product_product_id_135255,33TH 22404,1,Jinasena_MasterData_Stock.product_template_guard_plate,33TH 22404,,0.0,0.0,0.0,,,,
product_product_id_135256,33TH 22405,1,Jinasena_MasterData_Stock.product_template_guard_bracket_no_2,33TH 22405,,0.0,0.0,0.0,,,,
product_product_id_135257,33TH 22501,1,Jinasena_MasterData_Stock.product_template_m_s_mounting_angle,33TH 22501,,0.0,0.0,0.0,,,,
product_product_id_135258,33TH 22502,1,Jinasena_MasterData_Stock.product_template_retainer_crescent,33TH 22502,,0.0,0.0,0.0,,,,
product_product_id_135259,33TH 22503,1,Jinasena_MasterData_Stock.product_template_concave_rib_middle_side_2,33TH 22503,,0.0,0.0,0.0,,,,
product_product_id_135260,33TH 22504,1,Jinasena_MasterData_Stock.product_template_m_s_flat_bottom_strip_332187,33TH 22504,,0.0,0.0,0.0,,,,
product_product_id_135261,33TH 22505,1,Jinasena_MasterData_Stock.product_template_concave_rods_332188,33TH 22505,,0.0,0.0,0.0,,,,
product_product_id_135262,33TH 22508,1,Jinasena_MasterData_Stock.product_template_seed_sieving_net,33TH 22508,,0.0,0.0,0.0,,,,
product_product_id_135263,33TH 22509,1,Jinasena_MasterData_Stock.product_template_seed_sieving_net_frame_plate_1,33TH 22509,,0.0,0.0,0.0,,,,
product_product_id_135264,33TH 22510,1,Jinasena_MasterData_Stock.product_template_seed_sieving_net_frame_plate_2,33TH 22510,,0.0,0.0,0.0,,,,
product_product_id_135265,33TH 22511,1,Jinasena_MasterData_Stock.product_template_corbs_outlet_cover_plate_1,33TH 22511,,0.0,0.0,0.0,,,,
product_product_id_135266,33TH 22512,1,Jinasena_MasterData_Stock.product_template_corb_outlet_cover_plate_2,33TH 22512,,0.0,0.0,0.0,,,,
product_product_id_135267,33TH 22513,1,Jinasena_MasterData_Stock.product_template_corb_outlet_protective_plate,33TH 22513,,0.0,0.0,0.0,,,,
product_product_id_135268,33TH 22514,1,Jinasena_MasterData_Stock.product_template_corb_outlet_seed_separate_net_support_332195,33TH 22514,,0.0,0.0,0.0,,,,
product_product_id_135269,33TH 22515,1,Jinasena_MasterData_Stock.product_template_corb_outlet_seed_separate_net_support,33TH 22515,,0.0,0.0,0.0,,,,
product_product_id_135270,33TH 22516,1,Jinasena_MasterData_Stock.product_template_feeding_rubber_guard,33TH 22516,,0.0,0.0,0.0,,,,
product_product_id_135271,33TH 22601,1,Jinasena_MasterData_Stock.product_template_louvres_no_1,33TH 22601,,0.0,0.0,0.0,,,,
product_product_id_135272,33TH 22602,1,Jinasena_MasterData_Stock.product_template_louvres_no_2,33TH 22602,,0.0,0.0,0.0,,,,
product_product_id_135273,33TH 22603,1,Jinasena_MasterData_Stock.product_template_louvres_no_3,33TH 22603,,0.0,0.0,0.0,,,,
product_product_id_135274,33TH 22604,1,Jinasena_MasterData_Stock.product_template_cover_sides,33TH 22604,,0.0,0.0,0.0,,,,
product_product_id_135275,33TH 22605,1,Jinasena_MasterData_Stock.product_template_cover_top_332202,33TH 22605,,0.0,0.0,0.0,,,,
product_product_id_135276,33TH 22606,1,Jinasena_MasterData_Stock.product_template_inner_cover,33TH 22606,,0.0,0.0,0.0,,,,
product_product_id_135277,33TH 22607,1,Jinasena_MasterData_Stock.product_template_cover_mouth,33TH 22607,,0.0,0.0,0.0,,,,
product_product_id_135278,33TH 22608,1,Jinasena_MasterData_Stock.product_template_inner_mouth,33TH 22608,,0.0,0.0,0.0,,,,
product_product_id_135279,33TH 22609,1,Jinasena_MasterData_Stock.product_template_cover_bolt_rod,33TH 22609,,0.0,0.0,0.0,,,,
product_product_id_135280,33TH 22701,1,Jinasena_MasterData_Stock.product_template_tray_bar_holder_bush,33TH 22701,,0.0,0.0,0.0,,,,
product_product_id_135281,33TH 22702,1,Jinasena_MasterData_Stock.product_template_m_s_tray_bracket_332208,33TH 22702,,0.0,0.0,0.0,,,,
product_product_id_135282,33TH 22703,1,Jinasena_MasterData_Stock.product_template_1_2_g_i_pipe_support,33TH 22703,,0.0,0.0,0.0,1,1,1,1
product_product_id_135283,33TH 22704,1,Jinasena_MasterData_Stock.product_template_m_s_support_base,33TH 22704,,0.0,0.0,0.0,,,,
product_product_id_135284,33TH 22705,1,Jinasena_MasterData_Stock.product_template_m_s_angle_long_332211,33TH 22705,,0.0,0.0,0.0,,,,
product_product_id_135285,33TH 22706,1,Jinasena_MasterData_Stock.product_template_m_s_angle_short,33TH 22706,,0.0,0.0,0.0,,,,
product_product_id_135286,33TH 22707,1,Jinasena_MasterData_Stock.product_template_tray_bottom_332213,33TH 22707,,0.0,0.0,0.0,,,,
product_product_id_135287,33TH 22708,1,Jinasena_MasterData_Stock.product_template_paddy_inlet_side,33TH 22708,,0.0,0.0,0.0,,,,
product_product_id_135288,33TH 22709,1,Jinasena_MasterData_Stock.product_template_feeding_guide,33TH 22709,,0.0,0.0,0.0,,,,
product_product_id_135289,33TH 22801,1,Jinasena_MasterData_Stock.product_template_drum_plate_332216,33TH 22801,,0.0,0.0,0.0,,,,
product_product_id_135290,33TH 22802,1,Jinasena_MasterData_Stock.product_template_pad_holder_large,33TH 22802,,0.0,0.0,0.0,,,,
product_product_id_135291,33TH 22803,1,Jinasena_MasterData_Stock.product_template_rubber_holder_plate_small,33TH 22803,,0.0,0.0,0.0,,,,
product_product_id_135292,33TH 22804,1,Jinasena_MasterData_Stock.product_template_drum_shaft_th2_t,33TH 22804,,0.0,0.0,0.0,,,,
product_product_id_135293,33TH 22805,1,Jinasena_MasterData_Stock.product_template_drum_frame_cross_side_small,33TH 22805,,0.0,0.0,0.0,,,,
product_product_id_135294,33TH 22806,1,Jinasena_MasterData_Stock.product_template_cross_reinforcement,33TH 22806,,0.0,0.0,0.0,,,,
product_product_id_135295,33TH 22807,1,Jinasena_MasterData_Stock.product_template_frame_angle,33TH 22807,,0.0,0.0,0.0,,,,
product_product_id_135296,33TH 22808,1,Jinasena_MasterData_Stock.product_template_drum_bush_th1_th2,33TH 22808,,0.0,0.0,0.0,,,,
product_product_id_135297,33TH 22809,1,Jinasena_MasterData_Stock.product_template_bush_drum_plate_middle,33TH 22809,,0.0,0.0,0.0,,,,
product_product_id_135298,33TH 22810,1,Jinasena_MasterData_Stock.product_template_peg_th2_th1,33TH 22810,,0.0,0.0,0.0,,,,
product_product_id_135299,33TH 22811,1,Jinasena_MasterData_Stock.product_template_rubber_holder_angle_large,33TH 22811,,0.0,0.0,0.0,,,,
product_product_id_135300,33TH 22812,1,Jinasena_MasterData_Stock.product_template_rubber_holder_angle_small,33TH 22812,,0.0,0.0,0.0,,,,
product_product_id_135301,33TH 22815,1,Jinasena_MasterData_Stock.product_template_drum_frame_cross_side_large,33TH 22815,,0.0,0.0,0.0,,,,
product_product_id_135302,33TH 22816,1,Jinasena_MasterData_Stock.product_template_drum_frame_cross_middle_large,33TH 22816,,0.0,0.0,0.0,,,,
product_product_id_135303,33TH 22817,1,Jinasena_MasterData_Stock.product_template_drum_frame_cross_middle_small,33TH 22817,,0.0,0.0,0.0,,,,
product_product_id_135304,33TH 22820,1,Jinasena_MasterData_Stock.product_template_drum_cover_plate,33TH 22820,,0.0,0.0,0.0,,,,
product_product_id_135305,33TH 23101,1,Jinasena_MasterData_Stock.product_template_tractor_bracket_angle_no_1,33TH 23101,,0.0,0.0,0.0,,,,
product_product_id_135306,33TH 23103,1,Jinasena_MasterData_Stock.product_template_tractor_bracket_flat_no_1,33TH 23103,,0.0,0.0,0.0,,,,
product_product_id_135307,33TH 23104,1,Jinasena_MasterData_Stock.product_template_tractor_bracket_angle_no_3,33TH 23104,,0.0,0.0,0.0,,,,
product_product_id_135308,33TH 23105,1,Jinasena_MasterData_Stock.product_template_tractor_bracket_angle_no_4,33TH 23105,,0.0,0.0,0.0,,,,
product_product_id_135309,33TH 23106,1,Jinasena_MasterData_Stock.product_template_tractor_bracket_flat_no_2,33TH 23106,,0.0,0.0,0.0,,,,
product_product_id_135310,33TH 23108,1,Jinasena_MasterData_Stock.product_template_u_plate_tb,33TH 23108,,0.0,0.0,0.0,,,,
product_product_id_135311,33TH 23109,1,Jinasena_MasterData_Stock.product_template_clamping_screw_handle,33TH 23109,,0.0,0.0,0.0,,,,
product_product_id_135312,33TH 23110,1,Jinasena_MasterData_Stock.product_template_bolt_bracket_channelled,33TH 23110,,0.0,0.0,0.0,,,,
product_product_id_135313,33TH 23111,1,Jinasena_MasterData_Stock.product_template_bolt_bracket_plain,33TH 23111,,0.0,0.0,0.0,,,,
product_product_id_135314,33TH 23112,1,Jinasena_MasterData_Stock.product_template_g_i_mounting_pipe,33TH 23112,,0.0,0.0,0.0,,,,
product_product_id_135315,33TH 32201,1,Jinasena_MasterData_Stock.product_template_top_bottom_angle_l,33TH 32201,,0.0,0.0,0.0,,,,
product_product_id_135316,33TH 32202,1,Jinasena_MasterData_Stock.product_template_top_angle,33TH 32202,,0.0,0.0,0.0,,,,
product_product_id_135317,33TH 32203,1,Jinasena_MasterData_Stock.product_template_bottom_angle_332244,33TH 32203,,0.0,0.0,0.0,,,,
product_product_id_135318,33TH 32204,1,Jinasena_MasterData_Stock.product_template_column_frame_th3,33TH 32204,,0.0,0.0,0.0,,,,
product_product_id_135319,33TH 32205,1,Jinasena_MasterData_Stock.product_template_tractor_bracket_mount_angle,33TH 32205,,0.0,0.0,0.0,,,,
product_product_id_135320,33TH 32206,1,Jinasena_MasterData_Stock.product_template_tractor_bracket_mount_re_inforce,33TH 32206,,0.0,0.0,0.0,,,,
product_product_id_135321,33TH 32207,1,Jinasena_MasterData_Stock.product_template_pulley_guard_mount_plate,33TH 32207,,0.0,0.0,0.0,,,,
product_product_id_135322,33TH 32208,1,Jinasena_MasterData_Stock.product_template_tray_bracket_pin,33TH 32208,,0.0,0.0,0.0,,,,
product_product_id_135323,33TH 32209,1,Jinasena_MasterData_Stock.product_template_frame_handle,33TH 32209,,0.0,0.0,0.0,,,,
product_product_id_135324,33TH 32210,1,Jinasena_MasterData_Stock.product_template_grain_chute_side_1,33TH 32210,,0.0,0.0,0.0,,,,
product_product_id_135325,33TH 32211,1,Jinasena_MasterData_Stock.product_template_grain_chute_side_2,33TH 32211,,0.0,0.0,0.0,,,,
product_product_id_135326,33TH 32212,1,Jinasena_MasterData_Stock.product_template_grain_chute_bottom_332253,33TH 32212,,0.0,0.0,0.0,,,,
product_product_id_135327,33TH 32213,1,Jinasena_MasterData_Stock.product_template_frame_side_guide,33TH 32213,,0.0,0.0,0.0,,,,
product_product_id_135328,33TH 32214,1,Jinasena_MasterData_Stock.product_template_concave_retainer_plate,33TH 32214,,0.0,0.0,0.0,,,,
product_product_id_135329,33TH 32215,1,Jinasena_MasterData_Stock.product_template_straw_outlet_bottom_332256,33TH 32215,,0.0,0.0,0.0,,,,
product_product_id_135330,33TH 32216,1,Jinasena_MasterData_Stock.product_template_fan_mounting_plate,33TH 32216,,0.0,0.0,0.0,,,,
product_product_id_135331,33TH 32217,1,Jinasena_MasterData_Stock.product_template_frame_re_inforcement_332258,33TH 32217,,0.0,0.0,0.0,,,,
product_product_id_135332,33TH 32401,1,Jinasena_MasterData_Stock.product_template_guard_bracket,33TH 32401,,0.0,0.0,0.0,,,,
product_product_id_135333,33TH 32402,1,Jinasena_MasterData_Stock.product_template_guard_cover_332260,33TH 32402,,0.0,0.0,0.0,,,,
product_product_id_135334,33TH 32403,1,Jinasena_MasterData_Stock.product_template_guard_bracket_plate,33TH 32403,,0.0,0.0,0.0,,,,
product_product_id_135335,33TH 32501,1,Jinasena_MasterData_Stock.product_template_concave_rod_332262,33TH 32501,,0.0,0.0,0.0,,,,
product_product_id_135336,33TH 32502,1,Jinasena_MasterData_Stock.product_template_concave_rib_side_1,33TH 32502,,0.0,0.0,0.0,,,,
product_product_id_135337,33TH 32601,1,Jinasena_MasterData_Stock.product_template_cover_plate_top,33TH 32601,,0.0,0.0,0.0,,,,
product_product_id_135338,33TH 32602,1,Jinasena_MasterData_Stock.product_template_louver_1,33TH 32602,,0.0,0.0,0.0,,,,
product_product_id_135339,33TH 32603,1,Jinasena_MasterData_Stock.product_template_inner_mouth_332266,33TH 32603,,0.0,0.0,0.0,,,,
product_product_id_135340,33TH 32701,1,Jinasena_MasterData_Stock.product_template_tray_bottom_plate,33TH 32701,,0.0,0.0,0.0,,,,
product_product_id_135341,33TH 32702,1,Jinasena_MasterData_Stock.product_template_bracket_tray,33TH 32702,,0.0,0.0,0.0,,,,
product_product_id_135342,33TH 32703,1,Jinasena_MasterData_Stock.product_template_feeding_guide_332269,33TH 32703,,0.0,0.0,0.0,,,,
product_product_id_135343,33TH 32704,1,Jinasena_MasterData_Stock.product_template_tray_angle_reinforcement_01,33TH 32704,,0.0,0.0,0.0,,,,
product_product_id_135344,33TH 32705,1,Jinasena_MasterData_Stock.product_template_m_s_angle_long,33TH 32705,,0.0,0.0,0.0,,,,
product_product_id_135345,33TH 32707,1,Jinasena_MasterData_Stock.product_template_tray_bottom_332272,33TH 32707,,0.0,0.0,0.0,,,,
product_product_id_135346,33TH 32708,1,Jinasena_MasterData_Stock.product_template_paddy_inlet_side_332273,33TH 32708,,0.0,0.0,0.0,,,,
product_product_id_135347,33TH 32709,1,Jinasena_MasterData_Stock.product_template_tray_bar_base,33TH 32709,,0.0,0.0,0.0,,,,
product_product_id_135348,33TH 32710,1,Jinasena_MasterData_Stock.product_template_tray_support_bar_bush,33TH 32710,,0.0,0.0,0.0,,,,
product_product_id_135349,33TH 32711,1,Jinasena_MasterData_Stock.product_template_paddy_inlet_side_332276,33TH 32711,,0.0,0.0,0.0,,,,
product_product_id_135350,33TH 32712,1,Jinasena_MasterData_Stock.product_template_tray_angle_reinforcement_02,33TH 32712,,0.0,0.0,0.0,,,,
product_product_id_135351,33TH 32713,1,Jinasena_MasterData_Stock.product_template_tray_hook_plate,33TH 32713,,0.0,0.0,0.0,,,,
product_product_id_135352,33TH 32714,1,Jinasena_MasterData_Stock.product_template_tray_support,33TH 32714,,0.0,0.0,0.0,,,,
product_product_id_135353,33TH 32801,1,Jinasena_MasterData_Stock.product_template_drum_angle_332280,33TH 32801,,0.0,0.0,0.0,,,,
product_product_id_135354,33TH 32802,1,Jinasena_MasterData_Stock.product_template_rubber_holder_large,33TH 32802,,0.0,0.0,0.0,,,,
product_product_id_135355,33TH 32803,1,Jinasena_MasterData_Stock.product_template_rubber_holder_angle,33TH 32803,,0.0,0.0,0.0,,,,
product_product_id_135356,33TH 32804,1,Jinasena_MasterData_Stock.product_template_drum_pulley_key,33TH 32804,,0.0,0.0,0.0,,,,
product_product_id_135357,33TH 32805,1,Jinasena_MasterData_Stock.product_template_drum_cross,33TH 32805,,0.0,0.0,0.0,,,,
product_product_id_135358,33TH 32806,1,Jinasena_MasterData_Stock.product_template_drum_cross_reinforcement_332285,33TH 32806,,0.0,0.0,0.0,,,,
product_product_id_135359,33TH 32807,1,Jinasena_MasterData_Stock.product_template_drum_bush_332286,33TH 32807,,0.0,0.0,0.0,,,,
product_product_id_135360,33TH 32808,1,Jinasena_MasterData_Stock.product_template_peg_th3_t,33TH 32808,,0.0,0.0,0.0,,,,
product_product_id_135361,33TH 32809,1,Jinasena_MasterData_Stock.product_template_holder_s,33TH 32809,,0.0,0.0,0.0,,,,
product_product_id_135362,33TH 32810,1,Jinasena_MasterData_Stock.product_template_drum_side_plate,33TH 32810,,0.0,0.0,0.0,,,,
product_product_id_135363,33TH 33101,1,Jinasena_MasterData_Stock.product_template_thresher_mount_angle,33TH 33101,,0.0,0.0,0.0,,,,
product_product_id_135364,33TH 33102,1,Jinasena_MasterData_Stock.product_template_thresher_mount_angle_2,33TH 33102,,0.0,0.0,0.0,,,,
product_product_id_135365,33TH 33103,1,Jinasena_MasterData_Stock.product_template_thresher_mount_angle_3,33TH 33103,,0.0,0.0,0.0,,,,
product_product_id_135366,33TH 33104,1,Jinasena_MasterData_Stock.product_template_bracket_reinforcement,33TH 33104,,0.0,0.0,0.0,,,,
product_product_id_135367,33TH 33105,1,Jinasena_MasterData_Stock.product_template_support_pipe_base,33TH 33105,,0.0,0.0,0.0,,,,
product_product_id_135368,33TH 33106,1,Jinasena_MasterData_Stock.product_template_welding_plate_bush_tb,33TH 33106,,0.0,0.0,0.0,,,,
product_product_id_135369,33TH 33107,1,Jinasena_MasterData_Stock.product_template_bracket_reinforcement_plate,33TH 33107,,0.0,0.0,0.0,,,,
product_product_id_135370,33TH 33108,1,Jinasena_MasterData_Stock.product_template_bracket_mounting_plate,33TH 33108,,0.0,0.0,0.0,,,,
product_product_id_135371,33TH 42201,1,Jinasena_MasterData_Stock.product_template_frame_verticle_beam,33TH 42201,,0.0,0.0,0.0,,,,
product_product_id_135372,33TH 42203,1,Jinasena_MasterData_Stock.product_template_ms_beam_top_no_1_th6,33TH 42203,,0.0,0.0,0.0,,,,
product_product_id_135373,33TH 42204,1,Jinasena_MasterData_Stock.product_template_pedestal_beam_long,33TH 42204,,0.0,0.0,0.0,,,,
product_product_id_135374,33TH 42206,1,Jinasena_MasterData_Stock.product_template_grain_chute_bottom,33TH 42206,,0.0,0.0,0.0,,,,
product_product_id_135375,33TH 42208,1,Jinasena_MasterData_Stock.product_template_grain_chute_side,33TH 42208,,0.0,0.0,0.0,,,,
product_product_id_135376,33TH 42209,1,Jinasena_MasterData_Stock.product_template_straw_outlet_bottom_332303,33TH 42209,,0.0,0.0,0.0,,,,
product_product_id_135377,33TH 42213,1,Jinasena_MasterData_Stock.product_template_bearing_plate_332304,33TH 42213,,0.0,0.0,0.0,,,,
product_product_id_135378,33TH 42214,1,Jinasena_MasterData_Stock.product_template_straw_outlet_side_332305,33TH 42214,,0.0,0.0,0.0,,,,
product_product_id_135379,33TH 42215,1,Jinasena_MasterData_Stock.product_template_concave_retainer_plate_th6,33TH 42215,,0.0,0.0,0.0,,,,
product_product_id_135380,33TH 42501,1,Jinasena_MasterData_Stock.product_template_mounting_anglr_bar,33TH 42501,,0.0,0.0,0.0,,,,
product_product_id_135381,33TH 42504,1,Jinasena_MasterData_Stock.product_template_flat_bottom_strip,33TH 42504,,0.0,0.0,0.0,,,,
product_product_id_135382,33TH 42505,1,Jinasena_MasterData_Stock.product_template_concave_rod,33TH 42505,,0.0,0.0,0.0,,,,
product_product_id_135383,33TH 42601,1,Jinasena_MasterData_Stock.product_template_louvers_no_1,33TH 42601,,0.0,0.0,0.0,,,,
product_product_id_135384,33TH 42602,1,Jinasena_MasterData_Stock.product_template_louver_no_2,33TH 42602,,0.0,0.0,0.0,,,,
product_product_id_135385,33TH 42604,1,Jinasena_MasterData_Stock.product_template_cover_side_plate,33TH 42604,,0.0,0.0,0.0,,,,
product_product_id_135386,33TH 42605,1,Jinasena_MasterData_Stock.product_template_cover_top,33TH 42605,,0.0,0.0,0.0,,,,
product_product_id_135387,33TH 42607,1,Jinasena_MasterData_Stock.product_template_cover_mouth_332314,33TH 42607,,0.0,0.0,0.0,,,,
product_product_id_135388,33TH 42610,1,Jinasena_MasterData_Stock.product_template_cover_inner_mouth,33TH 42610,,0.0,0.0,0.0,,,,
product_product_id_135389,33TH 42702,1,Jinasena_MasterData_Stock.product_template_m_s_tray_bracket,33TH 42702,,0.0,0.0,0.0,,,,
product_product_id_135390,33TH 42703,1,Jinasena_MasterData_Stock.product_template_pipe_support_tray,33TH 42703,,0.0,0.0,0.0,,,,
product_product_id_135391,33TH 42705,1,Jinasena_MasterData_Stock.product_template_m_s_angle_long_332318,33TH 42705,,0.0,0.0,0.0,,,,
product_product_id_135392,33TH 42707,1,Jinasena_MasterData_Stock.product_template_tray_bottom,33TH 42707,,0.0,0.0,0.0,,,,
product_product_id_135393,33TH 42708,1,Jinasena_MasterData_Stock.product_template_tray_paddy_inlet_side,33TH 42708,,0.0,0.0,0.0,,,,
product_product_id_135394,33TH 42801,1,Jinasena_MasterData_Stock.product_template_drum_side_plate_a,33TH 42801,,0.0,0.0,0.0,,,,
product_product_id_135395,33TH 42804,1,Jinasena_MasterData_Stock.product_template_drum_shaft_th6_th4,33TH 42804,,0.0,0.0,0.0,,,,
product_product_id_135396,33TH 42806,1,Jinasena_MasterData_Stock.product_template_drum_cross_strut,33TH 42806,,0.0,0.0,0.0,,,,
product_product_id_135397,33TH 42807,1,Jinasena_MasterData_Stock.product_template_drum_frame_angle_bar,33TH 42807,,0.0,0.0,0.0,,,,
product_product_id_135398,33TH 42810,1,Jinasena_MasterData_Stock.product_template_peg_th5_th6_th7,33TH 42810,,0.0,0.0,0.0,,,,
product_product_id_135399,33TH 42813,1,Jinasena_MasterData_Stock.product_template_drum_circular_plate_b,33TH 42813,,0.0,0.0,0.0,,,,
product_product_id_135400,33TH 42814,1,Jinasena_MasterData_Stock.product_template_pad_bush,33TH 42814,,0.0,0.0,0.0,,,,
product_product_id_135401,33TH 52201,1,Jinasena_MasterData_Stock.product_template_m_s_square_section_column,33TH 52201,,0.0,0.0,0.0,,,,
product_product_id_135402,33TH 52202,1,Jinasena_MasterData_Stock.product_template_m_s_beam_top_no_1_th7,33TH 52202,,0.0,0.0,0.0,,,,
product_product_id_135403,33TH 52203,1,Jinasena_MasterData_Stock.product_template_m_s_beam_top_no_2,33TH 52203,,0.0,0.0,0.0,,,,
product_product_id_135404,33TH 52204,1,Jinasena_MasterData_Stock.product_template_grain_shute_side,33TH 52204,,0.0,0.0,0.0,,,,
product_product_id_135405,33TH 52205,1,Jinasena_MasterData_Stock.product_template_grain_retainer,33TH 52205,,0.0,0.0,0.0,,,,
product_product_id_135406,33TH 52212,1,Jinasena_MasterData_Stock.product_template_pedestal_beam_long_332333,33TH 52212,,0.0,0.0,0.0,,,,
product_product_id_135407,33TH 52215,1,Jinasena_MasterData_Stock.product_template_column_cover,33TH 52215,,0.0,0.0,0.0,,,,
product_product_id_135408,33TH 52216,1,Jinasena_MasterData_Stock.product_template_frame_hinge_plate,33TH 52216,,0.0,0.0,0.0,,,,
product_product_id_135409,33TH 52217,1,Jinasena_MasterData_Stock.product_template_rubber_strip_frame,33TH 52217,,0.0,0.0,0.0,,,,
product_product_id_135410,33TH 52218,1,Jinasena_MasterData_Stock.product_template_buckle_frame_to_cover,33TH 52218,,0.0,0.0,0.0,,,,
product_product_id_135411,33TH 52219,1,Jinasena_MasterData_Stock.product_template_straw_outlet_rubber,33TH 52219,,0.0,0.0,0.0,,,,
product_product_id_135412,33TH 52220,1,Jinasena_MasterData_Stock.product_template_rubber_pad_cover_buckle,33TH 52220,,0.0,0.0,0.0,,,,
product_product_id_135413,33TH 52501,1,Jinasena_MasterData_Stock.product_template_m_s_mounting_angle_332340,33TH 52501,,0.0,0.0,0.0,,,,
product_product_id_135414,33TH 52504,1,Jinasena_MasterData_Stock.product_template_m_s_flat_bottom_strip,33TH 52504,,0.0,0.0,0.0,,,,
product_product_id_135415,33TH 52505,1,Jinasena_MasterData_Stock.product_template_concave_rods_332342,33TH 52505,,0.0,0.0,0.0,,,,
product_product_id_135416,33TH 52601,1,Jinasena_MasterData_Stock.product_template_louver_no_1,33TH 52601,,0.0,0.0,0.0,,,,
product_product_id_135417,33TH 52602,1,Jinasena_MasterData_Stock.product_template_louvre_no_2,33TH 52602,,0.0,0.0,0.0,,,,
product_product_id_135418,33TH 52603,1,Jinasena_MasterData_Stock.product_template_louvre_no_3,33TH 52603,,0.0,0.0,0.0,,,,
product_product_id_135419,33TH 52604,1,Jinasena_MasterData_Stock.product_template_cover_side_plate_332346,33TH 52604,,0.0,0.0,0.0,,,,
product_product_id_135420,33TH 52605,1,Jinasena_MasterData_Stock.product_template_cover_top_332347,33TH 52605,,0.0,0.0,0.0,,,,
product_product_id_135421,33TH 52606,1,Jinasena_MasterData_Stock.product_template_cover_mouth_332348,33TH 52606,,0.0,0.0,0.0,,,,
product_product_id_135422,33TH 52607,1,Jinasena_MasterData_Stock.product_template_inner_mouth_332349,33TH 52607,,0.0,0.0,0.0,,,,
product_product_id_135423,33TH 52609,1,Jinasena_MasterData_Stock.product_template_cover_hinge_plate,33TH 52609,,0.0,0.0,0.0,,,,
product_product_id_135424,33TH 52801,1,Jinasena_MasterData_Stock.product_template_drum_plate_side,33TH 52801,,0.0,0.0,0.0,,,,
product_product_id_135425,33TH 52803,1,Jinasena_MasterData_Stock.product_template_th5_rubber_holder_plate_small,33TH 52803,,0.0,0.0,0.0,,,,
product_product_id_135426,33TH 52804,1,Jinasena_MasterData_Stock.product_template_drum_shaft_th7_20,33TH 52804,,0.0,0.0,0.0,,,,
product_product_id_135427,33TH 52807,1,Jinasena_MasterData_Stock.product_template_drum_frame_angle,33TH 52807,,0.0,0.0,0.0,,,,
product_product_id_135428,33TH 52808,1,Jinasena_MasterData_Stock.product_template_bush_drum_plate_side,33TH 52808,,0.0,0.0,0.0,,,,
product_product_id_135429,33TH 53201,1,Jinasena_MasterData_Stock.product_template_beam_long,33TH 53201,,0.0,0.0,0.0,,,,
product_product_id_135430,33TH 53202,1,Jinasena_MasterData_Stock.product_template_beam_top_bottom,33TH 53202,,0.0,0.0,0.0,,,,
product_product_id_135431,33TH 53203,1,Jinasena_MasterData_Stock.product_template_engine_frame_column,33TH 53203,,0.0,0.0,0.0,,,,
product_product_id_135432,33TH 53204,1,Jinasena_MasterData_Stock.product_template_top_plate_engine_frame,33TH 53204,,0.0,0.0,0.0,,,,
product_product_id_135433,33TH 53206,1,Jinasena_MasterData_Stock.product_template_stand_engine_frame,33TH 53206,,0.0,0.0,0.0,,,,
product_product_id_135434,33TH 53207,1,Jinasena_MasterData_Stock.product_template_clamp_u_flat_eng_frame,33TH 53207,,0.0,0.0,0.0,,,,
product_product_id_135435,33TH 53208,1,Jinasena_MasterData_Stock.product_template_stand_securing_bolt_handle,33TH 53208,,0.0,0.0,0.0,,,,
product_product_id_135436,33TH 53209,1,Jinasena_MasterData_Stock.product_template_securing_chain_engine_clamp,33TH 53209,,0.0,0.0,0.0,,,,
product_product_id_135437,33TH 53210,1,Jinasena_MasterData_Stock.product_template_lock_pin,33TH 53210,,0.0,0.0,0.0,,,,
product_product_id_135438,33TH 53211,1,Jinasena_MasterData_Stock.product_template_clamp_feet,33TH 53211,,0.0,0.0,0.0,,,,
product_product_id_135439,33TH 53212,1,Jinasena_MasterData_Stock.product_template_clamp_bottom,33TH 53212,,0.0,0.0,0.0,,,,
product_product_id_135440,33TH 53213,1,Jinasena_MasterData_Stock.product_template_stand_support_base_plate,33TH 53213,,0.0,0.0,0.0,,,,
product_product_id_135441,33TH 53214,1,Jinasena_MasterData_Stock.product_template_handle_engine_frame,33TH 53214,,0.0,0.0,0.0,,,,
product_product_id_135442,33TH 53215,1,Jinasena_MasterData_Stock.product_template_mounting_shaft,33TH 53215,,0.0,0.0,0.0,,,,
product_product_id_135443,33TH 53216,1,Jinasena_MasterData_Stock.product_template_lock_ring,33TH 53216,,0.0,0.0,0.0,,,,
product_product_id_135444,33TH 53301,1,Jinasena_MasterData_Stock.product_template_engine_guard_mesh,33TH 53301,,0.0,0.0,0.0,,,,
product_product_id_135445,33TH 53302,1,Jinasena_MasterData_Stock.product_template_mesh_reinforcement,33TH 53302,,0.0,0.0,0.0,,,,
product_product_id_135446,33TH 53303,1,Jinasena_MasterData_Stock.product_template_guard_clamp_plate,33TH 53303,,0.0,0.0,0.0,,,,
product_product_id_135447,33TH 53304,1,Jinasena_MasterData_Stock.product_template_guard_top_plate,33TH 53304,,0.0,0.0,0.0,,,,
product_product_id_135448,33TH 62211,1,Jinasena_MasterData_Stock.product_template_pedestal_beam_s,33TH 62211,,0.0,0.0,0.0,,,,
product_product_id_135449,33TH 62213,1,Jinasena_MasterData_Stock.product_template_bearing_plate_s,33TH 62213,,0.0,0.0,0.0,,,,
product_product_id_135450,33TH 62222,1,Jinasena_MasterData_Stock.product_template_guide_plate_th6_frame,33TH 62222,,0.0,0.0,0.0,,,,
product_product_id_135451,33TH 62233,1,Jinasena_MasterData_Stock.product_template_straw_outlet_holder_bracket_1,33TH 62233,,0.0,0.0,0.0,,,,
product_product_id_135452,33TH 62234,1,Jinasena_MasterData_Stock.product_template_straw_outlet_holder_bracket_2,33TH 62234,,0.0,0.0,0.0,,,,
product_product_id_135453,33TH 62235,1,Jinasena_MasterData_Stock.product_template_rb_pad_holder_plate_small,33TH 62235,,0.0,0.0,0.0,,,,
product_product_id_135454,33TH 62506,1,Jinasena_MasterData_Stock.product_template_concave_retainer_rib,33TH 62506,,0.0,0.0,0.0,,,,
product_product_id_135455,33TH 62710,1,Jinasena_MasterData_Stock.product_template_tray_holder_rod,33TH 62710,,0.0,0.0,0.0,,,,
product_product_id_135456,33TH 72206,1,Jinasena_MasterData_Stock.product_template_grain_chute_bottom_332383,33TH 72206,,0.0,0.0,0.0,,,,
product_product_id_135457,33TH 72208,1,Jinasena_MasterData_Stock.product_template_straw_outlet_side,33TH 72208,,0.0,0.0,0.0,,,,
product_product_id_135458,33TH 72209,1,Jinasena_MasterData_Stock.product_template_straw_outlet_bottom,33TH 72209,,0.0,0.0,0.0,,,,
product_product_id_135459,33TH 72211,1,Jinasena_MasterData_Stock.product_template_pedastal_beam_s,33TH 72211,,0.0,0.0,0.0,,,,
product_product_id_135460,33TH 72225,1,Jinasena_MasterData_Stock.product_template_guide_plate,33TH 72225,,0.0,0.0,0.0,,,,
product_product_id_135461,33TH 72233,1,Jinasena_MasterData_Stock.product_template_straw_outlet_rb_holder_brck_1,33TH 72233,,0.0,0.0,0.0,,,,
product_product_id_135462,33TH 72234,1,Jinasena_MasterData_Stock.product_template_straw_outlet_rb_holder_brck_2,33TH 72234,,0.0,0.0,0.0,,,,
product_product_id_135463,33TH 72235,1,Jinasena_MasterData_Stock.product_template_grain_rebounding_holder_plate,33TH 72235,,0.0,0.0,0.0,,,,
product_product_id_135464,33TH 72236,1,Jinasena_MasterData_Stock.product_template_reinforcement_pipe_beam_vertical,33TH 72236,,0.0,0.0,0.0,,,,
product_product_id_135465,33TH 72237,1,Jinasena_MasterData_Stock.product_template_re_inforcement_plate_beam_top,33TH 72237,,0.0,0.0,0.0,,,,
product_product_id_135466,33TH 72238,1,Jinasena_MasterData_Stock.product_template_column_reinforcement_u_plate,33TH 72238,,0.0,0.0,0.0,,,,
product_product_id_135467,33TH 72239,1,Jinasena_MasterData_Stock.product_template_column_reinforcement_plate,33TH 72239,,0.0,0.0,0.0,,,,
product_product_id_135468,33TH 72240,1,Jinasena_MasterData_Stock.product_template_fan_guard_mounting_plate,33TH 72240,,0.0,0.0,0.0,,,,
product_product_id_135469,33TH 72241,1,Jinasena_MasterData_Stock.product_template_concave_retainere_plate,33TH 72241,,0.0,0.0,0.0,,,,
product_product_id_135470,33TH 72811,1,Jinasena_MasterData_Stock.product_template_pad_holder_plate_medium_th7_11,33TH 72811,,0.0,0.0,0.0,,,,
product_product_id_135471,33TH 73101,1,Jinasena_MasterData_Stock.product_template_bracket_angle_b,33TH 73101,,0.0,0.0,0.0,,,,
product_product_id_135472,33TH 73103,1,Jinasena_MasterData_Stock.product_template_bracket_angle_cross_b_tb,33TH 73103,,0.0,0.0,0.0,,,,
product_product_id_135473,33TH 73104,1,Jinasena_MasterData_Stock.product_template_bracket_angle_long_a_tb,33TH 73104,,0.0,0.0,0.0,,,,
product_product_id_135474,33TH 73105,1,Jinasena_MasterData_Stock.product_template_bracket_angle_short_a_tb,33TH 73105,,0.0,0.0,0.0,,,,
product_product_id_135475,33TH 73107,1,Jinasena_MasterData_Stock.product_template_pipe_support_base,33TH 73107,,0.0,0.0,0.0,,,,
product_product_id_135476,33TH 73111,1,Jinasena_MasterData_Stock.product_template_u_plate_mount,33TH 73111,,0.0,0.0,0.0,,,,
product_product_id_135477,33TH 73112,1,Jinasena_MasterData_Stock.product_template_mounting_pipe,33TH 73112,,0.0,0.0,0.0,,,,
product_product_id_135478,33TH 73119,1,Jinasena_MasterData_Stock.product_template_bracket_flat_short_a_tb,33TH 73119,,0.0,0.0,0.0,,,,
product_product_id_135479,33TH 73120,1,Jinasena_MasterData_Stock.product_template_re_inforcement_plate_b_tb,33TH 73120,,0.0,0.0,0.0,,,,
product_product_id_135480,33TH 73121,1,Jinasena_MasterData_Stock.product_template_bracket_flat_long,33TH 73121,,0.0,0.0,0.0,,,,
product_product_id_135481,33TH 73122,1,Jinasena_MasterData_Stock.product_template_gi_pipe_holding_lever,33TH 73122,,0.0,0.0,0.0,,,,
product_product_id_135482,33TH 73401,1,Jinasena_MasterData_Stock.product_template_bottom_mesh_holding_frame,33TH 73401,,0.0,0.0,0.0,,,,
product_product_id_135483,33TH 73402,1,Jinasena_MasterData_Stock.product_template_bracket_tpg,33TH 73402,,0.0,0.0,0.0,,,,
product_product_id_135484,33TH 73403,1,Jinasena_MasterData_Stock.product_template_top_plate_tpg,33TH 73403,,0.0,0.0,0.0,,,,
product_product_id_135485,33TH 73404,1,Jinasena_MasterData_Stock.product_template_screen_inner_tpg,33TH 73404,,0.0,0.0,0.0,,,,
product_product_id_135486,33TH 73501,1,Jinasena_MasterData_Stock.product_template_ms_square_section_column,33TH 73501,,0.0,0.0,0.0,,,,
product_product_id_135487,33TH 73502,1,Jinasena_MasterData_Stock.product_template_column_top_plate,33TH 73502,,0.0,0.0,0.0,,,,
product_product_id_135488,33TH 73503,1,Jinasena_MasterData_Stock.product_template_column_bearing_plate,33TH 73503,,0.0,0.0,0.0,,,,
product_product_id_135489,33TH 73504,1,Jinasena_MasterData_Stock.product_template_coumn_spacer_pipe,33TH 73504,,0.0,0.0,0.0,,,,
product_product_id_135490,33TH 73509,1,Jinasena_MasterData_Stock.product_template_fan_shaft_th1_t,33TH 73509,,0.0,0.0,0.0,,,,
product_product_id_135491,33TH 73601,1,Jinasena_MasterData_Stock.product_template_screen,33TH 73601,,0.0,0.0,0.0,,,,
product_product_id_135492,33TH 73608,1,Jinasena_MasterData_Stock.product_template_frame_holder_fg,33TH 73608,,0.0,0.0,0.0,,,,
product_product_id_135493,33TH 73611,1,Jinasena_MasterData_Stock.product_template_re_inforcement_round_1,33TH 73611,,0.0,0.0,0.0,,,,
product_product_id_135494,33TH 73612,1,Jinasena_MasterData_Stock.product_template_re_inforcement_round_2,33TH 73612,,0.0,0.0,0.0,,,,
product_product_id_135495,33TR 100105,1,Jinasena_MasterData_Stock.product_template_tow_bar_hitch_nut,33TR 100105,,0.0,0.0,0.0,,,,
product_product_id_135496,33TR 100501,1,Jinasena_MasterData_Stock.product_template_brake_paddle,33TR 100501,,0.0,0.0,0.0,,,,
product_product_id_135497,33TR 100503,1,Jinasena_MasterData_Stock.product_template_brake_rod_1,33TR 100503,,0.0,0.0,0.0,,,,
product_product_id_135498,33TR 100508,1,Jinasena_MasterData_Stock.product_template_brake_rod_ajuster,33TR 100508,,0.0,0.0,0.0,,,,
product_product_id_135499,33TR 100605,1,Jinasena_MasterData_Stock.product_template_brake_shoe_adjusting_bolt,33TR 100605,,0.0,0.0,0.0,,,,
product_product_id_135500,33TR 100608,1,Jinasena_MasterData_Stock.product_template_axel_plate,33TR 100608,,0.0,0.0,0.0,,,,
product_product_id_135501,33TR 15101,1,Jinasena_MasterData_Stock.product_template_chassis_member_1,33TR 15101,,0.0,0.0,0.0,,,,
product_product_id_135502,33TR 15102,1,Jinasena_MasterData_Stock.product_template_chassis_member_2,33TR 15102,,0.0,0.0,0.0,,,,
product_product_id_135503,33TR 15103,1,Jinasena_MasterData_Stock.product_template_chassis_member_3,33TR 15103,,0.0,0.0,0.0,,,,
product_product_id_135504,33TR 15104,1,Jinasena_MasterData_Stock.product_template_chassis_member_4,33TR 15104,,0.0,0.0,0.0,,,,
product_product_id_135505,33TR 15105,1,Jinasena_MasterData_Stock.product_template_chassis_member_5,33TR 15105,,0.0,0.0,0.0,,,,
product_product_id_135506,33TR 15106,1,Jinasena_MasterData_Stock.product_template_floor_board_1,33TR 15106,,0.0,0.0,0.0,,,,
product_product_id_135507,33TR 15107,1,Jinasena_MasterData_Stock.product_template_side_plate_332434,33TR 15107,,0.0,0.0,0.0,,,,
product_product_id_135508,33TR 15108,1,Jinasena_MasterData_Stock.product_template_front_plate,33TR 15108,,0.0,0.0,0.0,,,,
product_product_id_135509,33TR 15109,1,Jinasena_MasterData_Stock.product_template_side_top_plate,33TR 15109,,0.0,0.0,0.0,,,,
product_product_id_135510,33TR 15110,1,Jinasena_MasterData_Stock.product_template_floor_board_2,33TR 15110,,0.0,0.0,0.0,,,,
product_product_id_135511,33TR 15111,1,Jinasena_MasterData_Stock.product_template_floor_board_member,33TR 15111,,0.0,0.0,0.0,,,,
product_product_id_135512,33TR 15112,1,Jinasena_MasterData_Stock.product_template_chassis_member_6,33TR 15112,,0.0,0.0,0.0,,,,
product_product_id_135513,33TR 15113,1,Jinasena_MasterData_Stock.product_template_doorframe_supp_member,33TR 15113,,0.0,0.0,0.0,,,,
product_product_id_135514,33TR 15114,1,Jinasena_MasterData_Stock.product_template_seat_cross_beam_2,33TR 15114,,0.0,0.0,0.0,,,,
product_product_id_135515,33TR 15115,1,Jinasena_MasterData_Stock.product_template_seat_column_3,33TR 15115,,0.0,0.0,0.0,,,,
product_product_id_135516,33TR 15116,1,Jinasena_MasterData_Stock.product_template_door_frame_member_1,33TR 15116,,0.0,0.0,0.0,,,,
product_product_id_135517,33TR 15117,1,Jinasena_MasterData_Stock.product_template_door_frame_member_2,33TR 15117,,0.0,0.0,0.0,,,,
product_product_id_135518,33TR 15118,1,Jinasena_MasterData_Stock.product_template_lock_eye,33TR 15118,,0.0,0.0,0.0,,,,
product_product_id_135519,33TR 15119,1,Jinasena_MasterData_Stock.product_template_lock_column,33TR 15119,,0.0,0.0,0.0,,,,
product_product_id_135520,33TR 15120,1,Jinasena_MasterData_Stock.product_template_lock_pin_332447,33TR 15120,,0.0,0.0,0.0,,,,
product_product_id_135521,33TR 15121,1,Jinasena_MasterData_Stock.product_template_pin_hanger,33TR 15121,,0.0,0.0,0.0,,,,
product_product_id_135522,33TR 15122,1,Jinasena_MasterData_Stock.product_template_axel_box_332449,33TR 15122,,0.0,0.0,0.0,,,,
product_product_id_135523,33TR 15123,1,Jinasena_MasterData_Stock.product_template_draw_bar_box,33TR 15123,,0.0,0.0,0.0,,,,
product_product_id_135524,33TR 15124,1,Jinasena_MasterData_Stock.product_template_draw_bar_332451,33TR 15124,,0.0,0.0,0.0,,,,
product_product_id_135525,33TR 15125,1,Jinasena_MasterData_Stock.product_template_hitch_side_plate,33TR 15125,,0.0,0.0,0.0,,,,
product_product_id_135526,33TR 15126,1,Jinasena_MasterData_Stock.product_template_hitch_bush_332453,33TR 15126,,0.0,0.0,0.0,,,,
product_product_id_135527,33TR 15127,1,Jinasena_MasterData_Stock.product_template_trawing_eye,33TR 15127,,0.0,0.0,0.0,,,,
product_product_id_135528,33TR 15128,1,Jinasena_MasterData_Stock.product_template_lock_bush,33TR 15128,,0.0,0.0,0.0,,,,
product_product_id_135529,33TR 15129,1,Jinasena_MasterData_Stock.product_template_columns_trailer_cover,33TR 15129,,0.0,0.0,0.0,,,,
product_product_id_135530,33TR 15130,1,Jinasena_MasterData_Stock.product_template_tie_beams,33TR 15130,,0.0,0.0,0.0,,,,
product_product_id_135531,33TR 15131,1,Jinasena_MasterData_Stock.product_template_top_body_strip_long,33TR 15131,,0.0,0.0,0.0,,,,
product_product_id_135532,33TR 15132,1,Jinasena_MasterData_Stock.product_template_top_body_strp_short,33TR 15132,,0.0,0.0,0.0,,,,
product_product_id_135533,33TR 15201,1,Jinasena_MasterData_Stock.product_template_axel_box_wooden_trailer,33TR 15201,,0.0,0.0,0.0,,,,
product_product_id_135534,33TR 15202,1,Jinasena_MasterData_Stock.product_template_draw_bar_box_wooden_trailer,33TR 15202,,0.0,0.0,0.0,,,,
product_product_id_135535,33TR 15203,1,Jinasena_MasterData_Stock.product_template_draw_bar_wooden_trailer,33TR 15203,,0.0,0.0,0.0,,,,
product_product_id_135536,33TR 15204,1,Jinasena_MasterData_Stock.product_template_chassis_member_1_wodden_trailer,33TR 15204,,0.0,0.0,0.0,,,,
product_product_id_135537,33TR 15205,1,Jinasena_MasterData_Stock.product_template_chassis_member_2_wooden_trailer,33TR 15205,,0.0,0.0,0.0,,,,
product_product_id_135538,33TR 15206,1,Jinasena_MasterData_Stock.product_template_floor_board_member_1_wooden_trai,33TR 15206,,0.0,0.0,0.0,,,,
product_product_id_135539,33TR 15207,1,Jinasena_MasterData_Stock.product_template_floor_board_member_2_wooden_trai,33TR 15207,,0.0,0.0,0.0,,,,
product_product_id_135540,33TR 15208,1,Jinasena_MasterData_Stock.product_template_floor_board_member_3_wooden_trai,33TR 15208,,0.0,0.0,0.0,,,,
product_product_id_135541,33TR 15209,1,Jinasena_MasterData_Stock.product_template_brake_main_rod,33TR 15209,,0.0,0.0,0.0,,,,
product_product_id_135542,33TR 15210,1,Jinasena_MasterData_Stock.product_template_brake_cross_rod_wooden_trailer,33TR 15210,,0.0,0.0,0.0,,,,
product_product_id_135543,33TR 15211,1,Jinasena_MasterData_Stock.product_template_brake_mounting_bush,33TR 15211,,0.0,0.0,0.0,,,,
product_product_id_135544,33TR 15212,1,Jinasena_MasterData_Stock.product_template_brake_adjusting_turn_buccle_nut,33TR 15212,,0.0,0.0,0.0,,,,
product_product_id_135545,33TR 15213,1,Jinasena_MasterData_Stock.product_template_brake_adjusment_turn_buckle_bush,33TR 15213,,0.0,0.0,0.0,,,,
product_product_id_135546,33TR 15214,1,Jinasena_MasterData_Stock.product_template_brake_adjusting_turn_lock_bush,33TR 15214,,0.0,0.0,0.0,,,,
product_product_id_135547,33TR 15215,1,Jinasena_MasterData_Stock.product_template_brake_rod_mounting_plate,33TR 15215,,0.0,0.0,0.0,,,,
product_product_id_135548,33TR 15216,1,Jinasena_MasterData_Stock.product_template_brake_paddle_mount,33TR 15216,,0.0,0.0,0.0,,,,
product_product_id_135549,33TR 15217,1,Jinasena_MasterData_Stock.product_template_brake_paddle_bush,33TR 15217,,0.0,0.0,0.0,,,,
product_product_id_135550,33TR 15218,1,Jinasena_MasterData_Stock.product_template_brake_padel_axel,33TR 15218,,0.0,0.0,0.0,,,,
product_product_id_135551,33TR 15219,1,Jinasena_MasterData_Stock.product_template_brake_padel_arm,33TR 15219,,0.0,0.0,0.0,,,,
product_product_id_135552,33TR 15220,1,Jinasena_MasterData_Stock.product_template_brake_padel_plate,33TR 15220,,0.0,0.0,0.0,,,,
product_product_id_135553,33TR 15221,1,Jinasena_MasterData_Stock.product_template_brake_rod_to_rod_link,33TR 15221,,0.0,0.0,0.0,,,,
product_product_id_135554,33TR 15222,1,Jinasena_MasterData_Stock.product_template_body_column,33TR 15222,,0.0,0.0,0.0,,,,
product_product_id_135555,33TR 15223,1,Jinasena_MasterData_Stock.product_template_seat_column,33TR 15223,,0.0,0.0,0.0,,,,
product_product_id_135556,33TR 15224,1,Jinasena_MasterData_Stock.product_template_side_board_holder,33TR 15224,,0.0,0.0,0.0,,,,
product_product_id_135557,33TR 15225,1,Jinasena_MasterData_Stock.product_template_brim_support,33TR 15225,,0.0,0.0,0.0,,,,
product_product_id_135558,33TR 15226,1,Jinasena_MasterData_Stock.product_template_brim_long_member,33TR 15226,,0.0,0.0,0.0,,,,
product_product_id_135559,33TR 15227,1,Jinasena_MasterData_Stock.product_template_brim_short_member,33TR 15227,,0.0,0.0,0.0,,,,
product_product_id_135560,33TR 15228,1,Jinasena_MasterData_Stock.product_template_seat_cross_member,33TR 15228,,0.0,0.0,0.0,,,,
product_product_id_135561,33TR 15229,1,Jinasena_MasterData_Stock.product_template_body_cross_bar_front_top,33TR 15229,,0.0,0.0,0.0,,,,
product_product_id_135562,33TR 15230,1,Jinasena_MasterData_Stock.product_template_buffer_332489,33TR 15230,,0.0,0.0,0.0,,,,
product_product_id_135563,33TR 15231,1,Jinasena_MasterData_Stock.product_template_door_frame_long_member,33TR 15231,,0.0,0.0,0.0,,,,
product_product_id_135564,33TR 15232,1,Jinasena_MasterData_Stock.product_template_door_frame_short_member,33TR 15232,,0.0,0.0,0.0,,,,
product_product_id_135565,33TR 15233,1,Jinasena_MasterData_Stock.product_template_brim_l_member2,33TR 15233,,0.0,0.0,0.0,,,,
product_product_id_135566,33TR 15234,1,Jinasena_MasterData_Stock.product_template_axel_box_draw_bar_connecting,33TR 15234,,0.0,0.0,0.0,,,,
product_product_id_135567,33TR 15235,1,Jinasena_MasterData_Stock.product_template_hood_support_column,33TR 15235,,0.0,0.0,0.0,,,,
product_product_id_135568,33TR 15236,1,Jinasena_MasterData_Stock.product_template_hood_support_upper_cross_bar,33TR 15236,,0.0,0.0,0.0,,,,
product_product_id_135569,33TR 15237,1,Jinasena_MasterData_Stock.product_template_hood_support_middle_cross_bar,33TR 15237,,0.0,0.0,0.0,,,,
product_product_id_135570,33TR 15238,1,Jinasena_MasterData_Stock.product_template_lock_plate,33TR 15238,,0.0,0.0,0.0,,,,
product_product_id_135571,33TR 15239,1,Jinasena_MasterData_Stock.product_template_lock_pin_332498,33TR 15239,,0.0,0.0,0.0,,,,
product_product_id_135572,33TR 15240,1,Jinasena_MasterData_Stock.product_template_side_railing_main_member,33TR 15240,,0.0,0.0,0.0,,,,
product_product_id_135573,33TR 15241,1,Jinasena_MasterData_Stock.product_template_side_railing_diamond_design,33TR 15241,,0.0,0.0,0.0,,,,
product_product_id_135574,33TR 15242,1,Jinasena_MasterData_Stock.product_template_side_railing_vertical_segment,33TR 15242,,0.0,0.0,0.0,,,,
product_product_id_135575,33TR 15243,1,Jinasena_MasterData_Stock.product_template_middle_horiz_beam,33TR 15243,,0.0,0.0,0.0,,,,
product_product_id_135576,33TR 15244,1,Jinasena_MasterData_Stock.product_template_end_column,33TR 15244,,0.0,0.0,0.0,,,,
product_product_id_135577,33TR 15245,1,Jinasena_MasterData_Stock.product_template_roof_frame_332504,33TR 15245,,0.0,0.0,0.0,,,,
product_product_id_135578,33TR 15246,1,Jinasena_MasterData_Stock.product_template_roof_cover,33TR 15246,,0.0,0.0,0.0,,,,
product_product_id_135579,33TR 15247,1,Jinasena_MasterData_Stock.product_template_buffer_8hp_wooden,33TR 15247,,0.0,0.0,0.0,,,,
product_product_id_135580,33TR 15301,1,Jinasena_MasterData_Stock.product_template_roof_frame_332507,33TR 15301,,0.0,0.0,0.0,,,,
product_product_id_135581,33TR 15302,1,Jinasena_MasterData_Stock.product_template_roof_support,33TR 15302,,0.0,0.0,0.0,,,,
product_product_id_135582,33TR 15303,1,Jinasena_MasterData_Stock.product_template_roof_cover_332509,33TR 15303,,0.0,0.0,0.0,,,,
product_product_id_135583,33TR 15409,1,Jinasena_MasterData_Stock.product_template_brake_padle_arm,33TR 15409,,0.0,0.0,0.0,,,,
product_product_id_135584,33TR 15410,1,Jinasena_MasterData_Stock.product_template_brake_padle_plate,33TR 15410,,0.0,0.0,0.0,,,,
product_product_id_135585,33TR 15411,1,Jinasena_MasterData_Stock.product_template_paddle_axle,33TR 15411,,0.0,0.0,0.0,,,,
product_product_id_135586,33TR 15412,1,Jinasena_MasterData_Stock.product_template_axle_bush,33TR 15412,,0.0,0.0,0.0,,,,
product_product_id_135587,33TR 15413,1,Jinasena_MasterData_Stock.product_template_bush_bracket,33TR 15413,,0.0,0.0,0.0,,,,
product_product_id_135588,33TR 15414,1,Jinasena_MasterData_Stock.product_template_rod_connecting_plates,33TR 15414,,0.0,0.0,0.0,,,,
product_product_id_135589,33TR 15415,1,Jinasena_MasterData_Stock.product_template_pulling_rod,33TR 15415,,0.0,0.0,0.0,,,,
product_product_id_135590,33TR 15416,1,Jinasena_MasterData_Stock.product_template_turn_buckle_bush,33TR 15416,,0.0,0.0,0.0,,,,
product_product_id_135591,33TR 15417,1,Jinasena_MasterData_Stock.product_template_turn_buckle_arm,33TR 15417,,0.0,0.0,0.0,,,,
product_product_id_135592,33TR 15418,1,Jinasena_MasterData_Stock.product_template_turning_rod,33TR 15418,,0.0,0.0,0.0,,,,
product_product_id_135593,33TR 15419,1,Jinasena_MasterData_Stock.product_template_rod_holding_bushes,33TR 15419,,0.0,0.0,0.0,,,,
product_product_id_135594,33TR 15420,1,Jinasena_MasterData_Stock.product_template_rod_hangers_332521,33TR 15420,,0.0,0.0,0.0,,,,
product_product_id_135595,33TR 15421,1,Jinasena_MasterData_Stock.product_template_end_bush,33TR 15421,,0.0,0.0,0.0,,,,
product_product_id_135596,33TR 15601,1,Jinasena_MasterData_Stock.product_template_main_column,33TR 15601,,0.0,0.0,0.0,,,,
product_product_id_135597,33TR 15602,1,Jinasena_MasterData_Stock.product_template_sub_column,33TR 15602,,0.0,0.0,0.0,,,,
product_product_id_135598,33TR 15603,1,Jinasena_MasterData_Stock.product_template_arch_332525,33TR 15603,,0.0,0.0,0.0,,,,
product_product_id_135599,33TR 15604,1,Jinasena_MasterData_Stock.product_template_tie_bar_long,33TR 15604,,0.0,0.0,0.0,,,,
product_product_id_135600,33TR 15605,1,Jinasena_MasterData_Stock.product_template_long_strip_6_hp,33TR 15605,,0.0,0.0,0.0,,,,
product_product_id_135601,33TR 15606,1,Jinasena_MasterData_Stock.product_template_short_strip_6_hp,33TR 15606,,0.0,0.0,0.0,,,,
product_product_id_135602,33TR 15607,1,Jinasena_MasterData_Stock.product_template_tie_bar_short,33TR 15607,,0.0,0.0,0.0,,,,
product_product_id_135603,33TR 15608,1,Jinasena_MasterData_Stock.product_template_top_strips_332530,33TR 15608,,0.0,0.0,0.0,,,,
product_product_id_135604,33TR 15701,1,Jinasena_MasterData_Stock.product_template_side_railling_main_member,33TR 15701,,0.0,0.0,0.0,,,,
product_product_id_135605,33TR 15702,1,Jinasena_MasterData_Stock.product_template_side_rail_cross_design,33TR 15702,,0.0,0.0,0.0,,,,
product_product_id_135606,33TR 15703,1,Jinasena_MasterData_Stock.product_template_side_railling_vert_segment,33TR 15703,,0.0,0.0,0.0,,,,
product_product_id_135607,33TR 15704,1,Jinasena_MasterData_Stock.product_template_middle_horiz_segment,33TR 15704,,0.0,0.0,0.0,,,,
product_product_id_135608,33TR 15705,1,Jinasena_MasterData_Stock.product_template_end_columns_332535,33TR 15705,,0.0,0.0,0.0,,,,
product_product_id_135609,33TR 15706,1,Jinasena_MasterData_Stock.product_template_back_side_support,33TR 15706,,0.0,0.0,0.0,,,,
product_product_id_135610,33TR 15707,1,Jinasena_MasterData_Stock.product_template_front_side_support,33TR 15707,,0.0,0.0,0.0,,,,
product_product_id_135611,33TR 20101,1,Jinasena_MasterData_Stock.product_template_draw_bar_box_12hp,33TR 20101,,0.0,0.0,0.0,,,,
product_product_id_135612,33TR 20102,1,Jinasena_MasterData_Stock.product_template_draw_bar_12hp,33TR 20102,,0.0,0.0,0.0,,,,
product_product_id_135613,33TR 20103,1,Jinasena_MasterData_Stock.product_template_main_hitch_bush_12hp,33TR 20103,,0.0,0.0,0.0,,,,
product_product_id_135614,33TR 20104,1,Jinasena_MasterData_Stock.product_template_hitch_coupling_bush_12hp,33TR 20104,,0.0,0.0,0.0,,,,
product_product_id_135615,33TR 20105,1,Jinasena_MasterData_Stock.product_template_hitch_side_plate_332542,33TR 20105,,0.0,0.0,0.0,,,,
product_product_id_135616,33TR 20106,1,Jinasena_MasterData_Stock.product_template_lock_bush_12hp,33TR 20106,,0.0,0.0,0.0,,,,
product_product_id_135617,33TR 20107,1,Jinasena_MasterData_Stock.product_template_bottom_body_member_long_12hp,33TR 20107,,0.0,0.0,0.0,,,,
product_product_id_135618,33TR 20108,1,Jinasena_MasterData_Stock.product_template_bottom_body_membet_short_12hp,33TR 20108,,0.0,0.0,0.0,,,,
product_product_id_135619,33TR 20109,1,Jinasena_MasterData_Stock.product_template_front_floor_frame_side_member_12,33TR 20109,,0.0,0.0,0.0,,,,
product_product_id_135620,33TR 20110,1,Jinasena_MasterData_Stock.product_template_axel_box,33TR 20110,,0.0,0.0,0.0,,,,
product_product_id_135621,33TR 20111,1,Jinasena_MasterData_Stock.product_template_body_column_12hp,33TR 20111,,0.0,0.0,0.0,,,,
product_product_id_135622,33TR 20112,1,Jinasena_MasterData_Stock.product_template_supporting_column_12hp,33TR 20112,,0.0,0.0,0.0,,,,
product_product_id_135623,33TR 20113,1,Jinasena_MasterData_Stock.product_template_front_support_cross_member_12hp,33TR 20113,,0.0,0.0,0.0,,,,
product_product_id_135624,33TR 20114,1,Jinasena_MasterData_Stock.product_template_door_frame_long_member_12hp,33TR 20114,,0.0,0.0,0.0,,,,
product_product_id_135625,33TR 20115,1,Jinasena_MasterData_Stock.product_template_door_frame_short_member_12hp,33TR 20115,,0.0,0.0,0.0,,,,
product_product_id_135626,33TR 20116,1,Jinasena_MasterData_Stock.product_template_door_frame_support_member_12hp,33TR 20116,,0.0,0.0,0.0,,,,
product_product_id_135627,33TR 20117,1,Jinasena_MasterData_Stock.product_template_lock_plate_12hp,33TR 20117,,0.0,0.0,0.0,,,,
product_product_id_135628,33TR 20118,1,Jinasena_MasterData_Stock.product_template_lock_column_12hp,33TR 20118,,0.0,0.0,0.0,,,,
product_product_id_135629,33TR 20119,1,Jinasena_MasterData_Stock.product_template_lock_pin_12hp,33TR 20119,,0.0,0.0,0.0,,,,
product_product_id_135630,33TR 20120,1,Jinasena_MasterData_Stock.product_template_lock_cover,33TR 20120,,0.0,0.0,0.0,,,,
product_product_id_135631,33TR 20121,1,Jinasena_MasterData_Stock.product_template_seat_box_long_member_12hp,33TR 20121,,0.0,0.0,0.0,,,,
product_product_id_135632,33TR 20122,1,Jinasena_MasterData_Stock.product_template_roof_cover_12hp,33TR 20122,,0.0,0.0,0.0,,,,
product_product_id_135633,33TR 20123,1,Jinasena_MasterData_Stock.product_template_seat_box_vertical_member_12hp,33TR 20123,,0.0,0.0,0.0,,,,
product_product_id_135634,33TR 20125,1,Jinasena_MasterData_Stock.product_template_roof_piller_12hp,33TR 20125,,0.0,0.0,0.0,,,,
product_product_id_135635,33TR 20126,1,Jinasena_MasterData_Stock.product_template_roof_stand_cross_bar_12hp,33TR 20126,,0.0,0.0,0.0,,,,
product_product_id_135636,33TR 20127,1,Jinasena_MasterData_Stock.product_template_seat_side_base,33TR 20127,,0.0,0.0,0.0,,,,
product_product_id_135637,33TR 20128,1,Jinasena_MasterData_Stock.product_template_chassis_long_member,33TR 20128,,0.0,0.0,0.0,,,,
product_product_id_135638,33TR 20129,1,Jinasena_MasterData_Stock.product_template_brim_edge_12hp,33TR 20129,,0.0,0.0,0.0,,,,
product_product_id_135639,33TR 20130,1,Jinasena_MasterData_Stock.product_template_bottom_cushion,33TR 20130,,0.0,0.0,0.0,,,,
product_product_id_135640,33TR 20131,1,Jinasena_MasterData_Stock.product_template_seat_bottom_base,33TR 20131,,0.0,0.0,0.0,,,,
product_product_id_135641,33TR 20132,1,Jinasena_MasterData_Stock.product_template_brim_support_holder,33TR 20132,,0.0,0.0,0.0,,,,
product_product_id_135642,33TR 20133,1,Jinasena_MasterData_Stock.product_template_side_cushion,33TR 20133,,0.0,0.0,0.0,,,,
product_product_id_135643,33TR 20134,1,Jinasena_MasterData_Stock.product_template_bottom_cushion_cover,33TR 20134,,0.0,0.0,0.0,,,,
product_product_id_135644,33TR 20135,1,Jinasena_MasterData_Stock.product_template_side_cushion_cover,33TR 20135,,0.0,0.0,0.0,,,,
product_product_id_135645,33TR 20140,1,Jinasena_MasterData_Stock.product_template_carrier_floor_board,33TR 20140,,0.0,0.0,0.0,,,,
product_product_id_135646,33TR 20141,1,Jinasena_MasterData_Stock.product_template_operator_floor_board,33TR 20141,,0.0,0.0,0.0,,,,
product_product_id_135647,33TR 20142,1,Jinasena_MasterData_Stock.product_template_side_cover_long,33TR 20142,,0.0,0.0,0.0,,,,
product_product_id_135648,33TR 20143,1,Jinasena_MasterData_Stock.product_template_side_cover_short,33TR 20143,,0.0,0.0,0.0,,,,
product_product_id_135649,33TR 20144,1,Jinasena_MasterData_Stock.product_template_brim_cover,33TR 20144,,0.0,0.0,0.0,,,,
product_product_id_135650,33TR 20145,1,Jinasena_MasterData_Stock.product_template_door_cover,33TR 20145,,0.0,0.0,0.0,,,,
product_product_id_135651,33TR 20201,1,Jinasena_MasterData_Stock.product_template_carrier_floor_board_12hp,33TR 20201,,0.0,0.0,0.0,,,,
product_product_id_135652,33TR 20202,1,Jinasena_MasterData_Stock.product_template_operator_floor_board_12hp,33TR 20202,,0.0,0.0,0.0,,,,
product_product_id_135653,33TR 20203,1,Jinasena_MasterData_Stock.product_template_side_cover_long_12hp,33TR 20203,,0.0,0.0,0.0,,,,
product_product_id_135654,33TR 20204,1,Jinasena_MasterData_Stock.product_template_side_cover_short_12hp,33TR 20204,,0.0,0.0,0.0,,,,
product_product_id_135655,33TR 20205,1,Jinasena_MasterData_Stock.product_template_brim_cover_12hp,33TR 20205,,0.0,0.0,0.0,,,,
product_product_id_135656,33TR 20206,1,Jinasena_MasterData_Stock.product_template_door_cover_12hp,33TR 20206,,0.0,0.0,0.0,,,,
product_product_id_135657,33TR 20401,1,Jinasena_MasterData_Stock.product_template_brake_padel_arm_12hp,33TR 20401,,0.0,0.0,0.0,,,,
product_product_id_135658,33TR 20402,1,Jinasena_MasterData_Stock.product_template_brake_padel_plate_12hp,33TR 20402,,0.0,0.0,0.0,,,,
product_product_id_135659,33TR 20403,1,Jinasena_MasterData_Stock.product_template_padel_axel_12hp,33TR 20403,,0.0,0.0,0.0,,,,
product_product_id_135660,33TR 20404,1,Jinasena_MasterData_Stock.product_template_axel_bush_12hp,33TR 20404,,0.0,0.0,0.0,,,,
product_product_id_135661,33TR 20405,1,Jinasena_MasterData_Stock.product_template_lever_12hp,33TR 20405,,0.0,0.0,0.0,,,,
product_product_id_135662,33TR 20406,1,Jinasena_MasterData_Stock.product_template_bush_bracket_12hp,33TR 20406,,0.0,0.0,0.0,,,,
product_product_id_135663,33TR 20407,1,Jinasena_MasterData_Stock.product_template_rod_conecting_plate_12hp,33TR 20407,,0.0,0.0,0.0,,,,
product_product_id_135664,33TR 20408,1,Jinasena_MasterData_Stock.product_template_pulling_rod_1_12hp,33TR 20408,,0.0,0.0,0.0,,,,
product_product_id_135665,33TR 20409,1,Jinasena_MasterData_Stock.product_template_pulling_rod_2_12hp,33TR 20409,,0.0,0.0,0.0,,,,
product_product_id_135666,33TR 20410,1,Jinasena_MasterData_Stock.product_template_turn_buckle_bush_12hp,33TR 20410,,0.0,0.0,0.0,,,,
product_product_id_135667,33TR 20411,1,Jinasena_MasterData_Stock.product_template_turn_buckle_lock_bush_12hp,33TR 20411,,0.0,0.0,0.0,,,,
product_product_id_135668,33TR 20412,1,Jinasena_MasterData_Stock.product_template_turn_buckle_nut_12hp,33TR 20412,,0.0,0.0,0.0,,,,
product_product_id_135669,33TR 20413,1,Jinasena_MasterData_Stock.product_template_turn_buckle_arm_12hp,33TR 20413,,0.0,0.0,0.0,,,,
product_product_id_135670,33TR 20414,1,Jinasena_MasterData_Stock.product_template_turning_rod_12hp,33TR 20414,,0.0,0.0,0.0,,,,
product_product_id_135671,33TR 20415,1,Jinasena_MasterData_Stock.product_template_rod_holding_bush_12hp,33TR 20415,,0.0,0.0,0.0,,,,
product_product_id_135672,33TR 20416,1,Jinasena_MasterData_Stock.product_template_end_bush_12hp,33TR 20416,,0.0,0.0,0.0,,,,
product_product_id_135673,33TR 20417,1,Jinasena_MasterData_Stock.product_template_rod_hangers,33TR 20417,,0.0,0.0,0.0,,,,
product_product_id_135674,33TR 20501,1,Jinasena_MasterData_Stock.product_template_pump_mount,33TR 20501,,0.0,0.0,0.0,,,,
product_product_id_135675,33TR 20502,1,Jinasena_MasterData_Stock.product_template_bush_for_hyd_brake,33TR 20502,,0.0,0.0,0.0,,,,
product_product_id_135676,33TR 20601,1,Jinasena_MasterData_Stock.product_template_moain_column_12hp,33TR 20601,,0.0,0.0,0.0,,,,
product_product_id_135677,33TR 20602,1,Jinasena_MasterData_Stock.product_template_sub_column_12hp,33TR 20602,,0.0,0.0,0.0,,,,
product_product_id_135678,33TR 20603,1,Jinasena_MasterData_Stock.product_template_arch_12hp,33TR 20603,,0.0,0.0,0.0,,,,
product_product_id_135679,33TR 20604,1,Jinasena_MasterData_Stock.product_template_tie_bar_12hp,33TR 20604,,0.0,0.0,0.0,,,,
product_product_id_135680,33TR 20605,1,Jinasena_MasterData_Stock.product_template_long_strip_12hp,33TR 20605,,0.0,0.0,0.0,,,,
product_product_id_135681,33TR 20606,1,Jinasena_MasterData_Stock.product_template_short_strip_12hp,33TR 20606,,0.0,0.0,0.0,,,,
product_product_id_135682,33TR 20607,1,Jinasena_MasterData_Stock.product_template_short_tie_bar,33TR 20607,,0.0,0.0,0.0,,,,
product_product_id_135683,33TR 20608,1,Jinasena_MasterData_Stock.product_template_top_strips,33TR 20608,,0.0,0.0,0.0,,,,
product_product_id_135684,33TR 20701,1,Jinasena_MasterData_Stock.product_template_side_railling_main_member_332611,33TR 20701,,0.0,0.0,0.0,,,,
product_product_id_135685,33TR 20702,1,Jinasena_MasterData_Stock.product_template_side_railling_cross_design,33TR 20702,,0.0,0.0,0.0,,,,
product_product_id_135686,33TR 20703,1,Jinasena_MasterData_Stock.product_template_side_railling_vert_segment_332613,33TR 20703,,0.0,0.0,0.0,,,,
product_product_id_135687,33TR 20704,1,Jinasena_MasterData_Stock.product_template_middle_horiz_segments,33TR 20704,,0.0,0.0,0.0,,,,
product_product_id_135688,33TR 20705,1,Jinasena_MasterData_Stock.product_template_end_columns,33TR 20705,,0.0,0.0,0.0,,,,
product_product_id_135689,33TR 20706,1,Jinasena_MasterData_Stock.product_template_back_side_support_332616,33TR 20706,,0.0,0.0,0.0,,,,
product_product_id_135690,33TR 20707,1,Jinasena_MasterData_Stock.product_template_front_side_support_332617,33TR 20707,,0.0,0.0,0.0,,,,
product_product_id_135691,33TR 20801,1,Jinasena_MasterData_Stock.product_template_main_frame,33TR 20801,,0.0,0.0,0.0,,,,
product_product_id_135692,33TR 20802,1,Jinasena_MasterData_Stock.product_template_cross_beams,33TR 20802,,0.0,0.0,0.0,,,,
product_product_id_135693,33TR 20803,1,Jinasena_MasterData_Stock.product_template_inclind_strip_l,33TR 20803,,0.0,0.0,0.0,,,,
product_product_id_135694,33TR 20804,1,Jinasena_MasterData_Stock.product_template_inclind_strip_s,33TR 20804,,0.0,0.0,0.0,,,,
product_product_id_135695,33TR 20901,1,Jinasena_MasterData_Stock.product_template_arch,33TR 20901,,0.0,0.0,0.0,,,,
product_product_id_135696,33TR 20902,1,Jinasena_MasterData_Stock.product_template_side_columns,33TR 20902,,0.0,0.0,0.0,,,,
product_product_id_135697,33TR 20903,1,Jinasena_MasterData_Stock.product_template_middle_columns,33TR 20903,,0.0,0.0,0.0,,,,
product_product_id_135698,33TR 20904,1,Jinasena_MasterData_Stock.product_template_top_columns,33TR 20904,,0.0,0.0,0.0,,,,
product_product_id_135699,33TR 20905,1,Jinasena_MasterData_Stock.product_template_seat_holders,33TR 20905,,0.0,0.0,0.0,,,,
product_product_id_135700,33TR 20906,1,Jinasena_MasterData_Stock.product_template_cross_strips,33TR 20906,,0.0,0.0,0.0,,,,
product_product_id_135701,33WF 1201,1,Jinasena_MasterData_Stock.product_template_adjusting_lever,33WF 1201,,0.0,0.0,0.0,,,,
product_product_id_135702,33WF 1202,1,Jinasena_MasterData_Stock.product_template_lever_hinge_plate,33WF 1202,,0.0,0.0,0.0,,,,
product_product_id_135703,33WF 1203,1,Jinasena_MasterData_Stock.product_template_positioner_support,33WF 1203,,0.0,0.0,0.0,,,,
product_product_id_135704,33WF 1204,1,Jinasena_MasterData_Stock.product_template_lock_pin_holder,33WF 1204,,0.0,0.0,0.0,,,,
product_product_id_135705,33WF 1205,1,Jinasena_MasterData_Stock.product_template_positioner,33WF 1205,,0.0,0.0,0.0,,,,
product_product_id_135706,33WF 1206,1,Jinasena_MasterData_Stock.product_template_lock_holder_strip_l,33WF 1206,,0.0,0.0,0.0,,,,
product_product_id_135707,33WF 1207,1,Jinasena_MasterData_Stock.product_template_lock_holder_strip_s,33WF 1207,,0.0,0.0,0.0,,,,
product_product_id_135708,33WF 1208,1,Jinasena_MasterData_Stock.product_template_harrowing_peg,33WF 1208,,0.0,0.0,0.0,,,,
product_product_id_135709,33WF 1209,1,Jinasena_MasterData_Stock.product_template_rachet_holder,33WF 1209,,0.0,0.0,0.0,,,,
product_product_id_135710,33WF 1210,1,Jinasena_MasterData_Stock.product_template_hitch_holder,33WF 1210,,0.0,0.0,0.0,,,,
product_product_id_135711,33WF 1211,1,Jinasena_MasterData_Stock.product_template_pivot,33WF 1211,,0.0,0.0,0.0,,,,
product_product_id_135712,33WF 1212,1,Jinasena_MasterData_Stock.product_template_hitch_pin_holder_plate,33WF 1212,,0.0,0.0,0.0,,,,
product_product_id_135713,33WF 1213,1,Jinasena_MasterData_Stock.product_template_lock_pin_332640,33WF 1213,,0.0,0.0,0.0,,,,
product_product_id_135714,33WF 1214,1,Jinasena_MasterData_Stock.product_template_peg_holder_pipe_bush,33WF 1214,,0.0,0.0,0.0,,,,
product_product_id_135715,33WF 1215,1,Jinasena_MasterData_Stock.product_template_ratchet_bush_332642,33WF 1215,,0.0,0.0,0.0,,,,
product_product_id_135716,33WF 1216,1,Jinasena_MasterData_Stock.product_template_peg_holder_pipe,33WF 1216,,0.0,0.0,0.0,,,,
product_product_id_135717,33WF 1217,1,Jinasena_MasterData_Stock.product_template_holding_arm,33WF 1217,,0.0,0.0,0.0,,,,
product_product_id_135718,33YA FPB-4TNV,1,Jinasena_MasterData_Stock.product_template_fuel_pump_bracket_for_yanmar_eng,33YA FPB-4TNV,,0.0,0.0,0.0,,,,
product_product_id_135719,33YA FTL-TNV,1,Jinasena_MasterData_Stock.product_template_fuel_tank_lid_for_base_plates,33YA FTL-TNV,,0.0,0.0,0.0,,,,
product_product_id_135720,33YA PMP-3TNV,1,Jinasena_MasterData_Stock.product_template_pannel_mounting_plate_for_yanmar_3tnv_76,33YA PMP-3TNV,,0.0,0.0,0.0,,,,
product_product_id_135721,33YA PMP-4TNV,1,Jinasena_MasterData_Stock.product_template_pannel_mounting_plate_for_yanmar,33YA PMP-4TNV,,0.0,0.0,0.0,,,,
product_product_id_135722,33YA RBK-8201,1,Jinasena_MasterData_Stock.product_template_lower_arm_4tnv82,33YA RBK-8201,,0.0,0.0,0.0,,,,
product_product_id_135723,33YA RBK-8202,1,Jinasena_MasterData_Stock.product_template_cross_arm_4tnv82_76,33YA RBK-8202,,0.0,0.0,0.0,,,,
product_product_id_135724,33YA RBK-8203,1,Jinasena_MasterData_Stock.product_template_radiator_frame_4tnv82_76,33YA RBK-8203,,0.0,0.0,0.0,,,,
product_product_id_135725,33YA RBK-8204,1,Jinasena_MasterData_Stock.product_template_radiator_frame_4tnv82_76_332652,33YA RBK-8204,,0.0,0.0,0.0,,,,
product_product_id_135726,33YA RBK-8205,1,Jinasena_MasterData_Stock.product_template_radiator_frame_4tnv8276,33YA RBK-8205,,0.0,0.0,0.0,,,,
product_product_id_135727,33YA RBK-8206,1,Jinasena_MasterData_Stock.product_template_radiator_screen_mesh_4tnv82_76,33YA RBK-8206,,0.0,0.0,0.0,,,,
product_product_id_135728,33YA RBK-8207,1,Jinasena_MasterData_Stock.product_template_radiator_screen_frame_4tnv82_76_332655,33YA RBK-8207,,0.0,0.0,0.0,,,,
product_product_id_135729,33YA RBK-8208,1,Jinasena_MasterData_Stock.product_template_radiator_screen_frame_4tnv82_76,33YA RBK-8208,,0.0,0.0,0.0,,,,
product_product_id_135730,33YA RBK-8209,1,Jinasena_MasterData_Stock.product_template_radiator_screen_frame_4tnv82_76_332657,33YA RBK-8209,,0.0,0.0,0.0,,,,
product_product_id_135731,33YA RBK-8210,1,Jinasena_MasterData_Stock.product_template_cross_arm_brackets,33YA RBK-8210,,0.0,0.0,0.0,,,,
product_product_id_135732,33YA RBK-8401,1,Jinasena_MasterData_Stock.product_template_lower_arm_4tnv84t,33YA RBK-8401,,0.0,0.0,0.0,,,,
product_product_id_135733,33YA RBK-8402,1,Jinasena_MasterData_Stock.product_template_cross_arm_4tnv84t,33YA RBK-8402,,0.0,0.0,0.0,,,,
product_product_id_135734,33YA RBK-8403,1,Jinasena_MasterData_Stock.product_template_radiator_frame_4tnv84v_1,33YA RBK-8403,,0.0,0.0,0.0,,,,
product_product_id_135735,33YA RBK-8404,1,Jinasena_MasterData_Stock.product_template_radiator_frame_4tnv84v_2,33YA RBK-8404,,0.0,0.0,0.0,,,,
product_product_id_135736,33YA RBK-8405,1,Jinasena_MasterData_Stock.product_template_radiator_frame_4tnv84v_3,33YA RBK-8405,,0.0,0.0,0.0,,,,
product_product_id_135737,33YA RBK-8406,1,Jinasena_MasterData_Stock.product_template_radiator_screen_mesh_4tnv84v,33YA RBK-8406,,0.0,0.0,0.0,,,,
product_product_id_135738,33YA RBK-8407,1,Jinasena_MasterData_Stock.product_template_radiator_screen_frame_4tnv84v_1,33YA RBK-8407,,0.0,0.0,0.0,,,,
product_product_id_135739,33YA RBK-8408,1,Jinasena_MasterData_Stock.product_template_radiator_screen_frame_4tnv84v_2,33YA RBK-8408,,0.0,0.0,0.0,,,,
product_product_id_135740,33YA RBK-8409,1,Jinasena_MasterData_Stock.product_template_radiator_screen_frame_4tnv84v_3,33YA RBK-8409,,0.0,0.0,0.0,,,,
product_product_id_135741,33YA RBK-8410,1,Jinasena_MasterData_Stock.product_template_radiator_screen_frame_4tnv84v_4,33YA RBK-8410,,0.0,0.0,0.0,,,,
product_product_id_135742,33YA RBK-8411,1,Jinasena_MasterData_Stock.product_template_radiator_screen_frame_4tnv84v_5,33YA RBK-8411,,0.0,0.0,0.0,,,,
product_product_id_135743,33YA RBK-8412,1,Jinasena_MasterData_Stock.product_template_frame_upper_plate_4tnv,33YA RBK-8412,,0.0,0.0,0.0,,,,
product_product_id_135744,33YA RBK-8413,1,Jinasena_MasterData_Stock.product_template_upper_hanging_bracket_right_4tnv_332671,33YA RBK-8413,,0.0,0.0,0.0,,,,
product_product_id_135745,33YA RBK-8414,1,Jinasena_MasterData_Stock.product_template_upper_hanging_bracket_left_4tnv_332672,33YA RBK-8414,,0.0,0.0,0.0,,,,
product_product_id_135746,33YA RBK-8415,1,Jinasena_MasterData_Stock.product_template_upper_arm_4tnvt,33YA RBK-8415,,0.0,0.0,0.0,,,,
product_product_id_135747,33YA RBK-8801,1,Jinasena_MasterData_Stock.product_template_lower_arm_4tnv88t,33YA RBK-8801,,0.0,0.0,0.0,,,,
product_product_id_135748,33YA RBK-8802,1,Jinasena_MasterData_Stock.product_template_cross_arm_4tnv88t,33YA RBK-8802,,0.0,0.0,0.0,,,,
product_product_id_135749,33YA RBK-8803,1,Jinasena_MasterData_Stock.product_template_radiator_frame_4tnv88v_1,33YA RBK-8803,,0.0,0.0,0.0,,,,
product_product_id_135750,33YA RBK-8804,1,Jinasena_MasterData_Stock.product_template_radiator_frame_4tnv88v_2,33YA RBK-8804,,0.0,0.0,0.0,,,,
product_product_id_135751,33YA RBK-8805,1,Jinasena_MasterData_Stock.product_template_radiator_frame_4tnv88v_3,33YA RBK-8805,,0.0,0.0,0.0,,,,
product_product_id_135752,33YA RBK-8806,1,Jinasena_MasterData_Stock.product_template_radiator_screen_mesh_4tnv88v,33YA RBK-8806,,0.0,0.0,0.0,,,,
product_product_id_135753,33YA RBK-8807,1,Jinasena_MasterData_Stock.product_template_radiator_screen_frame_4tnv88v_1,33YA RBK-8807,,0.0,0.0,0.0,,,,
product_product_id_135754,33YA RBK-8808,1,Jinasena_MasterData_Stock.product_template_radiator_screen_frame_4tnv88v_2,33YA RBK-8808,,0.0,0.0,0.0,,,,
product_product_id_135755,33YA RBK-8809,1,Jinasena_MasterData_Stock.product_template_radiator_screen_frame_4tnv88v_3,33YA RBK-8809,,0.0,0.0,0.0,,,,
product_product_id_135756,33YA RBK-8810,1,Jinasena_MasterData_Stock.product_template_radiator_screen_frame_4tnv88v_4,33YA RBK-8810,,0.0,0.0,0.0,,,,
product_product_id_135757,33YA RBK-8811,1,Jinasena_MasterData_Stock.product_template_radiator_screen_frame_4tnv88v,33YA RBK-8811,,0.0,0.0,0.0,,,,
product_product_id_135758,33YA RBK-8812,1,Jinasena_MasterData_Stock.product_template_frame_upper_plate_4tnv_332685,33YA RBK-8812,,0.0,0.0,0.0,,,,
product_product_id_135759,33YA RBK-8813,1,Jinasena_MasterData_Stock.product_template_upper_hanging_bracket_right_4tnv,33YA RBK-8813,,0.0,0.0,0.0,,,,
product_product_id_135760,33YA RBK-8814,1,Jinasena_MasterData_Stock.product_template_upper_hanging_bracket_left_4tnv,33YA RBK-8814,,0.0,0.0,0.0,,,,
product_product_id_135761,33YA RBK-8815,1,Jinasena_MasterData_Stock.product_template_upper_arm_4tnvt_332688,33YA RBK-8815,,0.0,0.0,0.0,,,,
product_product_id_135764,34BC 24021,1,Jinasena_MasterData_Stock.product_template_top_tension_pulley_guard_assy,34BC 24021,,0.0,0.0,0.0,,,,
product_product_id_135765,34BC 24022,1,Jinasena_MasterData_Stock.product_template_blade_shield_assy_complete_for_jet5_bush,34BC 24022,,0.0,0.0,0.0,,,,
product_product_id_135766,34BC 24023,1,Jinasena_MasterData_Stock.product_template_spindle_housing_unit,34BC 24023,,0.0,0.0,0.0,,,,
product_product_id_135767,34BC 24031,1,Jinasena_MasterData_Stock.product_template_sprocket_wheel_assy_32t_11t,34BC 24031,,0.0,0.0,0.0,,,,
product_product_id_135768,34BC 24041,1,Jinasena_MasterData_Stock.product_template_axel_assembly_332695,34BC 24041,,0.0,0.0,0.0,,,,
product_product_id_135769,34BC 5301,1,Jinasena_MasterData_Stock.product_template_castor_wheel,34BC 5301,,0.0,0.0,0.0,,,,
product_product_id_135770,34BC 5302,1,Jinasena_MasterData_Stock.product_template_swing_arm_assy_jet5_b_c,34BC 5302,,0.0,0.0,0.0,,,,
product_product_id_135771,34BC 5303,1,Jinasena_MasterData_Stock.product_template_caster_wheel_bracket_assy,34BC 5303,,0.0,0.0,0.0,,,,
product_product_id_135772,34BC 5304,1,Jinasena_MasterData_Stock.product_template_shield_height_ajuster_chain_assy,34BC 5304,,0.0,0.0,0.0,,,,
product_product_id_135773,34BC 5401,1,Jinasena_MasterData_Stock.product_template_ajusting_pipe_assy_jet5_b_c,34BC 5401,,0.0,0.0,0.0,,,,
product_product_id_135774,34BC 5402,1,Jinasena_MasterData_Stock.product_template_clutch_bar_assy,34BC 5402,,0.0,0.0,0.0,,,,
product_product_id_135775,34BC 5403,1,Jinasena_MasterData_Stock.product_template_cluch_handle_fix_plate_assy,34BC 5403,,0.0,0.0,0.0,,,,
product_product_id_135776,34BC 5404,1,Jinasena_MasterData_Stock.product_template_clutch_handle_assy,34BC 5404,,0.0,0.0,0.0,,,,
product_product_id_135777,34BC 5500,1,Jinasena_MasterData_Stock.product_template_riding_seat_ground_wheel_assy,34BC 5500,,0.0,0.0,0.0,,,,
product_product_id_135778,34BC 5700,1,Jinasena_MasterData_Stock.product_template_brake_unit_assembly_for_jet5,34BC 5700,,0.0,0.0,0.0,,,,
product_product_id_135779,34BC 5800,1,Jinasena_MasterData_Stock.product_template_bush_cutter_blade_adupter_assy,34BC 5800,,0.0,0.0,0.0,,,,
product_product_id_135780,34BC 5900,1,Jinasena_MasterData_Stock.product_template_bush_cutter_rollar_unit_assembly,34BC 5900,,0.0,0.0,0.0,,,,
product_product_id_135781,34BC 8120,1,Jinasena_MasterData_Stock.product_template_tie_bar_assy,34BC 8120,,0.0,0.0,0.0,,,,
product_product_id_135782,34BC 8650,1,Jinasena_MasterData_Stock.product_template_cutter_blade_assembly_for_gt8,34BC 8650,,0.0,0.0,0.0,,,,
product_product_id_135783,34BC 9100,1,Jinasena_MasterData_Stock.product_template_seat_frame_assembly,34BC 9100,,0.0,0.0,0.0,,,,
product_product_id_135784,34BC 9200,1,Jinasena_MasterData_Stock.product_template_brack_assembly,34BC 9200,,0.0,0.0,0.0,,,,
product_product_id_135785,34BC 9300,1,Jinasena_MasterData_Stock.product_template_hitch_assy,34BC 9300,,0.0,0.0,0.0,,,,
product_product_id_135786,34BC 9400,1,Jinasena_MasterData_Stock.product_template_wheel_hub_assy,34BC 9400,,0.0,0.0,0.0,,,,
product_product_id_135787,34BC 9470,1,Jinasena_MasterData_Stock.product_template_three_wheel_tyre_assembly_for_bc_gt8,34BC 9470,,0.0,0.0,0.0,,,,
product_product_id_135788,34BC 9500,1,Jinasena_MasterData_Stock.product_template_roof_assy,34BC 9500,,0.0,0.0,0.0,,,,
product_product_id_135789,34CS 007-ST,1,Jinasena_MasterData_Stock.product_template_coil_set_3_4_2_1_n_110_starting,34CS 007-ST,,0.0,0.0,0.0,,,,
product_product_id_137694,34CS 023-RN,1,Jinasena_MasterData_Stock.product_template_coil_set_3_4_2_1_n110t_1n_running,34CS 023-RN,,0.0,0.0,0.0,,,,
product_product_id_137695,34CS 023-ST,1,Jinasena_MasterData_Stock.product_template_coil_set_3_4_2_1_n110t_1n_starting,34CS 023-ST,,0.0,0.0,0.0,,,,
product_product_id_135790,34DU 10200,1,Jinasena_MasterData_Stock.product_template_pin_spacer_set_w_hang_blade_old,34DU 10200,,0.0,0.0,0.0,,,,
product_product_id_135791,34DU 10200-N,1,Jinasena_MasterData_Stock.product_template_pin_spacer_set_w_fix_blade_new,34DU 10200-N,,0.0,0.0,0.0,,,,
product_product_id_135792,34JAM HWS,1,Jinasena_MasterData_Stock.product_template_pedal_operated_mechanical_hand_wash_sink,34JAM HWS,,0.0,0.0,0.0,,,,
product_product_id_137869,34JS 002,1,Jinasena_MasterData_Stock.product_template_fixed_blade_for_js35t_336140,34JS 002,,0.0,0.0,0.0,,,,
product_product_id_137870,34MC 25060,1,Jinasena_MasterData_Stock.product_template_fixed_blade_for_jmc15_16,34MC 25060,,0.0,0.0,0.0,,,,
product_product_id_135794,34MC 25085,1,Jinasena_MasterData_Stock.product_template_sieve_plate_assy_for_jmc16_hp,34MC 25085,,0.0,0.0,0.0,,,,
product_product_id_135795,34MC 6101,1,Jinasena_MasterData_Stock.product_template_stand_assembly_for_jmc6,34MC 6101,,0.0,0.0,0.0,,,,
product_product_id_135796,34MC 6200F,1,Jinasena_MasterData_Stock.product_template_chopping_drum_for_bajmc_6_fixed_blade_no,34MC 6200F,,0.0,0.0,0.0,,,,
product_product_id_135797,34MC 6201,1,Jinasena_MasterData_Stock.product_template_pin_spacer_set_assy,34MC 6201,,0.0,0.0,0.0,,,,
product_product_id_135798,34MC 6202,1,Jinasena_MasterData_Stock.product_template_pins_spacer_assy_with_blade,34MC 6202,,0.0,0.0,0.0,,,,
product_product_id_135799,34MC 6203,1,Jinasena_MasterData_Stock.product_template_fixed_blade_assay_for_jmc10_hp,34MC 6203,,0.0,0.0,0.0,,,,
product_product_id_135800,34MC 6250,1,Jinasena_MasterData_Stock.product_template_rubber_guard_assy,34MC 6250,,0.0,0.0,0.0,,,,
product_product_id_135801,34MC 6300,1,Jinasena_MasterData_Stock.product_template_concave_sieve_set_assy,34MC 6300,,0.0,0.0,0.0,,,,
product_product_id_135802,34MC 6300-A,1,Jinasena_MasterData_Stock.product_template_sieve_plate_assembly_8_mm,34MC 6300-A,,0.0,0.0,0.0,,,,
product_product_id_135803,34MC 6300-B,1,Jinasena_MasterData_Stock.product_template_sieve_plate_assemly_10_mm,34MC 6300-B,,0.0,0.0,0.0,,,,
product_product_id_135804,34MC 6300-C,1,Jinasena_MasterData_Stock.product_template_sieve_plate_assembly_19_mm,34MC 6300-C,,0.0,0.0,0.0,,,,
product_product_id_135805,34MC 6400,1,Jinasena_MasterData_Stock.product_template_grain_crushing_attachment_jmc6,34MC 6400,,0.0,0.0,0.0,,,,
product_product_id_135806,34MC 6401,1,Jinasena_MasterData_Stock.product_template_top_hopper_assy_jmc6,34MC 6401,,0.0,0.0,0.0,,,,
product_product_id_135807,34MC 6402,1,Jinasena_MasterData_Stock.product_template_side_hopper_assy_jmc6,34MC 6402,,0.0,0.0,0.0,,,,
product_product_id_135808,34MC 6500,1,Jinasena_MasterData_Stock.product_template_sieve_plate_assy_for_16_hp_multichopper,34MC 6500,,0.0,0.0,0.0,,,,
product_product_id_135809,34MC 6550,1,Jinasena_MasterData_Stock.product_template_trolly_for_jmc10e,34MC 6550,,0.0,0.0,0.0,,,,
product_product_id_135810,34MC 6601,1,Jinasena_MasterData_Stock.product_template_belt_pulley_guard_assy,34MC 6601,,0.0,0.0,0.0,,,,
product_product_id_135811,34MC 75301,1,Jinasena_MasterData_Stock.product_template_starter_unit_complete_mmc75,34MC 75301,,0.0,0.0,0.0,,,,
product_product_id_135812,34MC 75302,1,Jinasena_MasterData_Stock.product_template_capacitor_box_assembly,34MC 75302,,0.0,0.0,0.0,,,,
product_product_id_135813,34MG 75100,1,Jinasena_MasterData_Stock.product_template_sleeve_plate_assy_for_food_grind,34MG 75100,,0.0,0.0,0.0,,,,
product_product_id_135814,34MG 75150,1,Jinasena_MasterData_Stock.product_template_drum_assembly_for_multy_grinder,34MG 75150,,0.0,0.0,0.0,,,,
product_product_id_135815,34MG 75410,1,Jinasena_MasterData_Stock.product_template_seive_plate_for_multy_grinder,34MG 75410,,0.0,0.0,0.0,,,,
product_product_id_135816,34MG 75650,1,Jinasena_MasterData_Stock.product_template_side_plate_back,34MG 75650,,0.0,0.0,0.0,,,,
product_product_id_135817,34PR 018,1,Jinasena_MasterData_Stock.product_template_rewound_stator,34PR 018,,0.0,0.0,0.0,,,,
product_product_id_135818,34PT 01,1,Jinasena_MasterData_Stock.product_template_outlet_door_pt1_2,34PT 01,,0.0,0.0,0.0,,,,
product_product_id_135819,34PT 2300,1,Jinasena_MasterData_Stock.product_template_drum_peper_thresher_with_out_axel,34PT 2300,,0.0,0.0,0.0,,,,
product_product_id_137871,34PT 4200SS,1,Jinasena_MasterData_Stock.product_template_drum_w_out_axel_ptm1_5ss,34PT 4200SS,,0.0,0.0,0.0,,,,
product_product_id_135820,34RE 120101,1,Jinasena_MasterData_Stock.product_template_left_divider_angle_assembly,34RE 120101,,0.0,0.0,0.0,,,,
product_product_id_135821,34RE 120201,1,Jinasena_MasterData_Stock.product_template_main_frame_sub_assembly,34RE 120201,,0.0,0.0,0.0,,,,
product_product_id_135822,34RE 120301,1,Jinasena_MasterData_Stock.product_template_divider_angle_bracket_assy_1,34RE 120301,,0.0,0.0,0.0,,,,
product_product_id_135823,34RE 1203012,1,Jinasena_MasterData_Stock.product_template_divider_angle_bracket_assy_2,34RE 1203012,,0.0,0.0,0.0,,,,
product_product_id_135824,34RE 120401,1,Jinasena_MasterData_Stock.product_template_knife_bar_ass_with_knives,34RE 120401,,0.0,0.0,0.0,,,,
product_product_id_135825,34RE 120402,1,Jinasena_MasterData_Stock.product_template_link_rod_assy,34RE 120402,,0.0,0.0,0.0,,,,
product_product_id_135826,34RE 120403,1,Jinasena_MasterData_Stock.product_template_bush_knife_bar_assy,34RE 120403,,0.0,0.0,0.0,,,,
product_product_id_135827,34RE 120601,1,Jinasena_MasterData_Stock.product_template_crank_main_shaft,34RE 120601,,0.0,0.0,0.0,,,,
product_product_id_135828,34RE 120701,1,Jinasena_MasterData_Stock.product_template_shaft_driven_ass_conveyor,34RE 120701,,0.0,0.0,0.0,,,,
product_product_id_135829,34RE 120702,1,Jinasena_MasterData_Stock.product_template_tension_bolt_assy,34RE 120702,,0.0,0.0,0.0,,,,
product_product_id_135830,34RE 120801,1,Jinasena_MasterData_Stock.product_template_skid,34RE 120801,,0.0,0.0,0.0,,,,
product_product_id_135831,34RE 120901,1,Jinasena_MasterData_Stock.product_template_cover_lower,34RE 120901,,0.0,0.0,0.0,,,,
product_product_id_135832,34RE 121001,1,Jinasena_MasterData_Stock.product_template_shaft_assy,34RE 121001,,0.0,0.0,0.0,,,,
product_product_id_135833,34RE 1211,1,Jinasena_MasterData_Stock.product_template_clutch_assembly_for_kubota_kit,34RE 1211,,0.0,0.0,0.0,,,,
product_product_id_135834,34RE 1212,1,Jinasena_MasterData_Stock.product_template_clutch_tension_pulley_assy,34RE 1212,,0.0,0.0,0.0,,,,
product_product_id_135835,34RE 121201,1,Jinasena_MasterData_Stock.product_template_bracket_clutch_t_pulley,34RE 121201,,0.0,0.0,0.0,,,,
product_product_id_135836,34RE 1213,1,Jinasena_MasterData_Stock.product_template_clutch_lever_assy,34RE 1213,,0.0,0.0,0.0,,,,
product_product_id_135837,34RE 121301,1,Jinasena_MasterData_Stock.product_template_handle_332764,34RE 121301,,0.0,0.0,0.0,,,,
product_product_id_135838,34RE 121302,1,Jinasena_MasterData_Stock.product_template_bracket_pull_rod_332765,34RE 121302,,0.0,0.0,0.0,,,,
product_product_id_135839,34RE 121303,1,Jinasena_MasterData_Stock.product_template_bracket_clutch_handle,34RE 121303,,0.0,0.0,0.0,,,,
product_product_id_135840,34RE 1214,1,Jinasena_MasterData_Stock.product_template_main_bracket_assy,34RE 1214,,0.0,0.0,0.0,,,,
product_product_id_135841,34RE 121401,1,Jinasena_MasterData_Stock.product_template_bracket_main_hitch_box,34RE 121401,,0.0,0.0,0.0,,,,
product_product_id_135842,34RE 1215A,1,Jinasena_MasterData_Stock.product_template_main_bracket_t_pulley_assembly,34RE 1215A,,0.0,0.0,0.0,,,,
product_product_id_135843,34RE 1215K,1,Jinasena_MasterData_Stock.product_template_main_bracket_tension_pulley_assy_reaper,34RE 1215K,,0.0,0.0,0.0,,,,
product_product_id_135844,34RE 1216,1,Jinasena_MasterData_Stock.product_template_supporting_arm_assy,34RE 1216,,0.0,0.0,0.0,,,,
product_product_id_135845,34RE 12160,1,Jinasena_MasterData_Stock.product_template_bracket_assy_for_jet6_tractor,34RE 12160,,0.0,0.0,0.0,,,,
product_product_id_135846,34RE 121801,1,Jinasena_MasterData_Stock.product_template_lifter,34RE 121801,,0.0,0.0,0.0,,,,
product_product_id_135847,34RE 1220,1,Jinasena_MasterData_Stock.product_template_reaper_hitch_box,34RE 1220,,0.0,0.0,0.0,,,,
product_product_id_135848,34RM 4200,1,Jinasena_MasterData_Stock.product_template_complete_roto_master_hitch_assy,34RM 4200,,0.0,0.0,0.0,,,,
product_product_id_135849,34RM 4201,1,Jinasena_MasterData_Stock.product_template_plough_rod_ajuster_bolt_assy,34RM 4201,,0.0,0.0,0.0,,,,
product_product_id_135850,34RM 4202,1,Jinasena_MasterData_Stock.product_template_hitch_pin_assy_rmt4,34RM 4202,,0.0,0.0,0.0,,,,
product_product_id_135851,34RM 4203,1,Jinasena_MasterData_Stock.product_template_tension_pulley_assy_for_rmt4,34RM 4203,,0.0,0.0,0.0,,,,
product_product_id_135852,34RM 4204,1,Jinasena_MasterData_Stock.product_template_pulley_guard_assy_r_master,34RM 4204,,0.0,0.0,0.0,,,,
product_product_id_135853,34RM 4205,1,Jinasena_MasterData_Stock.product_template_belt_release_guide_assy_for_rmt4,34RM 4205,,0.0,0.0,0.0,,,,
product_product_id_135854,34RM 4206,1,Jinasena_MasterData_Stock.product_template_lock_bolt_assy_for_plough_rod,34RM 4206,,0.0,0.0,0.0,,,,
product_product_id_135855,34RM 4207,1,Jinasena_MasterData_Stock.product_template_clutch_cable_with_lever_comp,34RM 4207,,0.0,0.0,0.0,,,,
product_product_id_135856,34RM 4400,1,Jinasena_MasterData_Stock.product_template_roto_master_hub_for_tyre_wheel,34RM 4400,,0.0,0.0,0.0,,,,
product_product_id_135857,34RP 018,1,Jinasena_MasterData_Stock.product_template_rewound_pack,34RP 018,,0.0,0.0,0.0,,,,
product_product_id_135858,34RP 052,1,Jinasena_MasterData_Stock.product_template_rewound_pack_jem_3_4_2_1_n110t_1,34RP 052,,0.0,0.0,0.0,,,,
product_product_id_135859,34RP 056,1,Jinasena_MasterData_Stock.product_template_rewound_stator_svs200_1,34RP 056,,0.0,0.0,0.0,,,,
product_product_id_135860,34RP NR1001,1,Jinasena_MasterData_Stock.product_template_rewound_pack_nr100_1,34RP NR1001,,0.0,0.0,0.0,,,,
product_product_id_135861,34RP NR115,1,Jinasena_MasterData_Stock.product_template_rewound_pack_nr115_1,34RP NR115,,0.0,0.0,0.0,,,,
product_product_id_135862,34TC 401,1,Jinasena_MasterData_Stock.product_template_pressure_guard_plate_332789,34TC 401,,0.0,0.0,0.0,,,,
product_product_id_135863,34TC 6210,1,Jinasena_MasterData_Stock.product_template_cutter_drum_for_tea_cutter_without_beari,34TC 6210,,0.0,0.0,0.0,,,,
product_product_id_135864,34TH 0001,1,Jinasena_MasterData_Stock.product_template_reaper_blade_attachment_for_paddy_th,34TH 0001,,0.0,0.0,0.0,,,,
product_product_id_135865,35 CU 001L,1,Jinasena_MasterData_Stock.product_template_cultivator_blade_left,35 CU 001L,,0.0,0.0,0.0,,,,
product_product_id_135866,35 CU 001R,1,Jinasena_MasterData_Stock.product_template_cultivator_blade_right,35 CU 001R,,0.0,0.0,0.0,,,,
product_product_id_135867,35CU 001,1,Jinasena_MasterData_Stock.product_template_cultivator_blade_r_h,35CU 001,,0.0,0.0,0.0,,,,
product_product_id_135868,35CU 002,1,Jinasena_MasterData_Stock.product_template_cultivator_blade_l_h,35CU 002,,0.0,0.0,0.0,,,,
product_product_id_135869,35CU 012B,1,Jinasena_MasterData_Stock.product_template_bend_blade_gt_8_9,35CU 012B,,0.0,0.0,0.0,,,,
product_product_id_135870,35CU SP-GT89,1,Jinasena_MasterData_Stock.product_template_spare_parts_of_cultivator_gt8_9,35CU SP-GT89,,0.0,0.0,0.0,,,,
product_product_id_135872,3WF-3.19-1,1,Jinasena_MasterData_Stock.product_template_clip,3WF-3.19-1,,0.0,0.0,0.0,,,,
product_product_id_135938,4-4-3S,1,Jinasena_MasterData_Stock.product_template_sale_motor_for_4_4_3c,4-4-3S,,0.0,0.0,0.0,,,,
product_product_id_135873,40BK 003,1,Jinasena_MasterData_Stock.product_template_cr_book_4_160_pages,40BK 003,,0.0,0.0,0.0,,,,
product_product_id_135874,40BK 011,1,Jinasena_MasterData_Stock.product_template_monitors_ex_book_80_pages,40BK 011,,0.0,0.0,0.0,,,,
product_product_id_137686,40BK 013,1,Jinasena_MasterData_Stock.product_template_operating_instructions_single_phase,40BK 013,,0.0,0.0,0.0,,,,
product_product_id_135875,40BK 021,1,Jinasena_MasterData_Stock.product_template_note_book_large_80_pages,40BK 021,,0.0,0.0,0.0,,,,
product_product_id_137872,40BK 051,1,Jinasena_MasterData_Stock.product_template_duplicating_book_large_8x5,40BK 051,,0.0,0.0,0.0,,,,
product_product_id_137873,40BK NP-01,1,Jinasena_MasterData_Stock.product_template_note_pad,40BK NP-01,,0.0,0.0,0.0,,,,
product_product_id_137874,40BT 001,1,Jinasena_MasterData_Stock.product_template_battery_9v_eveready,40BT 001,,0.0,0.0,0.0,,,,
product_product_id_137875,40BT 002,1,Jinasena_MasterData_Stock.product_template_cell_batteries_for_calculater,40BT 002,,0.0,0.0,0.0,,,,
product_product_id_137876,40BX 3BLK,1,Jinasena_MasterData_Stock.product_template_canon_bx3_refil_black_ink,40BX 3BLK,,0.0,0.0,0.0,,,,
product_product_id_137877,40CA 001,1,Jinasena_MasterData_Stock.product_template_carbon_paper_single_side_black,40CA 001,,0.0,0.0,0.0,,,,
product_product_id_137878,40CA 002,1,Jinasena_MasterData_Stock.product_template_carbon_paper_double_side_blue,40CA 002,,0.0,0.0,0.0,,,,
product_product_id_137879,40CA 003,1,Jinasena_MasterData_Stock.product_template_calcutalor_10_12_digits,40CA 003,,0.0,0.0,0.0,,,,
product_product_id_135876,40CD 015,1,Jinasena_MasterData_Stock.product_template_a_o_d_books_jinasena_agricultural,40CD 015,,0.0,0.0,0.0,,,,
product_product_id_135877,40CP 007,1,Jinasena_MasterData_Stock.product_template_blank_comp_paper_9_5x11x3ply_chp,40CP 007,,0.0,0.0,0.0,,,,
product_product_id_135878,40CP 011,1,Jinasena_MasterData_Stock.product_template_computer_paper_c_h_p,40CP 011,,0.0,0.0,0.0,,,,
product_product_id_135879,40CR 001,1,Jinasena_MasterData_Stock.product_template_tipp_ex_bottle,40CR 001,,0.0,0.0,0.0,,,,
product_product_id_137880,40EN 010,1,Jinasena_MasterData_Stock.product_template_brown_envelop_a4_size,40EN 010,,0.0,0.0,0.0,,,,
product_product_id_137881,40EN 012,1,Jinasena_MasterData_Stock.product_template_envelopes_hs_10_x7_25_brown,40EN 012,,0.0,0.0,0.0,,,,
product_product_id_135880,40EN 015,1,Jinasena_MasterData_Stock.product_template_envelopes_small_3_5_x_6_5_brown,40EN 015,,0.0,0.0,0.0,,,,
product_product_id_135881,40FI 001,1,Jinasena_MasterData_Stock.product_template_file_cover_plan,40FI 001,,0.0,0.0,0.0,,,,
product_product_id_135882,40FI 010,1,Jinasena_MasterData_Stock.product_template_plastic_a4_clear,40FI 010,,0.0,0.0,0.0,,,,
product_product_id_135883,40FI 021,1,Jinasena_MasterData_Stock.product_template_box_file_plastic,40FI 021,,0.0,0.0,0.0,,,,
product_product_id_135884,40LH 081,1,Jinasena_MasterData_Stock.product_template_letter_head_large_jam,40LH 081,,0.0,0.0,0.0,,,,
product_product_id_135885,40LH 082,1,Jinasena_MasterData_Stock.product_template_letter_head_small_jam,40LH 082,,0.0,0.0,0.0,,,,
product_product_id_135886,40LH 083,1,Jinasena_MasterData_Stock.product_template_continuation_sheet_large_jam,40LH 083,,0.0,0.0,0.0,,,,
product_product_id_135887,40PC 002,1,Jinasena_MasterData_Stock.product_template_copy_paper_a4,40PC 002,,0.0,0.0,0.0,,,,
product_product_id_135888,40PF 001,1,Jinasena_MasterData_Stock.product_template_computer_papers_3ply_jam_invoice,40PF 001,,0.0,0.0,0.0,,,,
product_product_id_135889,40PL 084,1,Jinasena_MasterData_Stock.product_template_cheque_enclosure_letter_jam,40PL 084,,0.0,0.0,0.0,,,,
product_product_id_135890,40SU 005,1,Jinasena_MasterData_Stock.product_template_staples_pin_no_10,40SU 005,,0.0,0.0,0.0,,,,
product_product_id_135891,40SU 006,1,Jinasena_MasterData_Stock.product_template_staples_pin_no_369,40SU 006,,0.0,0.0,0.0,,,,
product_product_id_135892,40SU 023,1,Jinasena_MasterData_Stock.product_template_rubber_bands,40SU 023,,0.0,0.0,0.0,,,,
product_product_id_135893,40SU 024,1,Jinasena_MasterData_Stock.product_template_pencil_cutter_plastic,40SU 024,,0.0,0.0,0.0,,,,
product_product_id_135894,40SU 025,1,Jinasena_MasterData_Stock.product_template_stapler_remover,40SU 025,,0.0,0.0,0.0,,,,
product_product_id_135895,40SU 026,1,Jinasena_MasterData_Stock.product_template_stapler_b_10,40SU 026,,0.0,0.0,0.0,,,,
product_product_id_135896,40SU 027,1,Jinasena_MasterData_Stock.product_template_puncher_small,40SU 027,,0.0,0.0,0.0,,,,
product_product_id_135897,40SU 028,1,Jinasena_MasterData_Stock.product_template_batteries_aa_penlite,40SU 028,,0.0,0.0,0.0,,,,
product_product_id_135898,40SU 029,1,Jinasena_MasterData_Stock.product_template_blades,40SU 029,,0.0,0.0,0.0,,,,
product_product_id_135899,40SU 031,1,Jinasena_MasterData_Stock.product_template_stapler_no_369,40SU 031,,0.0,0.0,0.0,,,,
product_product_id_135900,40SU 032,1,Jinasena_MasterData_Stock.product_template_self_adhesive_tape,40SU 032,,0.0,0.0,0.0,,,,
product_product_id_135901,40SU 041,1,Jinasena_MasterData_Stock.product_template_puncher_large,40SU 041,,0.0,0.0,0.0,,,,
product_product_id_135902,40SU 042,1,Jinasena_MasterData_Stock.product_template_pair_of_scissor_8,40SU 042,,0.0,0.0,0.0,,,,
product_product_id_135903,40TY E8750,1,Jinasena_MasterData_Stock.product_template_comp_ribb_cart_epson_8750,40TY E8750,,0.0,0.0,0.0,,,,
product_product_id_135904,40WI 001,1,Jinasena_MasterData_Stock.product_template_ball_point_pen_blue,40WI 001,,0.0,0.0,0.0,,,,
product_product_id_135905,40WI 002,1,Jinasena_MasterData_Stock.product_template_ball_point_pen_black,40WI 002,,0.0,0.0,0.0,,,,
product_product_id_135906,40WI 003,1,Jinasena_MasterData_Stock.product_template_ball_point_pen_red,40WI 003,,0.0,0.0,0.0,,,,
product_product_id_135907,40WI 023,1,Jinasena_MasterData_Stock.product_template_hi_light_pen_yellow,40WI 023,,0.0,0.0,0.0,,,,
product_product_id_135908,40WI 024,1,Jinasena_MasterData_Stock.product_template_hi_lighter_pen_green,40WI 024,,0.0,0.0,0.0,,,,
product_product_id_135909,40WI 041,1,Jinasena_MasterData_Stock.product_template_red_leaf_marker_black,40WI 041,,0.0,0.0,0.0,,,,
product_product_id_135910,40WI 042,1,Jinasena_MasterData_Stock.product_template_red_leaf_marker_blue,40WI 042,,0.0,0.0,0.0,,,,
product_product_id_135911,40WI 051,1,Jinasena_MasterData_Stock.product_template_pencil,40WI 051,,0.0,0.0,0.0,,,,
product_product_id_135912,40WI 063,1,Jinasena_MasterData_Stock.product_template_foot_ruler_plastic,40WI 063,,0.0,0.0,0.0,,,,
product_product_id_135913,40WP 001,1,Jinasena_MasterData_Stock.product_template_writing_pad_large_weerodara_40_pgs,40WP 001,,0.0,0.0,0.0,,,,
product_product_id_135914,40WP 002,1,Jinasena_MasterData_Stock.product_template_writing_pad_small_weerodara_40pgs,40WP 002,,0.0,0.0,0.0,,,,
product_product_id_135915,40WP 005,1,Jinasena_MasterData_Stock.product_template_rough_pad_large_10_x_8,40WP 005,,0.0,0.0,0.0,,,,
product_product_id_135916,40WP 006,1,Jinasena_MasterData_Stock.product_template_rough_pad_medium_8_x_5,40WP 006,,0.0,0.0,0.0,,,,
product_product_id_135917,40WP 007,1,Jinasena_MasterData_Stock.product_template_rough_pad_small_5_x_4,40WP 007,,0.0,0.0,0.0,,,,
product_product_id_137687,40XP NCJP-A,1,Jinasena_MasterData_Stock.product_template_certificate_of_5_year_warranty_n_cj_ppo_,40XP NCJP-A,,0.0,0.0,0.0,,,,
product_product_id_135918,40XP RKJAM-D,1,Jinasena_MasterData_Stock.product_template_certificate_of_6_month_warranty_rk_agric,40XP RKJAM-D,,0.0,0.0,0.0,,,,
product_product_id_135919,41110003,1,Jinasena_MasterData_Stock.product_template_reverse_handle,41110003,,0.0,0.0,0.0,,,,
product_product_id_135920,41110004,1,Jinasena_MasterData_Stock.product_template_clutch_handle_332847,41110004,,0.0,0.0,0.0,,,1,1
product_product_id_135921,41110006,1,Jinasena_MasterData_Stock.product_template_control_line_of_tie_in,41110006,,0.0,0.0,0.0,,,,
product_product_id_135922,41110011,1,Jinasena_MasterData_Stock.product_template_split_pin_2x20,41110011,,0.0,0.0,0.0,,,,
product_product_id_135923,41110020,1,Jinasena_MasterData_Stock.product_template_flameout_switch,41110020,,0.0,0.0,0.0,,,,
product_product_id_135924,41110021,1,Jinasena_MasterData_Stock.product_template_handrail_assy_l,41110021,,0.0,0.0,0.0,,,,
product_product_id_135925,41110022,1,Jinasena_MasterData_Stock.product_template_handrail_assy_r,41110022,,0.0,0.0,0.0,,,,
product_product_id_135926,41110023,1,Jinasena_MasterData_Stock.product_template_connectior_flame_out_switch,41110023,,0.0,0.0,0.0,,,,
product_product_id_135927,41114502,1,Jinasena_MasterData_Stock.product_template_spring_332854,41114502,,0.0,0.0,0.0,,,,
product_product_id_135928,41BL RAS326,1,Jinasena_MasterData_Stock.product_template_blade_set_for_shearing_machine_ras326,41BL RAS326,,0.0,0.0,0.0,,,,
product_product_id_135929,41PT HYTSU685,1,Jinasena_MasterData_Stock.product_template_hand_pallet_truck_685_mm_3000_kg,41PT HYTSU685,,0.0,0.0,0.0,,,,
product_product_id_135930,41SM RAS326,1,Jinasena_MasterData_Stock.product_template_krras_hydraulic_guillotine_shearing_mach,41SM RAS326,,0.0,0.0,0.0,,,,
product_product_id_135931,41SW POI-14,1,Jinasena_MasterData_Stock.product_template_poi_14_pedestal_water_cooled_elkarc_spot,41SW POI-14,,0.0,0.0,0.0,,,,
product_product_id_135932,41WS LS200A,1,Jinasena_MasterData_Stock.product_template_invater_welding_machine_w_dcinv_200,41WS LS200A,,0.0,0.0,0.0,,,,
product_product_id_135933,41WS LS250A,1,Jinasena_MasterData_Stock.product_template_invertor_welding_plant_ls250a_laser,41WS LS250A,,0.0,0.0,0.0,,,,
product_product_id_135934,41WS LS400A,1,Jinasena_MasterData_Stock.product_template_invertor_welding_plant_ls400a_laser,41WS LS400A,,0.0,0.0,0.0,,,,
product_product_id_135935,41WS MINI200,1,Jinasena_MasterData_Stock.product_template_invator_mini_welding_plant_mini200,41WS MINI200,,0.0,0.0,0.0,,,,
product_product_id_135937,41WS MMA-350,1,Jinasena_MasterData_Stock.product_template_igbt_invertor_welding_plant_mma_350,41WS MMA-350,,0.0,0.0,0.0,,,,
product_product_id_135936,41WS MMA250D,1,Jinasena_MasterData_Stock.product_template_invertor_welding_plant_mma250_dtec,41WS MMA250D,,0.0,0.0,0.0,,,,
product_product_id_137455,42CB LUSTRON,1,Jinasena_MasterData_Stock.product_template_carbon_lustron,42CB LUSTRON,,0.0,0.0,0.0,,,,
product_product_id_137699,42CH ACT,1,Jinasena_MasterData_Stock.product_template_activator_4108,42CH ACT,,0.0,0.0,0.0,,,,
product_product_id_137700,42CH CATALYST,1,Jinasena_MasterData_Stock.product_template_catalyst_5271,42CH CATALYST,,0.0,0.0,0.0,,,,
product_product_id_137456,42CH FMANG,1,Jinasena_MasterData_Stock.product_template_ferro_manganese,42CH FMANG,,0.0,0.0,0.0,,,,
product_product_id_137457,42CH LASI,1,Jinasena_MasterData_Stock.product_template_ladelloy_silicon,42CH LASI,,0.0,0.0,0.0,,,,
product_product_id_137458,42CH SCG,1,Jinasena_MasterData_Stock.product_template_silicon_carbide_granules_size_5_mm_to_15,42CH SCG,,0.0,0.0,0.0,,,,
product_product_id_137459,42CH SL,1,Jinasena_MasterData_Stock.product_template_slax30,42CH SL,,0.0,0.0,0.0,,,,
product_product_id_137460,42CI HDS,1,Jinasena_MasterData_Stock.product_template_heads_risers_cast_iron,42CI HDS,,0.0,0.0,0.0,,,,
product_product_id_137461,42CI HDS-B,1,Jinasena_MasterData_Stock.product_template_heads_risers_cast_iron_broken,42CI HDS-B,,0.0,0.0,0.0,,,,
product_product_id_137462,42CI SCRP-EB,1,Jinasena_MasterData_Stock.product_template_scrap_cast_iron_engine_block,42CI SCRP-EB,,0.0,0.0,0.0,,,,
product_product_id_137463,42CI SCRP-EB_B,1,Jinasena_MasterData_Stock.product_template_scrap_cast_iron_engine_block_broken,42CI SCRP-EB_B,,0.0,0.0,0.0,,,,
product_product_id_137464,42CI SCRP-N,1,Jinasena_MasterData_Stock.product_template_scrap_normal_cast_iron,42CI SCRP-N,,0.0,0.0,0.0,,,,
product_product_id_137465,42CI SCRP-N-B,1,Jinasena_MasterData_Stock.product_template_scrap_normal_cast_iron_broken,42CI SCRP-N-B,,0.0,0.0,0.0,,,,
product_product_id_137466,42CO GRAP,1,Jinasena_MasterData_Stock.product_template_graphite,42CO GRAP,,0.0,0.0,0.0,,,,
product_product_id_137467,42CO SCRP,1,Jinasena_MasterData_Stock.product_template_scrap_copper_winding_wire,42CO SCRP,,0.0,0.0,0.0,,,,
product_product_id_137468,42CS CS,1,Jinasena_MasterData_Stock.product_template_core_sand,42CS CS,,0.0,0.0,0.0,,,,
product_product_id_137469,42GS GS-BS,1,Jinasena_MasterData_Stock.product_template_recycled_sand_backing_sand,42GS GS-BS,,0.0,0.0,0.0,,,,
product_product_id_137470,42GS GS-FS,1,Jinasena_MasterData_Stock.product_template_green_sand_facing_sand,42GS GS-FS,,0.0,0.0,0.0,,,,
product_product_id_137471,42IV AJECT50,1,Jinasena_MasterData_Stock.product_template_ivaject_50_garinoculant_s_size_1_3_mm,42IV AJECT50,,0.0,0.0,0.0,,,,
product_product_id_137472,42SA BENT,1,Jinasena_MasterData_Stock.product_template_bentonite,42SA BENT,,0.0,0.0,0.0,,,,
product_product_id_137473,42SA BENT-LO,1,Jinasena_MasterData_Stock.product_template_bentonite_local,42SA BENT-LO,,0.0,0.0,0.0,,,,
product_product_id_137474,42SA RED,1,Jinasena_MasterData_Stock.product_template_red_moulding_sand_clay,42SA RED,,0.0,0.0,0.0,,,,
product_product_id_137475,42SA SIL40,1,Jinasena_MasterData_Stock.product_template_silica_sand_40_mesh,42SA SIL40,,0.0,0.0,0.0,,,,
product_product_id_137476,42ST SCRP,1,Jinasena_MasterData_Stock.product_template_steel_scrap,42ST SCRP,,0.0,0.0,0.0,,,,
product_product_id_137477,42ST SCRP-CUT,1,Jinasena_MasterData_Stock.product_template_steel_scrap_cut,42ST SCRP-CUT,,0.0,0.0,0.0,,,,
product_product_id_137688,42VC N110T/1N,1,Jinasena_MasterData_Stock.product_template_volute_core_n110t_1n,42VC N110T/1N,,0.0,0.0,0.0,,,,
product_product_id_135994,5-2-3S,1,Jinasena_MasterData_Stock.product_template_sale_motor_for_5_2_3s,5-2-3S,,0.0,0.0,0.0,,,,
product_product_id_135995,5-2-3SC,1,Jinasena_MasterData_Stock.product_template_sale_motor_5hp_2pole_3phase_chinese,5-2-3SC,,0.0,0.0,0.0,,,,
product_product_id_135996,5-4-3S,1,Jinasena_MasterData_Stock.product_template_sale_motor_for_5_4_3s,5-4-3S,,0.0,0.0,0.0,,,,
product_product_id_135939,50BB 0004,1,Jinasena_MasterData_Stock.product_template_trust_bearing,50BB 0004,,0.0,0.0,0.0,,,,
product_product_id_135940,50BB 607,1,Jinasena_MasterData_Stock.product_template_ball_bearing_607_2rs,50BB 607,,0.0,0.0,0.0,,,,
product_product_id_135941,50BB 608,1,Jinasena_MasterData_Stock.product_template_ball_bearing_608_2rs,50BB 608,,0.0,0.0,0.0,,,,
product_product_id_135942,50CC 0010,1,Jinasena_MasterData_Stock.product_template_led_50w_flash_light,50CC 0010,,0.0,0.0,0.0,,,,
product_product_id_135943,50CC 0058,1,Jinasena_MasterData_Stock.product_template_white_board_5_x_4,50CC 0058,,0.0,0.0,0.0,,,,
product_product_id_135944,50CC 0087,1,Jinasena_MasterData_Stock.product_template_10mm_pneumatic_tube,50CC 0087,,0.0,0.0,0.0,,,,
product_product_id_135947,50CC 022-CB,1,Jinasena_MasterData_Stock.product_template_pneumatic_quick_connecting_bend,50CC 022-CB,,0.0,0.0,0.0,,,,
product_product_id_135948,50CC 022-CT,1,Jinasena_MasterData_Stock.product_template_pneumatic_quick_connecting_t,50CC 022-CT,,0.0,0.0,0.0,,,,
product_product_id_135945,50CC 0223,1,Jinasena_MasterData_Stock.product_template_cocool_700_nbf_solubale_coolant,50CC 0223,,0.0,0.0,0.0,,,,
product_product_id_135946,50CC 0224,1,Jinasena_MasterData_Stock.product_template_frl_unit,50CC 0224,,0.0,0.0,0.0,,,,
product_product_id_135949,50CC 031,1,Jinasena_MasterData_Stock.product_template_amarno_sheet_2_width_royal_blue,50CC 031,,0.0,0.0,0.0,,,,
product_product_id_135950,50CC 0312,1,Jinasena_MasterData_Stock.product_template_steel_exhaust_fan_12,50CC 0312,,0.0,0.0,0.0,,,,
product_product_id_135951,50CC 038,1,Jinasena_MasterData_Stock.product_template_bathroom_sink_corner_w_basin,50CC 038,,0.0,0.0,0.0,,,,
product_product_id_135952,50CC 040,1,Jinasena_MasterData_Stock.product_template_sink_water_tap,50CC 040,,0.0,0.0,0.0,,,,
product_product_id_135955,50CC 040-C,1,Jinasena_MasterData_Stock.product_template_clear_fiber_glass_roofing_shees_1066x304,50CC 040-C,,0.0,0.0,0.0,,,,
product_product_id_135953,50CC 0406,1,Jinasena_MasterData_Stock.product_template_mainstays_st_steel_digital_kitchen_scale,50CC 0406,,0.0,0.0,0.0,,,,
product_product_id_135954,50CC 0407,1,Jinasena_MasterData_Stock.product_template_cooling_fan_6_230v,50CC 0407,,0.0,0.0,0.0,,,,
product_product_id_135956,50CC 041,1,Jinasena_MasterData_Stock.product_template_solenoid_operatrd_valve,50CC 041,,0.0,0.0,0.0,,,,
product_product_id_135957,50CC 086,1,Jinasena_MasterData_Stock.product_template_pneumatic_tube,50CC 086,,0.0,0.0,0.0,,,,
product_product_id_135958,50CC DCP-SL,1,Jinasena_MasterData_Stock.product_template_dc_pressure_pump_smal_large,50CC DCP-SL,,0.0,0.0,0.0,,,,
product_product_id_135959,50EK 0882,1,Jinasena_MasterData_Stock.product_template_parting_tool_blades_1_8_x3_4,50EK 0882,,0.0,0.0,0.0,,,,
product_product_id_135960,50EL 027,1,Jinasena_MasterData_Stock.product_template_bulb_screw_type,50EL 027,,0.0,0.0,0.0,,,,
product_product_id_135961,50JAM 0202,1,Jinasena_MasterData_Stock.product_template_al_parts_of_exercise_machine,50JAM 0202,,0.0,0.0,0.0,,,,
product_product_id_135962,50JAM 2674,1,Jinasena_MasterData_Stock.product_template_1hp_motor_for_nr115_1_jam,50JAM 2674,,0.0,0.0,0.0,,,,
product_product_id_135963,50JAM 3787,1,Jinasena_MasterData_Stock.product_template_complete_hub_elf_hiace,50JAM 3787,,0.0,0.0,0.0,,,,
product_product_id_135964,50JAM 3807,1,Jinasena_MasterData_Stock.product_template_trailer_rim_15_for_new_tractor_332891,50JAM 3807,,0.0,0.0,0.0,,,,
product_product_id_135965,50JAM 3808,1,Jinasena_MasterData_Stock.product_template_750x15_12pr_ceatfm_sleek,50JAM 3808,,0.0,0.0,0.0,,,,
product_product_id_135966,50JAM 3809,1,Jinasena_MasterData_Stock.product_template_700_750x15_l_v_tube_india,50JAM 3809,,0.0,0.0,0.0,,,,
product_product_id_135967,50JAM 3905,1,Jinasena_MasterData_Stock.product_template_s_s_tubing_5_8_x_5_8_1_2mm,50JAM 3905,,0.0,0.0,0.0,,,,
product_product_id_135968,50JAM 5135,1,Jinasena_MasterData_Stock.product_template_ball_bearing_6310_2rs,50JAM 5135,,0.0,0.0,0.0,,,,
product_product_id_135969,50JAM 5139,1,Jinasena_MasterData_Stock.product_template_tiller_pin_goldern_eicher,50JAM 5139,,0.0,0.0,0.0,,,,
product_product_id_135970,50JAM 5140,1,Jinasena_MasterData_Stock.product_template_tiller_pin_small_black_eicher,50JAM 5140,,0.0,0.0,0.0,,,,
product_product_id_135971,50JAM 5141,1,Jinasena_MasterData_Stock.product_template_linch_pin_large_eicher_tractor,50JAM 5141,,0.0,0.0,0.0,,,,
product_product_id_135972,50JAM 5142,1,Jinasena_MasterData_Stock.product_template_propler_shaft_1_3_8_x_1_3_8,50JAM 5142,,0.0,0.0,0.0,,,,
product_product_id_135973,50JAM 5149,1,Jinasena_MasterData_Stock.product_template_m_s_hollow_bar_3_x_2_q_new,50JAM 5149,,0.0,0.0,0.0,,,,
product_product_id_135974,50JAM 5150,1,Jinasena_MasterData_Stock.product_template_m_r_v_book_jam_stores_use,50JAM 5150,,0.0,0.0,0.0,,,,
product_product_id_135975,50JAM 5153,1,Jinasena_MasterData_Stock.product_template_spring_steel_wire_1_8_g,50JAM 5153,,0.0,0.0,0.0,,,,
product_product_id_135976,50JAM 5154,1,Jinasena_MasterData_Stock.product_template_switch_set_for_robin_engine,50JAM 5154,,0.0,0.0,0.0,,,,
product_product_id_135977,50JAM 5155,1,Jinasena_MasterData_Stock.product_template_oil_seal_for_hydraulic_bending_machine,50JAM 5155,,0.0,0.0,0.0,,,,
product_product_id_135978,50JAM 5156,1,Jinasena_MasterData_Stock.product_template_tool_steel_assab_40_x_19_mm,50JAM 5156,,0.0,0.0,0.0,,,,
product_product_id_135979,50MB 0754,1,Jinasena_MasterData_Stock.product_template_bolt_m12x110x1_75,50MB 0754,,0.0,0.0,0.0,,,,
product_product_id_135980,50MB 0755,1,Jinasena_MasterData_Stock.product_template_nut_12mmx1_75,50MB 0755,,0.0,0.0,0.0,,,,
product_product_id_135981,50MB 0763,1,Jinasena_MasterData_Stock.product_template_s_spring_washer_12mm,50MB 0763,,0.0,0.0,0.0,,,,
product_product_id_135982,50MB 0850,1,Jinasena_MasterData_Stock.product_template_m_s_sheet_12_7mm_1_2,50MB 0850,,0.0,0.0,0.0,,,,
product_product_id_135983,50MB 0855,1,Jinasena_MasterData_Stock.product_template_m_s_sheet_2_0mm_g14,50MB 0855,,0.0,0.0,0.0,,,,
product_product_id_135984,50PL 164,1,Jinasena_MasterData_Stock.product_template_ms_sq_bar_25x25mm,50PL 164,,0.0,0.0,0.0,,,,
product_product_id_135985,50SA FUJI3,1,Jinasena_MasterData_Stock.product_template_fujian_90_complete_motor_230v_single_pha,50SA FUJI3,,0.0,0.0,0.0,,,,
product_product_id_135986,50SB 12X90,1,Jinasena_MasterData_Stock.product_template_s_s_bolt_12_x90_mm,50SB 12X90,,0.0,0.0,0.0,,,,
product_product_id_135987,50TL 2499,1,Jinasena_MasterData_Stock.product_template_tap_set_6mm,50TL 2499,,0.0,0.0,0.0,,,,
product_product_id_135988,5110007,1,Jinasena_MasterData_Stock.product_template_cotter_nut_m10,5110007,,0.0,0.0,0.0,,,,
product_product_id_135989,51110013,1,Jinasena_MasterData_Stock.product_template_cultivator_tyre_400x10,51110013,,0.0,0.0,0.0,,,,
product_product_id_135990,51110013-2,1,Jinasena_MasterData_Stock.product_template_cultivator_tyre_400x10_332917,51110013-2,,0.0,0.0,0.0,,,,
product_product_id_135991,51210003,1,Jinasena_MasterData_Stock.product_template_bend_blade_left,51210003,,0.0,0.0,0.0,1,1,1,1
product_product_id_135992,51210004,1,Jinasena_MasterData_Stock.product_template_bend_blade_right,51210004,,0.0,0.0,0.0,,,,
product_product_id_135993,51310001,1,Jinasena_MasterData_Stock.product_template_hitch_332920,51310001,,0.0,0.0,0.0,,,,
product_product_id_135997,60AT 006,1,Jinasena_MasterData_Stock.product_template_clean_assem_test_a_f_overhaul_tr,60AT 006,,0.0,0.0,0.0,,,,
product_product_id_135998,60AT 007,1,Jinasena_MasterData_Stock.product_template_assemble_test_a_f_service_trac,60AT 007,,0.0,0.0,0.0,1,1,1,1
product_product_id_135999,60AT 009,1,Jinasena_MasterData_Stock.product_template_ass_test_tr_fuel_inj_pump,60AT 009,,0.0,0.0,0.0,,,,
product_product_id_136000,60AT 010,1,Jinasena_MasterData_Stock.product_template_ass_test_tr_eng_jet_5_6,60AT 010,,0.0,0.0,0.0,,,,
product_product_id_136001,60AT 011,1,Jinasena_MasterData_Stock.product_template_ass_test_tr_eng_jet_7_aht8_12,60AT 011,,0.0,0.0,0.0,,,,
product_product_id_136002,60AT 012,1,Jinasena_MasterData_Stock.product_template_ass_test_tr_gear_box_jet_5_6,60AT 012,,0.0,0.0,0.0,,,,
product_product_id_136003,60AT 013,1,Jinasena_MasterData_Stock.product_template_ass_test_tr_g_box_jet_7_aht8_12,60AT 013,,0.0,0.0,0.0,,,,
product_product_id_136004,60AT 014,1,Jinasena_MasterData_Stock.product_template_ass_test_tr_rotavators,60AT 014,,0.0,0.0,0.0,,,,
product_product_id_136005,60AT 015,1,Jinasena_MasterData_Stock.product_template_ass_test_complete_tr_jet_5_6,60AT 015,,0.0,0.0,0.0,,,,
product_product_id_136006,60AT 016,1,Jinasena_MasterData_Stock.product_template_ass_test_comp_tr_jet_7_aht8_12,60AT 016,,0.0,0.0,0.0,,,,
product_product_id_136007,60AT 017,1,Jinasena_MasterData_Stock.product_template_clean_assemble_testing,60AT 017,,0.0,0.0,0.0,,,,
product_product_id_136008,60AT 61 (FOC),1,Jinasena_MasterData_Stock.product_template_labour_free_332935,60AT 61 (FOC),,0.0,0.0,0.0,,,,
product_product_id_136009,60AT 61 (FOC)-QR,1,Jinasena_MasterData_Stock.product_template_labour_free_332936,60AT 61 (FOC)-QR,,0.0,0.0,0.0,,,,
product_product_id_136010,60AW 79,1,Jinasena_MasterData_Stock.product_template_auto_wiring,60AW 79,,0.0,0.0,0.0,,,,
product_product_id_136011,60BS 70,1,Jinasena_MasterData_Stock.product_template_baking_stator,60BS 70,,0.0,0.0,0.0,,,,
product_product_id_136012,60BS 71-QR,1,Jinasena_MasterData_Stock.product_template_baking_stator_quick_repair,60BS 71-QR,,0.0,0.0,0.0,,,,
product_product_id_136013,60BU 001,1,Jinasena_MasterData_Stock.product_template_bushing,60BU 001,,0.0,0.0,0.0,,,,
product_product_id_136014,60CG 001,1,Jinasena_MasterData_Stock.product_template_crank_grinding,60CG 001,,0.0,0.0,0.0,,,,
product_product_id_136015,60CO 01,1,Jinasena_MasterData_Stock.product_template_consultansis_fee,60CO 01,,0.0,0.0,0.0,,,,
product_product_id_136016,60DI 006,1,Jinasena_MasterData_Stock.product_template_dismantle_service_tractor,60DI 006,,0.0,0.0,0.0,,,,
product_product_id_136017,60DI 007,1,Jinasena_MasterData_Stock.product_template_dsmantle_overhaul_estim_tract,60DI 007,,0.0,0.0,0.0,,,,
product_product_id_136018,60DI 009,1,Jinasena_MasterData_Stock.product_template_dismantle_tracctor_engines,60DI 009,,0.0,0.0,0.0,,,,
product_product_id_136019,60DI 010,1,Jinasena_MasterData_Stock.product_template_dismantle_tractor_gear_box,60DI 010,,0.0,0.0,0.0,,,,
product_product_id_136020,60DI 011,1,Jinasena_MasterData_Stock.product_template_dismantle_tractor_rotavator,60DI 011,,0.0,0.0,0.0,,,,
product_product_id_136021,60DI 012,1,Jinasena_MasterData_Stock.product_template_dismantle_complete_tractor,60DI 012,,0.0,0.0,0.0,,,,
product_product_id_136022,60DI 015,1,Jinasena_MasterData_Stock.product_template_dismantle_machine,60DI 015,,0.0,0.0,0.0,,,,
product_product_id_136023,60DI 61 (FOC),1,Jinasena_MasterData_Stock.product_template_labour_free_332950,60DI 61 (FOC),,0.0,0.0,0.0,,,,
product_product_id_136024,60DI 61 (FOC)-QR,1,Jinasena_MasterData_Stock.product_template_labour_free_332951,60DI 61 (FOC)-QR,,0.0,0.0,0.0,,,,
product_product_id_136025,60DT 70,1,Jinasena_MasterData_Stock.product_template_drill_tap,60DT 70,,0.0,0.0,0.0,,,,
product_product_id_136026,60GD 75,1,Jinasena_MasterData_Stock.product_template_valve_gring_and_de_carb,60GD 75,,0.0,0.0,0.0,,,,
product_product_id_136027,60JR  01,1,Jinasena_MasterData_Stock.product_template_rubber_rolling_machine_repair_charges,60JR  01,,0.0,0.0,0.0,,,,
product_product_id_136028,60MS 01,1,Jinasena_MasterData_Stock.product_template_motor_service,60MS 01,,0.0,0.0,0.0,,,,
product_product_id_136029,60MT 08,1,Jinasena_MasterData_Stock.product_template_electrical_assemble,60MT 08,,0.0,0.0,0.0,,,,
product_product_id_136030,60OU 01,1,Jinasena_MasterData_Stock.product_template_out_sourse_work,60OU 01,,0.0,0.0,0.0,,,,
product_product_id_136031,60PC 001,1,Jinasena_MasterData_Stock.product_template_packing_charges,60PC 001,,0.0,0.0,0.0,,,,
product_product_id_136032,60PT 070,1,Jinasena_MasterData_Stock.product_template_painting,60PT 070,,0.0,0.0,0.0,,,,
product_product_id_136033,60PT 61,1,Jinasena_MasterData_Stock.product_template_painting_domestic,60PT 61,,0.0,0.0,0.0,,,,
product_product_id_136034,60PT 78,1,Jinasena_MasterData_Stock.product_template_painting_yanmar_3tn_4tn,60PT 78,,0.0,0.0,0.0,,,,
product_product_id_136035,60RE 001,1,Jinasena_MasterData_Stock.product_template_re_sleeving_km178,60RE 001,,0.0,0.0,0.0,,,,
product_product_id_136036,60SV 103,1,Jinasena_MasterData_Stock.product_template_transport_charges,60SV 103,,0.0,0.0,0.0,,,,
product_product_id_136037,60SV 61 (FOC),1,Jinasena_MasterData_Stock.product_template_labour_free,60SV 61 (FOC),,0.0,0.0,0.0,,,,
product_product_id_136038,60SV 66,1,Jinasena_MasterData_Stock.product_template_service_charge,60SV 66,,0.0,0.0,0.0,,,,
product_product_id_136039,60SV INSEXP,1,Jinasena_MasterData_Stock.product_template_insurance_expenses,60SV INSEXP,,0.0,0.0,0.0,,,,
product_product_id_136040,60TM 01,1,Jinasena_MasterData_Stock.product_template_transportation_charges_for_tcm_repair,60TM 01,,0.0,0.0,0.0,,,,
product_product_id_136041,60TM 02,1,Jinasena_MasterData_Stock.product_template_machine_overhaule_complete_service,60TM 02,,0.0,0.0,0.0,,,,
product_product_id_136042,60TM 03,1,Jinasena_MasterData_Stock.product_template_cutter_drum_remove_total_blade_replace,60TM 03,,0.0,0.0,0.0,,,,
product_product_id_136043,60TM 04,1,Jinasena_MasterData_Stock.product_template_cutter_drum_remove_few_blade_replace,60TM 04,,0.0,0.0,0.0,,,,
product_product_id_136044,60TM 05,1,Jinasena_MasterData_Stock.product_template_preassure_pad_repair,60TM 05,,0.0,0.0,0.0,,,,
product_product_id_136045,60TM 06,1,Jinasena_MasterData_Stock.product_template_reduction_shaft_bearing_repair,60TM 06,,0.0,0.0,0.0,,,,
product_product_id_136046,60TM 07,1,Jinasena_MasterData_Stock.product_template_cutter_drum_core_repaire,60TM 07,,0.0,0.0,0.0,,,,
product_product_id_136047,60TM 08,1,Jinasena_MasterData_Stock.product_template_electrical_problem_repair_work,60TM 08,,0.0,0.0,0.0,,,,
product_product_id_136048,60TM 09,1,Jinasena_MasterData_Stock.product_template_motor_replacement,60TM 09,,0.0,0.0,0.0,,,,
product_product_id_136049,60TM 10,1,Jinasena_MasterData_Stock.product_template_cutter_drum_main_bearing_replacement,60TM 10,,0.0,0.0,0.0,,,,
product_product_id_136050,60TM 11,1,Jinasena_MasterData_Stock.product_template_preassure_pad_extension_replacement,60TM 11,,0.0,0.0,0.0,,,,
product_product_id_136051,60WR 70,1,Jinasena_MasterData_Stock.product_template_weld_turn_bushing,60WR 70,,0.0,0.0,0.0,,,,
product_product_id_136052,61000018,1,Jinasena_MasterData_Stock.product_template_gasket_of_flange,61000018,,0.0,0.0,0.0,,,,
product_product_id_136053,61000028,1,Jinasena_MasterData_Stock.product_template_lock_gasket_48,61000028,,0.0,0.0,0.0,,,,
product_product_id_136054,61000029,1,Jinasena_MasterData_Stock.product_template_gasket_squire,61000029,,0.0,0.0,0.0,,,,
product_product_id_136055,830083,1,Jinasena_MasterData_Stock.product_template_bajaj_corona_led_bulb_5w_cdl_b22,830083,,0.0,0.0,0.0,1,1,1,1
product_product_id_136056,830126,1,Jinasena_MasterData_Stock.product_template_corona_led_bulb_12w_wdl_e27,830126,,0.0,0.0,0.0,,,,
product_product_id_136057,830192,1,Jinasena_MasterData_Stock.product_template_bajaj_led_batten_18w_cdl_1,830192,,0.0,0.0,0.0,,,,
product_product_id_136059,AHT-125,1,Jinasena_MasterData_Stock.product_template_agrimec_12_5_hp_hand_tractor_model_gn_12,AHT-125,,0.0,0.0,0.0,,,,
product_product_id_136058,AHT12,1,Jinasena_MasterData_Stock.product_template_agrimec_hand_tractor_12hp,AHT12,,0.0,0.0,0.0,,,,
product_product_id_136060,AHT7,1,Jinasena_MasterData_Stock.product_template_sh61_7hp_tractor_with_rototor,AHT7,,0.0,0.0,0.0,,,,
product_product_id_136061,AHT8,1,Jinasena_MasterData_Stock.product_template_agrimec_hand_tractor_aht8,AHT8,,0.0,0.0,0.0,,,,
product_product_id_136062,AS16L-SS,1,Jinasena_MasterData_Stock.product_template_agrimec_ss_knapsack_sprayer_16l_as16l_ss,AS16L-SS,,0.0,0.0,0.0,,,,
product_product_id_136063,BA JMC15,1,Jinasena_MasterData_Stock.product_template_basic_assy_m_chopper_15hp,BA JMC15,,0.0,0.0,0.0,,,,
product_product_id_136064,BA JMC25,1,Jinasena_MasterData_Stock.product_template_basic_assy_m_chopper_25hp,BA JMC25,,0.0,0.0,0.0,,,,
product_product_id_136065,BA JMC6,1,Jinasena_MasterData_Stock.product_template_basic_multi_chopper,BA JMC6,,0.0,0.0,0.0,,,,
product_product_id_136066,BA PT1,1,Jinasena_MasterData_Stock.product_template_basic_pepper_thresher,BA PT1,,0.0,0.0,0.0,,,,
product_product_id_136067,BA TH1,1,Jinasena_MasterData_Stock.product_template_basic_thresher_th1,BA TH1,,0.0,0.0,0.0,,,,
product_product_id_136068,BA TH7,1,Jinasena_MasterData_Stock.product_template_basic_th7_tresher,BA TH7,,0.0,0.0,0.0,,,,
product_product_id_136069,BA TR15,1,Jinasena_MasterData_Stock.product_template_basic_trailer_1_5_ton,BA TR15,,0.0,0.0,0.0,,,,
product_product_id_136074,BC-GT8 LP,1,Jinasena_MasterData_Stock.product_template_roto_slasher_gt_8_lp,BC-GT8 LP,,0.0,0.0,0.0,,,,
product_product_id_136070,BC/EY20BK,1,Jinasena_MasterData_Stock.product_template_ey20bk_robin_bush_cutter,BC/EY20BK,,0.0,0.0,0.0,,,,
product_product_id_136071,BC/GT8,1,Jinasena_MasterData_Stock.product_template_roto_slasher_gt_8,BC/GT8,,0.0,0.0,0.0,,,,
product_product_id_136072,BC/JET5,1,Jinasena_MasterData_Stock.product_template_bush_cutter_attachment_for_jet5,BC/JET5,,0.0,0.0,0.0,,,,
product_product_id_136073,BC/SUPER5,1,Jinasena_MasterData_Stock.product_template_bush_cutter_attachment_for_super,BC/SUPER5,,0.0,0.0,0.0,,,,
product_product_id_136075,BCOO-CG520,1,Jinasena_MasterData_Stock.product_template_brush_cutter_2stroke_52cc_oo_cg520,BCOO-CG520,,0.0,0.0,0.0,,,,
product_product_id_136082,BG-328-HK37,1,Jinasena_MasterData_Stock.product_template_hk_37_grass_cutter_blades_3t,BG-328-HK37,,0.0,0.0,0.0,,,,
product_product_id_136083,BG-328-HK40,1,Jinasena_MasterData_Stock.product_template_hk_40t_grass_cutter_blades_40t,BG-328-HK40,,0.0,0.0,0.0,,,,
product_product_id_136084,BG-328-YS241000DA,1,Jinasena_MasterData_Stock.product_template_ys241000d4_shape_square,BG-328-YS241000DA,,0.0,0.0,0.0,,,,
product_product_id_136085,BG-328-YS24ILBB4,1,Jinasena_MasterData_Stock.product_template_ys24ilbb_4_shape_square,BG-328-YS24ILBB4,,0.0,0.0,0.0,,,,
product_product_id_136086,BG-328-YSTH,1,Jinasena_MasterData_Stock.product_template_ysth_easy_loading_adaptor,BG-328-YSTH,,0.0,0.0,0.0,,,,
product_product_id_136077,BG-328.8.1,1,Jinasena_MasterData_Stock.product_template_clutch_drum_com,BG-328.8.1,,0.0,0.0,0.0,,,,
product_product_id_136078,BG-328.9.4-1,1,Jinasena_MasterData_Stock.product_template_adaptor,BG-328.9.4-1,,0.0,0.0,0.0,,,,
product_product_id_136079,BG-328.9.5-8,1,Jinasena_MasterData_Stock.product_template_cutter_holder_cap,BG-328.9.5-8,,0.0,0.0,0.0,,,,
product_product_id_136080,BG-328A.1,1,Jinasena_MasterData_Stock.product_template_frame_ass_y,BG-328A.1,,0.0,0.0,0.0,,,,
product_product_id_136081,BG-328HK2T,1,Jinasena_MasterData_Stock.product_template_hk_2t_grass_cutter_blades_2t,BG-328HK2T,,0.0,0.0,0.0,,,,
product_product_id_136076,BG/T1235-1976,1,Jinasena_MasterData_Stock.product_template_o_ring_22_5x2_4,BG/T1235-1976,,0.0,0.0,0.0,,,,
product_product_id_136103,BG430-5,1,Jinasena_MasterData_Stock.product_template_joint_pipe,BG430-5,,0.0,0.0,0.0,,,,
product_product_id_136087,BG430.10,1,Jinasena_MasterData_Stock.product_template_nylon_cutter_head,BG430.10,,0.0,0.0,0.0,,,,
product_product_id_136088,BG430.10-1,1,Jinasena_MasterData_Stock.product_template_2_5_x2000_nylon_wire,BG430.10-1,,0.0,0.0,0.0,,,,
product_product_id_136089,BG430.3.1,1,Jinasena_MasterData_Stock.product_template_front_base,BG430.3.1,,0.0,0.0,0.0,,,,
product_product_id_136090,BG430.3.2A,1,Jinasena_MasterData_Stock.product_template_base,BG430.3.2A,,0.0,0.0,0.0,,,,
product_product_id_136091,BG430.3.3,1,Jinasena_MasterData_Stock.product_template_back_base,BG430.3.3,,0.0,0.0,0.0,,,,
product_product_id_136092,BG430.5-1,1,Jinasena_MasterData_Stock.product_template_clutch_cover,BG430.5-1,,0.0,0.0,0.0,,,,
product_product_id_136093,BG430.5-2,1,Jinasena_MasterData_Stock.product_template_pin_5_2,BG430.5-2,,0.0,0.0,0.0,,,,
product_product_id_136094,BG430.5-3,1,Jinasena_MasterData_Stock.product_template_spring_5_3,BG430.5-3,,0.0,0.0,0.0,,,,
product_product_id_136095,BG430.6.1,1,Jinasena_MasterData_Stock.product_template_flexible_shaft,BG430.6.1,,0.0,0.0,0.0,,,,
product_product_id_136096,BG430.6.2,1,Jinasena_MasterData_Stock.product_template_flexible_linear,BG430.6.2,,0.0,0.0,0.0,,,,
product_product_id_136099,BG430.7-1,1,Jinasena_MasterData_Stock.product_template_right_box,BG430.7-1,,0.0,0.0,0.0,,,,
product_product_id_136100,BG430.7-2,1,Jinasena_MasterData_Stock.product_template_left_box,BG430.7-2,,0.0,0.0,0.0,,,,
product_product_id_136097,BG430.7.1,1,Jinasena_MasterData_Stock.product_template_cable_com,BG430.7.1,,0.0,0.0,0.0,,,,
product_product_id_136098,BG430.7.2,1,Jinasena_MasterData_Stock.product_template_stop_button_com,BG430.7.2,,0.0,0.0,0.0,,,,
product_product_id_136101,BG430.9-1,1,Jinasena_MasterData_Stock.product_template_shaft_9_1,BG430.9-1,,0.0,0.0,0.0,,,,
product_product_id_136102,BG430.9-2,1,Jinasena_MasterData_Stock.product_template_pipe,BG430.9-2,,0.0,0.0,0.0,,,,
product_product_id_136104,BG430B.9-1,1,Jinasena_MasterData_Stock.product_template_handle,BG430B.9-1,,0.0,0.0,0.0,,,,
product_product_id_136105,BG430B.9-2,1,Jinasena_MasterData_Stock.product_template_protection_handle,BG430B.9-2,,0.0,0.0,0.0,,,,
product_product_id_136106,BG430B.9-3,1,Jinasena_MasterData_Stock.product_template_bracket_9_3,BG430B.9-3,,0.0,0.0,0.0,,,,
product_product_id_136107,C227-50211-00,1,Jinasena_MasterData_Stock.product_template_recoil_starter_assy_chinese,C227-50211-00,,0.0,0.0,0.0,,,,
product_product_id_136108,C23IP WH32127,1,Jinasena_MasterData_Stock.product_template_cultivator_hub,C23IP WH32127,,0.0,0.0,0.0,,,,
product_product_id_136109,C35X50X8,1,Jinasena_MasterData_Stock.product_template_oil_seal_35x50x8_km186f,C35X50X8,,0.0,0.0,0.0,,,,
product_product_id_136127,CG330-1,1,Jinasena_MasterData_Stock.product_template_wire_clamp_band,CG330-1,,0.0,0.0,0.0,,,,
product_product_id_136128,CG330-4,1,Jinasena_MasterData_Stock.product_template_blade,CG330-4,,0.0,0.0,0.0,,,,
product_product_id_136111,CG330.2.1-2,1,Jinasena_MasterData_Stock.product_template_bushing_2_1_2,CG330.2.1-2,,0.0,0.0,0.0,,,,
product_product_id_136110,CG330.2.1.3,1,Jinasena_MasterData_Stock.product_template_bushing_2_1_3,CG330.2.1.3,,0.0,0.0,0.0,,,,
product_product_id_136112,CG330.7.1.1-3,1,Jinasena_MasterData_Stock.product_template_handgrip_7_1_1_3,CG330.7.1.1-3,,0.0,0.0,0.0,,,,
product_product_id_136113,CG330.7.1.1-4,1,Jinasena_MasterData_Stock.product_template_handgrip_7_1_1_4,CG330.7.1.1-4,,0.0,0.0,0.0,,,,
product_product_id_136114,CG330.7.1.1-5,1,Jinasena_MasterData_Stock.product_template_spring_7_1_1_5,CG330.7.1.1-5,,0.0,0.0,0.0,,,,
product_product_id_136116,CG330.8.1-2,1,Jinasena_MasterData_Stock.product_template_cover_blade,CG330.8.1-2,,0.0,0.0,0.0,,,,
product_product_id_136117,CG330.8.1-3,1,Jinasena_MasterData_Stock.product_template_bracket_9_3_333044,CG330.8.1-3,,0.0,0.0,0.0,,,,
product_product_id_136115,CG330.8.1.1,1,Jinasena_MasterData_Stock.product_template_safety_cover,CG330.8.1.1,,0.0,0.0,0.0,,,,
product_product_id_136118,CG330.9-1,1,Jinasena_MasterData_Stock.product_template_safety_guard,CG330.9-1,,0.0,0.0,0.0,,,,
product_product_id_136119,CG330.9-10A,1,Jinasena_MasterData_Stock.product_template_nut_left,CG330.9-10A,,0.0,0.0,0.0,,,,
product_product_id_136120,CG330.9-2A,1,Jinasena_MasterData_Stock.product_template_gear_shaft,CG330.9-2A,,0.0,0.0,0.0,,,,
product_product_id_136121,CG330.9-3,1,Jinasena_MasterData_Stock.product_template_gear_9_3,CG330.9-3,,0.0,0.0,0.0,,,,
product_product_id_136122,CG330.9-4,1,Jinasena_MasterData_Stock.product_template_gear_9_4,CG330.9-4,,0.0,0.0,0.0,,,,
product_product_id_136123,CG330.9-6,1,Jinasena_MasterData_Stock.product_template_gear_case,CG330.9-6,,0.0,0.0,0.0,,,,
product_product_id_136124,CG330.9-7,1,Jinasena_MasterData_Stock.product_template_cutter_holder,CG330.9-7,,0.0,0.0,0.0,,,,
product_product_id_136125,CG330.9-9A,1,Jinasena_MasterData_Stock.product_template_bolt_cover,CG330.9-9A,,0.0,0.0,0.0,,,,
product_product_id_136126,CG330.9A,1,Jinasena_MasterData_Stock.product_template_gear_case_ass_y,CG330.9A,,0.0,0.0,0.0,,,,
product_product_id_136129,CGM 1000-LP,1,Jinasena_MasterData_Stock.product_template_compost_granulating_machine,CGM 1000-LP,,0.0,0.0,0.0,,,,
product_product_id_136130,CH12,1,Jinasena_MasterData_Stock.product_template_combine_harvester,CH12,,0.0,0.0,0.0,,,,
product_product_id_136131,CH170F-02001,1,Jinasena_MasterData_Stock.product_template_shelter,CH170F-02001,,0.0,0.0,0.0,,,,
product_product_id_136132,CH170F-07000,1,Jinasena_MasterData_Stock.product_template_air_cleaner_assy_333059,CH170F-07000,,0.0,0.0,0.0,,,,
product_product_id_136133,CH170F-09000,1,Jinasena_MasterData_Stock.product_template_silenencer_assy,CH170F-09000,,0.0,0.0,0.0,,,,
product_product_id_136134,CH170F-10003,1,Jinasena_MasterData_Stock.product_template_fuel_dilivery_pipe,CH170F-10003,,0.0,0.0,0.0,,,,
product_product_id_136135,CHC 93ZT,1,Jinasena_MasterData_Stock.product_template_93zt_04_chaff_cutter_six_blades,CHC 93ZT,,0.0,0.0,0.0,,,,
product_product_id_136136,CHC 9FQ-32,1,Jinasena_MasterData_Stock.product_template_9fq_32_chaff_cutter,CHC 9FQ-32,,0.0,0.0,0.0,,,,
product_product_id_136137,CKM168-00002,1,Jinasena_MasterData_Stock.product_template_operating_lever,CKM168-00002,,0.0,0.0,0.0,,,,
product_product_id_136138,CKM168-00004,1,Jinasena_MasterData_Stock.product_template_speed_adjusting_road,CKM168-00004,,0.0,0.0,0.0,,,,
product_product_id_136139,CKM168-00005,1,Jinasena_MasterData_Stock.product_template_connecting_link,CKM168-00005,,0.0,0.0,0.0,,,,
product_product_id_136140,CKM168-00006,1,Jinasena_MasterData_Stock.product_template_clutch_cable_bolt,CKM168-00006,,0.0,0.0,0.0,,,,
product_product_id_136141,CKM168-00007,1,Jinasena_MasterData_Stock.product_template_reverse_cable_bolt,CKM168-00007,,0.0,0.0,0.0,,,,
product_product_id_136142,CKM168-00008,1,Jinasena_MasterData_Stock.product_template_oil_seal_25x40x7,CKM168-00008,,0.0,0.0,0.0,,,,
product_product_id_136143,CKM168-00009,1,Jinasena_MasterData_Stock.product_template_shaft_bush_i,CKM168-00009,,0.0,0.0,0.0,,,,
product_product_id_136144,CKM168-00010,1,Jinasena_MasterData_Stock.product_template_reverse_rocker,CKM168-00010,,0.0,0.0,0.0,,,,
product_product_id_136145,CKM168-00011,1,Jinasena_MasterData_Stock.product_template_reverse_shifting_yoke,CKM168-00011,,0.0,0.0,0.0,,,,
product_product_id_136146,CKM168-00012,1,Jinasena_MasterData_Stock.product_template_clutch_rocker,CKM168-00012,,0.0,0.0,0.0,,,,
product_product_id_136147,CKM168-00013,1,Jinasena_MasterData_Stock.product_template_clutch_shifting_yoke,CKM168-00013,,0.0,0.0,0.0,,,,
product_product_id_136148,CKM168-00014,1,Jinasena_MasterData_Stock.product_template_driven_duplicate_gear,CKM168-00014,,0.0,0.0,0.0,,,,
product_product_id_136149,CKM168-00015,1,Jinasena_MasterData_Stock.product_template_driving_bevel_gear,CKM168-00015,,0.0,0.0,0.0,,,,
product_product_id_136150,CKM168-00016,1,Jinasena_MasterData_Stock.product_template_needle_roller_bearing_k182420,CKM168-00016,,0.0,0.0,0.0,,,,
product_product_id_136151,CKM168-00017,1,Jinasena_MasterData_Stock.product_template_bushing_333078,CKM168-00017,,0.0,0.0,0.0,,,,
product_product_id_136152,CKM168-00018,1,Jinasena_MasterData_Stock.product_template_driven_shaft,CKM168-00018,,0.0,0.0,0.0,,,,
product_product_id_136153,CKM168-00019,1,Jinasena_MasterData_Stock.product_template_reverse_spring,CKM168-00019,,0.0,0.0,0.0,,,,
product_product_id_136154,CKM168-00020,1,Jinasena_MasterData_Stock.product_template_reverse_gasket,CKM168-00020,,0.0,0.0,0.0,,,,
product_product_id_136155,CKM168-00021,1,Jinasena_MasterData_Stock.product_template_revers_gear_component,CKM168-00021,,0.0,0.0,0.0,,,,
product_product_id_136156,CKM168-00022,1,Jinasena_MasterData_Stock.product_template_reversing_shaft,CKM168-00022,,0.0,0.0,0.0,,,,
product_product_id_136157,CKM168-00023,1,Jinasena_MasterData_Stock.product_template_retainer_25,CKM168-00023,,0.0,0.0,0.0,,,,
product_product_id_136158,CKM168-00024,1,Jinasena_MasterData_Stock.product_template_driving_duplicate_gear,CKM168-00024,,0.0,0.0,0.0,,,,
product_product_id_136159,CKM168-00025,1,Jinasena_MasterData_Stock.product_template_driving_shaft_333086,CKM168-00025,,0.0,0.0,0.0,,,,
product_product_id_136160,CKM168-00026,1,Jinasena_MasterData_Stock.product_template_driving_spring,CKM168-00026,,0.0,0.0,0.0,,,,
product_product_id_136161,CKM168-00027,1,Jinasena_MasterData_Stock.product_template_shifting_yoke,CKM168-00027,,0.0,0.0,0.0,,,,
product_product_id_136162,CKM168-00028,1,Jinasena_MasterData_Stock.product_template_shift_sleeve,CKM168-00028,,0.0,0.0,0.0,,,,
product_product_id_136163,CKM168-00029,1,Jinasena_MasterData_Stock.product_template_shift_forked_arm,CKM168-00029,,0.0,0.0,0.0,,,,
product_product_id_136164,CKM168-00031,1,Jinasena_MasterData_Stock.product_template_oil_gauge_333091,CKM168-00031,,0.0,0.0,0.0,,,,
product_product_id_136165,CKM168-00033,1,Jinasena_MasterData_Stock.product_template_driven_bevel_gear,CKM168-00033,,0.0,0.0,0.0,,,,
product_product_id_136166,CKM168-00034,1,Jinasena_MasterData_Stock.product_template_thrust_bearing_30206,CKM168-00034,,0.0,0.0,0.0,,,,
product_product_id_136167,CKM168-00035,1,Jinasena_MasterData_Stock.product_template_drive_box_333094,CKM168-00035,,0.0,0.0,0.0,,,,
product_product_id_136168,CKM168-00037,1,Jinasena_MasterData_Stock.product_template_r_pin_2,CKM168-00037,,0.0,0.0,0.0,,,,
product_product_id_136169,CKM168-00038,1,Jinasena_MasterData_Stock.product_template_driving_shaft,CKM168-00038,,0.0,0.0,0.0,,,,
product_product_id_136170,CKM168-00039,1,Jinasena_MasterData_Stock.product_template_oil_seal_045x062x8,CKM168-00039,,0.0,0.0,0.0,,,,
product_product_id_136171,CKM168-00040,1,Jinasena_MasterData_Stock.product_template_cover_333098,CKM168-00040,,0.0,0.0,0.0,,,,
product_product_id_136172,CKM168-00041,1,Jinasena_MasterData_Stock.product_template_thrust_bearing_32009,CKM168-00041,,0.0,0.0,0.0,,,,
product_product_id_136173,CKM168-00042,1,Jinasena_MasterData_Stock.product_template_adjusting_shim_333100,CKM168-00042,,0.0,0.0,0.0,,,,
product_product_id_136174,CKM168-00043,1,Jinasena_MasterData_Stock.product_template_driven_bevel_gear_ii,CKM168-00043,,0.0,0.0,0.0,,,,
product_product_id_136175,CKM168-00044,1,Jinasena_MasterData_Stock.product_template_driven_bevel_gear_ii_axile,CKM168-00044,,0.0,0.0,0.0,,,,
product_product_id_136176,CKM168-00045,1,Jinasena_MasterData_Stock.product_template_adjusting_shim,CKM168-00045,,0.0,0.0,0.0,,,,
product_product_id_136177,CKM168-00046,1,Jinasena_MasterData_Stock.product_template_annular_ball_bearing_6009,CKM168-00046,,0.0,0.0,0.0,,,,
product_product_id_136178,CKM168-00047,1,Jinasena_MasterData_Stock.product_template_driving_bevel_gear_ii,CKM168-00047,,0.0,0.0,0.0,,,,
product_product_id_136179,CKM168-00048,1,Jinasena_MasterData_Stock.product_template_thrust_bearing_30204,CKM168-00048,,0.0,0.0,0.0,,,,
product_product_id_136180,CKM168-00050,1,Jinasena_MasterData_Stock.product_template_o_ring_sealing_18x1_9,CKM168-00050,,0.0,0.0,0.0,,,,
product_product_id_136181,CKM168-00051,1,Jinasena_MasterData_Stock.product_template_o_ring_sealing_16x3_1,CKM168-00051,,0.0,0.0,0.0,,,,
product_product_id_136182,CKM168-00052,1,Jinasena_MasterData_Stock.product_template_accelerater_cable,CKM168-00052,,0.0,0.0,0.0,,,,
product_product_id_136183,CKM168-00053,1,Jinasena_MasterData_Stock.product_template_clutch_cable,CKM168-00053,,0.0,0.0,0.0,,,,
product_product_id_136184,CKM168-00054,1,Jinasena_MasterData_Stock.product_template_reverse_cable,CKM168-00054,,0.0,0.0,0.0,,,,
product_product_id_136185,CKM168-00055,1,Jinasena_MasterData_Stock.product_template_plough_rod,CKM168-00055,,0.0,0.0,0.0,,,,
product_product_id_136186,CKM168-00057,1,Jinasena_MasterData_Stock.product_template_clutch_plate,CKM168-00057,,0.0,0.0,0.0,,,,
product_product_id_136187,CKM168-00058,1,Jinasena_MasterData_Stock.product_template_preasuer_plate,CKM168-00058,,0.0,0.0,0.0,,,,
product_product_id_136188,CKM168-00059,1,Jinasena_MasterData_Stock.product_template_gearbox,CKM168-00059,,0.0,0.0,0.0,,,,
product_product_id_136189,CKM168-00061,1,Jinasena_MasterData_Stock.product_template_connecting_link_333116,CKM168-00061,,0.0,0.0,0.0,,,,
product_product_id_136190,CKM168-00062,1,Jinasena_MasterData_Stock.product_template_protector_bar_spring_st_spring,CKM168-00062,,0.0,0.0,0.0,,,,
product_product_id_136191,CKM168-0021,1,Jinasena_MasterData_Stock.product_template_reverse_gear_component,CKM168-0021,,0.0,0.0,0.0,,,,
product_product_id_136192,CKM168-0044,1,Jinasena_MasterData_Stock.product_template_driven_bevel_gear_axel,CKM168-0044,,0.0,0.0,0.0,,,,
product_product_id_136193,CKM168-02002,1,Jinasena_MasterData_Stock.product_template_cotter_pin_2,CKM168-02002,,0.0,0.0,0.0,,,,
product_product_id_136194,CKM168-02345,1,Jinasena_MasterData_Stock.product_template_complete_accelerator_unit,CKM168-02345,,0.0,0.0,0.0,,,,
product_product_id_136195,CKM168-03435,1,Jinasena_MasterData_Stock.product_template_brace,CKM168-03435,,0.0,0.0,0.0,,,,
product_product_id_136196,CKM168-03738,1,Jinasena_MasterData_Stock.product_template_mudguard,CKM168-03738,,0.0,0.0,0.0,,,,
product_product_id_136197,CKM168-06306,1,Jinasena_MasterData_Stock.product_template_ball_6_3,CKM168-06306,,0.0,0.0,0.0,,,,
product_product_id_136198,CKM168-1000,1,Jinasena_MasterData_Stock.product_template_protector_bar_gt8,CKM168-1000,,0.0,0.0,0.0,,,,
product_product_id_136199,CKM168-1001,1,Jinasena_MasterData_Stock.product_template_conectind_link_gt8_hitch,CKM168-1001,,0.0,0.0,0.0,,,,
product_product_id_136200,CKM168-1003,1,Jinasena_MasterData_Stock.product_template_conectind_link_pin_gt8_hitch_pin,CKM168-1003,,0.0,0.0,0.0,,,,
product_product_id_136201,CKM168-12120,1,Jinasena_MasterData_Stock.product_template_splint_bolt_m12,CKM168-12120,,0.0,0.0,0.0,,,,
product_product_id_136202,CKM168-6004,1,Jinasena_MasterData_Stock.product_template_annular_ball_bearing_6004_6204,CKM168-6004,,0.0,0.0,0.0,,,,
product_product_id_136203,CKM168F-002015,1,Jinasena_MasterData_Stock.product_template_mufler_shime,CKM168F-002015,,0.0,0.0,0.0,,,,
product_product_id_136204,CKM168F-01008,1,Jinasena_MasterData_Stock.product_template_head_sheeth_gascket_333131,CKM168F-01008,,0.0,0.0,0.0,,,,
product_product_id_136205,CKM168F-01015,1,Jinasena_MasterData_Stock.product_template_crank_case_cover_washer,CKM168F-01015,,0.0,0.0,0.0,,,,
product_product_id_136206,CKM168F-02006,1,Jinasena_MasterData_Stock.product_template_valve_conduit_oil_seal,CKM168F-02006,,0.0,0.0,0.0,,,,
product_product_id_137882,CKM168F-02011,1,Jinasena_MasterData_Stock.product_template_heat_insulator,CKM168F-02011,,0.0,0.0,0.0,,,,
product_product_id_136207,CKM168F-02015,1,Jinasena_MasterData_Stock.product_template_mufler_shime_333134,CKM168F-02015,,0.0,0.0,0.0,,,,
product_product_id_136208,CKM168F-03003,1,Jinasena_MasterData_Stock.product_template_head_cover_washer,CKM168F-03003,,0.0,0.0,0.0,,,,
product_product_id_136209,CKM168F-04005,1,Jinasena_MasterData_Stock.product_template_shell_bearing,CKM168F-04005,,0.0,0.0,0.0,,,,
product_product_id_136210,CKM168F-07100,1,Jinasena_MasterData_Stock.product_template_air_cleaner_eliment,CKM168F-07100,,0.0,0.0,0.0,,,,
product_product_id_136211,CKM168F-10002,1,Jinasena_MasterData_Stock.product_template_tank_cushion,CKM168F-10002,,0.0,0.0,0.0,,,,
product_product_id_136212,CKM168F-10100,1,Jinasena_MasterData_Stock.product_template_tack_set_tank_cap,CKM168F-10100,,0.0,0.0,0.0,,,,
product_product_id_136213,CKM168F-10400,1,Jinasena_MasterData_Stock.product_template_fuel_tank_switch_assembly,CKM168F-10400,,0.0,0.0,0.0,,,,
product_product_id_136214,CKM168F-14007,1,Jinasena_MasterData_Stock.product_template_starter_rope_km170f_k,CKM168F-14007,,0.0,0.0,0.0,,,,
product_product_id_136215,CKM168F-17003,1,Jinasena_MasterData_Stock.product_template_blower_housing_cushion,CKM168F-17003,,0.0,0.0,0.0,,,,
product_product_id_136216,CKM170F-01013,1,Jinasena_MasterData_Stock.product_template_head_cover_washer_333143,CKM170F-01013,,0.0,0.0,0.0,,,,
product_product_id_136217,CKM170F-02014,1,Jinasena_MasterData_Stock.product_template_intake_pipe_shim_333144,CKM170F-02014,,0.0,0.0,0.0,,,,
product_product_id_136218,CKM170F-04003,1,Jinasena_MasterData_Stock.product_template_pistion,CKM170F-04003,,0.0,0.0,0.0,,,,
product_product_id_136219,CKM170F-04004,1,Jinasena_MasterData_Stock.product_template_pistion_pin,CKM170F-04004,,0.0,0.0,0.0,,,,
product_product_id_136220,CKM170F-04120,1,Jinasena_MasterData_Stock.product_template_ring_set,CKM170F-04120,,0.0,0.0,0.0,,,,
product_product_id_136221,CKM170F-13000,1,Jinasena_MasterData_Stock.product_template_fuel_injection_valve_assembly,CKM170F-13000,,0.0,0.0,0.0,,,,
product_product_id_136222,CKM170F-13100,1,Jinasena_MasterData_Stock.product_template_fuelinjection_nozzle,CKM170F-13100,,0.0,0.0,0.0,,,,
product_product_id_136223,CKM170F-1919,1,Jinasena_MasterData_Stock.product_template_pistion_pin_lock,CKM170F-1919,,0.0,0.0,0.0,,,,
product_product_id_136224,CKM178-09006,1,Jinasena_MasterData_Stock.product_template_pothook_hitch_bracket,CKM178-09006,,0.0,0.0,0.0,,,,
product_product_id_136225,CKM178-1001,1,Jinasena_MasterData_Stock.product_template_piston_bush,CKM178-1001,,0.0,0.0,0.0,,,,
product_product_id_136226,CKM178-1005,1,Jinasena_MasterData_Stock.product_template_starting_switch_gt8,CKM178-1005,,0.0,0.0,0.0,,,,
product_product_id_136227,CKM178-1006,1,Jinasena_MasterData_Stock.product_template_needle_bearing_hk1512,CKM178-1006,,0.0,0.0,0.0,,,,
product_product_id_136228,CKM178-1680021,1,Jinasena_MasterData_Stock.product_template_sleeve_reverse_1680021,CKM178-1680021,,0.0,0.0,0.0,,,,
product_product_id_136229,CKM178-21410014,1,Jinasena_MasterData_Stock.product_template_adjusting_gasket,CKM178-21410014,,0.0,0.0,0.0,,,,
product_product_id_136230,CKM178-51310001,1,Jinasena_MasterData_Stock.product_template_pothook_hitch,CKM178-51310001,,0.0,0.0,0.0,,,,
product_product_id_136231,CKM178-51310002,1,Jinasena_MasterData_Stock.product_template_pin_roll_hitch,CKM178-51310002,,0.0,0.0,0.0,,,,
product_product_id_136266,CKM178-FW8,1,Jinasena_MasterData_Stock.product_template_flat_gasket_8,CKM178-FW8,,0.0,0.0,0.0,,,,
product_product_id_136267,CKM178-SW8,1,Jinasena_MasterData_Stock.product_template_elastic_gasket_8,CKM178-SW8,,0.0,0.0,0.0,,,,
product_product_id_136232,CKM178F-01007,1,Jinasena_MasterData_Stock.product_template_head_sheeth_gascket,CKM178F-01007,,0.0,0.0,0.0,,,,
product_product_id_136233,CKM178F-01012,1,Jinasena_MasterData_Stock.product_template_cylinder_head_shim,CKM178F-01012,,0.0,0.0,0.0,,,,
product_product_id_136234,CKM178F-01013,1,Jinasena_MasterData_Stock.product_template_crank_case_cover_washer_333161,CKM178F-01013,,0.0,0.0,0.0,,,,
product_product_id_136235,CKM178F-01015,1,Jinasena_MasterData_Stock.product_template_bush_bearing_main_bearing,CKM178F-01015,,0.0,0.0,0.0,,,,
product_product_id_136236,CKM178F-02006,1,Jinasena_MasterData_Stock.product_template_intake_pipe_shim,CKM178F-02006,,0.0,0.0,0.0,,,,
product_product_id_136237,CKM178F-02013,1,Jinasena_MasterData_Stock.product_template_valve_seat,CKM178F-02013,,0.0,0.0,0.0,,,,
product_product_id_136238,CKM178F-02016,1,Jinasena_MasterData_Stock.product_template_intel_valve,CKM178F-02016,,0.0,0.0,0.0,,,,
product_product_id_136239,CKM178F-02017,1,Jinasena_MasterData_Stock.product_template_exhaust_valve_333166,CKM178F-02017,,0.0,0.0,0.0,,,,
product_product_id_136240,CKM178F-02102,1,Jinasena_MasterData_Stock.product_template_valve_conduit,CKM178F-02102,,0.0,0.0,0.0,,,,
product_product_id_136241,CKM178F-02103,1,Jinasena_MasterData_Stock.product_template_intek_vele_seet,CKM178F-02103,,0.0,0.0,0.0,,,,
product_product_id_136242,CKM178F-02112,1,Jinasena_MasterData_Stock.product_template_valve_guide_333169,CKM178F-02112,,0.0,0.0,0.0,,,,
product_product_id_136243,CKM178F-04003,1,Jinasena_MasterData_Stock.product_template_piston,CKM178F-04003,,0.0,0.0,0.0,,,,
product_product_id_136244,CKM178F-04004,1,Jinasena_MasterData_Stock.product_template_pistion_pin_333171,CKM178F-04004,,0.0,0.0,0.0,,,,
product_product_id_136245,CKM178F-04005,1,Jinasena_MasterData_Stock.product_template_connecting_rod_shaft_bushing,CKM178F-04005,,0.0,0.0,0.0,,,,
product_product_id_136246,CKM178F-04076,1,Jinasena_MasterData_Stock.product_template_conrod_assy,CKM178F-04076,,0.0,0.0,0.0,,,,
product_product_id_136247,CKM178F-04120,1,Jinasena_MasterData_Stock.product_template_piston_ring_sets,CKM178F-04120,,0.0,0.0,0.0,,,,
product_product_id_136248,CKM178F-05001,1,Jinasena_MasterData_Stock.product_template_starting_ratchet_reel,CKM178F-05001,,0.0,0.0,0.0,,,,
product_product_id_136249,CKM178F-05006,1,Jinasena_MasterData_Stock.product_template_crank_shaft_333176,CKM178F-05006,,0.0,0.0,0.0,,,,
product_product_id_136250,CKM178F-05102,1,Jinasena_MasterData_Stock.product_template_fly_wheel,CKM178F-05102,,0.0,0.0,0.0,,,,
product_product_id_136251,CKM178F-06001,1,Jinasena_MasterData_Stock.product_template_cam_shaft_333178,CKM178F-06001,,0.0,0.0,0.0,,,,
product_product_id_136252,CKM178F-06002,1,Jinasena_MasterData_Stock.product_template_cam_wheell,CKM178F-06002,,0.0,0.0,0.0,,,,
product_product_id_136253,CKM178F-08000,1,Jinasena_MasterData_Stock.product_template_complete_muffler_assembly_cylensar,CKM178F-08000,,0.0,0.0,0.0,,,,
product_product_id_136254,CKM178F-09007,1,Jinasena_MasterData_Stock.product_template_fly_wheel_nut,CKM178F-09007,,0.0,0.0,0.0,,,,
product_product_id_136255,CKM178F-09008,1,Jinasena_MasterData_Stock.product_template_plane_bearing_needle,CKM178F-09008,,0.0,0.0,0.0,,,,
product_product_id_136256,CKM178F-09200,1,Jinasena_MasterData_Stock.product_template_lub_oil_filter_assembly,CKM178F-09200,,0.0,0.0,0.0,,,,
product_product_id_136257,CKM178F-10300,1,Jinasena_MasterData_Stock.product_template_eliment,CKM178F-10300,,0.0,0.0,0.0,,,,
product_product_id_136258,CKM178F-12000,1,Jinasena_MasterData_Stock.product_template_complete_fuel_inje_pump_assy,CKM178F-12000,,0.0,0.0,0.0,,,,
product_product_id_136259,CKM178F-14000,1,Jinasena_MasterData_Stock.product_template_recoil_starter_asy_comp_km178f_k,CKM178F-14000,,0.0,0.0,0.0,,,,
product_product_id_136260,CKM178F-14006,1,Jinasena_MasterData_Stock.product_template_spiral_sprng,CKM178F-14006,,0.0,0.0,0.0,,,,
product_product_id_136261,CKM178F-17200,1,Jinasena_MasterData_Stock.product_template_engine_bracket_rc_gt8,CKM178F-17200,,0.0,0.0,0.0,,,,
product_product_id_136262,CKM178F-17300,1,Jinasena_MasterData_Stock.product_template_clutch_core_for_rc_gt8,CKM178F-17300,,0.0,0.0,0.0,,,,
product_product_id_136263,CKM178F-1800,1,Jinasena_MasterData_Stock.product_template_air_cleaner_element_set_for_gt8,CKM178F-1800,,0.0,0.0,0.0,,,,
product_product_id_136264,CKM178F-2015,1,Jinasena_MasterData_Stock.product_template_valve_condute_oil_seal,CKM178F-2015,,0.0,0.0,0.0,,,,
product_product_id_136265,CKM178FS-07323,1,Jinasena_MasterData_Stock.product_template_air_cleaner_eliment_333192,CKM178FS-07323,,0.0,0.0,0.0,,,,
product_product_id_136268,CKM186-02100T,1,Jinasena_MasterData_Stock.product_template_complete_rocker_arm_asy_km186f_k,CKM186-02100T,,0.0,0.0,0.0,,,,
product_product_id_136269,CKM186F-01008,1,Jinasena_MasterData_Stock.product_template_sheet_gasket,CKM186F-01008,,0.0,0.0,0.0,,,,
product_product_id_136270,CKM186F-01013,1,Jinasena_MasterData_Stock.product_template_cylinder_head_shim_km186f_k,CKM186F-01013,,0.0,0.0,0.0,,,,
product_product_id_136271,CKM186F-01015,1,Jinasena_MasterData_Stock.product_template_crankcase_cover_washer_km186f_k,CKM186F-01015,,0.0,0.0,0.0,,,,
product_product_id_136272,CKM186F-02001,1,Jinasena_MasterData_Stock.product_template_valve_retaining_clip_km186f_k,CKM186F-02001,,0.0,0.0,0.0,,,,
product_product_id_136273,CKM186F-02003,1,Jinasena_MasterData_Stock.product_template_exhaust_valve_km186f_k,CKM186F-02003,,0.0,0.0,0.0,,,,
product_product_id_136274,CKM186F-02004,1,Jinasena_MasterData_Stock.product_template_intake_valve_km186f_k,CKM186F-02004,,0.0,0.0,0.0,,,,
product_product_id_136275,CKM186F-02008,1,Jinasena_MasterData_Stock.product_template_valve_clearing_adjusting_screw,CKM186F-02008,,0.0,0.0,0.0,,,,
product_product_id_136276,CKM186F-02014,1,Jinasena_MasterData_Stock.product_template_intake_pipe_shim_km186f_k,CKM186F-02014,,0.0,0.0,0.0,,,,
product_product_id_136277,CKM186F-02015,1,Jinasena_MasterData_Stock.product_template_exhaust_pipe_washer_km186f_k,CKM186F-02015,,0.0,0.0,0.0,,,,
product_product_id_136278,CKM186F-02019,1,Jinasena_MasterData_Stock.product_template_valve_conduit_oil_seal_km186f_k,CKM186F-02019,,0.0,0.0,0.0,,,,
product_product_id_136279,CKM186F-02202,1,Jinasena_MasterData_Stock.product_template_cylinder_cover_head_km186f,CKM186F-02202,,0.0,0.0,0.0,,,,
product_product_id_136280,CKM186F-03003,1,Jinasena_MasterData_Stock.product_template_cylind_head_cover_washer_km186_k,CKM186F-03003,,0.0,0.0,0.0,,,,
product_product_id_136281,CKM186F-03003L,1,Jinasena_MasterData_Stock.product_template_cylinder_head_cover_washer_km186f,CKM186F-03003L,,0.0,0.0,0.0,,,,
product_product_id_136282,CKM186F-04003,1,Jinasena_MasterData_Stock.product_template_piston_s_t_d_km186f_k,CKM186F-04003,,0.0,0.0,0.0,,,,
product_product_id_136283,CKM186F-04004,1,Jinasena_MasterData_Stock.product_template_piston_pin_km186f_k,CKM186F-04004,,0.0,0.0,0.0,,,,
product_product_id_136284,CKM186F-04005,1,Jinasena_MasterData_Stock.product_template_con_rod_shaft_bushing,CKM186F-04005,,0.0,0.0,0.0,,,,
product_product_id_136285,CKM186F-04120,1,Jinasena_MasterData_Stock.product_template_piston_ring_sets_km186f_k,CKM186F-04120,,0.0,0.0,0.0,,,,
product_product_id_136286,CKM186F-04120L,1,Jinasena_MasterData_Stock.product_template_piston_ring_set_std_km186f,CKM186F-04120L,,0.0,0.0,0.0,,,,
product_product_id_136287,CKM186F-04200,1,Jinasena_MasterData_Stock.product_template_con_rod_assy_km186f_k,CKM186F-04200,,0.0,0.0,0.0,,,,
product_product_id_136288,CKM186F-06003,1,Jinasena_MasterData_Stock.product_template_valve_tappet_km186f_k,CKM186F-06003,,0.0,0.0,0.0,,,,
product_product_id_136289,CKM186F-06100,1,Jinasena_MasterData_Stock.product_template_valve_push_rod_unit_km186f_k,CKM186F-06100,,0.0,0.0,0.0,,,,
product_product_id_136290,CKM186F-07000,1,Jinasena_MasterData_Stock.product_template_air_filter_assembly_km186f_k,CKM186F-07000,,0.0,0.0,0.0,,,,
product_product_id_136291,CKM186F-07100,1,Jinasena_MasterData_Stock.product_template_air_cleaner_element_assem,CKM186F-07100,,0.0,0.0,0.0,,,,
product_product_id_136292,CKM186F-10300,1,Jinasena_MasterData_Stock.product_template_fuel_filter_element_km186f_k,CKM186F-10300,,0.0,0.0,0.0,,,,
product_product_id_136293,CKM186F-12000,1,Jinasena_MasterData_Stock.product_template_fuel_injection_pump_asy_km186f_kv,CKM186F-12000,,0.0,0.0,0.0,,,,
product_product_id_136294,CKM186F-13000,1,Jinasena_MasterData_Stock.product_template_fuel_injection_valv_asy_km186f_k,CKM186F-13000,,0.0,0.0,0.0,,,,
product_product_id_136295,CKM186F-13100,1,Jinasena_MasterData_Stock.product_template_fuel_injection_nozzle,CKM186F-13100,,0.0,0.0,0.0,,,,
product_product_id_136296,CKM186F-14001,1,Jinasena_MasterData_Stock.product_template_starter_reel_km186f_k,CKM186F-14001,,0.0,0.0,0.0,,,,
product_product_id_136297,CKM186F-14003,1,Jinasena_MasterData_Stock.product_template_gasket_km186f_k,CKM186F-14003,,0.0,0.0,0.0,,,,
product_product_id_136298,CKM186F-1923,1,Jinasena_MasterData_Stock.product_template_retainer_ring_23_km170f_k,CKM186F-1923,,0.0,0.0,0.0,,,,
product_product_id_136299,COHC 2.0HP,1,Jinasena_MasterData_Stock.product_template_coconut_husk_chipping_machine_2hp_1s,COHC 2.0HP,,0.0,0.0,0.0,,,,
product_product_id_136302,CS-IMSP2W,1,Jinasena_MasterData_Stock.product_template_injector_type_maze_seed_planter_2w_tract,CS-IMSP2W,,0.0,0.0,0.0,,,,
product_product_id_136303,CS-MODS,1,Jinasena_MasterData_Stock.product_template_manually_operated_drums_seeder,CS-MODS,,0.0,0.0,0.0,,,,
product_product_id_136305,CS-TR4W,1,Jinasena_MasterData_Stock.product_template_4w_tractor_couple_seeder,CS-TR4W,,0.0,0.0,0.0,,,,
product_product_id_136300,CSI FMRC,1,Jinasena_MasterData_Stock.product_template_cron_seeder_machine_fmrc,CSI FMRC,,0.0,0.0,0.0,,,,
product_product_id_136301,CSI INJP-LP,1,Jinasena_MasterData_Stock.product_template_inject_type_maize_seeder_machine_injp,CSI INJP-LP,,0.0,0.0,0.0,,,,
product_product_id_136304,CSOO-H272,1,Jinasena_MasterData_Stock.product_template_chain_saw_oo_h272,CSOO-H272,,0.0,0.0,0.0,,,,
product_product_id_136306,CTGB30X45X8,1,Jinasena_MasterData_Stock.product_template_oil_seal_crank,CTGB30X45X8,,0.0,0.0,0.0,,,,
product_product_id_136307,DCH 230V,1,Jinasena_MasterData_Stock.product_template_disinfectent_chamber_230v,DCH 230V,,0.0,0.0,0.0,,,,
product_product_id_136308,DF-250,1,Jinasena_MasterData_Stock.product_template_four_wheel_tractor_df_250d_2wd,DF-250,,0.0,0.0,0.0,,,,
product_product_id_136309,DF-254,1,Jinasena_MasterData_Stock.product_template_four_wheel_tractor_df_254d_4wd,DF-254,,0.0,0.0,0.0,,,,
product_product_id_136310,DU10-JIAL,1,Jinasena_MasterData_Stock.product_template_s_s_waste_disposal_chop_unt_jial,DU10-JIAL,,0.0,0.0,0.0,,,,
product_product_id_136311,DX 4.40,1,Jinasena_MasterData_Stock.product_template_strenthen_tube,DX 4.40,,0.0,0.0,0.0,,,,
product_product_id_136312,GB/T1235-1976,1,Jinasena_MasterData_Stock.product_template_o_ring_12x1_9,GB/T1235-1976,,0.0,0.0,0.0,,,,
product_product_id_136313,GB/T276-6000,1,Jinasena_MasterData_Stock.product_template_bearing_t279_6000_2rs_5p_333240,GB/T276-6000,,0.0,0.0,0.0,,,,
product_product_id_136315,GB/T276-6000-2RS/P5,1,Jinasena_MasterData_Stock.product_template_bearing_t279_6000_2rs_5p,GB/T276-6000-2RS/P5,,0.0,0.0,0.0,,,,
product_product_id_136314,GB/T276-6000/P5,1,Jinasena_MasterData_Stock.product_template_bearing_t279_6000_p5,GB/T276-6000/P5,,0.0,0.0,0.0,,,,
product_product_id_136316,GB/T276-6002,1,Jinasena_MasterData_Stock.product_template_bearing_6002_2rs_p5,GB/T276-6002,,0.0,0.0,0.0,,,,
product_product_id_136317,GB/T290-1989,1,Jinasena_MasterData_Stock.product_template_needle_bearing_7941_8,GB/T290-1989,,0.0,0.0,0.0,,,,
product_product_id_136318,GB/T6170-M5,1,Jinasena_MasterData_Stock.product_template_nut_t6170_m5,GB/T6170-M5,,0.0,0.0,0.0,,,,
product_product_id_136319,GB/T6170-M6,1,Jinasena_MasterData_Stock.product_template_nut_t6170_m6,GB/T6170-M6,,0.0,0.0,0.0,,,,
product_product_id_136320,GB/T6177.1-M10,1,Jinasena_MasterData_Stock.product_template_nut_t6177_1_m10,GB/T6177.1-M10,,0.0,0.0,0.0,,,,
product_product_id_136321,GB/T6560-M5X12,1,Jinasena_MasterData_Stock.product_template_screw_t6560_m5x_12,GB/T6560-M5X12,,0.0,0.0,0.0,,,,
product_product_id_136322,GB/T70.1-M5X20,1,Jinasena_MasterData_Stock.product_template_screw_t70_1_m5_x20,GB/T70.1-M5X20,,0.0,0.0,0.0,,,,
product_product_id_136323,GB/T70.1-M6X35,1,Jinasena_MasterData_Stock.product_template_screw_t70_1_m6_x35,GB/T70.1-M6X35,,0.0,0.0,0.0,,,,
product_product_id_136324,GB/T845-ST2.9X9.5,1,Jinasena_MasterData_Stock.product_template_screw_t845_st2_9_x_9_5,GB/T845-ST2.9X9.5,,0.0,0.0,0.0,,,,
product_product_id_136325,GB/T845-ST3.5X19,1,Jinasena_MasterData_Stock.product_template_screw_t845_st3_5x_19,GB/T845-ST3.5X19,,0.0,0.0,0.0,,,,
product_product_id_136326,GB/T845-ST4.2X16,1,Jinasena_MasterData_Stock.product_template_screw_t845_st4_2_x_16,GB/T845-ST4.2X16,,0.0,0.0,0.0,,,,
product_product_id_136327,GB/T893.1-1986,1,Jinasena_MasterData_Stock.product_template_retainer_ring_20,GB/T893.1-1986,,0.0,0.0,0.0,,,,
product_product_id_136328,GB/T893.1-35,1,Jinasena_MasterData_Stock.product_template_stop_ring_t893_1_35,GB/T893.1-35,,0.0,0.0,0.0,,,,
product_product_id_136329,GB/T893.2-26,1,Jinasena_MasterData_Stock.product_template_stop_ring_t893_2_26,GB/T893.2-26,,0.0,0.0,0.0,,,,
product_product_id_136330,GB/T893.2-32,1,Jinasena_MasterData_Stock.product_template_stop_ring_t893_2_32,GB/T893.2-32,,0.0,0.0,0.0,,,,
product_product_id_136331,GB/T894.1-10,1,Jinasena_MasterData_Stock.product_template_stop_ring_t894_1_10,GB/T894.1-10,,0.0,0.0,0.0,,,,
product_product_id_136332,GB/T894.1-15,1,Jinasena_MasterData_Stock.product_template_stop_ring_t894_1_15,GB/T894.1-15,,0.0,0.0,0.0,,,,
product_product_id_136333,GB/T896-5,1,Jinasena_MasterData_Stock.product_template_stop_ring_t896_5,GB/T896-5,,0.0,0.0,0.0,,,,
product_product_id_136334,GB/T9074.13-M6X16,1,Jinasena_MasterData_Stock.product_template_screw_ass_y_t9074_13_m6_x_16,GB/T9074.13-M6X16,,0.0,0.0,0.0,,,,
product_product_id_136335,GB/T9074.13-M6X20,1,Jinasena_MasterData_Stock.product_template_screw_t9074_13_m6_x_20,GB/T9074.13-M6X20,,0.0,0.0,0.0,,,,
product_product_id_136336,GB/T9074.13-M6X30,1,Jinasena_MasterData_Stock.product_template_screw_t9074_13_m6_x_30,GB/T9074.13-M6X30,,0.0,0.0,0.0,,,,
product_product_id_136337,GB/T9074.13-M6X45,1,Jinasena_MasterData_Stock.product_template_screw_t9074_13_m6_x_45,GB/T9074.13-M6X45,,0.0,0.0,0.0,,,,
product_product_id_136338,GB/T9074.4-M5X12,1,Jinasena_MasterData_Stock.product_template_screw_ass_y_t9074_4_m5_x_12,GB/T9074.4-M5X12,,0.0,0.0,0.0,,,,
product_product_id_136339,GB/T9074.4-M5X20,1,Jinasena_MasterData_Stock.product_template_screw_t9074_13_m5_20,GB/T9074.4-M5X20,,0.0,0.0,0.0,,,,
product_product_id_136340,GB/T93-5,1,Jinasena_MasterData_Stock.product_template_washer_t93_5,GB/T93-5,,0.0,0.0,0.0,,,,
product_product_id_136341,GB/T93-6,1,Jinasena_MasterData_Stock.product_template_washer_t93_6,GB/T93-6,,0.0,0.0,0.0,,,,
product_product_id_136342,GB/T96.2-6,1,Jinasena_MasterData_Stock.product_template_washer_t96_2_6,GB/T96.2-6,,0.0,0.0,0.0,,,,
product_product_id_136343,GB/T97.1-10,1,Jinasena_MasterData_Stock.product_template_washer_t97_1_10,GB/T97.1-10,,0.0,0.0,0.0,,,,
product_product_id_136344,GB/T9877.1-1988,1,Jinasena_MasterData_Stock.product_template_oil_seal_sg30x45x8_rear,GB/T9877.1-1988,,0.0,0.0,0.0,,,,
product_product_id_136345,GB301-84,1,Jinasena_MasterData_Stock.product_template_bearing_8106,GB301-84,,0.0,0.0,0.0,,,,
product_product_id_136346,GB308-89,1,Jinasena_MasterData_Stock.product_template_stel_balls16mm,GB308-89,,0.0,0.0,0.0,,,,
product_product_id_136347,GB70.1B-M5X15,1,Jinasena_MasterData_Stock.product_template_bolt_m5x15,GB70.1B-M5X15,,0.0,0.0,0.0,,,,
product_product_id_136348,GB70.1P-M5X12,1,Jinasena_MasterData_Stock.product_template_bolt_m5x12,GB70.1P-M5X12,,0.0,0.0,0.0,,,,
product_product_id_136349,GB70.1P-M5X32,1,Jinasena_MasterData_Stock.product_template_bolt_m5x32,GB70.1P-M5X32,,0.0,0.0,0.0,,,,
product_product_id_136350,GB894 1-86,1,Jinasena_MasterData_Stock.product_template_cir_clip,GB894 1-86,,0.0,0.0,0.0,,,,
product_product_id_136351,GBT109-3X5X13,1,Jinasena_MasterData_Stock.product_template_woodruff_key,GBT109-3X5X13,,0.0,0.0,0.0,,,,
product_product_id_136352,GBT5780-M5X50,1,Jinasena_MasterData_Stock.product_template_bolt_m5x50,GBT5780-M5X50,,0.0,0.0,0.0,,,,
product_product_id_136353,GBT5780-M5X55,1,Jinasena_MasterData_Stock.product_template_bolt_m5x55,GBT5780-M5X55,,0.0,0.0,0.0,,,,
product_product_id_136354,GBT6177. 1-M8,1,Jinasena_MasterData_Stock.product_template_nut_m8,GBT6177. 1-M8,,0.0,0.0,0.0,,,,
product_product_id_136355,GBT6177.1-M5,1,Jinasena_MasterData_Stock.product_template_nat_t6177_1_m5,GBT6177.1-M5,,0.0,0.0,0.0,,,,
product_product_id_136356,GBT70.1-M4X14,1,Jinasena_MasterData_Stock.product_template_bolt_m4x14,GBT70.1-M4X14,,0.0,0.0,0.0,,,,
product_product_id_136357,GBT70.1-M5X,1,Jinasena_MasterData_Stock.product_template_bolt_m5x22,GBT70.1-M5X,,0.0,0.0,0.0,,,,
product_product_id_136358,GBT818-M4X8,1,Jinasena_MasterData_Stock.product_template_bolt_m4x8,GBT818-M4X8,,0.0,0.0,0.0,,,,
product_product_id_136359,GDM 3.0HP,1,Jinasena_MasterData_Stock.product_template_garbadge_disposal_machine,GDM 3.0HP,,0.0,0.0,0.0,,,,
product_product_id_136360,GR CUL-3A,1,Jinasena_MasterData_Stock.product_template_3a_cultivator_blades,GR CUL-3A,,0.0,0.0,0.0,,,,
product_product_id_136361,GR CUL-3B,1,Jinasena_MasterData_Stock.product_template_3b_cultivator_blades,GR CUL-3B,,0.0,0.0,0.0,,,,
product_product_id_136362,GT-09-R,1,Jinasena_MasterData_Stock.product_template_bend_blade_gr9_type_set,GT-09-R,,0.0,0.0,0.0,,,,
product_product_id_136372,GT-FG660-R,1,Jinasena_MasterData_Stock.product_template_mini_tiller_attachment_rotaery_tiller_bl,GT-FG660-R,,0.0,0.0,0.0,,,,
product_product_id_136363,GT8-C,1,Jinasena_MasterData_Stock.product_template_cultivator_type_gt_8_without_rotary_till,GT8-C,,0.0,0.0,0.0,,,,
product_product_id_136364,GT8-C EMI,1,Jinasena_MasterData_Stock.product_template_cultivator_type_gt_8_emi_without_rotary_,GT8-C EMI,,0.0,0.0,0.0,,,,
product_product_id_136365,GT8-C KAIAO,1,Jinasena_MasterData_Stock.product_template_cultivator_type_gt_8_kaiao_without_rotar,GT8-C KAIAO,,0.0,0.0,0.0,,,,
product_product_id_136367,GT8-R,1,Jinasena_MasterData_Stock.product_template_tiller_complete_with_bend_blades_for_cul,GT8-R,,0.0,0.0,0.0,,,,
product_product_id_136366,GT8D-C,1,Jinasena_MasterData_Stock.product_template_cultivator_type_gt_8d_without_rotary_til,GT8D-C,,0.0,0.0,0.0,,,,
product_product_id_136368,GT9-C,1,Jinasena_MasterData_Stock.product_template_cultivator_type_gt_9_without_rotary_till,GT9-C,,0.0,0.0,0.0,,,,
product_product_id_136370,GT9-R,1,Jinasena_MasterData_Stock.product_template_rotary_tiller_for_cultivator_type_gt9,GT9-R,,0.0,0.0,0.0,,,,
product_product_id_136369,GT9D-C,1,Jinasena_MasterData_Stock.product_template_cultivator_type_gt_9d_without_rotary_til,GT9D-C,,0.0,0.0,0.0,,,,
product_product_id_136371,GT9R-DBL,1,Jinasena_MasterData_Stock.product_template_deep_tilling_blades_of_gt_9_cultivator,GT9R-DBL,,0.0,0.0,0.0,,,,
product_product_id_136373,HPMP 01,1,Jinasena_MasterData_Stock.product_template_cylinder_block,HPMP 01,,0.0,0.0,0.0,,,,
product_product_id_136374,HPMP 02,1,Jinasena_MasterData_Stock.product_template_piston_333301,HPMP 02,,0.0,0.0,0.0,,,,
product_product_id_136375,HPMP 03,1,Jinasena_MasterData_Stock.product_template_ring_set_333302,HPMP 03,,0.0,0.0,0.0,,,,
product_product_id_136376,HPMP-GT3A,1,Jinasena_MasterData_Stock.product_template_hand_push_mini_power_weeder_gt_3a,HPMP-GT3A,,0.0,0.0,0.0,,,,
product_product_id_136377,HPMP-GT3B,1,Jinasena_MasterData_Stock.product_template_hand_push_mini_power_weeder_gt_3b,HPMP-GT3B,,0.0,0.0,0.0,,,,
product_product_id_136378,HV-CT40-M469,1,Jinasena_MasterData_Stock.product_template_combine_harvestor_complete_unit,HV-CT40-M469,,0.0,0.0,0.0,,,,
product_product_id_137714,I500/20-W,1,Jinasena_MasterData_Stock.product_template_centric_type_pumping_unit_i500_20_w,I500/20-W,,0.0,0.0,0.0,,,1,1
product_product_id_137926,INSTAL,1,Jinasena_MasterData_Stock.product_template_installation_charges,a,,0.0,0.0,0.0,,,,
product_product_id_136379,JBC24,1,Jinasena_MasterData_Stock.product_template_self_propelled_bush_cutter,JBC24,,0.0,0.0,0.0,,,,
product_product_id_136380,JET5-N,1,Jinasena_MasterData_Stock.product_template_jet5_hand_tractor_new,JET5-N,,0.0,0.0,0.0,,,,
product_product_id_136381,JFB-8,1,Jinasena_MasterData_Stock.product_template_coconut_fibre_ext_without_engine,JFB-8,,0.0,0.0,0.0,,,,
product_product_id_136382,JFB-8D,1,Jinasena_MasterData_Stock.product_template_coconut_fibre_ext_with_8hp_engin,JFB-8D,,0.0,0.0,0.0,,,,
product_product_id_136383,JFB-TR,1,Jinasena_MasterData_Stock.product_template_coconut_fibre_extractor_tra_type,JFB-TR,,0.0,0.0,0.0,,,,
product_product_id_136384,JMC 16DSH,1,Jinasena_MasterData_Stock.product_template_multi_chopper_16hp_with_side_cutter,JMC 16DSH,,0.0,0.0,0.0,,,,
product_product_id_136385,JMC10D,1,Jinasena_MasterData_Stock.product_template_multi_chopper_with_10hp_engine,JMC10D,,0.0,0.0,0.0,1,1,1,1
product_product_id_136386,JMC10D-SP,1,Jinasena_MasterData_Stock.product_template_agrimec_compost_making_machine_f,JMC10D-SP,,0.0,0.0,0.0,,,,
product_product_id_136387,JMC10E,1,Jinasena_MasterData_Stock.product_template_multi_chopper_couple_10hp_motor,JMC10E,,0.0,0.0,0.0,,,,
product_product_id_136388,JMC15E,1,Jinasena_MasterData_Stock.product_template_multichopper_couple_15hp_motor,JMC15E,,0.0,0.0,0.0,,,,
product_product_id_136389,JMC15E/FB,1,Jinasena_MasterData_Stock.product_template_multychopper_15_hp_with_fixed_blade,JMC15E/FB,,0.0,0.0,0.0,,,,
product_product_id_136390,JMC16D,1,Jinasena_MasterData_Stock.product_template_multi_chopper_w_16hp_swan_engine,JMC16D,,0.0,0.0,0.0,,,,
product_product_id_136391,JMC16D FB,1,Jinasena_MasterData_Stock.product_template_multi_chopper_w_16hp_swan_engine_with_fi,JMC16D FB,,0.0,0.0,0.0,,,,
product_product_id_136392,JMC20D,1,Jinasena_MasterData_Stock.product_template_multi_chopper_w_20hp_swan_engine,JMC20D,,0.0,0.0,0.0,,,,
product_product_id_136393,JMC25E,1,Jinasena_MasterData_Stock.product_template_multi_chooper_with_25hp_motor,JMC25E,,0.0,0.0,0.0,,,,
product_product_id_136395,JMC8D,1,Jinasena_MasterData_Stock.product_template_multi_chopper_c_w_8hp_elgi_engin,JMC8D,,0.0,0.0,0.0,,,,
product_product_id_136396,JMCM-8D,1,Jinasena_MasterData_Stock.product_template_medium_capacity_multi_chopper,JMCM-8D,,0.0,0.0,0.0,,,,
product_product_id_136397,JS25E,1,Jinasena_MasterData_Stock.product_template_agrimec_jumbo_shredding_machine,JS25E,,0.0,0.0,0.0,,,,
product_product_id_136398,JS25EC,1,Jinasena_MasterData_Stock.product_template_convayer_feeding_agrimec_jumbo_shredding,JS25EC,,0.0,0.0,0.0,,,,
product_product_id_136399,JS45,1,Jinasena_MasterData_Stock.product_template_jumbo_shredding_machine,JS45,,0.0,0.0,0.0,,,,
product_product_id_136400,JSH 15E,1,Jinasena_MasterData_Stock.product_template_jinasena_multi_chopper_couplled_with_15_,JSH 15E,,0.0,0.0,0.0,,,,
product_product_id_136401,JSH 16B,1,Jinasena_MasterData_Stock.product_template_jinasena_multi_chopper_16hp_without_prim,JSH 16B,,0.0,0.0,0.0,,,,
product_product_id_136402,JSH 16D,1,Jinasena_MasterData_Stock.product_template_jinasena_multi_chopper_couplled_with_16_,JSH 16D,,0.0,0.0,0.0,,,,
product_product_id_136403,JSH 30E,1,Jinasena_MasterData_Stock.product_template_jinasena_multi_chopper_coupled_with_30hp,JSH 30E,,0.0,0.0,0.0,,,,
product_product_id_136404,JSH 35T,1,Jinasena_MasterData_Stock.product_template_jinasena_multi_chopper_tractor_coupled_3,JSH 35T,,0.0,0.0,0.0,,,,
product_product_id_136405,JSH 3ES,1,Jinasena_MasterData_Stock.product_template_jinasena_shredder_multy_choper_with_3hp_,JSH 3ES,,0.0,0.0,0.0,,,,
product_product_id_136406,KM168F-01014,1,Jinasena_MasterData_Stock.product_template_bush,KM168F-01014,,0.0,0.0,0.0,,,,
product_product_id_136407,KM168F-01021,1,Jinasena_MasterData_Stock.product_template_plunger,KM168F-01021,,0.0,0.0,0.0,,,,
product_product_id_136408,KM168F-02007,1,Jinasena_MasterData_Stock.product_template_valve_spring_gasket,KM168F-02007,,0.0,0.0,0.0,,,,
product_product_id_136409,KM168F-02008,1,Jinasena_MasterData_Stock.product_template_valve_clearance_adjusting_screw,KM168F-02008,,0.0,0.0,0.0,,,,
product_product_id_136410,KM168F-02012,1,Jinasena_MasterData_Stock.product_template_exhaust_valve_rocker_arm_333337,KM168F-02012,,0.0,0.0,0.0,,,,
product_product_id_136411,KM168F-02013,1,Jinasena_MasterData_Stock.product_template_intake_valve_rocker_arm,KM168F-02013,,0.0,0.0,0.0,,,,
product_product_id_136412,KM168F-02019,1,Jinasena_MasterData_Stock.product_template_valve_clearance,KM168F-02019,,0.0,0.0,0.0,,,,
product_product_id_136413,KM168F-02200,1,Jinasena_MasterData_Stock.product_template_rocker_arm_seat_assem,KM168F-02200,,0.0,0.0,0.0,,,,
product_product_id_136414,KM168F-03001,1,Jinasena_MasterData_Stock.product_template_cylinder_head_cover,KM168F-03001,,0.0,0.0,0.0,,,,
product_product_id_136415,KM168F-03003,1,Jinasena_MasterData_Stock.product_template_cylinder_head_cover_washer,KM168F-03003,,0.0,0.0,0.0,,,,
product_product_id_136416,KM168F-03004,1,Jinasena_MasterData_Stock.product_template_decompression_spring,KM168F-03004,,0.0,0.0,0.0,,,,
product_product_id_136417,KM168F-03100,1,Jinasena_MasterData_Stock.product_template_decrompression_shaft_assem,KM168F-03100,,0.0,0.0,0.0,,,,
product_product_id_136418,KM168F-04008,1,Jinasena_MasterData_Stock.product_template_connecting_rod_bolt,KM168F-04008,,0.0,0.0,0.0,,,,
product_product_id_136419,KM168F-05002,1,Jinasena_MasterData_Stock.product_template_flywheel_nut,KM168F-05002,,0.0,0.0,0.0,,,,
product_product_id_136420,KM168F-05003,1,Jinasena_MasterData_Stock.product_template_flywheel_nut_gasket,KM168F-05003,,0.0,0.0,0.0,,,,
product_product_id_136421,KM168F-10014,1,Jinasena_MasterData_Stock.product_template_fuel_injectionpump_washer,KM168F-10014,,0.0,0.0,0.0,,,,
product_product_id_136422,KM168F-1012,1,Jinasena_MasterData_Stock.product_template_forcing_stud_of_fuel,KM168F-1012,,0.0,0.0,0.0,,,,
product_product_id_136423,KM168F-10200,1,Jinasena_MasterData_Stock.product_template_fuel_tank_weldment_assem_333350,KM168F-10200,,0.0,0.0,0.0,,,,
product_product_id_136424,KM168F-11001,1,Jinasena_MasterData_Stock.product_template_flying_weight,KM168F-11001,,0.0,0.0,0.0,,,,
product_product_id_136425,KM168F-11007,1,Jinasena_MasterData_Stock.product_template_govemor_spring,KM168F-11007,,0.0,0.0,0.0,,,,
product_product_id_136426,KM168F-15200,1,Jinasena_MasterData_Stock.product_template_starting_key_assem,KM168F-15200,,0.0,0.0,0.0,,,,
product_product_id_136427,KM168F-16400,1,Jinasena_MasterData_Stock.product_template_volt_regulator_assem,KM168F-16400,,0.0,0.0,0.0,,,,
product_product_id_136428,KM170F-13000,1,Jinasena_MasterData_Stock.product_template_fuel_injection_valve_assembly_333355,KM170F-13000,,0.0,0.0,0.0,,,,
product_product_id_136429,KM178-02103,1,Jinasena_MasterData_Stock.product_template_valve_seat_333356,KM178-02103,,0.0,0.0,0.0,,,,
product_product_id_136430,KM178-9005,1,Jinasena_MasterData_Stock.product_template_mufler_complete,KM178-9005,,0.0,0.0,0.0,,,,
product_product_id_136431,KM178F-01001,1,Jinasena_MasterData_Stock.product_template_cylinder_block_333358,KM178F-01001,,0.0,0.0,0.0,,,,
product_product_id_136432,KM178F-01002,1,Jinasena_MasterData_Stock.product_template_oil_dipstick,KM178F-01002,,0.0,0.0,0.0,,,,
product_product_id_136433,KM178F-01003,1,Jinasena_MasterData_Stock.product_template_cylinder_head_nut_thin,KM178F-01003,,0.0,0.0,0.0,,,,
product_product_id_136434,KM178F-01004,1,Jinasena_MasterData_Stock.product_template_cylinder_head,KM178F-01004,,0.0,0.0,0.0,,,,
product_product_id_136435,KM178F-01005,1,Jinasena_MasterData_Stock.product_template_cylinder_head_nut_thick,KM178F-01005,,0.0,0.0,0.0,,,,
product_product_id_136436,KM178F-01006,1,Jinasena_MasterData_Stock.product_template_cylinder_head_nut_gasket,KM178F-01006,,0.0,0.0,0.0,,,,
product_product_id_136437,KM178F-01007,1,Jinasena_MasterData_Stock.product_template_sheet_gasket_333364,KM178F-01007,,0.0,0.0,0.0,,,,
product_product_id_136438,KM178F-01012,1,Jinasena_MasterData_Stock.product_template_cylinder_head_shim_333365,KM178F-01012,,0.0,0.0,0.0,,,,
product_product_id_136439,KM178F-01013,1,Jinasena_MasterData_Stock.product_template_cover_washer,KM178F-01013,,0.0,0.0,0.0,,,,
product_product_id_136440,KM178F-01014,1,Jinasena_MasterData_Stock.product_template_crankcase_cover,KM178F-01014,,0.0,0.0,0.0,,,,
product_product_id_136441,KM178F-01015,1,Jinasena_MasterData_Stock.product_template_ball_bearing_333368,KM178F-01015,,0.0,0.0,0.0,,,,
product_product_id_136442,KM178F-01203,1,Jinasena_MasterData_Stock.product_template_cushuion_blocking,KM178F-01203,,0.0,0.0,0.0,,,,
product_product_id_136443,KM178F-01211,1,Jinasena_MasterData_Stock.product_template_govemor,KM178F-01211,,0.0,0.0,0.0,,,,
product_product_id_136444,KM178F-02001,1,Jinasena_MasterData_Stock.product_template_valve_spring,KM178F-02001,,0.0,0.0,0.0,,,,
product_product_id_136445,KM178F-02002,1,Jinasena_MasterData_Stock.product_template_valve_retaining_clip,KM178F-02002,,0.0,0.0,0.0,,,,
product_product_id_136446,KM178F-02006,1,Jinasena_MasterData_Stock.product_template_intake_pipe_shim_333373,KM178F-02006,,0.0,0.0,0.0,,,,
product_product_id_136447,KM178F-02013,1,Jinasena_MasterData_Stock.product_template_valve_adjusting_cushion_333374,KM178F-02013,,0.0,0.0,0.0,,,,
product_product_id_136448,KM178F-02014,1,Jinasena_MasterData_Stock.product_template_valve_spring_seat,KM178F-02014,,0.0,0.0,0.0,,,,
product_product_id_136449,KM178F-02015,1,Jinasena_MasterData_Stock.product_template_valve_conduit_oil_seal_333376,KM178F-02015,,0.0,0.0,0.0,,,,
product_product_id_136450,KM178F-02016,1,Jinasena_MasterData_Stock.product_template_intake_valve_333377,KM178F-02016,,0.0,0.0,0.0,,,,
product_product_id_136451,KM178F-02017,1,Jinasena_MasterData_Stock.product_template_exhaust_valve_333378,KM178F-02017,,0.0,0.0,0.0,,,,
product_product_id_136452,KM178F-02101,1,Jinasena_MasterData_Stock.product_template_cylinder_cover_333379,KM178F-02101,,0.0,0.0,0.0,,,,
product_product_id_136453,KM178F-02102,1,Jinasena_MasterData_Stock.product_template_valve_conduit_oil_seal_333380,KM178F-02102,,0.0,0.0,0.0,,,,
product_product_id_136454,KM178F-02104,1,Jinasena_MasterData_Stock.product_template_exhaust_valve_seat,KM178F-02104,,0.0,0.0,0.0,,,,
product_product_id_136455,KM178F-04003,1,Jinasena_MasterData_Stock.product_template_piston_333382,KM178F-04003,,0.0,0.0,0.0,,,,
product_product_id_136456,KM178F-04004,1,Jinasena_MasterData_Stock.product_template_piston_pin_333383,KM178F-04004,,0.0,0.0,0.0,,,,
product_product_id_136457,KM178F-04005,1,Jinasena_MasterData_Stock.product_template_connecting_rod_shaft_bushing_333384,KM178F-04005,,0.0,0.0,0.0,,,,
product_product_id_136458,KM178F-04006,1,Jinasena_MasterData_Stock.product_template_connceting_rod_cover,KM178F-04006,,0.0,0.0,0.0,,,,
product_product_id_136460,KM178F-05006,1,Jinasena_MasterData_Stock.product_template_crankshaft_cultivator,KM178F-05006,,0.0,0.0,0.0,,,,
product_product_id_136461,KM178F-05009,1,Jinasena_MasterData_Stock.product_template_balance_shaft,KM178F-05009,,0.0,0.0,0.0,,,,
product_product_id_136462,KM178F-05014,1,Jinasena_MasterData_Stock.product_template_timing_gear_of_balance_shaft,KM178F-05014,,0.0,0.0,0.0,,,,
product_product_id_136463,KM178F-05101,1,Jinasena_MasterData_Stock.product_template_flywheel,KM178F-05101,,0.0,0.0,0.0,,,,
product_product_id_136464,KM178F-09002,1,Jinasena_MasterData_Stock.product_template_drive_gear_of_lube_oil_pump,KM178F-09002,,0.0,0.0,0.0,,,,
product_product_id_136465,KM178F-09200,1,Jinasena_MasterData_Stock.product_template_lube_oil_filter_assem,KM178F-09200,,0.0,0.0,0.0,,,,
product_product_id_136466,KM178F-10001,1,Jinasena_MasterData_Stock.product_template_fuel_tank_upper_support,KM178F-10001,,0.0,0.0,0.0,,,,
product_product_id_136467,KM178F-10200,1,Jinasena_MasterData_Stock.product_template_fuel_tank_weldment_assem,KM178F-10200,,0.0,0.0,0.0,,,,
product_product_id_136468,KM178F-10300,1,Jinasena_MasterData_Stock.product_template_diesal_fillter,KM178F-10300,,0.0,0.0,0.0,,,,
product_product_id_136469,KM178F-10400,1,Jinasena_MasterData_Stock.product_template_fuel_tank_switch_assem,KM178F-10400,,0.0,0.0,0.0,,,,
product_product_id_136470,KM178F-12000,1,Jinasena_MasterData_Stock.product_template_fuel_injection_pump_assembly,KM178F-12000,,0.0,0.0,0.0,,,,
product_product_id_136471,KM178F-14000,1,Jinasena_MasterData_Stock.product_template_recoil_starter_asy_comp_km178f,KM178F-14000,,0.0,0.0,0.0,,,,
product_product_id_136472,KM178F-14005,1,Jinasena_MasterData_Stock.product_template_starter_rope,KM178F-14005,,0.0,0.0,0.0,,,,
product_product_id_136473,KM178F-14007,1,Jinasena_MasterData_Stock.product_template_stater_handle,KM178F-14007,,0.0,0.0,0.0,,,,
product_product_id_136474,KM178F-15100,1,Jinasena_MasterData_Stock.product_template_starting_motor_assem,KM178F-15100,,0.0,0.0,0.0,,,,
product_product_id_136475,KM178F-17000,1,Jinasena_MasterData_Stock.product_template_fan_cover_assem,KM178F-17000,,0.0,0.0,0.0,,,,
product_product_id_136476,KM178F-311000,1,Jinasena_MasterData_Stock.product_template_fuel_tank_weldment_assem_333403,KM178F-311000,,0.0,0.0,0.0,,,,
product_product_id_136459,KM178F04007,1,Jinasena_MasterData_Stock.product_template_connecting_rod_block,KM178F04007,,0.0,0.0,0.0,,,,
product_product_id_136477,KM178FS-07006,1,Jinasena_MasterData_Stock.product_template_o_ring_333404,KM178FS-07006,,0.0,0.0,0.0,,,,
product_product_id_136478,KM178FS-07008,1,Jinasena_MasterData_Stock.product_template_air_filter_sump,KM178FS-07008,,0.0,0.0,0.0,,,,
product_product_id_136479,KM178FS-07100,1,Jinasena_MasterData_Stock.product_template_air_filter_case,KM178FS-07100,,0.0,0.0,0.0,,,,
product_product_id_136480,KM178FS-07100T,1,Jinasena_MasterData_Stock.product_template_oil_air_cleaner_assy_170_178,KM178FS-07100T,,0.0,0.0,0.0,,,,
product_product_id_136481,KM178FS-07201,1,Jinasena_MasterData_Stock.product_template_air_filter_connecting_disc,KM178FS-07201,,0.0,0.0,0.0,,,,
product_product_id_136482,KM178FS-07323,1,Jinasena_MasterData_Stock.product_template_air_filter_element,KM178FS-07323,,0.0,0.0,0.0,,,,
product_product_id_136483,KM178FS-07400,1,Jinasena_MasterData_Stock.product_template_support_weldment_of_element,KM178FS-07400,,0.0,0.0,0.0,,,,
product_product_id_136484,KM178FS-07406a,1,Jinasena_MasterData_Stock.product_template_element,KM178FS-07406a,,0.0,0.0,0.0,,,,
product_product_id_136485,KM178FS-07907,1,Jinasena_MasterData_Stock.product_template_sump_lock_ring,KM178FS-07907,,0.0,0.0,0.0,,,,
product_product_id_136486,KM186F-02016,1,Jinasena_MasterData_Stock.product_template_valve_adjusting_cushion,KM186F-02016,,0.0,0.0,0.0,,,,
product_product_id_136487,KM186F-05201,1,Jinasena_MasterData_Stock.product_template_crankshaft_km186f,KM186F-05201,,0.0,0.0,0.0,,,,
product_product_id_136488,KM186F-14000,1,Jinasena_MasterData_Stock.product_template_recoil_starter_assy_333415,KM186F-14000,,0.0,0.0,0.0,,,,
product_product_id_136489,KNSA BG328,1,Jinasena_MasterData_Stock.product_template_bush_cutter_bg328,KNSA BG328,,0.0,0.0,0.0,,,,
product_product_id_136490,KNSA BG328A,1,Jinasena_MasterData_Stock.product_template_brush_cutter_bg_328a,KNSA BG328A,,0.0,0.0,0.0,,,,
product_product_id_136491,KNSA CG328,1,Jinasena_MasterData_Stock.product_template_shoulder_brush_cutter_cg328,KNSA CG328,,0.0,0.0,0.0,,,,
product_product_id_136492,KNSA MPW52CC,1,Jinasena_MasterData_Stock.product_template_knapsack_hand_push_mini_power_weeder52cc,KNSA MPW52CC,,0.0,0.0,0.0,,,,
product_product_id_136493,KNSA MPWWG430,1,Jinasena_MasterData_Stock.product_template_knapsack_hand_push_mini_power_weederwg43,KNSA MPWWG430,,0.0,0.0,0.0,,,,
product_product_id_136494,KNSA PW,1,Jinasena_MasterData_Stock.product_template_knapsack_power_weeder,KNSA PW,,0.0,0.0,0.0,,,,
product_product_id_136495,KNSA PWBB,1,Jinasena_MasterData_Stock.product_template_knapsack_bush_cutter_bg_437,KNSA PWBB,,0.0,0.0,0.0,,,,
product_product_id_136496,KNSA PWWB,1,Jinasena_MasterData_Stock.product_template_knapsack_power_weeder_bg_437,KNSA PWWB,,0.0,0.0,0.0,,,,
product_product_id_137713,L300/1-W,1,Jinasena_MasterData_Stock.product_template_centric_type_pumping_unit_l300_1_w,L300/1-W,"808,810,943,944",0.0,0.0,0.0,,,1,1
product_product_id_137712,L300/3-W,1,Jinasena_MasterData_Stock.product_template_centric_type_pumping_unit_l300_3_w,L300/3-W,"806,807,941,942",0.0,0.0,0.0,,,1,1
product_product_id_137711,M300/3-W,1,Jinasena_MasterData_Stock.product_template_centric_type_pumping_unit_m300_3_w,M300/3-W,,0.0,0.0,0.0,,,,
product_product_id_136497,MG100-1,1,Jinasena_MasterData_Stock.product_template_agrimec_multi_grinder_ssmg100_1,MG100-1,,0.0,0.0,0.0,,,,
product_product_id_136498,MG150-3,1,Jinasena_MasterData_Stock.product_template_s_s_food_multigrinder_1_5hp,MG150-3,,0.0,0.0,0.0,,,,
product_product_id_136499,MG75,1,Jinasena_MasterData_Stock.product_template_s_s_food_multi_grinder_0_75hp,MG75,,0.0,0.0,0.0,,,,
product_product_id_136500,MG75-L,1,Jinasena_MasterData_Stock.product_template_food_multi_grinder_l_weight,MG75-L,,0.0,0.0,0.0,,,,
product_product_id_136501,MG75-MS,1,Jinasena_MasterData_Stock.product_template_food_multi_grinder_mild_steel,MG75-MS,,0.0,0.0,0.0,,,,
product_product_id_137710,MH300/3-W,1,Jinasena_MasterData_Stock.product_template_centric_type_pumping_unit_mh300_3_w,MH300/3-W,"813,919,920",0.0,0.0,1.0,,,,
product_product_id_136502,MK768-22E,1,Jinasena_MasterData_Stock.product_template_nut_m8x1,MK768-22E,,0.0,0.0,0.0,,,,
product_product_id_136503,MMAT-150,1,Jinasena_MasterData_Stock.product_template_agrimec_mini_maise_corn_thresher_1_5hp,MMAT-150,,0.0,0.0,0.0,,,,
product_product_id_136504,MMC/100SS,1,Jinasena_MasterData_Stock.product_template_stainless_steel_mini_multi_chopper_with_,MMC/100SS,,0.0,0.0,0.0,,,,
product_product_id_136505,MMC/SS75,1,Jinasena_MasterData_Stock.product_template_mini_multi_chopper_75_hp_ss75,MMC/SS75,,0.0,0.0,0.0,,,,
product_product_id_136506,MMC100MS,1,Jinasena_MasterData_Stock.product_template_mini_multi_chopper_ms_with_1hp_motor,MMC100MS,,0.0,0.0,0.0,,,,
product_product_id_136507,MMC75,1,Jinasena_MasterData_Stock.product_template_mini_multi_chopper_75h_333434,MMC75,,0.0,0.0,0.0,,,,
product_product_id_136508,MMTH 1.5BA,1,Jinasena_MasterData_Stock.product_template_mini_maize_thresher_basic,MMTH 1.5BA,,0.0,0.0,0.0,,,,
product_product_id_136509,MMTH 1.5M,1,Jinasena_MasterData_Stock.product_template_mini_maize_thresher_1_5hp,MMTH 1.5M,,0.0,0.0,0.0,,,,
product_product_id_137916,MRG%,1,Jinasena_MasterData_Stock.product_template_project_profit_margin,MRG%,,0.0,0.0,0.0,,,,
product_product_id_137918,MRG%,1,Jinasena_MasterData_Stock.product_template_project_profit_margin_338257,MRG,,0.0,0.0,0.0,,,,
product_product_id_136510,MT FD1050-D,1,Jinasena_MasterData_Stock.product_template_diesel_mini_tiller_hs_code_8701_10_90_fd,MT FD1050-D,,0.0,0.0,0.0,,,,
product_product_id_136513,MT FD1050-R,1,Jinasena_MasterData_Stock.product_template_mini_tiller_attachment_roto_tiller_set_h_333440,MT FD1050-R,,0.0,0.0,0.0,,,,
product_product_id_136512,MT FD1050E-R,1,Jinasena_MasterData_Stock.product_template_mini_tiller_attachment_roto_tiller_set_h,MT FD1050E-R,,0.0,0.0,0.0,,,,
product_product_id_136511,MT FD1050EL-S,1,Jinasena_MasterData_Stock.product_template_fd1050e_dieselmini_tillerwith_36ah_batte,MT FD1050EL-S,,0.0,0.0,0.0,,,,
product_product_id_136514,MT FD1350EL-R,1,Jinasena_MasterData_Stock.product_template_mini_tiller_attachment_roto_tiller_set_h_333441,MT FD1350EL-R,,0.0,0.0,0.0,,,,
product_product_id_136515,MT FD1350EL-S,1,Jinasena_MasterData_Stock.product_template_fd1350e_dieselmini_tillerwith_36ah_batte,MT FD1350EL-S,,0.0,0.0,0.0,,,,
product_product_id_136516,MT FG 750E-R,1,Jinasena_MasterData_Stock.product_template_mini_tiller_attachment_roto_tiller_set_f,MT FG 750E-R,,0.0,0.0,0.0,,,,
product_product_id_136517,MT FG660,1,Jinasena_MasterData_Stock.product_template_fg660_gasoline_mini_tiller_sh_code_8701_,MT FG660,,0.0,0.0,0.0,,,,
product_product_id_136518,MT FG750RE-S,1,Jinasena_MasterData_Stock.product_template_fg750e_gasoline_mini_tiller_hs_code_8701,MT FG750RE-S,,0.0,0.0,0.0,,,,
product_product_id_136519,MTH 150,1,Jinasena_MasterData_Stock.product_template_maize_thresher_model_150,MTH 150,,0.0,0.0,0.0,,,,
product_product_id_136522,MTH-2W,1,Jinasena_MasterData_Stock.product_template_maze_thresher_2w,MTH-2W,,0.0,0.0,0.0,,,,
product_product_id_136523,MTH-FMRC10HP,1,Jinasena_MasterData_Stock.product_template_corn_thresher_fmrc_model_with_10hp_varia,MTH-FMRC10HP,,0.0,0.0,0.0,,,,
product_product_id_136524,MTH-FMRC10HP-D,1,Jinasena_MasterData_Stock.product_template_10_hp_electric_corn_thresher_fmrc_model_,MTH-FMRC10HP-D,,0.0,0.0,0.0,,,,
product_product_id_136525,MTH-T FMR,1,Jinasena_MasterData_Stock.product_template_corn_thresher_fmrc_model,MTH-T FMR,,0.0,0.0,0.0,,,,
product_product_id_136520,MTH1-20,1,Jinasena_MasterData_Stock.product_template_multi_thresher_th1_20,MTH1-20,,0.0,0.0,0.0,,,,
product_product_id_136521,MTH1-T,1,Jinasena_MasterData_Stock.product_template_multi_thresher_th1_t,MTH1-T,,0.0,0.0,0.0,,,,
product_product_id_136526,NGND,1,Jinasena_MasterData_Stock.product_template_national_ground_nut_digger,NGND,,0.0,0.0,0.0,,,,
product_product_id_136527,NRT 45-LP,1,Jinasena_MasterData_Stock.product_template_compost_turner_machine,NRT 45-LP,,0.0,0.0,0.0,,,,
product_product_id_136528,PT1,1,Jinasena_MasterData_Stock.product_template_pepper_thresher_without_motor,PT1,,0.0,0.0,0.0,,,,
product_product_id_136532,PT1-2,1,Jinasena_MasterData_Stock.product_template_pepper_thresher_2hp_1_motor,PT1-2,,0.0,0.0,0.0,,,,
product_product_id_136533,PT1-2SS,1,Jinasena_MasterData_Stock.product_template_ss_pepper_thresher_2hp_1_motor,PT1-2SS,,0.0,0.0,0.0,,,,
product_product_id_136534,PT1-TR,1,Jinasena_MasterData_Stock.product_template_pepper_thresher_couple_to_tractor,PT1-TR,,0.0,0.0,0.0,,,,
product_product_id_136529,PT1.5HP-SS,1,Jinasena_MasterData_Stock.product_template_ss_peper_thresher_1_5hp_electric,PT1.5HP-SS,,0.0,0.0,0.0,,,,
product_product_id_136530,PT1/EY20,1,Jinasena_MasterData_Stock.product_template_pepper_thresher_with_ey_20_engine,PT1/EY20,,0.0,0.0,0.0,,,,
product_product_id_136531,PT1/LJ20,1,Jinasena_MasterData_Stock.product_template_pepper_thresher_with_lj_20_engine_lihini,PT1/LJ20,,0.0,0.0,0.0,,,,
product_product_id_136535,PTM-1.5SS,1,Jinasena_MasterData_Stock.product_template_ss_pepper_thresher_1_5_hp_pt1_2_model,PTM-1.5SS,,0.0,0.0,0.0,,,,
product_product_id_137912,R-JMC15E,1,Jinasena_MasterData_Stock.product_template_repair_multichopper_couple_15hp_motor,R-JMC15E,,0.0,0.0,0.0,,,,
product_product_id_137913,R-MMC75,1,Jinasena_MasterData_Stock.product_template_mini_multi_chopper_75h,R-MMC75,,0.0,0.0,0.0,,,,
product_product_id_137914,R-RC-GT8,1,Jinasena_MasterData_Stock.product_template_agrimec_roto_tiller_gt8_rc_gt8,R-RC-GT8,,0.0,0.0,0.0,,,,
product_product_id_136536,R1.2,1,Jinasena_MasterData_Stock.product_template_reaper_model_r1_2,R1.2,,0.0,0.0,0.0,,,,
product_product_id_136549,RC-GT8,1,Jinasena_MasterData_Stock.product_template_agrimec_roto_tiller_gt8_rc_gt8_333476,RC-GT8,,0.0,0.0,0.0,,,,
product_product_id_136550,RC-GT8D,1,Jinasena_MasterData_Stock.product_template_agrimec_roto_tiller_electricale_device_g,RC-GT8D,,0.0,0.0,0.0,,,,
product_product_id_136551,RC-GT8HAILIN,1,Jinasena_MasterData_Stock.product_template_gt8_cultivator_with_hailin_engine,RC-GT8HAILIN,,0.0,0.0,0.0,,,,
product_product_id_136552,RC-GT8K,1,Jinasena_MasterData_Stock.product_template_agrimec_roto_tiller_gt8_rc_gt8_kaiao,RC-GT8K,,0.0,0.0,0.0,,,,
product_product_id_136553,RC-GT8KAMA,1,Jinasena_MasterData_Stock.product_template_gt8_cultivator_with_kama_engine,RC-GT8KAMA,,0.0,0.0,0.0,,,,
product_product_id_136554,RC-GT9,1,Jinasena_MasterData_Stock.product_template_agrimec_roto_tiller_gt9_rc_gt9,RC-GT9,,0.0,0.0,0.0,,,,
product_product_id_136555,RC-GT9D,1,Jinasena_MasterData_Stock.product_template_agrimec_roto_tiller_electricale_device_g_333482,RC-GT9D,,0.0,0.0,0.0,,,,
product_product_id_136558,RC-MT1350EL,1,Jinasena_MasterData_Stock.product_template_fd_1350_diesel_mini_tiller_with_electric,RC-MT1350EL,,0.0,0.0,0.0,,,,
product_product_id_136559,RC-MT660,1,Jinasena_MasterData_Stock.product_template_gasoline_mini_tiller_fg660,RC-MT660,,0.0,0.0,0.0,,,,
product_product_id_136560,RC-MT750E,1,Jinasena_MasterData_Stock.product_template_fg750e_gasoline_mini_tiller,RC-MT750E,,0.0,0.0,0.0,,,,
product_product_id_136561,RC-MT8,1,Jinasena_MasterData_Stock.product_template_agrimec_roto_tiller_mt8_fd1050,RC-MT8,,0.0,0.0,0.0,,,,
product_product_id_136562,RC-MT8D,1,Jinasena_MasterData_Stock.product_template_fd1050e_dieselmini_tiller_with_electric_,RC-MT8D,,0.0,0.0,0.0,,,,
product_product_id_136563,RC-TR2W,1,Jinasena_MasterData_Stock.product_template_roller_crimper_2w_tractor_attached,RC-TR2W,,0.0,0.0,0.0,,,,
product_product_id_136585,RMT4,1,Jinasena_MasterData_Stock.product_template_roto_master_tiller_with_ey20_bk,RMT4,,0.0,0.0,0.0,,,,
product_product_id_136586,RP-RC-MT660,1,Jinasena_MasterData_Stock.product_template_repair_gasoline_mini_tiller_fg660,RP-RC-MT660,,0.0,0.0,0.0,,,,
product_product_id_136595,RR-D,1,Jinasena_MasterData_Stock.product_template_rubber_roller_machine_w_diamond,RR-D,,0.0,0.0,0.0,,,,
product_product_id_136596,RR-DM,1,Jinasena_MasterData_Stock.product_template_rubber_sheet_rolling_machine_manual_oper,RR-DM,,0.0,0.0,0.0,,,,
product_product_id_136597,RR-P,1,Jinasena_MasterData_Stock.product_template_robber_roller_machine_w_plain,RR-P,,0.0,0.0,0.0,,,,
product_product_id_136598,RR-PM,1,Jinasena_MasterData_Stock.product_template_rubber_sheet_rolling_machine_manual_oper_333525,RR-PM,,0.0,0.0,0.0,,,,
product_product_id_136603,RSC-1.5E,1,Jinasena_MasterData_Stock.product_template_straw_cutter_with_1_5hp_engine,RSC-1.5E,,0.0,0.0,0.0,,,,
product_product_id_136604,RSC-1.5M,1,Jinasena_MasterData_Stock.product_template_straw_cutter_with_1_5hp_motor,RSC-1.5M,,0.0,0.0,0.0,,,,
product_product_id_136605,RSC-1.5MS,1,Jinasena_MasterData_Stock.product_template_straw_cutter_stainless_with_1_5h,RSC-1.5MS,,0.0,0.0,0.0,,,,
product_product_id_136606,RSC-1.5SS,1,Jinasena_MasterData_Stock.product_template_straw_cutter_stainless_steel,RSC-1.5SS,,0.0,0.0,0.0,,,,
product_product_id_136607,RSC-2.0M,1,Jinasena_MasterData_Stock.product_template_straw_cutter_with_2_0hp_motor,RSC-2.0M,,0.0,0.0,0.0,,,,
product_product_id_136608,RSP 4HP,1,Jinasena_MasterData_Stock.product_template_rotary_sieving_plant_4_hp,RSP 4HP,,0.0,0.0,0.0,,,,
product_product_id_136612,RSV-2.0SS,1,Jinasena_MasterData_Stock.product_template_rotary_seiving_machine_w_s_s,RSV-2.0SS,,0.0,0.0,0.0,,,,
product_product_id_136609,RSV1.5GI,1,Jinasena_MasterData_Stock.product_template_rotary_sieving_machine_1_5gi,RSV1.5GI,,0.0,0.0,0.0,,,,
product_product_id_136610,RSV2.0GI,1,Jinasena_MasterData_Stock.product_template_rotary_sieving_machine_2g_i,RSV2.0GI,,0.0,0.0,0.0,,,,
product_product_id_136611,RSV2.0GI-1S,1,Jinasena_MasterData_Stock.product_template_rotary_sieving_machine_2_kw_g_i_single_p,RSV2.0GI-1S,,0.0,0.0,0.0,,,,
product_product_id_136613,RSV2.0SS-1S,1,Jinasena_MasterData_Stock.product_template_rotary_seiving_machine_2kw_w_s_s_single_,RSV2.0SS-1S,,0.0,0.0,0.0,,,,
product_product_id_136619,RZ190-01400A,1,Jinasena_MasterData_Stock.product_template_dipstick_chang_fa,RZ190-01400A,,0.0,0.0,0.0,,,,
product_product_id_136620,RZ190H-01003,1,Jinasena_MasterData_Stock.product_template_head_gasket_333547,RZ190H-01003,,0.0,0.0,0.0,,,,
product_product_id_136621,RZ190H-01007,1,Jinasena_MasterData_Stock.product_template_cylinder_liner,RZ190H-01007,,0.0,0.0,0.0,,,,
product_product_id_136622,RZ190H-01008,1,Jinasena_MasterData_Stock.product_template_o_ring,RZ190H-01008,,0.0,0.0,0.0,,,,
product_product_id_136623,RZ190H-01009,1,Jinasena_MasterData_Stock.product_template_rocker_arm_mount_assy_333550,RZ190H-01009,,0.0,0.0,0.0,,,,
product_product_id_136624,RZ190H-01010,1,Jinasena_MasterData_Stock.product_template_valve_seats_intake_and_exhaust_holders,RZ190H-01010,,0.0,0.0,0.0,,,,
product_product_id_136625,RZ190H-01011,1,Jinasena_MasterData_Stock.product_template_rocker_arm,RZ190H-01011,,0.0,0.0,0.0,,,,
product_product_id_136626,RZ190H-01012,1,Jinasena_MasterData_Stock.product_template_cylinder_head_cover_gasket,RZ190H-01012,,0.0,0.0,0.0,,,,
product_product_id_136627,RZ190H-01013,1,Jinasena_MasterData_Stock.product_template_connecting_rod,RZ190H-01013,,0.0,0.0,0.0,,,,
product_product_id_136628,RZ190H-01014,1,Jinasena_MasterData_Stock.product_template_retainer_333555,RZ190H-01014,,0.0,0.0,0.0,,,,
product_product_id_136629,RZ190H-01015,1,Jinasena_MasterData_Stock.product_template_valve_lock,RZ190H-01015,,0.0,0.0,0.0,,,,
product_product_id_136630,RZ190H-01016,1,Jinasena_MasterData_Stock.product_template_air_cleaner_element,RZ190H-01016,,0.0,0.0,0.0,,,,
product_product_id_136631,RZ190H-01023,1,Jinasena_MasterData_Stock.product_template_crank_bearing_cover_gasket,RZ190H-01023,,0.0,0.0,0.0,,,,
product_product_id_136632,RZ190H-01025,1,Jinasena_MasterData_Stock.product_template_silencer_gasket,RZ190H-01025,,0.0,0.0,0.0,,,,
product_product_id_136633,RZ190H-01122,1,Jinasena_MasterData_Stock.product_template_breather_gasket,RZ190H-01122,,0.0,0.0,0.0,,,,
product_product_id_136634,RZ190H-03005,1,Jinasena_MasterData_Stock.product_template_exhaust_valve,RZ190H-03005,,0.0,0.0,0.0,,,,
product_product_id_136635,RZ190H-03506,1,Jinasena_MasterData_Stock.product_template_intake_valve,RZ190H-03506,,0.0,0.0,0.0,,,,
product_product_id_136636,RZ190H-04008,1,Jinasena_MasterData_Stock.product_template_piston_333563,RZ190H-04008,,0.0,0.0,0.0,,,,
product_product_id_136637,RZ190H-04009,1,Jinasena_MasterData_Stock.product_template_connecting_rod_bearing,RZ190H-04009,,0.0,0.0,0.0,,,,
product_product_id_136638,RZ190H-04012,1,Jinasena_MasterData_Stock.product_template_piston_pin,RZ190H-04012,,0.0,0.0,0.0,,,,
product_product_id_136639,RZ190H-04123,1,Jinasena_MasterData_Stock.product_template_piston_ring_set,RZ190H-04123,,0.0,0.0,0.0,,,,
product_product_id_136640,RZ190H-04124,1,Jinasena_MasterData_Stock.product_template_packing_set,RZ190H-04124,,0.0,0.0,0.0,,,,
product_product_id_136641,RZ190H-04125,1,Jinasena_MasterData_Stock.product_template_plunger_333568,RZ190H-04125,,0.0,0.0,0.0,,,,
product_product_id_136642,RZ190H-04126,1,Jinasena_MasterData_Stock.product_template_delivery_valve,RZ190H-04126,,0.0,0.0,0.0,,,,
product_product_id_136643,RZ190H-04127,1,Jinasena_MasterData_Stock.product_template_silencer_gasket_333570,RZ190H-04127,,0.0,0.0,0.0,,,,
product_product_id_136644,RZ190H-04128,1,Jinasena_MasterData_Stock.product_template_copper_washer,RZ190H-04128,,0.0,0.0,0.0,,,,
product_product_id_136645,RZ190H-04129,1,Jinasena_MasterData_Stock.product_template_governor_arm_set,RZ190H-04129,,0.0,0.0,0.0,,,,
product_product_id_136646,RZ190H-08004,1,Jinasena_MasterData_Stock.product_template_air_cleaner_gasket,RZ190H-08004,,0.0,0.0,0.0,,,,
product_product_id_136647,RZ190H-10002,1,Jinasena_MasterData_Stock.product_template_oil_pump_gasket,RZ190H-10002,,0.0,0.0,0.0,,,,
product_product_id_136648,RZ190H-11009,1,Jinasena_MasterData_Stock.product_template_fuel_hose_tank_to_filter,RZ190H-11009,,0.0,0.0,0.0,,,,
product_product_id_136649,RZ190H-11520,1,Jinasena_MasterData_Stock.product_template_fuel_filter,RZ190H-11520,,0.0,0.0,0.0,,,,
product_product_id_136650,RZ190H-TU4-3,1,Jinasena_MasterData_Stock.product_template_injector_nozzle,RZ190H-TU4-3,,0.0,0.0,0.0,,,,
product_product_id_136651,S195-10108,1,Jinasena_MasterData_Stock.product_template_governor_gear,S195-10108,,0.0,0.0,0.0,,,,
product_product_id_136652,S195-10109,1,Jinasena_MasterData_Stock.product_template_governor_spacer,S195-10109,,0.0,0.0,0.0,,,,
product_product_id_136653,S195-10110,1,Jinasena_MasterData_Stock.product_template_governor_ball_ract,S195-10110,,0.0,0.0,0.0,,,,
product_product_id_136654,SB 001,1,Jinasena_MasterData_Stock.product_template_sanitizing_box_compressed_air_type,SB 001,,0.0,0.0,0.0,,,,
product_product_id_136655,SCM 15HP,1,Jinasena_MasterData_Stock.product_template_saw_chips_grinding_machine,SCM 15HP,,0.0,0.0,0.0,,,,
product_product_id_136656,SWARAJ744 2WD-LP,1,Jinasena_MasterData_Stock.product_template_swaraj_744_2wd_tractor_45hp_with_power_s,SWARAJ744 2WD-LP,,0.0,0.0,0.0,,,,
product_product_id_136657,T12-001,1,Jinasena_MasterData_Stock.product_template_fingers_disengaging_lever,T12-001,,0.0,0.0,0.0,,,,
product_product_id_136658,T12-002,1,Jinasena_MasterData_Stock.product_template_release_bearing,T12-002,,0.0,0.0,0.0,,,,
product_product_id_136659,T12-003,1,Jinasena_MasterData_Stock.product_template_release_jaw_cam,T12-003,,0.0,0.0,0.0,,,,
product_product_id_136660,T12-004,1,Jinasena_MasterData_Stock.product_template_felt_packing,T12-004,,0.0,0.0,0.0,,,,
product_product_id_136661,T12-005,1,Jinasena_MasterData_Stock.product_template_clutch_plate_333588,T12-005,,0.0,0.0,0.0,,,,
product_product_id_136662,T12-21234,1,Jinasena_MasterData_Stock.product_template_trotle_unit,T12-21234,,0.0,0.0,0.0,,,,
product_product_id_136663,T12X1.25MM,1,Jinasena_MasterData_Stock.product_template_lock_nut,T12X1.25MM,,0.0,0.0,0.0,,,,
product_product_id_136664,T165F-10300A,1,Jinasena_MasterData_Stock.product_template_diesel_filter_eliment,T165F-10300A,,0.0,0.0,0.0,,,,
product_product_id_136665,T165F-10301,1,Jinasena_MasterData_Stock.product_template_pipe_adaptor,T165F-10301,,0.0,0.0,0.0,,,,
product_product_id_136666,T175-04003,1,Jinasena_MasterData_Stock.product_template_retainer_piston_pin_333593,T175-04003,,0.0,0.0,0.0,,,,
product_product_id_136667,T180-10400,1,Jinasena_MasterData_Stock.product_template_oil_filter_eliment,T180-10400,,0.0,0.0,0.0,,,,
product_product_id_136668,T185-01003A,1,Jinasena_MasterData_Stock.product_template_gasket_cyl_head_new,T185-01003A,,0.0,0.0,0.0,,,,
product_product_id_136669,T185-01004,1,Jinasena_MasterData_Stock.product_template_engine_block_8_h_p,T185-01004,,0.0,0.0,0.0,,,,
product_product_id_136670,T185-01006,1,Jinasena_MasterData_Stock.product_template_cylinder_liner_o_ring,T185-01006,,0.0,0.0,0.0,,,,
product_product_id_136671,T185-01007,1,Jinasena_MasterData_Stock.product_template_cylinder_liner_8_h_p,T185-01007,,0.0,0.0,0.0,,,,
product_product_id_136672,T185-01014,1,Jinasena_MasterData_Stock.product_template_bush_333599,T185-01014,,0.0,0.0,0.0,,,,
product_product_id_136673,T185-01018,1,Jinasena_MasterData_Stock.product_template_packing_gear_case_cover,T185-01018,,0.0,0.0,0.0,,,,
product_product_id_136674,T185-01022,1,Jinasena_MasterData_Stock.product_template_balance_shaft_bushing,T185-01022,,0.0,0.0,0.0,,,,
product_product_id_136675,T185-01023,1,Jinasena_MasterData_Stock.product_template_packing_bearing_housing,T185-01023,,0.0,0.0,0.0,,,,
product_product_id_136676,T185-01200T,1,Jinasena_MasterData_Stock.product_template_timing_gear_case_cover,T185-01200T,,0.0,0.0,0.0,,,,
product_product_id_136677,T185-01202,1,Jinasena_MasterData_Stock.product_template_starting_shaft_and_gear,T185-01202,,0.0,0.0,0.0,,,,
product_product_id_136678,T185-01400A,1,Jinasena_MasterData_Stock.product_template_dipstick_aht8,T185-01400A,,0.0,0.0,0.0,,,,
product_product_id_136679,T185-03002,1,Jinasena_MasterData_Stock.product_template_packing_for_cyl_head_cover,T185-03002,,0.0,0.0,0.0,,,,
product_product_id_136680,T185-03302,1,Jinasena_MasterData_Stock.product_template_rocker_arm_shaft_333607,T185-03302,,0.0,0.0,0.0,,,,
product_product_id_136681,T185-04008,1,Jinasena_MasterData_Stock.product_template_con_rod_bearing_std,T185-04008,,0.0,0.0,0.0,,,,
product_product_id_136682,T185-04023,1,Jinasena_MasterData_Stock.product_template_piston_ring_set_std_333609,T185-04023,,0.0,0.0,0.0,,,,
product_product_id_136683,T185-05012,1,Jinasena_MasterData_Stock.product_template_thrust_washer,T185-05012,,0.0,0.0,0.0,,,,
product_product_id_136684,T185-07002,1,Jinasena_MasterData_Stock.product_template_set_sleeve,T185-07002,,0.0,0.0,0.0,,,,
product_product_id_136685,T185-08000A,1,Jinasena_MasterData_Stock.product_template_air_cleaner_assy_333612,T185-08000A,,0.0,0.0,0.0,,,,
product_product_id_136686,T185-08100A,1,Jinasena_MasterData_Stock.product_template_filter_element_oil_type,T185-08100A,,0.0,0.0,0.0,,,,
product_product_id_136687,T185-08202,1,Jinasena_MasterData_Stock.product_template_air_cleaner_eliment_for_chang_fa_rz190,T185-08202,,0.0,0.0,0.0,,,,
product_product_id_136688,T185-09008A,1,Jinasena_MasterData_Stock.product_template_gasket_silenser,T185-09008A,,0.0,0.0,0.0,,,,
product_product_id_136689,T185-10100,1,Jinasena_MasterData_Stock.product_template_oil_pipe_8_h_p,T185-10100,,0.0,0.0,0.0,,,,
product_product_id_136690,T185-10201,1,Jinasena_MasterData_Stock.product_template_fuel_tank_cap_8hp,T185-10201,,0.0,0.0,0.0,,,,
product_product_id_136691,T185-14200,1,Jinasena_MasterData_Stock.product_template_nozzle_assy_333618,T185-14200,,0.0,0.0,0.0,,,,
product_product_id_136692,T185-66400,1,Jinasena_MasterData_Stock.product_template_injector_complete,T185-66400,,0.0,0.0,0.0,,,,
product_product_id_136693,T185N-02120,1,Jinasena_MasterData_Stock.product_template_rear_dust_proof_cover,T185N-02120,,0.0,0.0,0.0,,,,
product_product_id_136694,T185N-02200,1,Jinasena_MasterData_Stock.product_template_condenser,T185N-02200,,0.0,0.0,0.0,,,,
product_product_id_136695,T185N-02205,1,Jinasena_MasterData_Stock.product_template_packing_for_condenser,T185N-02205,,0.0,0.0,0.0,,,,
product_product_id_136696,T185Q-04001,1,Jinasena_MasterData_Stock.product_template_piston_s_t_d,T185Q-04001,,0.0,0.0,0.0,,,,
product_product_id_136697,T185Q-05005,1,Jinasena_MasterData_Stock.product_template_crank_shaft,T185Q-05005,,0.0,0.0,0.0,,,,
product_product_id_136698,T185Q-11300,1,Jinasena_MasterData_Stock.product_template_diesal_hose_for_chang_fa_rz190,T185Q-11300,,0.0,0.0,0.0,,,,
product_product_id_136699,T1X4.21 11,1,Jinasena_MasterData_Stock.product_template_clutch_cover_br,T1X4.21 11,,0.0,0.0,0.0,,,,
product_product_id_136700,T201-0001,1,Jinasena_MasterData_Stock.product_template_gear_wheel_270_305mm,T201-0001,,0.0,0.0,0.0,,,,
product_product_id_137896,T201-00018,1,Jinasena_MasterData_Stock.product_template_starting_capacitor_300_mfd018,T201-00018,,0.0,0.0,0.0,,,,
product_product_id_137897,T201-00019,1,Jinasena_MasterData_Stock.product_template_raning_capacitor_35_fd,T201-00019,,0.0,0.0,0.0,,,,
product_product_id_136701,T201-0002,1,Jinasena_MasterData_Stock.product_template_gear_wheel_set,T201-0002,,0.0,0.0,0.0,,,,
product_product_id_137898,T201-00020,1,Jinasena_MasterData_Stock.product_template_motor_fan_cover_for_chc93zt,T201-00020,,0.0,0.0,0.0,,,,
product_product_id_136702,T201-0003,1,Jinasena_MasterData_Stock.product_template_feeding_raller_set,T201-0003,,0.0,0.0,0.0,,,,
product_product_id_136703,T201-0004,1,Jinasena_MasterData_Stock.product_template_motor_pulley,T201-0004,,0.0,0.0,0.0,,,,
product_product_id_136704,T201-0005,1,Jinasena_MasterData_Stock.product_template_feeding_roll_gear_wheel_set,T201-0005,,0.0,0.0,0.0,,,,
product_product_id_136705,T201-0006,1,Jinasena_MasterData_Stock.product_template_feeding_roll_arm_set,T201-0006,,0.0,0.0,0.0,,,,
product_product_id_136706,T201-0007,1,Jinasena_MasterData_Stock.product_template_tension_spring,T201-0007,,0.0,0.0,0.0,,,,
product_product_id_136707,T201-0008,1,Jinasena_MasterData_Stock.product_template_cutter_blade_333634,T201-0008,,0.0,0.0,0.0,,,,
product_product_id_136708,T201-0009,1,Jinasena_MasterData_Stock.product_template_fixed_blade,T201-0009,,0.0,0.0,0.0,,,,
product_product_id_136709,T201-0010,1,Jinasena_MasterData_Stock.product_template_bearing_cup,T201-0010,,0.0,0.0,0.0,,,,
product_product_id_136710,T201-0011,1,Jinasena_MasterData_Stock.product_template_end_cover_for_motor_fan_cover_side,T201-0011,,0.0,0.0,0.0,,,,
product_product_id_136711,T201-0012,1,Jinasena_MasterData_Stock.product_template_blade_mounting_bolt,T201-0012,,0.0,0.0,0.0,,,,
product_product_id_136712,T201-0013,1,Jinasena_MasterData_Stock.product_template_v_belt_a1200li,T201-0013,,0.0,0.0,0.0,,,,
product_product_id_136713,T201-0014,1,Jinasena_MasterData_Stock.product_template_fuse_30a_bs1362_dia_6x25,T201-0014,,0.0,0.0,0.0,,,,
product_product_id_136714,T201-0015,1,Jinasena_MasterData_Stock.product_template_speed_changing_lever_spring,T201-0015,,0.0,0.0,0.0,,,,
product_product_id_136715,T201-0016,1,Jinasena_MasterData_Stock.product_template_terminal_box_complete_set,T201-0016,,0.0,0.0,0.0,,,,
product_product_id_136716,T201-0017,1,Jinasena_MasterData_Stock.product_template_driven_pulley_183mm,T201-0017,,0.0,0.0,0.0,,,,
product_product_id_136717,T224010L,1,Jinasena_MasterData_Stock.product_template_oil_seal_22x40x10,T224010L,,0.0,0.0,0.0,,,,
product_product_id_136718,T300/J,1,Jinasena_MasterData_Stock.product_template_centric_bare_shaft_pump_type_t300_j,T300/J,,0.0,0.0,0.0,,,,
product_product_id_136719,T400,1,Jinasena_MasterData_Stock.product_template_centric_bare_shaft_pump_type_t400,T400,,0.0,0.0,0.0,,,,
product_product_id_136720,T60104,1,Jinasena_MasterData_Stock.product_template_ball_bearing,T60104,,0.0,0.0,0.0,,,,
product_product_id_136721,T688808,1,Jinasena_MasterData_Stock.product_template_release_bearing_333648,T688808,,0.0,0.0,0.0,,,,
product_product_id_136723,TCM,1,Jinasena_MasterData_Stock.product_template_tea_cutting_machine_process,TCM,,0.0,0.0,0.0,,,,
product_product_id_136724,TCM-15HP,1,Jinasena_MasterData_Stock.product_template_tea_cutting_machine_15hp,TCM-15HP,,0.0,0.0,0.0,,,,
product_product_id_136726,TCM-5HP,1,Jinasena_MasterData_Stock.product_template_tea_cutting_machine_5hp,TCM-5HP,,0.0,0.0,0.0,,,,
product_product_id_136728,TCM-5HP-OP2,1,Jinasena_MasterData_Stock.product_template_tea_cutting_machine_5hp_option_2,TCM-5HP-OP2,,0.0,0.0,0.0,,,,
product_product_id_136729,TCM-5HP-OP3,1,Jinasena_MasterData_Stock.product_template_tea_cutting_machine_5hp_option_3,TCM-5HP-OP3,,0.0,0.0,0.0,,,,
product_product_id_136730,TCM-5HP-OP4,1,Jinasena_MasterData_Stock.product_template_tea_cutting_machine_5hp_option_4,TCM-5HP-OP4,,0.0,0.0,0.0,,,,
product_product_id_136727,TCM-5HP/OP2SS,1,Jinasena_MasterData_Stock.product_template_ss_tea_cutter_5hp,TCM-5HP/OP2SS,,0.0,0.0,0.0,,,,
product_product_id_136725,TCM4HP-1S,1,Jinasena_MasterData_Stock.product_template_tea_cutter_4hp_single_phase,TCM4HP-1S,,0.0,0.0,0.0,,,,
product_product_id_136731,TDX4 21-4,1,Jinasena_MasterData_Stock.product_template_return_spring,TDX4 21-4,,0.0,0.0,0.0,,,,
product_product_id_136732,TDX4 21-9,1,Jinasena_MasterData_Stock.product_template_clutch_plate_333659,TDX4 21-9,,0.0,0.0,0.0,,,,
product_product_id_136733,TDX4 40-1,1,Jinasena_MasterData_Stock.product_template_handle_grip,TDX4 40-1,,0.0,0.0,0.0,,,,
product_product_id_136734,TDX4.21 16,1,Jinasena_MasterData_Stock.product_template_belt_pulley_clutch_5hp,TDX4.21 16,,0.0,0.0,0.0,,,,
product_product_id_136735,TDX41.21-7,1,Jinasena_MasterData_Stock.product_template_release_jaw,TDX41.21-7,,0.0,0.0,0.0,,,,
product_product_id_136736,TDX41.21-9,1,Jinasena_MasterData_Stock.product_template_clutch_plate_cap,TDX41.21-9,,0.0,0.0,0.0,,,,
product_product_id_136737,TDX411 40-7,1,Jinasena_MasterData_Stock.product_template_steering_lever_l_h,TDX411 40-7,,0.0,0.0,0.0,,,,
product_product_id_136738,TDX411 40-8,1,Jinasena_MasterData_Stock.product_template_steering_lever_r_h,TDX411 40-8,,0.0,0.0,0.0,,,,
product_product_id_136739,TDX411.40-9,1,Jinasena_MasterData_Stock.product_template_clutch_rod,TDX411.40-9,,0.0,0.0,0.0,,,,
product_product_id_136740,TEM190-05004,1,Jinasena_MasterData_Stock.product_template_main_bearing_housing,TEM190-05004,,0.0,0.0,0.0,,,,
product_product_id_136741,TEM190-05110,1,Jinasena_MasterData_Stock.product_template_oil_seal_crank_shaft,TEM190-05110,,0.0,0.0,0.0,,,,
product_product_id_137939,TESTCODE123,1,Jinasena_MasterData_Stock.product_template_probe_product_abc,TESTBAR123,,0.0,0.0,0.0,,,,
product_product_id_137990,TESTTestProduct101B753A4,1,Jinasena_MasterData_Stock.product_template_test_test_product_1_01b753a4,TESTTestProduct101B753A4,,0.0,0.0,0.0,,,,
product_product_id_137986,TESTTestProduct10218BCDC,1,Jinasena_MasterData_Stock.product_template_test_test_product_1_0218bcdc,TESTTestProduct10218BCDC,,0.0,0.0,0.0,,,,
product_product_id_137994,TESTTestProduct1030C9C60,1,Jinasena_MasterData_Stock.product_template_test_test_product_1_030c9c60,TESTTestProduct1030C9C60,,0.0,0.0,0.0,,,,
product_product_id_137992,TESTTestProduct1062D20AC,1,Jinasena_MasterData_Stock.product_template_test_test_product_1_062d20ac,TESTTestProduct1062D20AC,,0.0,0.0,0.0,,,,
product_product_id_137950,TESTTestProduct10E5B9827,1,Jinasena_MasterData_Stock.product_template_test_test_product_1_0e5b9827,TESTTestProduct10E5B9827,,0.0,0.0,0.0,,,,
product_product_id_137960,TESTTestProduct10F037A5F,1,Jinasena_MasterData_Stock.product_template_test_test_product_1_0f037a5f,TESTTestProduct10F037A5F,,0.0,0.0,0.0,,,,
product_product_id_137949,TESTTestProduct113805754,1,Jinasena_MasterData_Stock.product_template_test_test_product_1_13805754,TESTTestProduct113805754,,0.0,0.0,0.0,,,,
product_product_id_137951,TESTTestProduct11A34AF0A,1,Jinasena_MasterData_Stock.product_template_test_test_product_1_1a34af0a,TESTTestProduct11A34AF0A,,0.0,0.0,0.0,,,,
product_product_id_137943,TESTTestProduct11B200DF3,1,Jinasena_MasterData_Stock.product_template_test_test_product_1_1b200df3,TESTTestProduct11B200DF3,,0.0,0.0,0.0,,,,
product_product_id_137948,TESTTestProduct1264B64FC,1,Jinasena_MasterData_Stock.product_template_test_test_product_1_264b64fc,TESTTestProduct1264B64FC,,0.0,0.0,0.0,,,,
product_product_id_137982,TESTTestProduct132D02786,1,Jinasena_MasterData_Stock.product_template_test_test_product_1_32d02786,TESTTestProduct132D02786,,0.0,0.0,0.0,,,,
product_product_id_137972,TESTTestProduct1390699A9,1,Jinasena_MasterData_Stock.product_template_test_test_product_1_390699a9,TESTTestProduct1390699A9,,0.0,0.0,0.0,,,,
product_product_id_137946,TESTTestProduct139B9CEAC,1,Jinasena_MasterData_Stock.product_template_test_test_product_1_39b9ceac,TESTTestProduct139B9CEAC,,0.0,0.0,0.0,,,,
product_product_id_137980,TESTTestProduct13EA6AC6B,1,Jinasena_MasterData_Stock.product_template_test_test_product_1_3ea6ac6b,TESTTestProduct13EA6AC6B,,0.0,0.0,0.0,,,,
product_product_id_137954,TESTTestProduct13EB813FF,1,Jinasena_MasterData_Stock.product_template_test_test_product_1_3eb813ff,TESTTestProduct13EB813FF,,0.0,0.0,0.0,,,,
product_product_id_137984,TESTTestProduct1442417D8,1,Jinasena_MasterData_Stock.product_template_test_test_product_1_442417d8,TESTTestProduct1442417D8,,0.0,0.0,0.0,,,,
product_product_id_137970,TESTTestProduct151585217,1,Jinasena_MasterData_Stock.product_template_test_test_product_1_51585217,TESTTestProduct151585217,,0.0,0.0,0.0,,,,
product_product_id_137998,TESTTestProduct161A2CA49,1,Jinasena_MasterData_Stock.product_template_test_test_product_1_61a2ca49,TESTTestProduct161A2CA49,,0.0,0.0,0.0,,,,
product_product_id_138002,TESTTestProduct16235F875,1,Jinasena_MasterData_Stock.product_template_test_test_product_1_6235f875,TESTTestProduct16235F875,,0.0,0.0,0.0,,,,
product_product_id_137978,TESTTestProduct162502F7C,1,Jinasena_MasterData_Stock.product_template_test_test_product_1_62502f7c,TESTTestProduct162502F7C,,0.0,0.0,0.0,,,,
product_product_id_138000,TESTTestProduct166CE388C,1,Jinasena_MasterData_Stock.product_template_test_test_product_1_66ce388c,TESTTestProduct166CE388C,,0.0,0.0,0.0,,,,
product_product_id_137966,TESTTestProduct167282E82,1,Jinasena_MasterData_Stock.product_template_test_test_product_1_67282e82,TESTTestProduct167282E82,,0.0,0.0,0.0,,,,
product_product_id_137974,TESTTestProduct16D7EBF25,1,Jinasena_MasterData_Stock.product_template_test_test_product_1_6d7ebf25,TESTTestProduct16D7EBF25,,0.0,0.0,0.0,,,,
product_product_id_137956,TESTTestProduct1820C4CC3,1,Jinasena_MasterData_Stock.product_template_test_test_product_1_820c4cc3,TESTTestProduct1820C4CC3,,0.0,0.0,0.0,,,,
product_product_id_137962,TESTTestProduct1836B5388,1,Jinasena_MasterData_Stock.product_template_test_test_product_1_836b5388,TESTTestProduct1836B5388,,0.0,0.0,0.0,,,,
product_product_id_137968,TESTTestProduct186F3FDF9,1,Jinasena_MasterData_Stock.product_template_test_test_product_1_86f3fdf9,TESTTestProduct186F3FDF9,,0.0,0.0,0.0,,,,
product_product_id_137958,TESTTestProduct1936E8379,1,Jinasena_MasterData_Stock.product_template_test_test_product_1_936e8379,TESTTestProduct1936E8379,,0.0,0.0,0.0,,,,
product_product_id_137988,TESTTestProduct19BF955A2,1,Jinasena_MasterData_Stock.product_template_test_test_product_1_9bf955a2,TESTTestProduct19BF955A2,,0.0,0.0,0.0,,,,
product_product_id_137940,TESTTestProduct1A44475BE,1,Jinasena_MasterData_Stock.product_template_test_test_product_1_a44475be,TESTTestProduct1A44475BE,,0.0,0.0,0.0,,,,
product_product_id_137941,TESTTestProduct1A9542478,1,Jinasena_MasterData_Stock.product_template_test_test_product_1_a9542478,TESTTestProduct1A9542478,,0.0,0.0,0.0,,,,
product_product_id_137944,TESTTestProduct1BC63774D,1,Jinasena_MasterData_Stock.product_template_test_test_product_1_bc63774d,TESTTestProduct1BC63774D,,0.0,0.0,0.0,,,,
product_product_id_137976,TESTTestProduct1C8C0D500,1,Jinasena_MasterData_Stock.product_template_test_test_product_1_c8c0d500,TESTTestProduct1C8C0D500,,0.0,0.0,0.0,,,,
product_product_id_137945,TESTTestProduct1C92A804E,1,Jinasena_MasterData_Stock.product_template_test_test_product_1_c92a804e,TESTTestProduct1C92A804E,,0.0,0.0,0.0,,,,
product_product_id_137996,TESTTestProduct1D1C6487C,1,Jinasena_MasterData_Stock.product_template_test_test_product_1_d1c6487c,TESTTestProduct1D1C6487C,,0.0,0.0,0.0,,,,
product_product_id_137942,TESTTestProduct1E7C78304,1,Jinasena_MasterData_Stock.product_template_test_test_product_1_e7c78304,TESTTestProduct1E7C78304,,0.0,0.0,0.0,,,,
product_product_id_137964,TESTTestProduct1F9E4C493,1,Jinasena_MasterData_Stock.product_template_test_test_product_1_f9e4c493,TESTTestProduct1F9E4C493,,0.0,0.0,0.0,,,,
product_product_id_136742,TGB882-76,1,Jinasena_MasterData_Stock.product_template_pivet_pin_a6x25,TGB882-76,,0.0,0.0,0.0,,,,
product_product_id_136743,TGB893-50,1,Jinasena_MasterData_Stock.product_template_circlip_mm50,TGB893-50,,0.0,0.0,0.0,,,,
product_product_id_136744,TGB91-76/15,1,Jinasena_MasterData_Stock.product_template_spit_pin,TGB91-76/15,,0.0,0.0,0.0,,,,
product_product_id_136755,TH-CWR,1,Jinasena_MasterData_Stock.product_template_conner_weeder_required,TH-CWR,,0.0,0.0,0.0,,,,
product_product_id_136756,TH-FMTHM,1,Jinasena_MasterData_Stock.product_template_finger_millet_threshing_de_husking_machi,TH-FMTHM,,0.0,0.0,0.0,,,,
product_product_id_136762,TH-GNPR,1,Jinasena_MasterData_Stock.product_template_ground_nut_pot_remover,TH-GNPR,,0.0,0.0,0.0,,,,
product_product_id_136745,TH1-20,1,Jinasena_MasterData_Stock.product_template_th1_thresher_with_ey_20_engine,TH1-20,,0.0,0.0,0.0,,,,
product_product_id_136746,TH1-20WE,1,Jinasena_MasterData_Stock.product_template_th1_thresher_without_engine,TH1-20WE,,0.0,0.0,0.0,,,,
product_product_id_136747,TH1-LJ20,1,Jinasena_MasterData_Stock.product_template_th1_thresher_with_lj_20_engine_lihiniya,TH1-LJ20,,0.0,0.0,0.0,,,,
product_product_id_136748,TH1-MB,1,Jinasena_MasterData_Stock.product_template_mobile_thresher_coupled_to_th_1,TH1-MB,,0.0,0.0,0.0,,,,
product_product_id_136749,TH1-T,1,Jinasena_MasterData_Stock.product_template_thresher_th1_t_couple_to_tractor,TH1-T,,0.0,0.0,0.0,,,,
product_product_id_136750,TH2-T,1,Jinasena_MasterData_Stock.product_template_thresher_th2_t_couple_to_tractor,TH2-T,,0.0,0.0,0.0,,,,
product_product_id_136751,TH3-T,1,Jinasena_MasterData_Stock.product_template_thresher_th3_t_tractor_couple,TH3-T,,0.0,0.0,0.0,,,,
product_product_id_136752,TH7-20,1,Jinasena_MasterData_Stock.product_template_th7_thresher_with_ey20_engine,TH7-20,,0.0,0.0,0.0,,,,
product_product_id_136753,TH7-20WE,1,Jinasena_MasterData_Stock.product_template_th7_thresher_without_engine,TH7-20WE,,0.0,0.0,0.0,,,,
product_product_id_136754,TH7-LJ20,1,Jinasena_MasterData_Stock.product_template_th7_thresher_with_lj_20_engine_lihiniya,TH7-LJ20,,0.0,0.0,0.0,,,,
product_product_id_136759,THG-401-66,1,Jinasena_MasterData_Stock.product_template_fan_belt_10x7x900_333686,THG-401-66,,0.0,0.0,0.0,,,,
product_product_id_136757,THG20-35-7,1,Jinasena_MasterData_Stock.product_template_oil_seal_20x35x7,THG20-35-7,,0.0,0.0,0.0,,,,
product_product_id_136758,THG35-56-12,1,Jinasena_MasterData_Stock.product_template_oil_seal_35x56x12,THG35-56-12,,0.0,0.0,0.0,,,,
product_product_id_136760,THG4-06003,1,Jinasena_MasterData_Stock.product_template_o_ring_20x2_4,THG4-06003,,0.0,0.0,0.0,,,,
product_product_id_136761,THG45-62-12,1,Jinasena_MasterData_Stock.product_template_oil_seal_crankshaft,THG45-62-12,,0.0,0.0,0.0,,,,
product_product_id_136763,TJM185N-02301,1,Jinasena_MasterData_Stock.product_template_cover,TJM185N-02301,,0.0,0.0,0.0,,,,
product_product_id_136764,TPD25X45X10,1,Jinasena_MasterData_Stock.product_template_oil_seal_25x45x10,TPD25X45X10,,0.0,0.0,0.0,,,,
product_product_id_136765,TR JMC16,1,Jinasena_MasterData_Stock.product_template_trailer_for_jmc16d,TR JMC16,,0.0,0.0,0.0,,,,
product_product_id_136766,TR175-01006,1,Jinasena_MasterData_Stock.product_template_cylinder_liner_o_ring_333693,TR175-01006,,0.0,0.0,0.0,,,,
product_product_id_136767,TR175-01014,1,Jinasena_MasterData_Stock.product_template_injection_pump_gascket,TR175-01014,,0.0,0.0,0.0,,,,
product_product_id_136768,TR175-14100,1,Jinasena_MasterData_Stock.product_template_needle_valve,TR175-14100,,0.0,0.0,0.0,,,,
product_product_id_136769,TR175-400321,1,Jinasena_MasterData_Stock.product_template_ring_set_333696,TR175-400321,,0.0,0.0,0.0,,,,
product_product_id_136770,TR185-01024,1,Jinasena_MasterData_Stock.product_template_pad_bottom_cover,TR185-01024,,0.0,0.0,0.0,,,,
product_product_id_136771,TR185-01102,1,Jinasena_MasterData_Stock.product_template_pad_breather,TR185-01102,,0.0,0.0,0.0,,,,
product_product_id_136772,TR185-04004,1,Jinasena_MasterData_Stock.product_template_retainer_piston_pin,TR185-04004,,0.0,0.0,0.0,,,,
product_product_id_136773,TR185-05003,1,Jinasena_MasterData_Stock.product_template_thrust_washer_333700,TR185-05003,,0.0,0.0,0.0,,,,
product_product_id_136774,TR185-05005,1,Jinasena_MasterData_Stock.product_template_crank_shaft_333701,TR185-05005,,0.0,0.0,0.0,,,,
product_product_id_136775,TR185-05110,1,Jinasena_MasterData_Stock.product_template_oil_seal_crank_shaft_333702,TR185-05110,,0.0,0.0,0.0,,,,
product_product_id_136776,TR185-09200,1,Jinasena_MasterData_Stock.product_template_oil_indicator_bulb,TR185-09200,,0.0,0.0,0.0,,,,
product_product_id_136777,TR185-THG401,1,Jinasena_MasterData_Stock.product_template_fan_belt_10x7x900,TR185-THG401,,0.0,0.0,0.0,,,,
product_product_id_136778,TRL-35-LP,1,Jinasena_MasterData_Stock.product_template_agrimec_tipping_trailer4w_3_5t_trl_35,TRL-35-LP,,0.0,0.0,0.0,,,,
product_product_id_136791,TRM-2T,1,Jinasena_MasterData_Stock.product_template_trailer_for_a_two_wheel_tractor_with_a_l,TRM-2T,,0.0,0.0,0.0,,,,
product_product_id_136792,TRM-4TSA,1,Jinasena_MasterData_Stock.product_template_4_tons_capacity_single_axel_heavy_duty_t,TRM-4TSA,,0.0,0.0,0.0,,,,
product_product_id_136779,TRM15EH,1,Jinasena_MasterData_Stock.product_template_covered_metal_trailer_1_5t_hyd_b,TRM15EH,,0.0,0.0,0.0,,,,
product_product_id_136780,TRM15EM,1,Jinasena_MasterData_Stock.product_template_covered_metal_trailer_1_5t_mech,TRM15EM,,0.0,0.0,0.0,,,,
product_product_id_136781,TRM15H,1,Jinasena_MasterData_Stock.product_template_open_metal_trailer_1_5t_hyd_brak,TRM15H,,0.0,0.0,0.0,,,,
product_product_id_136782,TRM15M,1,Jinasena_MasterData_Stock.product_template_open_metal_trailer_1_5t_mech_bra,TRM15M,,0.0,0.0,0.0,,,,
product_product_id_136783,TRM15RH,1,Jinasena_MasterData_Stock.product_template_open_metal_tr_1_5t_hyd_b_op_roof,TRM15RH,,0.0,0.0,0.0,,,,
product_product_id_136784,TRM15RM,1,Jinasena_MasterData_Stock.product_template_open_metaltr_1_5t_mech_b_op_roof,TRM15RM,,0.0,0.0,0.0,,,,
product_product_id_136785,TRM20EH,1,Jinasena_MasterData_Stock.product_template_covered_metal_trailer_2_0t_hyd_b,TRM20EH,,0.0,0.0,0.0,,,,
product_product_id_136786,TRM20EM,1,Jinasena_MasterData_Stock.product_template_covered_metal_trailer_2_0t_12hp,TRM20EM,,0.0,0.0,0.0,,,,
product_product_id_136787,TRM20H,1,Jinasena_MasterData_Stock.product_template_open_metal_trailer_2_0t_hyd_brak,TRM20H,,0.0,0.0,0.0,,,,
product_product_id_136788,TRM20M,1,Jinasena_MasterData_Stock.product_template_open_metal_trailer_2_0t_12hp,TRM20M,,0.0,0.0,0.0,,,,
product_product_id_136789,TRM20RH,1,Jinasena_MasterData_Stock.product_template_open_metal_tr_2t_hyd_b_op_roof,TRM20RH,,0.0,0.0,0.0,,,,
product_product_id_136790,TRM20RM,1,Jinasena_MasterData_Stock.product_template_open_metal_tr_2t_mech_b_op_roof,TRM20RM,,0.0,0.0,0.0,,,,
product_product_id_136793,TRW15H,1,Jinasena_MasterData_Stock.product_template_open_wooden_trailer_1_5t_hyd_bra,TRW15H,,0.0,0.0,0.0,,,,
product_product_id_136794,TRW15M,1,Jinasena_MasterData_Stock.product_template_open_wooden_trailer_1_5t_mech_br,TRW15M,,0.0,0.0,0.0,,,,
product_product_id_136795,TS185-03400,1,Jinasena_MasterData_Stock.product_template_draining_valve,TS185-03400,,0.0,0.0,0.0,,,,
product_product_id_136796,TU4-3,1,Jinasena_MasterData_Stock.product_template_nozzle_assy,TU4-3,,0.0,0.0,0.0,,,,
product_product_id_136797,TX170F-03303,1,Jinasena_MasterData_Stock.product_template_decompression_lever_spring,TX170F-03303,,0.0,0.0,0.0,,,,
product_product_id_136798,TX170F-04015,1,Jinasena_MasterData_Stock.product_template_connecting_rod_bushing,TX170F-04015,,0.0,0.0,0.0,,,,
product_product_id_136799,TX170F-07100,1,Jinasena_MasterData_Stock.product_template_air_cleaner_element_jet5,TX170F-07100,,0.0,0.0,0.0,,,,
product_product_id_136800,TX170F-10420,1,Jinasena_MasterData_Stock.product_template_fuel_filter_element_jet_5,TX170F-10420,,0.0,0.0,0.0,,,,
product_product_id_136801,TZ175F-01002,1,Jinasena_MasterData_Stock.product_template_rear_cover_gasket,TZ175F-01002,,0.0,0.0,0.0,,,,
product_product_id_136802,TZ175F-01004,1,Jinasena_MasterData_Stock.product_template_eye_nut,TZ175F-01004,,0.0,0.0,0.0,,,,
product_product_id_136803,TZ175F-01007,1,Jinasena_MasterData_Stock.product_template_std_cylinder_liner,TZ175F-01007,,0.0,0.0,0.0,,,,
product_product_id_136804,TZ175F-01010,1,Jinasena_MasterData_Stock.product_template_cylinder_head_gasckt,TZ175F-01010,,0.0,0.0,0.0,,,,
product_product_id_136805,TZ175F-01200,1,Jinasena_MasterData_Stock.product_template_starting_cover_gascket,TZ175F-01200,,0.0,0.0,0.0,,,,
product_product_id_136806,TZ175F-012001,1,Jinasena_MasterData_Stock.product_template_starting_cover,TZ175F-012001,,0.0,0.0,0.0,,,,
product_product_id_136807,TZ175F-01202,1,Jinasena_MasterData_Stock.product_template_starting_gear,TZ175F-01202,,0.0,0.0,0.0,,,,
product_product_id_136808,TZ175F-01204,1,Jinasena_MasterData_Stock.product_template_starting_gear_bushing,TZ175F-01204,,0.0,0.0,0.0,,,,
product_product_id_136809,TZ175F-02002,1,Jinasena_MasterData_Stock.product_template_top_wing_guid,TZ175F-02002,,0.0,0.0,0.0,,,,
product_product_id_136810,TZ175F-02004,1,Jinasena_MasterData_Stock.product_template_bottom_wingd_guide,TZ175F-02004,,0.0,0.0,0.0,,,,
product_product_id_136811,TZ175F-03003,1,Jinasena_MasterData_Stock.product_template_cylinder_head_cover_gascket,TZ175F-03003,,0.0,0.0,0.0,,,,
product_product_id_136812,TZ175F-03004,1,Jinasena_MasterData_Stock.product_template_decom_lever_shaft,TZ175F-03004,,0.0,0.0,0.0,,,,
product_product_id_136813,TZ175F-03007,1,Jinasena_MasterData_Stock.product_template_valve_cllet,TZ175F-03007,,0.0,0.0,0.0,,,,
product_product_id_136814,TZ175F-03011,1,Jinasena_MasterData_Stock.product_template_gascket,TZ175F-03011,,0.0,0.0,0.0,,,,
product_product_id_136815,TZ175F-03102,1,Jinasena_MasterData_Stock.product_template_valve_guide,TZ175F-03102,,0.0,0.0,0.0,,,,
product_product_id_136816,TZ175F-03203,1,Jinasena_MasterData_Stock.product_template_rocker_arm_shaft,TZ175F-03203,,0.0,0.0,0.0,,,,
product_product_id_136817,TZ175F-03212,1,Jinasena_MasterData_Stock.product_template_exhaust_valve_rocker_arm,TZ175F-03212,,0.0,0.0,0.0,,,,
product_product_id_136818,TZ175F-03222,1,Jinasena_MasterData_Stock.product_template_inlet_valve_rocker_arm,TZ175F-03222,,0.0,0.0,0.0,,,,
product_product_id_136819,TZ175F-03302,1,Jinasena_MasterData_Stock.product_template_decompressure_leaver,TZ175F-03302,,0.0,0.0,0.0,,,,
product_product_id_136820,TZ175F-040013,1,Jinasena_MasterData_Stock.product_template_piston_jet_5_25mm,TZ175F-040013,,0.0,0.0,0.0,,,,
product_product_id_136821,TZ175F-04007,1,Jinasena_MasterData_Stock.product_template_connecting_rod_bolt_lock_ptate,TZ175F-04007,,0.0,0.0,0.0,,,,
product_product_id_136822,TZ175F-04008,1,Jinasena_MasterData_Stock.product_template_connecting_rod_bearing_shell,TZ175F-04008,,0.0,0.0,0.0,,,,
product_product_id_136823,TZ175F-040235,1,Jinasena_MasterData_Stock.product_template_ring_set_25mm_jet_5,TZ175F-040235,,0.0,0.0,0.0,,,,
product_product_id_136824,TZ175F-04105,1,Jinasena_MasterData_Stock.product_template_shell_bearing_jet_5_25mm,TZ175F-04105,,0.0,0.0,0.0,,,,
product_product_id_136825,TZ175F-05004,1,Jinasena_MasterData_Stock.product_template_std_crank_shaft,TZ175F-05004,,0.0,0.0,0.0,,,,
product_product_id_136826,TZ175F-05006,1,Jinasena_MasterData_Stock.product_template_gascket_333753,TZ175F-05006,,0.0,0.0,0.0,,,,
product_product_id_136827,TZ175F-05008,1,Jinasena_MasterData_Stock.product_template_oil_slinger,TZ175F-05008,,0.0,0.0,0.0,,,,
product_product_id_136828,TZ175F-05011,1,Jinasena_MasterData_Stock.product_template_gascket_40x62x12,TZ175F-05011,,0.0,0.0,0.0,,,,
product_product_id_136829,TZ175F-06001,1,Jinasena_MasterData_Stock.product_template_cam_shaft,TZ175F-06001,,0.0,0.0,0.0,,,,
product_product_id_136830,TZ175F-06003,1,Jinasena_MasterData_Stock.product_template_oil_sealring20x2_4,TZ175F-06003,,0.0,0.0,0.0,,,,
product_product_id_136831,TZ175F-09304,1,Jinasena_MasterData_Stock.product_template_compl_silencer_assy,TZ175F-09304,,0.0,0.0,0.0,,,,
product_product_id_136832,TZ175F-11001,1,Jinasena_MasterData_Stock.product_template_governer_spring,TZ175F-11001,,0.0,0.0,0.0,,,,
product_product_id_136833,TZ175F-11301,1,Jinasena_MasterData_Stock.product_template_speed_control_handle,TZ175F-11301,,0.0,0.0,0.0,,,,
product_product_id_136834,TZ175F-11408,1,Jinasena_MasterData_Stock.product_template_fuel_injection_pump_jet5,TZ175F-11408,,0.0,0.0,0.0,,,,
product_product_id_136835,TZ175F-141012,1,Jinasena_MasterData_Stock.product_template_nozzle_body_jet_5,TZ175F-141012,,0.0,0.0,0.0,,,,
product_product_id_136836,TZ175F-14200,1,Jinasena_MasterData_Stock.product_template_needle_valve_jet_5,TZ175F-14200,,0.0,0.0,0.0,,,,
product_product_id_136837,WB-400L-LP,1,Jinasena_MasterData_Stock.product_template_agrimec_water_bowser_4000lts,WB-400L-LP,,0.0,0.0,0.0,,,,
product_product_id_136838,WH GT-3A,1,Jinasena_MasterData_Stock.product_template_gt_3a_weeder_blades,WH GT-3A,,0.0,0.0,0.0,,,,
product_product_id_136839,WH GT-3B,1,Jinasena_MasterData_Stock.product_template_gt_3b_weeder_blade,WH GT-3B,,0.0,0.0,0.0,,,,
product_product_id_136840,WST 01,1,Jinasena_MasterData_Stock.product_template_wood_stove_single_stage,WST 01,,0.0,0.0,0.0,,,,
product_product_id_136841,ZS1100-0001,1,Jinasena_MasterData_Stock.product_template_oil_bulb,ZS1100-0001,,0.0,0.0,0.0,,,,
product_product_id_136842,ZS1100-0002,1,Jinasena_MasterData_Stock.product_template_cylinder_head_gascket,ZS1100-0002,,0.0,0.0,0.0,,,,
product_product_id_136843,ZS1100-0003,1,Jinasena_MasterData_Stock.product_template_air_cleaner_assy_zs1100,ZS1100-0003,,0.0,0.0,0.0,,,,
product_product_id_136844,ZS1100-0004,1,Jinasena_MasterData_Stock.product_template_floter_unit,ZS1100-0004,,0.0,0.0,0.0,,,,
product_product_id_136845,ZS1100-0005,1,Jinasena_MasterData_Stock.product_template_silencer_compleate,ZS1100-0005,,0.0,0.0,0.0,,,,
product_product_id_136846,ZS1100-0006,1,Jinasena_MasterData_Stock.product_template_silencer_gascket,ZS1100-0006,,0.0,0.0,0.0,,,,
product_product_id_136847,ZS1100-0007,1,Jinasena_MasterData_Stock.product_template_drain_cock,ZS1100-0007,,0.0,0.0,0.0,,,,
product_product_id_136848,ZS1100-0010,1,Jinasena_MasterData_Stock.product_template_tappet_cover,ZS1100-0010,,0.0,0.0,0.0,,,,
product_product_id_136849,ZS1100-0011,1,Jinasena_MasterData_Stock.product_template_tappet_cover_gasket,ZS1100-0011,,0.0,0.0,0.0,,,,
product_product_id_136850,ZS1100-0012,1,Jinasena_MasterData_Stock.product_template_de_com_liver,ZS1100-0012,,0.0,0.0,0.0,,,,
product_product_id_136851,ZS1100-0013,1,Jinasena_MasterData_Stock.product_template_de_com_spring,ZS1100-0013,,0.0,0.0,0.0,,,,
product_product_id_136852,ZS1100-0014,1,Jinasena_MasterData_Stock.product_template_de_com_arm,ZS1100-0014,,0.0,0.0,0.0,,,,
product_product_id_136853,ZS1100-0015,1,Jinasena_MasterData_Stock.product_template_silencer_gasket_333780,ZS1100-0015,,0.0,0.0,0.0,,,,
product_product_id_136854,ZS1100-0016,1,Jinasena_MasterData_Stock.product_template_dip_stick,ZS1100-0016,,0.0,0.0,0.0,,,,
product_product_id_136855,ZS1100-0018,1,Jinasena_MasterData_Stock.product_template_timing_cover,ZS1100-0018,,0.0,0.0,0.0,,,,
product_product_id_136856,ZS1100-0019,1,Jinasena_MasterData_Stock.product_template_oil_sump,ZS1100-0019,,0.0,0.0,0.0,,,,
product_product_id_136857,ZS1100-0020,1,Jinasena_MasterData_Stock.product_template_timing_governor_gasket,ZS1100-0020,,0.0,0.0,0.0,,,,
product_product_id_136858,ZS1100-0021,1,Jinasena_MasterData_Stock.product_template_st_seal,ZS1100-0021,,0.0,0.0,0.0,,,,
product_product_id_136859,ZS1100-0022,1,Jinasena_MasterData_Stock.product_template_packing_set_333786,ZS1100-0022,,0.0,0.0,0.0,,,,
product_product_id_136860,ZS1100-0023,1,Jinasena_MasterData_Stock.product_template_silencer_bend,ZS1100-0023,,0.0,0.0,0.0,,,,
product_product_id_136861,ZS1100-0024,1,Jinasena_MasterData_Stock.product_template_air_cleaner_bend,ZS1100-0024,,0.0,0.0,0.0,,,,
product_product_id_136862,ZS1100-0025,1,Jinasena_MasterData_Stock.product_template_air_cleaner_element_333789,ZS1100-0025,,0.0,0.0,0.0,,,,
product_product_id_136863,ZS1100-0026,1,Jinasena_MasterData_Stock.product_template_radiator_packing,ZS1100-0026,,0.0,0.0,0.0,,,,
product_product_id_136864,ZS1100-0027,1,Jinasena_MasterData_Stock.product_template_piston_333791,ZS1100-0027,,0.0,0.0,0.0,,,,
product_product_id_136865,ZS1100-0028,1,Jinasena_MasterData_Stock.product_template_ring_set_333792,ZS1100-0028,,0.0,0.0,0.0,,,,
product_product_id_136866,ZS1100-0029,1,Jinasena_MasterData_Stock.product_template_sleeve,ZS1100-0029,,0.0,0.0,0.0,,,,
product_product_id_136867,ZS1100-0030,1,Jinasena_MasterData_Stock.product_template_sleeve_o_ring,ZS1100-0030,,0.0,0.0,0.0,,,,
product_product_id_136868,ZS1100-0031,1,Jinasena_MasterData_Stock.product_template_con_rod_bearing,ZS1100-0031,,0.0,0.0,0.0,,,,
product_product_id_136869,ZS1100-0032,1,Jinasena_MasterData_Stock.product_template_oil_pump,ZS1100-0032,,0.0,0.0,0.0,,,,
product_product_id_136870,ZS1100-0033,1,Jinasena_MasterData_Stock.product_template_piston_pin_gudgeon_pin,ZS1100-0033,,0.0,0.0,0.0,,,,
product_product_id_136871,ZS1100-0034,1,Jinasena_MasterData_Stock.product_template_retainer,ZS1100-0034,,0.0,0.0,0.0,,,,
product_product_id_136872,ZS1100-0035,1,Jinasena_MasterData_Stock.product_template_gudgeon_pin_bush,ZS1100-0035,,0.0,0.0,0.0,,,,
product_product_id_136873,ZS1100-0036,1,Jinasena_MasterData_Stock.product_template_main_bearing_bush_025,ZS1100-0036,,0.0,0.0,0.0,,,,
product_product_id_136874,ZS1100-0037,1,Jinasena_MasterData_Stock.product_template_injector_nozel,ZS1100-0037,,0.0,0.0,0.0,,,,
product_product_id_136875,ZS1100-0038,1,Jinasena_MasterData_Stock.product_template_valve_set_ex_in,ZS1100-0038,,0.0,0.0,0.0,,,,
product_product_id_136876,ZS1100-0039,1,Jinasena_MasterData_Stock.product_template_diesel_filter,ZS1100-0039,,0.0,0.0,0.0,,,,
product_product_id_136877,ZS1100-0040,1,Jinasena_MasterData_Stock.product_template_crank_oil_seal,ZS1100-0040,,0.0,0.0,0.0,,,,
product_product_id_136878,ZS1100-0041,1,Jinasena_MasterData_Stock.product_template_starting_shaft_oil_seal,ZS1100-0041,,0.0,0.0,0.0,,,,
product_product_id_136879,ZS1100-0042,1,Jinasena_MasterData_Stock.product_template_crank_shaft_zs1100,ZS1100-0042,,0.0,0.0,0.0,,,,
product_product_id_136880,ZS1100-0043,1,Jinasena_MasterData_Stock.product_template_idler_wheel_bush,ZS1100-0043,,0.0,0.0,0.0,,,,
product_product_id_136881,ZS1100-01009,1,Jinasena_MasterData_Stock.product_template_rocker_arm_mount_assy,ZS1100-01009,,0.0,0.0,0.0,,,,
product_product_id_137923,,1,Jinasena_MasterData_Stock.product_template_auto_cable_black_32_0_20,,,0.0,0.0,1.0,,,,
product_product_id_137928,,1,Jinasena_MasterData_Stock.product_template_centric_type_pumping_unit_epc_10cj_024s_338267,,,0.0,0.0,1.0,,,,
product_product_id_137938,,1,Jinasena_MasterData_Stock.product_template_discount,,,0.0,0.0,1.0,,,,
product_product_id_137937,,1,Jinasena_MasterData_Stock.product_template_down_payment,,,0.0,0.0,1.0,,,,
product_product_id_137732,,1,Jinasena_MasterData_Stock.product_template_free_product,,,0.0,0.0,1.0,,,,
product_product_id_137733,,1,Jinasena_MasterData_Stock.product_template_gift_card,,,0.0,0.0,1.0,,,,
product_product_id_137924,,1,Jinasena_MasterData_Stock.product_template_new_inv_03,,,0.0,0.0,1.0,,,,
product_product_id_137925,,1,Jinasena_MasterData_Stock.product_template_subcontract_01,,,0.0,0.0,1.0,,,,
product_product_id_137922,,1,Jinasena_MasterData_Stock.product_template_01bp_002_paint_brush_1_2,,,0.0,0.0,1.0,,,,
