id,name,color,sequence,sequence_id/id,sequence_code,default_location_src_id/id,default_location_dest_id/id,code,warehouse_id/id,active,use_create_lots,use_existing_lots,print_label,show_operations,show_reserved,reservation_method,reservation_days_before,reservation_days_before_priority,product_label_format,lot_label_format,package_label_to_print,barcode,company_id/id,create_backorder,auto_print_done_production_order,auto_print_done_mrp_product_labels,mrp_product_label_to_print,auto_print_done_mrp_lot,done_mrp_lot_label_to_print,generated_mrp_lot_label_to_print,barcode_validation_full,restrict_put_in_pack,restrict_scan_tracking_number,restrict_scan_source_location,restrict_scan_dest_location,prefill_lot_tablet,default_remove_location_dest_id/id,default_recycle_location_dest_id/id,x_studio_mj_out,x_studio_mj_in,x_studio_movement_journal
stock_picking_type_returns,Returns,0,0,,IN,,Jinasena_MasterData_Stock.stock_location_stock,incoming,Jinasena_MasterData_Stock.stock_warehouse_br_am_warehouse_for_ampara_sales_center,1,,,,,,at_confirm,0,0,2x7xprice,4x12_lots,pdf,,base.main_company,ask,,,pdf,,pdf,pdf,1,optional,optional,no,optional,1,,,,,
stock_picking_type_movement_journals_out,Movement Journals - OUT,0,0,Jinasena_MasterData_Common.ir_sequence_raw_material_main_warehouse_rp_ek_sequen_349,MJ/OUT,Jinasena_MasterData_Stock.stock_location_stock_140,Jinasena_MasterData_Stock.stock_location_mj,outgoing,Jinasena_MasterData_Stock.stock_warehouse_raw_material_main_warehouse_rp_ek,1,,1,1,1,1,at_confirm,0,0,2x7xprice,4x12_lots,pdf,,base.main_company,ask,,,pdf,,pdf,pdf,1,optional,optional,no,optional,1,,,1,,1
stock_picking_type_consignment_wh_cg,Consignment - WH -> CG,0,0,Jinasena_MasterData_Common.ir_sequence_rc_tm_warehouse_for_colombo_sales_center_412,INT,Jinasena_MasterData_Stock.stock_location_stock_167,Jinasena_MasterData_Stock.stock_location_rc_tm_consignment_location,internal,Jinasena_MasterData_Stock.stock_warehouse_rc_tm_warehouse_for_colombo_sales_center,1,,1,,1,1,manual,0,0,2x7xprice,4x12_lots,pdf,,base.main_company,ask,,,pdf,,pdf,pdf,1,optional,optional,no,optional,1,,,,,
stock_picking_type_receipts,Receipts,3,23,,IN,,Jinasena_MasterData_Stock.stock_location_stock_76,incoming,Jinasena_MasterData_Stock.stock_warehouse_casting_warehouse_cw_cm,1,1,,,,,at_confirm,0,0,2x7xprice,4x12_lots,pdf,CW-CM-RECEIPTS,base.main_company,ask,,,pdf,,pdf,pdf,1,optional,optional,no,optional,1,,,,,
stock_picking_type_internal_transfers,Internal Transfers,3,24,,INT,Jinasena_MasterData_Stock.stock_location_stock_76,Jinasena_MasterData_Stock.stock_location_stock_76,internal,Jinasena_MasterData_Stock.stock_warehouse_casting_warehouse_cw_cm,1,,1,,1,1,at_confirm,0,0,2x7xprice,4x12_lots,pdf,CW-CM-INTERNAL,base.main_company,ask,,,pdf,,pdf,pdf,1,optional,optional,no,optional,1,,,,,
stock_picking_type_delivery_orders,Delivery Orders,3,27,,OUT,Jinasena_MasterData_Stock.stock_location_stock_76,,outgoing,Jinasena_MasterData_Stock.stock_warehouse_casting_warehouse_cw_cm,1,,1,1,1,1,at_confirm,0,0,2x7xprice,4x12_lots,pdf,CW-CM-DELIVERY,base.main_company,ask,,,pdf,,pdf,pdf,1,optional,optional,no,optional,1,,,,,
stock_picking_type_pos_orders,PoS Orders,3,27,,POS,Jinasena_MasterData_Stock.stock_location_stock_76,stock.stock_location_customers,outgoing,Jinasena_MasterData_Stock.stock_warehouse_casting_warehouse_cw_cm,1,1,1,1,1,1,at_confirm,0,0,2x7xprice,4x12_lots,pdf,,base.main_company,ask,,,pdf,,pdf,pdf,1,optional,optional,no,optional,1,,,,,
stock_picking_type_manufacturing,Manufacturing,3,30,Jinasena_MasterData_Common.ir_sequence_casting_warehouse_cw_cm_sequence_product_935,MO,Jinasena_MasterData_Stock.stock_location_stock_76,Jinasena_MasterData_Stock.stock_location_stock_76,mrp_operation,Jinasena_MasterData_Stock.stock_warehouse_casting_warehouse_cw_cm,1,1,1,,1,1,at_confirm,0,0,2x7xprice,4x12_lots,pdf,CW-CM-MANU.,base.main_company,ask,,,pdf,,pdf,pdf,1,optional,optional,no,optional,1,,,,,
stock_picking_type_receipts_82,Receipts,4,31,,IN,,Jinasena_MasterData_Stock.stock_location_stock_84,incoming,Jinasena_MasterData_Stock.stock_warehouse_main_warehouse_mw_cm,1,1,,,,,at_confirm,0,0,2x7xprice,4x12_lots,pdf,MW-CM-RECEIPTS,base.main_company,ask,,,pdf,,pdf,pdf,1,optional,optional,no,optional,1,,,,,
stock_picking_type_internal_transfers_86,Internal Transfers,4,32,,INT,Jinasena_MasterData_Stock.stock_location_stock_84,Jinasena_MasterData_Stock.stock_location_stock_84,internal,Jinasena_MasterData_Stock.stock_warehouse_main_warehouse_mw_cm,1,,1,,1,1,at_confirm,0,0,2x7xprice,4x12_lots,pdf,MW-CM-INTERNAL,base.main_company,ask,,,pdf,,pdf,pdf,1,optional,optional,no,optional,1,,,,,
stock_picking_type_delivery_orders_83,Delivery Orders,4,35,,OUT,Jinasena_MasterData_Stock.stock_location_stock_84,,outgoing,Jinasena_MasterData_Stock.stock_warehouse_main_warehouse_mw_cm,1,,1,1,1,1,at_confirm,0,0,2x7xprice,4x12_lots,pdf,MW-CM-DELIVERY,base.main_company,ask,,,pdf,,pdf,pdf,1,optional,optional,no,optional,1,,,,,
stock_picking_type_pos_orders_90,PoS Orders,4,35,,POS,Jinasena_MasterData_Stock.stock_location_stock_84,stock.stock_location_customers,outgoing,Jinasena_MasterData_Stock.stock_warehouse_main_warehouse_mw_cm,1,1,1,1,1,1,at_confirm,0,0,2x7xprice,4x12_lots,pdf,,base.main_company,ask,,,pdf,,pdf,pdf,1,optional,optional,no,optional,1,,,,,
stock_picking_type_manufacturing_89,Manufacturing,4,38,,MO,Jinasena_MasterData_Stock.stock_location_stock_84,Jinasena_MasterData_Stock.stock_location_stock_84,mrp_operation,Jinasena_MasterData_Stock.stock_warehouse_main_warehouse_mw_cm,1,1,1,,1,1,at_confirm,0,0,2x7xprice,4x12_lots,pdf,MW-CM-MANU.,base.main_company,ask,,,pdf,,pdf,pdf,1,optional,optional,no,optional,1,,,,,
stock_picking_type_receipts_91,Receipts,5,39,,IN,,Jinasena_MasterData_Stock.stock_location_stock_92,incoming,Jinasena_MasterData_Stock.stock_warehouse_oils_lubricants_warehouse_ow_ek,1,1,,,1,,at_confirm,0,0,2x7xprice,4x12_lots,pdf,OW-EK-RECEIPTS,base.main_company,ask,,,pdf,,pdf,pdf,1,optional,optional,no,optional,1,,,,,
stock_picking_type_internal_transfers_95,Internal Transfers,5,40,,INT,Jinasena_MasterData_Stock.stock_location_stock_92,Jinasena_MasterData_Stock.stock_location_stock_92,internal,Jinasena_MasterData_Stock.stock_warehouse_oils_lubricants_warehouse_ow_ek,1,,1,,1,1,at_confirm,0,0,2x7xprice,4x12_lots,pdf,OW-EK-INTERNAL,base.main_company,ask,,,pdf,,pdf,pdf,1,optional,optional,no,optional,1,,,,,
stock_picking_type_delivery_orders_92,Delivery Orders,5,43,,OUT,Jinasena_MasterData_Stock.stock_location_stock_92,,outgoing,Jinasena_MasterData_Stock.stock_warehouse_oils_lubricants_warehouse_ow_ek,1,,1,1,1,1,at_confirm,0,0,2x7xprice,4x12_lots,pdf,OW-EK-DELIVERY,base.main_company,ask,,,pdf,,pdf,pdf,1,optional,optional,no,optional,1,,,,,
stock_picking_type_pos_orders_99,PoS Orders,5,43,,POS,Jinasena_MasterData_Stock.stock_location_stock_92,stock.stock_location_customers,outgoing,Jinasena_MasterData_Stock.stock_warehouse_oils_lubricants_warehouse_ow_ek,1,1,1,1,1,1,at_confirm,0,0,2x7xprice,4x12_lots,pdf,,base.main_company,ask,,,pdf,,pdf,pdf,1,optional,optional,no,optional,1,,,,,
stock_picking_type_manufacturing_98,Manufacturing,5,46,,MO,Jinasena_MasterData_Stock.stock_location_stock_92,Jinasena_MasterData_Stock.stock_location_stock_92,mrp_operation,Jinasena_MasterData_Stock.stock_warehouse_oils_lubricants_warehouse_ow_ek,1,1,1,,1,1,at_confirm,0,0,2x7xprice,4x12_lots,pdf,,base.main_company,ask,,,pdf,,pdf,pdf,1,optional,optional,no,optional,1,,,,,
stock_picking_type_receipts_100,Receipts,6,47,,IN,,Jinasena_MasterData_Stock.stock_location_stock_100,incoming,Jinasena_MasterData_Stock.stock_warehouse_retail_sales_counter_sp_sp_rc,1,1,,,1,,at_confirm,0,0,2x7xprice,4x12_lots,pdf,SP-RC-RECEIPTS,base.main_company,ask,,,pdf,,pdf,pdf,1,optional,optional,no,optional,1,,,,,
stock_picking_type_internal_transfers_104,Internal Transfers,6,48,,INT,Jinasena_MasterData_Stock.stock_location_stock_100,Jinasena_MasterData_Stock.stock_location_stock_92,internal,Jinasena_MasterData_Stock.stock_warehouse_retail_sales_counter_sp_sp_rc,1,,1,,1,1,at_confirm,0,0,2x7xprice,4x12_lots,pdf,SP-RC-INTERNAL,base.main_company,ask,,,pdf,,pdf,pdf,1,optional,optional,no,optional,1,,,,,
stock_picking_type_delivery_orders_101,Delivery Orders,6,51,,OUT,Jinasena_MasterData_Stock.stock_location_stock_100,,outgoing,Jinasena_MasterData_Stock.stock_warehouse_retail_sales_counter_sp_sp_rc,1,,1,1,1,1,at_confirm,0,0,2x7xprice,4x12_lots,pdf,SP-RC-DELIVERY,base.main_company,ask,,,pdf,,pdf,pdf,1,optional,optional,no,optional,1,,,,,
stock_picking_type_pos_orders_108,PoS Orders,6,51,,POS,Jinasena_MasterData_Stock.stock_location_stock_100,stock.stock_location_customers,outgoing,Jinasena_MasterData_Stock.stock_warehouse_retail_sales_counter_sp_sp_rc,1,1,1,1,1,1,at_confirm,0,0,2x7xprice,4x12_lots,pdf,,base.main_company,ask,,,pdf,,pdf,pdf,1,optional,optional,no,optional,1,,,,,
stock_picking_type_manufacturing_107,Manufacturing,6,54,,MO,Jinasena_MasterData_Stock.stock_location_stock_100,Jinasena_MasterData_Stock.stock_location_stock_100,mrp_operation,Jinasena_MasterData_Stock.stock_warehouse_retail_sales_counter_sp_sp_rc,1,1,1,,1,1,at_confirm,0,0,2x7xprice,4x12_lots,pdf,,base.main_company,ask,,,pdf,,pdf,pdf,1,optional,optional,no,optional,1,,,,,
stock_picking_type_receipts_118,Receipts,8,63,,IN,,Jinasena_MasterData_Stock.stock_location_stock_116,incoming,Jinasena_MasterData_Stock.stock_warehouse_production_warehouse_pw_je,1,1,,,1,,at_confirm,0,0,2x7xprice,4x12_lots,pdf,PW-JE-RECEIPTS,base.main_company,ask,,,pdf,,pdf,pdf,1,optional,optional,no,optional,1,,,,,
stock_picking_type_internal_transfers_122,Internal Transfers,8,64,,INT,Jinasena_MasterData_Stock.stock_location_stock_116,Jinasena_MasterData_Stock.stock_location_stock_116,internal,Jinasena_MasterData_Stock.stock_warehouse_production_warehouse_pw_je,1,,1,,1,1,at_confirm,0,0,2x7xprice,4x12_lots,pdf,PW-JE-INTERNAL,base.main_company,ask,,,pdf,,pdf,pdf,1,optional,optional,no,optional,1,,,,,
stock_picking_type_delivery_orders_119,Delivery Orders,8,67,,OUT,Jinasena_MasterData_Stock.stock_location_stock_116,,outgoing,Jinasena_MasterData_Stock.stock_warehouse_production_warehouse_pw_je,1,,1,1,1,1,at_confirm,0,0,2x7xprice,4x12_lots,pdf,PW-JE-DELIVERY,base.main_company,ask,,,pdf,,pdf,pdf,1,optional,optional,no,optional,1,,,,,
stock_picking_type_pos_orders_126,PoS Orders,8,67,,POS,Jinasena_MasterData_Stock.stock_location_stock_116,stock.stock_location_customers,outgoing,Jinasena_MasterData_Stock.stock_warehouse_production_warehouse_pw_je,1,1,1,1,1,1,at_confirm,0,0,2x7xprice,4x12_lots,pdf,,base.main_company,ask,,,pdf,,pdf,pdf,1,optional,optional,no,optional,1,,,,,
stock_picking_type_manufacturing_125,Manufacturing,8,70,Jinasena_MasterData_Common.ir_sequence_production_warehouse_pw_je_sequence_prod,MO,Jinasena_MasterData_Stock.stock_location_stock_116,Jinasena_MasterData_Stock.stock_location_stock_116,mrp_operation,Jinasena_MasterData_Stock.stock_warehouse_production_warehouse_pw_je,1,1,1,,1,1,at_confirm,0,0,2x7xprice,4x12_lots,pdf,PW-JE-MANU.,base.main_company,ask,,,pdf,,pdf,pdf,1,optional,optional,no,optional,1,,,,,
stock_picking_type_receipts_127,Receipts,9,71,,IN,,Jinasena_MasterData_Stock.stock_location_stock_124,incoming,Jinasena_MasterData_Stock.stock_warehouse_production_warehouse_pw_mw,1,1,,,1,,at_confirm,0,0,2x7xprice,4x12_lots,pdf,PW-MW-RECEIPTS,base.main_company,ask,,,pdf,,pdf,pdf,1,optional,optional,no,optional,1,,,,,
stock_picking_type_internal_transfers_131,Internal Transfers,9,72,,INT,Jinasena_MasterData_Stock.stock_location_stock_124,Jinasena_MasterData_Stock.stock_location_stock_124,internal,Jinasena_MasterData_Stock.stock_warehouse_production_warehouse_pw_mw,1,,1,,1,1,at_confirm,0,0,2x7xprice,4x12_lots,pdf,PW-MW-INTERNAL,base.main_company,ask,,,pdf,,pdf,pdf,1,optional,optional,no,optional,1,,,,,
stock_picking_type_delivery_orders_128,Delivery Orders,9,75,,OUT,Jinasena_MasterData_Stock.stock_location_stock_124,,outgoing,Jinasena_MasterData_Stock.stock_warehouse_production_warehouse_pw_mw,1,,1,1,1,1,at_confirm,0,0,2x7xprice,4x12_lots,pdf,PW-MW-DELIVERY,base.main_company,ask,,,pdf,,pdf,pdf,1,optional,optional,no,optional,1,,,,,
stock_picking_type_pos_orders_135,PoS Orders,9,75,,POS,Jinasena_MasterData_Stock.stock_location_stock_124,stock.stock_location_customers,outgoing,Jinasena_MasterData_Stock.stock_warehouse_production_warehouse_pw_mw,1,1,1,1,1,1,at_confirm,0,0,2x7xprice,4x12_lots,pdf,,base.main_company,ask,,,pdf,,pdf,pdf,1,optional,optional,no,optional,1,,,,,
stock_picking_type_manufacturing_134,Manufacturing,9,78,,MO,Jinasena_MasterData_Stock.stock_location_stock_124,Jinasena_MasterData_Stock.stock_location_stock_124,mrp_operation,Jinasena_MasterData_Stock.stock_warehouse_production_warehouse_pw_mw,1,1,1,,1,1,at_confirm,0,0,2x7xprice,4x12_lots,pdf,PW-MW-MANU.,base.main_company,ask,,,pdf,,pdf,pdf,1,optional,optional,no,optional,1,,,,,
stock_picking_type_receipts_136,Receipts,0,79,,IN,,Jinasena_MasterData_Stock.stock_location_stock_132,incoming,Jinasena_MasterData_Stock.stock_warehouse_production_warehouse_pw_e1,1,,1,,,,at_confirm,0,0,2x7xprice,4x12_lots,pdf,PW-E1-RECEIPTS,base.main_company,ask,,,pdf,,pdf,pdf,1,optional,optional,no,optional,1,,,,,
stock_picking_type_internal_transfers_140,Internal Transfers,0,80,,INT,Jinasena_MasterData_Stock.stock_location_stock_132,Jinasena_MasterData_Stock.stock_location_stock_132,internal,Jinasena_MasterData_Stock.stock_warehouse_production_warehouse_pw_e1,1,,1,,1,1,at_confirm,0,0,2x7xprice,4x12_lots,pdf,PW-E1-INTERNAL,base.main_company,ask,,,pdf,,pdf,pdf,1,optional,optional,no,optional,1,,,,,
stock_picking_type_delivery_orders_137,Delivery Orders,0,83,,OUT,Jinasena_MasterData_Stock.stock_location_stock_132,,outgoing,Jinasena_MasterData_Stock.stock_warehouse_production_warehouse_pw_e1,1,,1,1,1,1,at_confirm,0,0,2x7xprice,4x12_lots,pdf,PW-E1-DELIVERY,base.main_company,ask,,,pdf,,pdf,pdf,1,optional,optional,no,optional,1,,,,,
stock_picking_type_pos_orders_144,PoS Orders,0,83,,POS,Jinasena_MasterData_Stock.stock_location_stock_132,stock.stock_location_customers,outgoing,Jinasena_MasterData_Stock.stock_warehouse_production_warehouse_pw_e1,1,1,1,1,1,1,at_confirm,0,0,2x7xprice,4x12_lots,pdf,,base.main_company,ask,,,pdf,,pdf,pdf,1,optional,optional,no,optional,1,,,,,
stock_picking_type_manufacturing_143,Manufacturing,0,86,,MO,Jinasena_MasterData_Stock.stock_location_stock_76,Jinasena_MasterData_Stock.stock_location_stock_132,mrp_operation,Jinasena_MasterData_Stock.stock_warehouse_production_warehouse_pw_e1,1,1,1,,1,1,at_confirm,0,0,2x7xprice,4x12_lots,pdf,PW-E1-MANU.,base.main_company,ask,1,1,pdf,1,pdf,pdf,1,optional,optional,no,optional,1,,,,,
stock_picking_type_receipts_145,Receipts,1,87,Jinasena_MasterData_Common.ir_sequence_raw_material_main_warehouse_rp_ek_sequen,IN,,Jinasena_MasterData_Stock.stock_location_stock_140,incoming,Jinasena_MasterData_Stock.stock_warehouse_raw_material_main_warehouse_rp_ek,1,1,1,,1,,at_confirm,0,0,2x7xprice,4x12_lots,pdf,RP-EK-RECEIPTS,base.main_company,ask,,,pdf,,pdf,pdf,1,optional,optional,no,optional,1,,,,,
stock_picking_type_internal_transfers_149,Internal Transfers,8,88,,INT,Jinasena_MasterData_Stock.stock_location_stock_140,Jinasena_MasterData_Stock.stock_location_stock_140,internal,Jinasena_MasterData_Stock.stock_warehouse_raw_material_main_warehouse_rp_ek,1,,1,,1,1,at_confirm,0,0,2x7xprice,4x12_lots,pdf,RP-EK-INTERNAL,base.main_company,ask,,,pdf,,pdf,pdf,1,optional,optional,no,optional,1,,,,,
stock_picking_type_delivery_orders_146,Delivery Orders,11,91,,OUT,Jinasena_MasterData_Stock.stock_location_stock_140,,outgoing,Jinasena_MasterData_Stock.stock_warehouse_raw_material_main_warehouse_rp_ek,1,,1,1,1,1,at_confirm,0,0,2x7xprice,4x12_lots,pdf,RP-EK-DELIVERY,base.main_company,ask,,,pdf,,pdf,pdf,1,optional,optional,no,optional,1,,,,,
stock_picking_type_pos_orders_153,PoS Orders,1,91,,POS,Jinasena_MasterData_Stock.stock_location_stock_140,stock.stock_location_customers,outgoing,Jinasena_MasterData_Stock.stock_warehouse_raw_material_main_warehouse_rp_ek,1,1,1,1,1,1,at_confirm,0,0,2x7xprice,4x12_lots,pdf,,base.main_company,ask,,,pdf,,pdf,pdf,1,optional,optional,no,optional,1,,,,,
stock_picking_type_receipts_154,Receipts,2,92,,IN,,Jinasena_MasterData_Stock.stock_location_stock,incoming,Jinasena_MasterData_Stock.stock_warehouse_br_am_warehouse_for_ampara_sales_center,1,1,,,,,at_confirm,0,0,2x7xprice,4x12_lots,pdf,BR-AM-RECEIPTS,base.main_company,ask,,,pdf,,pdf,pdf,1,optional,optional,no,optional,1,,,,,
stock_picking_type_internal_transfers_158,Internal Transfers,2,93,,INT,Jinasena_MasterData_Stock.stock_location_stock,Jinasena_MasterData_Stock.stock_location_stock,internal,Jinasena_MasterData_Stock.stock_warehouse_br_am_warehouse_for_ampara_sales_center,1,,1,,1,1,at_confirm,0,0,2x7xprice,4x12_lots,pdf,BR-AM-INTERNAL,base.main_company,ask,,,pdf,,pdf,pdf,1,optional,optional,no,optional,1,,,,,
stock_picking_type_delivery_orders_155,Delivery Orders,2,96,Jinasena_MasterData_Common.ir_sequence_br_am_warehouse_for_ampara_sales_center__177,OUT,Jinasena_MasterData_Stock.stock_location_stock,,outgoing,Jinasena_MasterData_Stock.stock_warehouse_br_am_warehouse_for_ampara_sales_center,1,,1,1,1,1,at_confirm,0,0,2x7xprice,4x12_lots,pdf,BR-AM-DELIVERY,base.main_company,ask,,,pdf,,pdf,pdf,1,optional,optional,no,optional,1,,,,,
stock_picking_type_pos_orders_162,PoS Orders,2,96,Jinasena_MasterData_Common.ir_sequence_br_am_warehouse_for_ampara_sales_center_,POS,Jinasena_MasterData_Stock.stock_location_stock,stock.stock_location_customers,outgoing,Jinasena_MasterData_Stock.stock_warehouse_br_am_warehouse_for_ampara_sales_center,1,1,1,1,1,1,at_confirm,0,0,2x7xprice,4x12_lots,pdf,,base.main_company,ask,,,pdf,,pdf,pdf,1,optional,optional,no,optional,1,,,,,
stock_picking_type_receipts_163,Receipts,10,100,Jinasena_MasterData_Common.ir_sequence_br_an_warehouse_for_anuradhapura_sales_c_308,IN,,Jinasena_MasterData_Stock.stock_location_stock_158,incoming,Jinasena_MasterData_Stock.stock_warehouse_br_an_warehouse_for_anuradhapura_sales_c,1,1,,,,,at_confirm,0,0,2x7xprice,4x12_lots,pdf,BR-AN-RECEIPTS,base.main_company,ask,,,pdf,,pdf,pdf,1,optional,optional,no,optional,1,,,,,
stock_picking_type_returns_257,Returns,10,100,Jinasena_MasterData_Common.ir_sequence_br_an_warehouse_for_anuradhapura_sales_c_308,IN,,Jinasena_MasterData_Stock.stock_location_stock_158,incoming,Jinasena_MasterData_Stock.stock_warehouse_br_an_warehouse_for_anuradhapura_sales_c,1,1,,,1,1,at_confirm,0,0,2x7xprice,4x12_lots,pdf,,base.main_company,ask,,,pdf,,pdf,pdf,1,optional,optional,no,optional,1,,,,,
stock_picking_type_internal_transfers_167,Internal Transfers,10,101,,INT,Jinasena_MasterData_Stock.stock_location_stock_158,Jinasena_MasterData_Stock.stock_location_stock_158,internal,Jinasena_MasterData_Stock.stock_warehouse_br_an_warehouse_for_anuradhapura_sales_c,1,,1,,1,1,at_confirm,0,0,2x7xprice,4x12_lots,pdf,BR-AN-INTERNAL,base.main_company,ask,,,pdf,,pdf,pdf,1,optional,optional,no,optional,1,,,,,
stock_picking_type_delivery_orders_164,Delivery Orders,10,104,,OUT,Jinasena_MasterData_Stock.stock_location_stock_158,,outgoing,Jinasena_MasterData_Stock.stock_warehouse_br_an_warehouse_for_anuradhapura_sales_c,1,,1,1,1,1,at_confirm,0,0,2x7xprice,4x12_lots,pdf,BR-AN-DELIVERY,base.main_company,ask,,,pdf,,pdf,pdf,1,optional,optional,no,optional,1,,,,,
stock_picking_type_pos_orders_171,PoS Orders,10,104,,POS,Jinasena_MasterData_Stock.stock_location_stock_158,stock.stock_location_customers,outgoing,Jinasena_MasterData_Stock.stock_warehouse_br_an_warehouse_for_anuradhapura_sales_c,1,1,1,1,1,1,at_confirm,0,0,2x7xprice,4x12_lots,pdf,,base.main_company,ask,,,pdf,,pdf,pdf,1,optional,optional,no,optional,1,,,,,
stock_picking_type_receipts_172,Receipts,11,108,,IN,,Jinasena_MasterData_Stock.stock_location_stock_167,incoming,Jinasena_MasterData_Stock.stock_warehouse_rc_tm_warehouse_for_colombo_sales_center,1,1,,,,,at_confirm,0,0,2x7xprice,4x12_lots,pdf,RC-TM-RECEIPTS,base.main_company,ask,,,pdf,,pdf,pdf,1,optional,optional,no,optional,1,,,,,
stock_picking_type_internal_transfers_176,Internal Transfers,11,109,,INT,Jinasena_MasterData_Stock.stock_location_stock_167,Jinasena_MasterData_Stock.stock_location_stock_167,internal,Jinasena_MasterData_Stock.stock_warehouse_rc_tm_warehouse_for_colombo_sales_center,1,,1,,1,1,at_confirm,0,0,2x7xprice,4x12_lots,pdf,RC-TM-INTERNAL,base.main_company,ask,,,pdf,,pdf,pdf,1,optional,optional,no,optional,1,,,,,
stock_picking_type_delivery_orders_173,Delivery Orders,11,112,Jinasena_MasterData_Common.ir_sequence_rc_tm_warehouse_for_colombo_sales_center_411,OUT,Jinasena_MasterData_Stock.stock_location_stock_167,,outgoing,Jinasena_MasterData_Stock.stock_warehouse_rc_tm_warehouse_for_colombo_sales_center,1,,1,1,,1,at_confirm,0,0,2x7xprice,4x12_lots,pdf,RC-TM-DELIVERY,base.main_company,ask,,,pdf,,pdf,pdf,1,optional,optional,no,optional,1,,,,,
stock_picking_type_pos_orders_180,PoS Orders,11,112,,POS,Jinasena_MasterData_Stock.stock_location_stock_167,stock.stock_location_customers,outgoing,Jinasena_MasterData_Stock.stock_warehouse_rc_tm_warehouse_for_colombo_sales_center,1,1,1,1,1,1,at_confirm,0,0,2x7xprice,4x12_lots,pdf,,base.main_company,ask,,,pdf,,pdf,pdf,1,optional,optional,no,optional,1,,,,,
stock_picking_type_manufacturing_179,Manufacturing,11,115,,MO,Jinasena_MasterData_Stock.stock_location_stock_167,Jinasena_MasterData_Stock.stock_location_stock_167,mrp_operation,Jinasena_MasterData_Stock.stock_warehouse_rc_tm_warehouse_for_colombo_sales_center,1,1,1,,1,1,at_confirm,0,0,2x7xprice,4x12_lots,pdf,,base.main_company,ask,,,pdf,,pdf,pdf,1,optional,optional,no,optional,1,,,,,
stock_picking_type_receipts_190,Receipts,0,124,,IN,,Jinasena_MasterData_Stock.stock_location_stock_183,incoming,Jinasena_MasterData_Stock.stock_warehouse_main_warehouse_mw_ek_22,1,1,,,1,,at_confirm,0,0,2x7xprice,4x12_lots,pdf,MW-EK-RECEIPTS,base.main_company,ask,,,pdf,,pdf,pdf,1,optional,optional,no,optional,1,,,,,
stock_picking_type_internal_transfers_194,Internal Transfers,0,125,,INT,Jinasena_MasterData_Stock.stock_location_stock_183,Jinasena_MasterData_Stock.stock_location_stock_183,internal,Jinasena_MasterData_Stock.stock_warehouse_main_warehouse_mw_ek_22,1,,1,,1,1,at_confirm,0,0,2x7xprice,4x12_lots,pdf,MW-EK-INTERNAL,base.main_company,ask,,,pdf,,pdf,pdf,1,optional,optional,no,optional,1,,,,,
stock_picking_type_delivery_orders_191,Delivery Orders,0,128,Jinasena_MasterData_Common.ir_sequence_main_warehouse_mw_ek_sequence_out,OUT,Jinasena_MasterData_Stock.stock_location_stock_183,,outgoing,Jinasena_MasterData_Stock.stock_warehouse_main_warehouse_mw_ek_22,1,,1,1,1,1,at_confirm,0,0,2x7xprice,4x12_lots,pdf,MW-EK-DELIVERY,base.main_company,ask,,,pdf,,pdf,pdf,1,optional,optional,no,optional,1,,,,,
stock_picking_type_pos_orders_198,PoS Orders,0,128,,POS,Jinasena_MasterData_Stock.stock_location_stock_183,stock.stock_location_customers,outgoing,Jinasena_MasterData_Stock.stock_warehouse_main_warehouse_mw_ek_22,1,1,1,1,1,1,at_confirm,0,0,2x7xprice,4x12_lots,pdf,,base.main_company,ask,,,pdf,,pdf,pdf,1,optional,optional,no,optional,1,,,,,
stock_picking_type_receipts_219,Receipts,0,137,,IN,,Jinasena_MasterData_Stock.stock_location_stock_223,incoming,Jinasena_MasterData_Stock.stock_warehouse_casting_department_mw_jc,1,1,,,,,at_confirm,0,0,2x7xprice,4x12_lots,pdf,MW-JC-RECEIPTS,base.main_company,ask,,,pdf,,pdf,pdf,1,optional,optional,no,optional,1,,,,,
stock_picking_type_internal_transfers_223,Internal Transfers,0,138,,INT,Jinasena_MasterData_Stock.stock_location_stock_223,Jinasena_MasterData_Stock.stock_location_stock_223,internal,Jinasena_MasterData_Stock.stock_warehouse_casting_department_mw_jc,1,,1,,1,1,at_confirm,0,0,2x7xprice,4x12_lots,pdf,MW-JC-INTERNAL,base.main_company,ask,,,pdf,,pdf,pdf,1,optional,optional,no,optional,1,,,,,
stock_picking_type_delivery_orders_220,Delivery Orders,0,141,,OUT,Jinasena_MasterData_Stock.stock_location_stock_223,,outgoing,Jinasena_MasterData_Stock.stock_warehouse_casting_department_mw_jc,1,,1,1,1,1,at_confirm,0,0,2x7xprice,4x12_lots,pdf,MW-JC-DELIVERY,base.main_company,ask,,,pdf,,pdf,pdf,1,optional,optional,no,optional,1,,,,,
stock_picking_type_pos_orders_227,PoS Orders,0,141,Jinasena_MasterData_Common.ir_sequence_casting_department_mw_jc_picking_pos,POS,Jinasena_MasterData_Stock.stock_location_stock_223,stock.stock_location_customers,outgoing,Jinasena_MasterData_Stock.stock_warehouse_casting_department_mw_jc,1,1,1,1,,1,at_confirm,0,0,2x7xprice,4x12_lots,pdf,,base.main_company,ask,,,pdf,,pdf,pdf,1,optional,optional,no,optional,1,,,,,
stock_picking_type_manufacturing_226,Manufacturing,0,144,,MO,Jinasena_MasterData_Stock.stock_location_stock_223,Jinasena_MasterData_Stock.stock_location_stock_223,mrp_operation,Jinasena_MasterData_Stock.stock_warehouse_casting_department_mw_jc,1,1,1,,1,1,at_confirm,0,0,2x7xprice,4x12_lots,pdf,MW-JC-MANU.,base.main_company,ask,,,pdf,,pdf,pdf,1,optional,optional,no,optional,1,,,,,
stock_picking_type_receipts_247,Receipts,0,154,,IN,,Jinasena_MasterData_Stock.stock_location_stock_334,incoming,Jinasena_MasterData_Stock.stock_warehouse_repairs_warehouse_rp_cm,1,1,,,,,at_confirm,0,0,2x7xprice,4x12_lots,pdf,RP-CM-RECEIPTS,base.main_company,ask,,,pdf,,pdf,pdf,1,optional,optional,no,optional,1,,,,,
stock_picking_type_internal_transfers_251,Internal Transfers,0,155,Jinasena_MasterData_Common.ir_sequence_repairs_warehouse_rp_cm_sequence_interna,INT,Jinasena_MasterData_Stock.stock_location_stock_334,Jinasena_MasterData_Stock.stock_location_stock_334,internal,Jinasena_MasterData_Stock.stock_warehouse_repairs_warehouse_rp_cm,1,,1,,1,1,at_confirm,0,0,2x7xprice,4x12_lots,pdf,RP-CM-INTERNAL,base.main_company,ask,,,pdf,,pdf,pdf,1,optional,optional,no,optional,1,,,,,
stock_picking_type_delivery_orders_248,Delivery Orders,0,158,Jinasena_MasterData_Common.ir_sequence_repairs_warehouse_rp_cm_sequence_out,OUT,Jinasena_MasterData_Stock.stock_location_stock_334,,outgoing,Jinasena_MasterData_Stock.stock_warehouse_repairs_warehouse_rp_cm,1,,1,1,1,1,at_confirm,0,0,2x7xprice,4x12_lots,pdf,RP-CM-DELIVERY,base.main_company,ask,,,pdf,,pdf,pdf,1,optional,optional,no,optional,1,,,,,
stock_picking_type_pos_orders_256,PoS Orders,0,158,,POS,Jinasena_MasterData_Stock.stock_location_stock_334,stock.stock_location_customers,outgoing,Jinasena_MasterData_Stock.stock_warehouse_repairs_warehouse_rp_cm,1,1,1,,,1,at_confirm,0,0,2x7xprice,4x12_lots,pdf,,base.main_company,ask,,,pdf,,pdf,pdf,1,optional,optional,no,optional,1,,,,,
stock_picking_type_returns_252,Returns,0,159,Jinasena_MasterData_Common.ir_sequence_repairs_warehouse_rp_cm_sequence_return,IN,,Jinasena_MasterData_Stock.stock_location_stock_334,incoming,Jinasena_MasterData_Stock.stock_warehouse_repairs_warehouse_rp_cm,1,,1,,1,1,at_confirm,0,0,2x7xprice,4x12_lots,pdf,RP-CM-RETURNS,base.main_company,ask,,,pdf,,pdf,pdf,1,optional,optional,no,optional,1,,,,,
stock_picking_type_manufacturing_255,Manufacturing,0,161,,MO,Jinasena_MasterData_Stock.stock_location_stock_334,Jinasena_MasterData_Stock.stock_location_stock_334,mrp_operation,Jinasena_MasterData_Stock.stock_warehouse_repairs_warehouse_rp_cm,1,1,1,,1,1,at_confirm,0,0,2x7xprice,4x12_lots,pdf,RP-CM-MANU.,base.main_company,ask,,,pdf,,pdf,pdf,1,optional,optional,no,optional,1,,,,,
stock_picking_type_returns_258,Returns,0,168,Jinasena_MasterData_Common.ir_sequence_br_an_warehouse_for_anuradhapura_sales_c_309,IN,,Jinasena_MasterData_Stock.stock_location_stock_158,incoming,Jinasena_MasterData_Stock.stock_warehouse_br_an_warehouse_for_anuradhapura_sales_c,1,,1,,1,1,at_confirm,0,0,2x7xprice,4x12_lots,pdf,BR-AN-RETURNS,base.main_company,ask,,,pdf,,pdf,pdf,1,optional,optional,no,optional,1,,,,,
stock_picking_type_receipts_259,Receipts,0,169,,IN,,Jinasena_MasterData_Stock.stock_location_stock_353,incoming,Jinasena_MasterData_Stock.stock_warehouse_br_ek_warehouse_for_ekala_sales_center,1,1,,,,,at_confirm,0,0,2x7xprice,4x12_lots,pdf,BR-EK-RECEIPTS,base.main_company,ask,,,pdf,,pdf,pdf,1,optional,optional,no,optional,1,,,,,
stock_picking_type_internal_transfers_263,Internal Transfers,0,170,Jinasena_MasterData_Common.ir_sequence_br_ek_warehouse_for_ekala_sales_center_s_314,INT,Jinasena_MasterData_Stock.stock_location_stock_353,Jinasena_MasterData_Stock.stock_location_stock_353,internal,Jinasena_MasterData_Stock.stock_warehouse_br_ek_warehouse_for_ekala_sales_center,1,,1,,1,1,at_confirm,0,0,2x7xprice,4x12_lots,pdf,BR-EK-INTERNAL,base.main_company,ask,,,pdf,,pdf,pdf,1,optional,optional,no,optional,1,,,,,
stock_picking_type_delivery_orders_260,Delivery Orders,0,173,,OUT,Jinasena_MasterData_Stock.stock_location_stock_353,,outgoing,Jinasena_MasterData_Stock.stock_warehouse_br_ek_warehouse_for_ekala_sales_center,1,,1,1,1,1,at_confirm,0,0,2x7xprice,4x12_lots,pdf,BR-EK-DELIVERY,base.main_company,ask,,,pdf,,pdf,pdf,1,optional,optional,no,optional,1,,,,,
stock_picking_type_pos_orders_268,PoS Orders,0,173,,POS,Jinasena_MasterData_Stock.stock_location_stock_353,stock.stock_location_customers,outgoing,Jinasena_MasterData_Stock.stock_warehouse_br_ek_warehouse_for_ekala_sales_center,1,1,1,,,1,at_confirm,0,0,2x7xprice,4x12_lots,pdf,,base.main_company,ask,,,pdf,,pdf,pdf,1,optional,optional,no,optional,1,,,,,
stock_picking_type_returns_264,Returns,0,174,Jinasena_MasterData_Common.ir_sequence_br_ek_warehouse_for_ekala_sales_center_s_315,IN,,Jinasena_MasterData_Stock.stock_location_stock_353,incoming,Jinasena_MasterData_Stock.stock_warehouse_br_ek_warehouse_for_ekala_sales_center,1,,1,,1,1,at_confirm,0,0,2x7xprice,4x12_lots,pdf,BR-EK-RETURNS,base.main_company,ask,,,pdf,,pdf,pdf,1,optional,optional,no,optional,1,,,,,
stock_picking_type_receipts_269,Receipts,0,175,Jinasena_MasterData_Common.ir_sequence_quick_repairs_warehouse_rp_qu_sequence_i,IN,,Jinasena_MasterData_Stock.stock_location_stock_361,incoming,Jinasena_MasterData_Stock.stock_warehouse_quick_repairs_warehouse_rp_qu,1,1,,,,,at_confirm,0,0,2x7xprice,4x12_lots,pdf,RP-QU-RECEIPTS,base.main_company,ask,,,pdf,,pdf,pdf,1,optional,optional,no,optional,1,,,,,
stock_picking_type_internal_transfers_273,Internal Transfers,0,176,,INT,Jinasena_MasterData_Stock.stock_location_stock_361,Jinasena_MasterData_Stock.stock_location_stock_361,internal,Jinasena_MasterData_Stock.stock_warehouse_quick_repairs_warehouse_rp_qu,1,,1,,1,1,at_confirm,0,0,2x7xprice,4x12_lots,pdf,RP-QU-INTERNAL,base.main_company,ask,,,pdf,,pdf,pdf,1,optional,optional,no,optional,1,,,,,
stock_picking_type_delivery_orders_270,Delivery Orders,0,179,,OUT,Jinasena_MasterData_Stock.stock_location_stock_361,,outgoing,Jinasena_MasterData_Stock.stock_warehouse_quick_repairs_warehouse_rp_qu,1,,1,1,1,1,at_confirm,0,0,2x7xprice,4x12_lots,pdf,RP-QU-DELIVERY,base.main_company,ask,,,pdf,,pdf,pdf,1,optional,optional,no,optional,1,,,,,
stock_picking_type_pos_orders_278,PoS Orders,0,179,,POS,Jinasena_MasterData_Stock.stock_location_stock_361,stock.stock_location_customers,outgoing,Jinasena_MasterData_Stock.stock_warehouse_quick_repairs_warehouse_rp_qu,1,1,1,,,1,at_confirm,0,0,2x7xprice,4x12_lots,pdf,,base.main_company,ask,,,pdf,,pdf,pdf,1,optional,optional,no,optional,1,,,,,
stock_picking_type_returns_274,Returns,0,180,Jinasena_MasterData_Common.ir_sequence_quick_repairs_warehouse_rp_qu_sequence_r_326,IN,,Jinasena_MasterData_Stock.stock_location_stock_361,incoming,Jinasena_MasterData_Stock.stock_warehouse_quick_repairs_warehouse_rp_qu,1,,1,,1,1,at_confirm,0,0,2x7xprice,4x12_lots,pdf,RP-QU-RETURNS,base.main_company,ask,,,pdf,,pdf,pdf,1,optional,optional,no,optional,1,,,,,
stock_picking_type_manufacturing_277,Manufacturing,0,182,,MO,Jinasena_MasterData_Stock.stock_location_stock_361,Jinasena_MasterData_Stock.stock_location_stock_361,mrp_operation,Jinasena_MasterData_Stock.stock_warehouse_quick_repairs_warehouse_rp_qu,1,1,1,,1,1,at_confirm,0,0,2x7xprice,4x12_lots,pdf,,base.main_company,ask,,,pdf,,pdf,pdf,1,optional,optional,no,optional,1,,,,,
stock_picking_type_receipts_279,Receipts,0,183,,IN,,Jinasena_MasterData_Stock.stock_location_stock_369,incoming,Jinasena_MasterData_Stock.stock_warehouse_electrical_installation_projects_warehou,1,1,,,,,at_confirm,0,0,2x7xprice,4x12_lots,pdf,PJ-EI-RECEIPTS,base.main_company,ask,,,pdf,,pdf,pdf,1,optional,optional,no,optional,1,,,,,
stock_picking_type_internal_transfers_283,Internal Transfers,0,184,,INT,Jinasena_MasterData_Stock.stock_location_stock_369,Jinasena_MasterData_Stock.stock_location_stock_369,internal,Jinasena_MasterData_Stock.stock_warehouse_electrical_installation_projects_warehou,1,,1,,1,1,at_confirm,0,0,2x7xprice,4x12_lots,pdf,PJ-EI-INTERNAL,base.main_company,ask,,,pdf,,pdf,pdf,1,optional,optional,no,optional,1,,,,,
stock_picking_type_delivery_orders_280,Delivery Orders,0,187,,OUT,Jinasena_MasterData_Stock.stock_location_stock_369,,outgoing,Jinasena_MasterData_Stock.stock_warehouse_electrical_installation_projects_warehou,1,,1,1,1,1,at_confirm,0,0,2x7xprice,4x12_lots,pdf,PJ-EI-DELIVERY,base.main_company,ask,,,pdf,,pdf,pdf,1,optional,optional,no,optional,1,,,,,
stock_picking_type_pos_orders_288,PoS Orders,0,187,,POS,Jinasena_MasterData_Stock.stock_location_stock_369,stock.stock_location_customers,outgoing,Jinasena_MasterData_Stock.stock_warehouse_electrical_installation_projects_warehou,1,1,1,,,1,at_confirm,0,0,2x7xprice,4x12_lots,pdf,,base.main_company,ask,,,pdf,,pdf,pdf,1,optional,optional,no,optional,1,,,,,
stock_picking_type_returns_284,Returns,0,188,Jinasena_MasterData_Common.ir_sequence_electrical_installation_projects_warehou_336,IN,,Jinasena_MasterData_Stock.stock_location_stock_369,incoming,Jinasena_MasterData_Stock.stock_warehouse_electrical_installation_projects_warehou,1,,1,,1,1,at_confirm,0,0,2x7xprice,4x12_lots,pdf,PJ-EI-RETURNS,base.main_company,ask,,,pdf,,pdf,pdf,1,optional,optional,no,optional,1,,,,,
stock_picking_type_returns_289,Returns,0,197,Jinasena_MasterData_Common.ir_sequence_production_warehouse_pw_e1_sequence_retu,IN,,Jinasena_MasterData_Stock.stock_location_stock_132,incoming,Jinasena_MasterData_Stock.stock_warehouse_production_warehouse_pw_e1,1,,1,,1,1,at_confirm,0,0,2x7xprice,4x12_lots,pdf,PW-E1-RETURNS,base.main_company,ask,,,pdf,,pdf,pdf,1,optional,optional,no,optional,1,,,,,
stock_picking_type_returns_291,Returns,0,203,Jinasena_MasterData_Common.ir_sequence_br_am_warehouse_for_ampara_sales_center__342,IN,,Jinasena_MasterData_Stock.stock_location_stock,incoming,Jinasena_MasterData_Stock.stock_warehouse_br_am_warehouse_for_ampara_sales_center,1,,1,,1,1,at_confirm,0,0,2x7xprice,4x12_lots,pdf,BR-AM-RETURNS,base.main_company,ask,,,pdf,,pdf,pdf,1,optional,optional,no,optional,1,,,,,
stock_picking_type_returns_295,Returns,0,215,Jinasena_MasterData_Common.ir_sequence_main_warehouse_mw_ek_sequence_return,IN,,Jinasena_MasterData_Stock.stock_location_stock_183,incoming,Jinasena_MasterData_Stock.stock_warehouse_main_warehouse_mw_ek_22,1,,1,,1,1,at_confirm,0,0,2x7xprice,4x12_lots,pdf,MW-EK-RETURNS,base.main_company,ask,,,pdf,,pdf,pdf,1,optional,optional,no,optional,1,,,,,
stock_picking_type_returns_302,Returns,0,230,Jinasena_MasterData_Common.ir_sequence_casting_warehouse_cw_cm_sequence_return_353,IN,,Jinasena_MasterData_Stock.stock_location_stock_76,incoming,Jinasena_MasterData_Stock.stock_warehouse_casting_warehouse_cw_cm,1,,1,,1,1,at_confirm,0,0,2x7xprice,4x12_lots,pdf,CW-CM-RETURNS,base.main_company,ask,,,pdf,,pdf,pdf,1,optional,optional,no,optional,1,,,,,
stock_picking_type_returns_305,Returns,0,239,Jinasena_MasterData_Common.ir_sequence_main_warehouse_mw_cm_sequence_return,IN,,Jinasena_MasterData_Stock.stock_location_stock_84,incoming,Jinasena_MasterData_Stock.stock_warehouse_main_warehouse_mw_cm,1,,1,,1,1,at_confirm,0,0,2x7xprice,4x12_lots,pdf,MW-CM-RETURNS,base.main_company,ask,,,pdf,,pdf,pdf,1,optional,optional,no,optional,1,,,,,
stock_picking_type_returns_308,Returns,0,248,Jinasena_MasterData_Common.ir_sequence_oils_lubricants_warehouse_ow_ek_sequence_359,IN,,Jinasena_MasterData_Stock.stock_location_stock_92,incoming,Jinasena_MasterData_Stock.stock_warehouse_oils_lubricants_warehouse_ow_ek,1,,1,,1,1,at_confirm,0,0,2x7xprice,4x12_lots,pdf,OW-EK-RETURNS,base.main_company,ask,,,pdf,,pdf,pdf,1,optional,optional,no,optional,1,,,,,
stock_picking_type_returns_311,Returns,0,257,Jinasena_MasterData_Common.ir_sequence_retail_sales_counter_sp_sp_rc_sequence_r_362,IN,,Jinasena_MasterData_Stock.stock_location_stock_100,incoming,Jinasena_MasterData_Stock.stock_warehouse_retail_sales_counter_sp_sp_rc,1,,1,,1,1,at_confirm,0,0,2x7xprice,4x12_lots,pdf,SP-RC-RETURNS,base.main_company,ask,,,pdf,,pdf,pdf,1,optional,optional,no,optional,1,,,,,
stock_picking_type_returns_317,Returns,0,275,Jinasena_MasterData_Common.ir_sequence_production_warehouse_pw_je_sequence_retu,IN,,Jinasena_MasterData_Stock.stock_location_stock_116,incoming,Jinasena_MasterData_Stock.stock_warehouse_production_warehouse_pw_je,1,,1,,1,1,at_confirm,0,0,2x7xprice,4x12_lots,pdf,PW-JE-RETURNS,base.main_company,ask,,,pdf,,pdf,pdf,1,optional,optional,no,optional,1,,,,,
stock_picking_type_returns_320,Returns,0,284,Jinasena_MasterData_Common.ir_sequence_production_warehouse_pw_mw_sequence_retu,IN,,Jinasena_MasterData_Stock.stock_location_stock_124,incoming,Jinasena_MasterData_Stock.stock_warehouse_production_warehouse_pw_mw,1,,1,,1,1,at_confirm,0,0,2x7xprice,4x12_lots,pdf,PW-MW-RETURNS,base.main_company,ask,,,pdf,,pdf,pdf,1,optional,optional,no,optional,1,,,,,
stock_picking_type_returns_325,Returns,0,302,Jinasena_MasterData_Common.ir_sequence_raw_material_main_warehouse_rp_ek_sequen_345,IN,,Jinasena_MasterData_Stock.stock_location_stock_140,incoming,Jinasena_MasterData_Stock.stock_warehouse_raw_material_main_warehouse_rp_ek,1,,1,,1,1,at_confirm,0,0,2x7xprice,4x12_lots,pdf,RP-EK-RETURNS,base.main_company,ask,,,pdf,,pdf,pdf,1,optional,optional,no,optional,1,,,,,
stock_picking_type_returns_332,Returns,0,329,Jinasena_MasterData_Common.ir_sequence_rc_tm_warehouse_for_colombo_sales_center_383,IN,,Jinasena_MasterData_Stock.stock_location_stock_167,incoming,Jinasena_MasterData_Stock.stock_warehouse_rc_tm_warehouse_for_colombo_sales_center,1,,1,,1,1,at_confirm,0,0,2x7xprice,4x12_lots,pdf,RC-TM-RETURNS,base.main_company,ask,,,pdf,,pdf,pdf,1,optional,optional,no,optional,1,,,,,
stock_picking_type_returns_346,Returns,0,374,Jinasena_MasterData_Common.ir_sequence_casting_department_mw_jc_sequence_return,IN,,Jinasena_MasterData_Stock.stock_location_stock_223,incoming,Jinasena_MasterData_Stock.stock_warehouse_casting_department_mw_jc,1,,1,,1,1,at_confirm,0,0,2x7xprice,4x12_lots,pdf,MW-JC-RETURNS,base.main_company,ask,,,pdf,,pdf,pdf,1,optional,optional,no,optional,1,,,,,
stock_picking_type_receipts_383,Receipts,0,437,,IN,,Jinasena_MasterData_Stock.stock_location_stock_444,incoming,Jinasena_MasterData_Stock.stock_warehouse_main_warehouse_raw_material_for_motors_m,1,1,,,,,at_confirm,0,0,2x7xprice,4x12_lots,pdf,MW-JE-RECEIPTS,base.main_company,ask,,,pdf,,pdf,pdf,1,optional,optional,no,optional,1,,,,,
stock_picking_type_internal_transfers_387,Internal Transfers,0,438,,INT,Jinasena_MasterData_Stock.stock_location_stock_444,Jinasena_MasterData_Stock.stock_location_stock_444,internal,Jinasena_MasterData_Stock.stock_warehouse_main_warehouse_raw_material_for_motors_m,1,,1,,1,1,at_confirm,0,0,2x7xprice,4x12_lots,pdf,MW-JE-INTERNAL,base.main_company,ask,,,pdf,,pdf,pdf,1,optional,optional,no,optional,1,,,,,
stock_picking_type_delivery_orders_384,Delivery Orders,0,441,,OUT,Jinasena_MasterData_Stock.stock_location_stock_444,,outgoing,Jinasena_MasterData_Stock.stock_warehouse_main_warehouse_raw_material_for_motors_m,1,,1,1,1,1,at_confirm,0,0,2x7xprice,4x12_lots,pdf,MW-JE-DELIVERY,base.main_company,ask,,,pdf,,pdf,pdf,1,optional,optional,no,optional,1,,,,,
stock_picking_type_pos_orders_392,PoS Orders,0,441,,POS,Jinasena_MasterData_Stock.stock_location_stock_444,stock.stock_location_customers,outgoing,Jinasena_MasterData_Stock.stock_warehouse_main_warehouse_raw_material_for_motors_m,1,1,1,,,1,at_confirm,0,0,2x7xprice,4x12_lots,pdf,,base.main_company,ask,,,pdf,,pdf,pdf,1,optional,optional,no,optional,1,,,,,
stock_picking_type_returns_388,Returns,0,442,Jinasena_MasterData_Common.ir_sequence_main_warehouse_raw_material_for_motors_m_444,IN,,Jinasena_MasterData_Stock.stock_location_stock_444,incoming,Jinasena_MasterData_Stock.stock_warehouse_main_warehouse_raw_material_for_motors_m,1,,1,,1,1,at_confirm,0,0,2x7xprice,4x12_lots,pdf,MW-JE-RETURNS,base.main_company,ask,,,pdf,,pdf,pdf,1,optional,optional,no,optional,1,,,,,
stock_picking_type_manufacturing_391,Manufacturing,0,444,,MO,Jinasena_MasterData_Stock.stock_location_stock_444,Jinasena_MasterData_Stock.stock_location_stock_444,mrp_operation,Jinasena_MasterData_Stock.stock_warehouse_main_warehouse_raw_material_for_motors_m,1,1,1,,1,1,at_confirm,0,0,2x7xprice,4x12_lots,pdf,,base.main_company,ask,,,pdf,,pdf,pdf,1,optional,optional,no,optional,1,,,,,
stock_picking_type_receipts_497,Receipts,2,577,,IN,,Jinasena_MasterData_Stock.stock_location_stock_511,incoming,Jinasena_MasterData_Stock.stock_warehouse_production_warehouse_pw_jm,1,1,,,,,at_confirm,0,0,2x7xprice,4x12_lots,pdf,PW-JM-RECEIPTS,seed_master_data_and_settings.company_jinasena_agricultural_machinery,ask,,,pdf,,pdf,pdf,1,optional,optional,no,optional,1,,,,,
stock_picking_type_internal_transfers_501,Internal Transfers,2,578,,INT,Jinasena_MasterData_Stock.stock_location_stock_511,Jinasena_MasterData_Stock.stock_location_stock_511,internal,Jinasena_MasterData_Stock.stock_warehouse_production_warehouse_pw_jm,1,,1,,1,1,at_confirm,0,0,2x7xprice,4x12_lots,pdf,PW-JM-INTERNAL,seed_master_data_and_settings.company_jinasena_agricultural_machinery,ask,,,pdf,,pdf,pdf,1,optional,optional,no,optional,1,,,,,
stock_picking_type_delivery_orders_498,Delivery Orders,2,581,,OUT,Jinasena_MasterData_Stock.stock_location_stock_511,,outgoing,Jinasena_MasterData_Stock.stock_warehouse_production_warehouse_pw_jm,1,,1,1,1,1,at_confirm,0,0,2x7xprice,4x12_lots,pdf,PW-JM-DELIVERY,seed_master_data_and_settings.company_jinasena_agricultural_machinery,ask,,,pdf,,pdf,pdf,1,optional,optional,no,optional,1,,,,,
stock_picking_type_pos_orders_508,PoS Orders,2,581,Jinasena_MasterData_Common.ir_sequence_production_warehouse_pw_jm_picking_pos,POS,Jinasena_MasterData_Stock.stock_location_stock_511,stock.stock_location_customers,outgoing,Jinasena_MasterData_Stock.stock_warehouse_production_warehouse_pw_jm,1,1,1,,,1,at_confirm,0,0,2x7xprice,4x12_lots,pdf,,seed_master_data_and_settings.company_jinasena_agricultural_machinery,ask,,,pdf,,pdf,pdf,1,optional,optional,no,optional,1,,,,,
stock_picking_type_returns_502,Returns,2,582,Jinasena_MasterData_Common.ir_sequence_production_warehouse_pw_jm_sequence_retu,IN,,Jinasena_MasterData_Stock.stock_location_stock_511,incoming,Jinasena_MasterData_Stock.stock_warehouse_production_warehouse_pw_jm,1,,1,,1,1,at_confirm,0,0,2x7xprice,4x12_lots,pdf,PW-JM-RETURNS,seed_master_data_and_settings.company_jinasena_agricultural_machinery,ask,,,pdf,,pdf,pdf,1,optional,optional,no,optional,1,,,,,
stock_picking_type_manufacturing_505,Manufacturing,2,584,,MO,Jinasena_MasterData_Stock.stock_location_stock_511,Jinasena_MasterData_Stock.stock_location_stock_511,mrp_operation,Jinasena_MasterData_Stock.stock_warehouse_production_warehouse_pw_jm,1,1,1,,1,1,at_confirm,0,0,2x7xprice,4x12_lots,pdf,,seed_master_data_and_settings.company_jinasena_agricultural_machinery,ask,,,pdf,,pdf,pdf,1,optional,optional,no,optional,1,,,,,
stock_picking_type_receipts_509,Receipts,3,585,,IN,,Jinasena_MasterData_Stock.stock_location_stock_519,incoming,Jinasena_MasterData_Stock.stock_warehouse_repairs_warehouse_rp_jm,1,1,,,,,at_confirm,0,0,2x7xprice,4x12_lots,pdf,RP-JM-RECEIPTS,seed_master_data_and_settings.company_jinasena_agricultural_machinery,ask,,,pdf,,pdf,pdf,1,optional,optional,no,optional,1,,,,,
stock_picking_type_internal_transfers_513,Internal Transfers,3,586,,INT,Jinasena_MasterData_Stock.stock_location_stock_519,Jinasena_MasterData_Stock.stock_location_stock_519,internal,Jinasena_MasterData_Stock.stock_warehouse_repairs_warehouse_rp_jm,1,,1,,1,1,at_confirm,0,0,2x7xprice,4x12_lots,pdf,RP-JM-INTERNAL,seed_master_data_and_settings.company_jinasena_agricultural_machinery,ask,,,pdf,,pdf,pdf,1,optional,optional,no,optional,1,,,,,
stock_picking_type_delivery_orders_510,Delivery Orders,3,589,,OUT,Jinasena_MasterData_Stock.stock_location_stock_519,,outgoing,Jinasena_MasterData_Stock.stock_warehouse_repairs_warehouse_rp_jm,1,,1,1,1,1,at_confirm,0,0,2x7xprice,4x12_lots,pdf,RP-JM-DELIVERY,seed_master_data_and_settings.company_jinasena_agricultural_machinery,ask,,,pdf,,pdf,pdf,1,optional,optional,no,optional,1,,,,,
stock_picking_type_manufacturing_517,Manufacturing,3,592,Jinasena_MasterData_Common.ir_sequence_repairs_warehouse_jam_ekala_sequence_pro,MO,Jinasena_MasterData_Stock.stock_location_stock_519,Jinasena_MasterData_Stock.stock_location_stock_519,mrp_operation,Jinasena_MasterData_Stock.stock_warehouse_repairs_warehouse_rp_jm,1,1,1,,1,1,at_confirm,0,0,2x7xprice,4x12_lots,pdf,,seed_master_data_and_settings.company_jinasena_agricultural_machinery,ask,,,pdf,,pdf,pdf,1,optional,optional,no,optional,1,,,,,
stock_picking_type_receipts_521,Receipts,4,593,Jinasena_MasterData_Common.ir_sequence_branch_warehouse_ekala_br_ek_sequence_in,IN,,Jinasena_MasterData_Stock.stock_location_stock_527,incoming,Jinasena_MasterData_Stock.stock_warehouse_branch_warehouse_ekala_br_ek,1,1,,,,,at_confirm,0,0,2x7xprice,4x12_lots,pdf,BR-EK-RECEIPTS,seed_master_data_and_settings.company_jinasena_agricultural_machinery,ask,,,pdf,,pdf,pdf,1,optional,optional,no,optional,1,,,,,
stock_picking_type_internal_transfers_525,Internal Transfers,4,594,Jinasena_MasterData_Common.ir_sequence_branch_warehouse_ekala_br_ek_sequence_in_618,INT,Jinasena_MasterData_Stock.stock_location_stock_527,Jinasena_MasterData_Stock.stock_location_stock_527,internal,Jinasena_MasterData_Stock.stock_warehouse_branch_warehouse_ekala_br_ek,1,,1,,1,1,at_confirm,0,0,2x7xprice,4x12_lots,pdf,BR-EK-INTERNAL,seed_master_data_and_settings.company_jinasena_agricultural_machinery,ask,,,pdf,,pdf,pdf,1,optional,optional,no,optional,1,,,,,
stock_picking_type_delivery_orders_522,Delivery Orders,4,597,Jinasena_MasterData_Common.ir_sequence_branch_warehouse_ekala_br_ek_sequence_ou,OUT,Jinasena_MasterData_Stock.stock_location_stock_527,,outgoing,Jinasena_MasterData_Stock.stock_warehouse_branch_warehouse_ekala_br_ek,1,,1,1,1,1,at_confirm,0,0,2x7xprice,4x12_lots,pdf,BR-EK-DELIVERY,seed_master_data_and_settings.company_jinasena_agricultural_machinery,ask,,,pdf,,pdf,pdf,1,optional,optional,no,optional,1,,,,,
stock_picking_type_receipts_752,Receipts,1,598,,IN,,Jinasena_MasterData_Stock.stock_location_stock_735,incoming,Jinasena_MasterData_Stock.stock_warehouse_jam_warehouse_ekala_jm_ek,1,1,,,,,at_confirm,0,0,2x7xprice,4x12_lots,pdf,JM-EK-RECEIPTS,seed_master_data_and_settings.company_jinasena_agricultural_machinery,ask,,,pdf,,pdf,pdf,1,optional,optional,no,optional,1,,,,,
stock_picking_type_mj_innn,MJ-INNN,1,598,Jinasena_MasterData_Common.ir_sequence_jam_warehouse_ekala_jm_ek_sequence_mjin,MJIN,Jinasena_MasterData_Stock.stock_location_scrap_196,Jinasena_MasterData_Stock.stock_location_stock_735,incoming,Jinasena_MasterData_Stock.stock_warehouse_jam_warehouse_ekala_jm_ek,1,1,,,,1,at_confirm,0,0,2x7xprice,4x12_lots,pdf,,seed_master_data_and_settings.company_jinasena_agricultural_machinery,ask,,,pdf,,pdf,pdf,1,optional,optional,no,optional,1,,,,1,1
stock_picking_type_internal_transfers_756,Internal Transfers,1,599,,INT,Jinasena_MasterData_Stock.stock_location_stock_735,Jinasena_MasterData_Stock.stock_location_stock_735,internal,Jinasena_MasterData_Stock.stock_warehouse_jam_warehouse_ekala_jm_ek,1,,1,,1,1,at_confirm,0,0,2x7xprice,4x12_lots,pdf,JM-EK-INTERNAL,seed_master_data_and_settings.company_jinasena_agricultural_machinery,ask,,,pdf,,pdf,pdf,1,optional,optional,no,optional,1,,,,,
stock_picking_type_delivery_orders_753,Delivery Orders,1,602,,OUT,Jinasena_MasterData_Stock.stock_location_stock_735,,outgoing,Jinasena_MasterData_Stock.stock_warehouse_jam_warehouse_ekala_jm_ek,1,,1,1,1,1,at_confirm,0,0,2x7xprice,4x12_lots,pdf,JM-EK-DELIVERY,seed_master_data_and_settings.company_jinasena_agricultural_machinery,ask,,,pdf,,pdf,pdf,1,optional,optional,no,optional,1,,,,,
stock_picking_type_pos_orders_763,PoS Orders,1,602,,POS,Jinasena_MasterData_Stock.stock_location_stock_735,stock.stock_location_customers,outgoing,Jinasena_MasterData_Stock.stock_warehouse_jam_warehouse_ekala_jm_ek,1,1,1,,,1,at_confirm,0,0,2x7xprice,4x12_lots,pdf,,seed_master_data_and_settings.company_jinasena_agricultural_machinery,ask,,,pdf,,pdf,pdf,1,optional,optional,no,optional,1,,,,,
stock_picking_type_mj_out,MJ - Out,1,602,Jinasena_MasterData_Common.ir_sequence_jam_warehouse_ekala_jm_ek_sequence_mjout,MJOUT,Jinasena_MasterData_Stock.stock_location_stock_735,Jinasena_MasterData_Stock.stock_location_scrap_196,outgoing,Jinasena_MasterData_Stock.stock_warehouse_jam_warehouse_ekala_jm_ek,1,,1,,1,1,at_confirm,0,0,2x7xprice,4x12_lots,pdf,,seed_master_data_and_settings.company_jinasena_agricultural_machinery,ask,,,pdf,,pdf,pdf,1,optional,optional,no,optional,1,,,1,,1
stock_picking_type_returns_757,Returns,1,603,Jinasena_MasterData_Common.ir_sequence_jam_warehouse_ekala_jm_ek_sequence_retur,IN,,Jinasena_MasterData_Stock.stock_location_stock_735,incoming,Jinasena_MasterData_Stock.stock_warehouse_jam_warehouse_ekala_jm_ek,1,,1,,1,1,at_confirm,0,0,2x7xprice,4x12_lots,pdf,JM-EK-RETURNS,seed_master_data_and_settings.company_jinasena_agricultural_machinery,ask,,,pdf,,pdf,pdf,1,optional,optional,no,optional,1,,,,,
stock_picking_type_manufacturing_760,Manufacturing,1,605,,MO,Jinasena_MasterData_Stock.stock_location_stock_735,Jinasena_MasterData_Stock.stock_location_stock_735,mrp_operation,Jinasena_MasterData_Stock.stock_warehouse_jam_warehouse_ekala_jm_ek,1,1,1,,1,1,at_confirm,0,0,2x7xprice,4x12_lots,pdf,,seed_master_data_and_settings.company_jinasena_agricultural_machinery,ask,,,pdf,,pdf,pdf,1,optional,optional,no,optional,1,,,,,
stock_picking_type_receipts_776,Receipts,7,696,,IN,,Jinasena_MasterData_Stock.stock_location_stock_751,incoming,Jinasena_MasterData_Stock.stock_warehouse_production_warehouse_for_machining_and_a,1,1,,,,,at_confirm,0,0,2x7xprice,4x12_lots,pdf,PW-MA-RECEIPTS,base.main_company,ask,,,pdf,,pdf,pdf,1,optional,optional,no,optional,1,,,,,
stock_picking_type_internal_transfers_780,Internal Transfers,7,697,,INT,Jinasena_MasterData_Stock.stock_location_stock_751,Jinasena_MasterData_Stock.stock_location_stock_751,internal,Jinasena_MasterData_Stock.stock_warehouse_production_warehouse_for_machining_and_a,1,,1,,1,1,at_confirm,0,0,2x7xprice,4x12_lots,pdf,PW-MA-INTERNAL,base.main_company,ask,,,pdf,,pdf,pdf,1,optional,optional,no,optional,1,,,,,
stock_picking_type_delivery_orders_777,Delivery Orders,7,700,,OUT,Jinasena_MasterData_Stock.stock_location_stock_751,,outgoing,Jinasena_MasterData_Stock.stock_warehouse_production_warehouse_for_machining_and_a,1,,1,1,1,1,at_confirm,0,0,2x7xprice,4x12_lots,pdf,PW-MA-DELIVERY,base.main_company,ask,,,pdf,,pdf,pdf,1,optional,optional,no,optional,1,,,,,
stock_picking_type_pos_orders_787,PoS Orders,7,700,,POS,Jinasena_MasterData_Stock.stock_location_stock_751,stock.stock_location_customers,outgoing,Jinasena_MasterData_Stock.stock_warehouse_production_warehouse_for_machining_and_a,1,1,1,,,1,at_confirm,0,0,2x7xprice,4x12_lots,pdf,,base.main_company,ask,,,pdf,,pdf,pdf,1,optional,optional,no,optional,1,,,,,
stock_picking_type_returns_781,Returns,7,701,Jinasena_MasterData_Common.ir_sequence_production_warehouse_for_machining_and_a_954,IN,,Jinasena_MasterData_Stock.stock_location_stock_751,incoming,Jinasena_MasterData_Stock.stock_warehouse_production_warehouse_for_machining_and_a,1,,1,,1,1,at_confirm,0,0,2x7xprice,4x12_lots,pdf,PW-MA-RETURNS,base.main_company,ask,,,pdf,,pdf,pdf,1,optional,optional,no,optional,1,,,,,
stock_picking_type_manufacturing_784,Manufacturing,7,703,,MO,Jinasena_MasterData_Stock.stock_location_stock_751,Jinasena_MasterData_Stock.stock_location_stock_751,mrp_operation,Jinasena_MasterData_Stock.stock_warehouse_production_warehouse_for_machining_and_a,1,1,1,,1,1,at_confirm,0,0,2x7xprice,4x12_lots,pdf,PW-MA-MANU.,base.main_company,ask,,,pdf,,pdf,pdf,1,optional,optional,no,optional,1,,,,,
stock_picking_type_receipts_788,Receipts,0,704,,IN,,Jinasena_MasterData_Stock.stock_location_stock_759,incoming,Jinasena_MasterData_Stock.stock_warehouse_plastic_warehouse_pl_ek,1,1,,,,,at_confirm,0,0,2x7xprice,4x12_lots,pdf,PL-EK-RECEIPTS,base.main_company,ask,,,pdf,,pdf,pdf,1,optional,optional,no,optional,1,,,,,
stock_picking_type_internal_transfers_792,Internal Transfers,0,705,Jinasena_MasterData_Common.ir_sequence_plastic_warehouse_pl_ek_sequence_interna,INT,Jinasena_MasterData_Stock.stock_location_stock_759,Jinasena_MasterData_Stock.stock_location_stock_759,internal,Jinasena_MasterData_Stock.stock_warehouse_plastic_warehouse_pl_ek,1,,1,,1,1,at_confirm,0,0,2x7xprice,4x12_lots,pdf,PL-EK-INTERNAL,base.main_company,ask,,,pdf,,pdf,pdf,1,optional,optional,no,optional,1,,,,,
stock_picking_type_delivery_orders_789,Delivery Orders,0,708,Jinasena_MasterData_Common.ir_sequence_plastic_warehouse_pl_ek_sequence_out,OUT,Jinasena_MasterData_Stock.stock_location_stock_759,,outgoing,Jinasena_MasterData_Stock.stock_warehouse_plastic_warehouse_pl_ek,1,,1,1,1,1,at_confirm,0,0,2x7xprice,4x12_lots,pdf,PL-EK-DELIVERY,base.main_company,ask,,,pdf,,pdf,pdf,1,optional,optional,no,optional,1,,,,,
stock_picking_type_pos_orders_799,PoS Orders,0,708,Jinasena_MasterData_Common.ir_sequence_plastic_warehouse_pl_ek_picking_pos,POS,Jinasena_MasterData_Stock.stock_location_stock_759,stock.stock_location_customers,outgoing,Jinasena_MasterData_Stock.stock_warehouse_plastic_warehouse_pl_ek,1,1,1,,,1,at_confirm,0,0,2x7xprice,4x12_lots,pdf,,base.main_company,ask,,,pdf,,pdf,pdf,1,optional,optional,no,optional,1,,,,,
stock_picking_type_returns_793,Returns,0,709,Jinasena_MasterData_Common.ir_sequence_plastic_warehouse_pl_ek_sequence_return,IN,,Jinasena_MasterData_Stock.stock_location_stock_759,incoming,Jinasena_MasterData_Stock.stock_warehouse_plastic_warehouse_pl_ek,1,,1,,1,1,at_confirm,0,0,2x7xprice,4x12_lots,pdf,PL-EK-RETURNS,base.main_company,ask,,,pdf,,pdf,pdf,1,optional,optional,no,optional,1,,,,,
stock_picking_type_manufacturing_796,Manufacturing,0,711,,MO,Jinasena_MasterData_Stock.stock_location_stock_759,Jinasena_MasterData_Stock.stock_location_stock_759,mrp_operation,Jinasena_MasterData_Stock.stock_warehouse_plastic_warehouse_pl_ek,1,1,1,,1,1,at_confirm,0,0,2x7xprice,4x12_lots,pdf,PL-EK-MANU.,base.main_company,ask,,,pdf,,pdf,pdf,1,optional,optional,no,optional,1,,,,,
stock_picking_type_repairs,Repairs,0,831,,RO,Jinasena_MasterData_Stock.stock_location_stock_511,Jinasena_MasterData_Stock.stock_location_production_195,repair_operation,Jinasena_MasterData_Stock.stock_warehouse_production_warehouse_pw_jm,1,1,1,,1,1,at_confirm,0,0,,,,PW-JM-RO,seed_master_data_and_settings.company_jinasena_agricultural_machinery,ask,,,,,,,,optional,optional,no,optional,,Jinasena_MasterData_Stock.stock_location_scrap_196,Jinasena_MasterData_Stock.stock_location_stock_511,,,
stock_picking_type_repairs_822,Repairs,0,831,,RO,Jinasena_MasterData_Stock.stock_location_stock_519,Jinasena_MasterData_Stock.stock_location_production_195,repair_operation,Jinasena_MasterData_Stock.stock_warehouse_repairs_warehouse_rp_jm,1,1,1,,1,1,at_confirm,0,0,,,,RP-JM-RO,seed_master_data_and_settings.company_jinasena_agricultural_machinery,ask,,,,,,,,optional,optional,no,optional,,Jinasena_MasterData_Stock.stock_location_scrap_196,Jinasena_MasterData_Stock.stock_location_stock_519,,,
stock_picking_type_repairs_823,Repairs,0,831,,RO,Jinasena_MasterData_Stock.stock_location_stock_527,Jinasena_MasterData_Stock.stock_location_production_195,repair_operation,Jinasena_MasterData_Stock.stock_warehouse_branch_warehouse_ekala_br_ek,1,1,1,,1,1,at_confirm,0,0,,,,BR-EK-RO,seed_master_data_and_settings.company_jinasena_agricultural_machinery,ask,,,,,,,,optional,optional,no,optional,,Jinasena_MasterData_Stock.stock_location_scrap_196,Jinasena_MasterData_Stock.stock_location_stock_527,,,
stock_picking_type_repairs_838,Repairs,0,831,,RO,Jinasena_MasterData_Stock.stock_location_stock_735,Jinasena_MasterData_Stock.stock_location_production_195,repair_operation,Jinasena_MasterData_Stock.stock_warehouse_jam_warehouse_ekala_jm_ek,1,1,1,,1,1,at_confirm,0,0,,,,JM-EK-RO,seed_master_data_and_settings.company_jinasena_agricultural_machinery,ask,,,,,,,,optional,optional,no,optional,,Jinasena_MasterData_Stock.stock_location_scrap_196,Jinasena_MasterData_Stock.stock_location_stock_735,,,
stock_picking_type_receipts_841,Receipts,0,832,Jinasena_MasterData_Common.ir_sequence_branch_warehouse_ampara_sequence_in,IN,,Jinasena_MasterData_Stock.stock_location_stock_768,incoming,Jinasena_MasterData_Stock.stock_warehouse_branch_warehouse_ampara,1,1,,,,,at_confirm,0,0,2x7xprice,4x12_lots,pdf,BR-AM-RECEIPTS,seed_master_data_and_settings.company_jinasena_agricultural_machinery,ask,,,pdf,,pdf,pdf,1,optional,optional,no,optional,1,,,,,
stock_picking_type_internal_transfers_845,Internal Transfers,0,833,Jinasena_MasterData_Common.ir_sequence_branch_warehouse_ampara_sequence_interna,INT,Jinasena_MasterData_Stock.stock_location_stock_768,Jinasena_MasterData_Stock.stock_location_stock_768,internal,Jinasena_MasterData_Stock.stock_warehouse_branch_warehouse_ampara,1,,1,,,1,at_confirm,0,0,2x7xprice,4x12_lots,pdf,BR-AM-INTERNAL,seed_master_data_and_settings.company_jinasena_agricultural_machinery,ask,,,pdf,,pdf,pdf,1,optional,optional,no,optional,1,,,,,
stock_picking_type_delivery_orders_842,Delivery Orders,0,836,Jinasena_MasterData_Common.ir_sequence_branch_warehouse_ampara_sequence_out,OUT,Jinasena_MasterData_Stock.stock_location_stock_768,,outgoing,Jinasena_MasterData_Stock.stock_warehouse_branch_warehouse_ampara,1,,1,1,,1,at_confirm,0,0,2x7xprice,4x12_lots,pdf,BR-AM-DELIVERY,seed_master_data_and_settings.company_jinasena_agricultural_machinery,ask,,,pdf,,pdf,pdf,1,optional,optional,no,optional,1,,,,,
stock_picking_type_pos_orders_849,PoS Orders,0,836,Jinasena_MasterData_Common.ir_sequence_branch_warehouse_ampara_picking_pos,POS,Jinasena_MasterData_Stock.stock_location_stock_768,stock.stock_location_customers,outgoing,Jinasena_MasterData_Stock.stock_warehouse_branch_warehouse_ampara,1,1,1,1,,1,at_confirm,0,0,2x7xprice,4x12_lots,pdf,,seed_master_data_and_settings.company_jinasena_agricultural_machinery,ask,,,pdf,,pdf,pdf,1,optional,optional,no,optional,1,,,,,
stock_picking_type_repairs_850,Repairs,0,838,,RO,Jinasena_MasterData_Stock.stock_location_stock_768,Jinasena_MasterData_Stock.stock_location_production_195,repair_operation,Jinasena_MasterData_Stock.stock_warehouse_branch_warehouse_ampara,1,1,1,,,1,at_confirm,0,0,2x7xprice,4x12_lots,pdf,BR-AM-RO,seed_master_data_and_settings.company_jinasena_agricultural_machinery,ask,,,pdf,,pdf,pdf,1,optional,optional,no,optional,1,Jinasena_MasterData_Stock.stock_location_scrap_196,Jinasena_MasterData_Stock.stock_location_stock_768,,,
stock_picking_type_receipts_851,Receipts,5,839,,IN,,Jinasena_MasterData_Stock.stock_location_stock_776,incoming,Jinasena_MasterData_Stock.stock_warehouse_branch_warehouse_anuradhapura,1,1,,,,,at_confirm,0,0,2x7xprice,4x12_lots,pdf,BR-AN-RECEIPTS,seed_master_data_and_settings.company_jinasena_agricultural_machinery,ask,,,pdf,,pdf,pdf,1,optional,optional,no,optional,1,,,,,
stock_picking_type_internal_transfers_855,Internal Transfers,5,840,,INT,Jinasena_MasterData_Stock.stock_location_stock_776,Jinasena_MasterData_Stock.stock_location_stock_776,internal,Jinasena_MasterData_Stock.stock_warehouse_branch_warehouse_anuradhapura,1,,1,,,1,at_confirm,0,0,2x7xprice,4x12_lots,pdf,BR-AN-INTERNAL,seed_master_data_and_settings.company_jinasena_agricultural_machinery,ask,,,pdf,,pdf,pdf,1,optional,optional,no,optional,1,,,,,
stock_picking_type_delivery_orders_852,Delivery Orders,5,843,,OUT,Jinasena_MasterData_Stock.stock_location_stock_776,,outgoing,Jinasena_MasterData_Stock.stock_warehouse_branch_warehouse_anuradhapura,1,,1,1,,1,at_confirm,0,0,2x7xprice,4x12_lots,pdf,BR-AN-DELIVERY,seed_master_data_and_settings.company_jinasena_agricultural_machinery,ask,,,pdf,,pdf,pdf,1,optional,optional,no,optional,1,,,,,
stock_picking_type_pos_orders_859,PoS Orders,5,843,Jinasena_MasterData_Common.ir_sequence_branch_warehouse_anuradhapura_picking_po,POS,Jinasena_MasterData_Stock.stock_location_stock_776,stock.stock_location_customers,outgoing,Jinasena_MasterData_Stock.stock_warehouse_branch_warehouse_anuradhapura,1,1,1,1,,1,at_confirm,0,0,2x7xprice,4x12_lots,pdf,,seed_master_data_and_settings.company_jinasena_agricultural_machinery,ask,,,pdf,,pdf,pdf,1,optional,optional,no,optional,1,,,,,
stock_picking_type_repairs_860,Repairs,5,845,,RO,Jinasena_MasterData_Stock.stock_location_stock_776,Jinasena_MasterData_Stock.stock_location_production_195,repair_operation,Jinasena_MasterData_Stock.stock_warehouse_branch_warehouse_anuradhapura,1,1,1,,,1,at_confirm,0,0,2x7xprice,4x12_lots,pdf,BR-AN-RO,seed_master_data_and_settings.company_jinasena_agricultural_machinery,ask,,,pdf,,pdf,pdf,1,optional,optional,no,optional,1,Jinasena_MasterData_Stock.stock_location_scrap_196,Jinasena_MasterData_Stock.stock_location_stock_776,,,
stock_picking_type_receipts_861,Receipts,6,846,Jinasena_MasterData_Common.ir_sequence_branch_warehouse_avissawella_sequence_in,IN,,Jinasena_MasterData_Stock.stock_location_stock_784,incoming,Jinasena_MasterData_Stock.stock_warehouse_branch_warehouse_avissawella,1,1,,,,,at_confirm,0,0,2x7xprice,4x12_lots,pdf,BR-AV-RECEIPTS,seed_master_data_and_settings.company_jinasena_agricultural_machinery,ask,,,pdf,,pdf,pdf,1,optional,optional,no,optional,1,,,,,
stock_picking_type_internal_transfers_865,Internal Transfers,6,847,,INT,Jinasena_MasterData_Stock.stock_location_stock_784,Jinasena_MasterData_Stock.stock_location_stock_784,internal,Jinasena_MasterData_Stock.stock_warehouse_branch_warehouse_avissawella,1,,1,,,1,at_confirm,0,0,2x7xprice,4x12_lots,pdf,BR-AV-INTERNAL,seed_master_data_and_settings.company_jinasena_agricultural_machinery,ask,,,pdf,,pdf,pdf,1,optional,optional,no,optional,1,,,,,
stock_picking_type_delivery_orders_862,Delivery Orders,6,850,,OUT,Jinasena_MasterData_Stock.stock_location_stock_784,,outgoing,Jinasena_MasterData_Stock.stock_warehouse_branch_warehouse_avissawella,1,,1,1,,1,at_confirm,0,0,2x7xprice,4x12_lots,pdf,BR-AV-DELIVERY,seed_master_data_and_settings.company_jinasena_agricultural_machinery,ask,,,pdf,,pdf,pdf,1,optional,optional,no,optional,1,,,,,
stock_picking_type_pos_orders_869,PoS Orders,6,850,,POS,Jinasena_MasterData_Stock.stock_location_stock_784,stock.stock_location_customers,outgoing,Jinasena_MasterData_Stock.stock_warehouse_branch_warehouse_avissawella,1,1,1,1,,1,at_confirm,0,0,2x7xprice,4x12_lots,pdf,,seed_master_data_and_settings.company_jinasena_agricultural_machinery,ask,,,pdf,,pdf,pdf,1,optional,optional,no,optional,1,,,,,
stock_picking_type_repairs_870,Repairs,6,852,,RO,Jinasena_MasterData_Stock.stock_location_stock_784,Jinasena_MasterData_Stock.stock_location_production_195,repair_operation,Jinasena_MasterData_Stock.stock_warehouse_branch_warehouse_avissawella,1,1,1,,,1,at_confirm,0,0,2x7xprice,4x12_lots,pdf,BR-AV-RO,seed_master_data_and_settings.company_jinasena_agricultural_machinery,ask,,,pdf,,pdf,pdf,1,optional,optional,no,optional,1,Jinasena_MasterData_Stock.stock_location_scrap_196,Jinasena_MasterData_Stock.stock_location_stock_784,,,
stock_picking_type_receipts_871,Receipts,7,853,,IN,,Jinasena_MasterData_Stock.stock_location_stock_792,incoming,Jinasena_MasterData_Stock.stock_warehouse_branch_warehouse_bandarawela,1,1,,,,,at_confirm,0,0,2x7xprice,4x12_lots,pdf,BR-BA-RECEIPTS,seed_master_data_and_settings.company_jinasena_agricultural_machinery,ask,,,pdf,,pdf,pdf,1,optional,optional,no,optional,1,,,,,
stock_picking_type_internal_transfers_875,Internal Transfers,7,854,,INT,Jinasena_MasterData_Stock.stock_location_stock_792,Jinasena_MasterData_Stock.stock_location_stock_792,internal,Jinasena_MasterData_Stock.stock_warehouse_branch_warehouse_bandarawela,1,,1,,,1,at_confirm,0,0,2x7xprice,4x12_lots,pdf,BR-BA-INTERNAL,seed_master_data_and_settings.company_jinasena_agricultural_machinery,ask,,,pdf,,pdf,pdf,1,optional,optional,no,optional,1,,,,,
stock_picking_type_delivery_orders_872,Delivery Orders,7,857,Jinasena_MasterData_Common.ir_sequence_branch_warehouse_bandarawela_sequence_ou,OUT,Jinasena_MasterData_Stock.stock_location_stock_792,,outgoing,Jinasena_MasterData_Stock.stock_warehouse_branch_warehouse_bandarawela,1,,1,1,,1,at_confirm,0,0,2x7xprice,4x12_lots,pdf,BR-BA-DELIVERY,seed_master_data_and_settings.company_jinasena_agricultural_machinery,ask,,,pdf,,pdf,pdf,1,optional,optional,no,optional,1,,,,,
stock_picking_type_pos_orders_879,PoS Orders,7,857,,POS,Jinasena_MasterData_Stock.stock_location_stock_792,stock.stock_location_customers,outgoing,Jinasena_MasterData_Stock.stock_warehouse_branch_warehouse_bandarawela,1,1,1,1,,1,at_confirm,0,0,2x7xprice,4x12_lots,pdf,,seed_master_data_and_settings.company_jinasena_agricultural_machinery,ask,,,pdf,,pdf,pdf,1,optional,optional,no,optional,1,,,,,
stock_picking_type_repairs_880,Repairs,7,859,,RO,Jinasena_MasterData_Stock.stock_location_stock_792,Jinasena_MasterData_Stock.stock_location_production_195,repair_operation,Jinasena_MasterData_Stock.stock_warehouse_branch_warehouse_bandarawela,1,1,1,,,1,at_confirm,0,0,2x7xprice,4x12_lots,pdf,BR-BA-RO,seed_master_data_and_settings.company_jinasena_agricultural_machinery,ask,,,pdf,,pdf,pdf,1,optional,optional,no,optional,1,Jinasena_MasterData_Stock.stock_location_scrap_196,Jinasena_MasterData_Stock.stock_location_stock_792,,,
stock_picking_type_receipts_881,Receipts,8,860,,IN,,Jinasena_MasterData_Stock.stock_location_stock_800,incoming,Jinasena_MasterData_Stock.stock_warehouse_branch_warehouse_beruwela,1,1,,,,,at_confirm,0,0,2x7xprice,4x12_lots,pdf,BR-BE-RECEIPTS,seed_master_data_and_settings.company_jinasena_agricultural_machinery,ask,,,pdf,,pdf,pdf,1,optional,optional,no,optional,1,,,,,
stock_picking_type_internal_transfers_885,Internal Transfers,8,861,,INT,Jinasena_MasterData_Stock.stock_location_stock_800,Jinasena_MasterData_Stock.stock_location_stock_800,internal,Jinasena_MasterData_Stock.stock_warehouse_branch_warehouse_beruwela,1,,1,,,1,at_confirm,0,0,2x7xprice,4x12_lots,pdf,BR-BE-INTERNAL,seed_master_data_and_settings.company_jinasena_agricultural_machinery,ask,,,pdf,,pdf,pdf,1,optional,optional,no,optional,1,,,,,
stock_picking_type_delivery_orders_882,Delivery Orders,8,864,,OUT,Jinasena_MasterData_Stock.stock_location_stock_800,,outgoing,Jinasena_MasterData_Stock.stock_warehouse_branch_warehouse_beruwela,1,,1,1,,1,at_confirm,0,0,2x7xprice,4x12_lots,pdf,BR-BE-DELIVERY,seed_master_data_and_settings.company_jinasena_agricultural_machinery,ask,,,pdf,,pdf,pdf,1,optional,optional,no,optional,1,,,,,
stock_picking_type_pos_orders_889,PoS Orders,8,864,,POS,Jinasena_MasterData_Stock.stock_location_stock_800,stock.stock_location_customers,outgoing,Jinasena_MasterData_Stock.stock_warehouse_branch_warehouse_beruwela,1,1,1,1,,1,at_confirm,0,0,2x7xprice,4x12_lots,pdf,,seed_master_data_and_settings.company_jinasena_agricultural_machinery,ask,,,pdf,,pdf,pdf,1,optional,optional,no,optional,1,,,,,
stock_picking_type_repairs_890,Repairs,8,866,,RO,Jinasena_MasterData_Stock.stock_location_stock_800,Jinasena_MasterData_Stock.stock_location_production_195,repair_operation,Jinasena_MasterData_Stock.stock_warehouse_branch_warehouse_beruwela,1,1,1,,,1,at_confirm,0,0,2x7xprice,4x12_lots,pdf,BR-BE-RO,seed_master_data_and_settings.company_jinasena_agricultural_machinery,ask,,,pdf,,pdf,pdf,1,optional,optional,no,optional,1,Jinasena_MasterData_Stock.stock_location_scrap_196,Jinasena_MasterData_Stock.stock_location_stock_800,,,
stock_picking_type_receipts_891,Receipts,9,867,,IN,,Jinasena_MasterData_Stock.stock_location_stock_808,incoming,Jinasena_MasterData_Stock.stock_warehouse_branch_warehouse_buttala,1,1,,,,,at_confirm,0,0,2x7xprice,4x12_lots,pdf,BR-BU-RECEIPTS,seed_master_data_and_settings.company_jinasena_agricultural_machinery,ask,,,pdf,,pdf,pdf,1,optional,optional,no,optional,1,,,,,
stock_picking_type_internal_transfers_895,Internal Transfers,9,868,,INT,Jinasena_MasterData_Stock.stock_location_stock_808,Jinasena_MasterData_Stock.stock_location_stock_808,internal,Jinasena_MasterData_Stock.stock_warehouse_branch_warehouse_buttala,1,,1,,,1,at_confirm,0,0,2x7xprice,4x12_lots,pdf,BR-BU-INTERNAL,seed_master_data_and_settings.company_jinasena_agricultural_machinery,ask,,,pdf,,pdf,pdf,1,optional,optional,no,optional,1,,,,,
stock_picking_type_delivery_orders_892,Delivery Orders,9,871,,OUT,Jinasena_MasterData_Stock.stock_location_stock_808,,outgoing,Jinasena_MasterData_Stock.stock_warehouse_branch_warehouse_buttala,1,,1,1,,1,at_confirm,0,0,2x7xprice,4x12_lots,pdf,BR-BU-DELIVERY,seed_master_data_and_settings.company_jinasena_agricultural_machinery,ask,,,pdf,,pdf,pdf,1,optional,optional,no,optional,1,,,,,
stock_picking_type_pos_orders_899,PoS Orders,9,871,,POS,Jinasena_MasterData_Stock.stock_location_stock_808,stock.stock_location_customers,outgoing,Jinasena_MasterData_Stock.stock_warehouse_branch_warehouse_buttala,1,1,1,1,,1,at_confirm,0,0,2x7xprice,4x12_lots,pdf,,seed_master_data_and_settings.company_jinasena_agricultural_machinery,ask,,,pdf,,pdf,pdf,1,optional,optional,no,optional,1,,,,,
stock_picking_type_repairs_900,Repairs,9,873,,RO,Jinasena_MasterData_Stock.stock_location_stock_808,Jinasena_MasterData_Stock.stock_location_production_195,repair_operation,Jinasena_MasterData_Stock.stock_warehouse_branch_warehouse_buttala,1,1,1,,,1,at_confirm,0,0,2x7xprice,4x12_lots,pdf,BR-BU-RO,seed_master_data_and_settings.company_jinasena_agricultural_machinery,ask,,,pdf,,pdf,pdf,1,optional,optional,no,optional,1,Jinasena_MasterData_Stock.stock_location_scrap_196,Jinasena_MasterData_Stock.stock_location_stock_808,,,
stock_picking_type_receipts_901,Receipts,10,874,,IN,,Jinasena_MasterData_Stock.stock_location_stock_816,incoming,Jinasena_MasterData_Stock.stock_warehouse_branch_warehouse_dambulla,1,1,,,,,at_confirm,0,0,2x7xprice,4x12_lots,pdf,BR-DA-RECEIPTS,seed_master_data_and_settings.company_jinasena_agricultural_machinery,ask,,,pdf,,pdf,pdf,1,optional,optional,no,optional,1,,,,,
stock_picking_type_internal_transfers_905,Internal Transfers,10,875,,INT,Jinasena_MasterData_Stock.stock_location_stock_816,Jinasena_MasterData_Stock.stock_location_stock_816,internal,Jinasena_MasterData_Stock.stock_warehouse_branch_warehouse_dambulla,1,,1,,,1,at_confirm,0,0,2x7xprice,4x12_lots,pdf,BR-DA-INTERNAL,seed_master_data_and_settings.company_jinasena_agricultural_machinery,ask,,,pdf,,pdf,pdf,1,optional,optional,no,optional,1,,,,,
stock_picking_type_delivery_orders_902,Delivery Orders,10,878,,OUT,Jinasena_MasterData_Stock.stock_location_stock_816,,outgoing,Jinasena_MasterData_Stock.stock_warehouse_branch_warehouse_dambulla,1,,1,1,,1,at_confirm,0,0,2x7xprice,4x12_lots,pdf,BR-DA-DELIVERY,seed_master_data_and_settings.company_jinasena_agricultural_machinery,ask,,,pdf,,pdf,pdf,1,optional,optional,no,optional,1,,,,,
stock_picking_type_pos_orders_909,PoS Orders,10,878,,POS,Jinasena_MasterData_Stock.stock_location_stock_816,stock.stock_location_customers,outgoing,Jinasena_MasterData_Stock.stock_warehouse_branch_warehouse_dambulla,1,1,1,1,,1,at_confirm,0,0,2x7xprice,4x12_lots,pdf,,seed_master_data_and_settings.company_jinasena_agricultural_machinery,ask,,,pdf,,pdf,pdf,1,optional,optional,no,optional,1,,,,,
stock_picking_type_repairs_910,Repairs,10,880,,RO,Jinasena_MasterData_Stock.stock_location_stock_816,Jinasena_MasterData_Stock.stock_location_production_195,repair_operation,Jinasena_MasterData_Stock.stock_warehouse_branch_warehouse_dambulla,1,1,1,,,1,at_confirm,0,0,2x7xprice,4x12_lots,pdf,BR-DA-RO,seed_master_data_and_settings.company_jinasena_agricultural_machinery,ask,,,pdf,,pdf,pdf,1,optional,optional,no,optional,1,Jinasena_MasterData_Stock.stock_location_scrap_196,Jinasena_MasterData_Stock.stock_location_stock_816,,,
stock_picking_type_receipts_911,Receipts,11,881,,IN,,Jinasena_MasterData_Stock.stock_location_stock_824,incoming,Jinasena_MasterData_Stock.stock_warehouse_branch_warehouse_embilipitiya,1,1,,,,,at_confirm,0,0,2x7xprice,4x12_lots,pdf,BR-EM-RECEIPTS,seed_master_data_and_settings.company_jinasena_agricultural_machinery,ask,,,pdf,,pdf,pdf,1,optional,optional,no,optional,1,,,,,
stock_picking_type_internal_transfers_915,Internal Transfers,11,882,,INT,Jinasena_MasterData_Stock.stock_location_stock_824,Jinasena_MasterData_Stock.stock_location_stock_824,internal,Jinasena_MasterData_Stock.stock_warehouse_branch_warehouse_embilipitiya,1,,1,,,1,at_confirm,0,0,2x7xprice,4x12_lots,pdf,BR-EM-INTERNAL,seed_master_data_and_settings.company_jinasena_agricultural_machinery,ask,,,pdf,,pdf,pdf,1,optional,optional,no,optional,1,,,,,
stock_picking_type_delivery_orders_912,Delivery Orders,11,885,,OUT,Jinasena_MasterData_Stock.stock_location_stock_824,,outgoing,Jinasena_MasterData_Stock.stock_warehouse_branch_warehouse_embilipitiya,1,,1,1,,1,at_confirm,0,0,2x7xprice,4x12_lots,pdf,BR-EM-DELIVERY,seed_master_data_and_settings.company_jinasena_agricultural_machinery,ask,,,pdf,,pdf,pdf,1,optional,optional,no,optional,1,,,,,
stock_picking_type_pos_orders_919,PoS Orders,11,885,,POS,Jinasena_MasterData_Stock.stock_location_stock_824,stock.stock_location_customers,outgoing,Jinasena_MasterData_Stock.stock_warehouse_branch_warehouse_embilipitiya,1,1,1,1,,1,at_confirm,0,0,2x7xprice,4x12_lots,pdf,,seed_master_data_and_settings.company_jinasena_agricultural_machinery,ask,,,pdf,,pdf,pdf,1,optional,optional,no,optional,1,,,,,
stock_picking_type_repairs_920,Repairs,11,887,,RO,Jinasena_MasterData_Stock.stock_location_stock_824,Jinasena_MasterData_Stock.stock_location_production_195,repair_operation,Jinasena_MasterData_Stock.stock_warehouse_branch_warehouse_embilipitiya,1,1,1,,,1,at_confirm,0,0,2x7xprice,4x12_lots,pdf,BR-EM-RO,seed_master_data_and_settings.company_jinasena_agricultural_machinery,ask,,,pdf,,pdf,pdf,1,optional,optional,no,optional,1,Jinasena_MasterData_Stock.stock_location_scrap_196,Jinasena_MasterData_Stock.stock_location_stock_824,,,
stock_picking_type_receipts_921,Receipts,0,888,,IN,,Jinasena_MasterData_Stock.stock_location_stock_832,incoming,Jinasena_MasterData_Stock.stock_warehouse_branch_warehouse_galle,1,1,,,,,at_confirm,0,0,2x7xprice,4x12_lots,pdf,BR-GA-RECEIPTS,seed_master_data_and_settings.company_jinasena_agricultural_machinery,ask,,,pdf,,pdf,pdf,1,optional,optional,no,optional,1,,,,,
stock_picking_type_internal_transfers_925,Internal Transfers,0,889,,INT,Jinasena_MasterData_Stock.stock_location_stock_832,Jinasena_MasterData_Stock.stock_location_stock_832,internal,Jinasena_MasterData_Stock.stock_warehouse_branch_warehouse_galle,1,,1,,,1,at_confirm,0,0,2x7xprice,4x12_lots,pdf,BR-GA-INTERNAL,seed_master_data_and_settings.company_jinasena_agricultural_machinery,ask,,,pdf,,pdf,pdf,1,optional,optional,no,optional,1,,,,,
stock_picking_type_delivery_orders_922,Delivery Orders,0,892,,OUT,Jinasena_MasterData_Stock.stock_location_stock_832,,outgoing,Jinasena_MasterData_Stock.stock_warehouse_branch_warehouse_galle,1,,1,1,,1,at_confirm,0,0,2x7xprice,4x12_lots,pdf,BR-GA-DELIVERY,seed_master_data_and_settings.company_jinasena_agricultural_machinery,ask,,,pdf,,pdf,pdf,1,optional,optional,no,optional,1,,,,,
stock_picking_type_pos_orders_929,PoS Orders,0,892,,POS,Jinasena_MasterData_Stock.stock_location_stock_832,stock.stock_location_customers,outgoing,Jinasena_MasterData_Stock.stock_warehouse_branch_warehouse_galle,1,1,1,1,,1,at_confirm,0,0,2x7xprice,4x12_lots,pdf,,seed_master_data_and_settings.company_jinasena_agricultural_machinery,ask,,,pdf,,pdf,pdf,1,optional,optional,no,optional,1,,,,,
stock_picking_type_repairs_930,Repairs,0,894,,RO,Jinasena_MasterData_Stock.stock_location_stock_832,Jinasena_MasterData_Stock.stock_location_production_195,repair_operation,Jinasena_MasterData_Stock.stock_warehouse_branch_warehouse_galle,1,1,1,,,1,at_confirm,0,0,2x7xprice,4x12_lots,pdf,BR-GA-RO,seed_master_data_and_settings.company_jinasena_agricultural_machinery,ask,,,pdf,,pdf,pdf,1,optional,optional,no,optional,1,Jinasena_MasterData_Stock.stock_location_scrap_196,Jinasena_MasterData_Stock.stock_location_stock_832,,,
stock_picking_type_receipts_931,Receipts,0,895,,IN,,Jinasena_MasterData_Stock.stock_location_stock_840,incoming,Jinasena_MasterData_Stock.stock_warehouse_branch_warehouse_girandurukotte,1,1,,,,,at_confirm,0,0,2x7xprice,4x12_lots,pdf,BR-GK-RECEIPTS,seed_master_data_and_settings.company_jinasena_agricultural_machinery,ask,,,pdf,,pdf,pdf,1,optional,optional,no,optional,1,,,,,
stock_picking_type_internal_transfers_935,Internal Transfers,0,896,,INT,Jinasena_MasterData_Stock.stock_location_stock_840,Jinasena_MasterData_Stock.stock_location_stock_840,internal,Jinasena_MasterData_Stock.stock_warehouse_branch_warehouse_girandurukotte,1,,1,,,1,at_confirm,0,0,2x7xprice,4x12_lots,pdf,BR-GK-INTERNAL,seed_master_data_and_settings.company_jinasena_agricultural_machinery,ask,,,pdf,,pdf,pdf,1,optional,optional,no,optional,1,,,,,
stock_picking_type_delivery_orders_932,Delivery Orders,0,899,,OUT,Jinasena_MasterData_Stock.stock_location_stock_840,,outgoing,Jinasena_MasterData_Stock.stock_warehouse_branch_warehouse_girandurukotte,1,,1,1,,1,at_confirm,0,0,2x7xprice,4x12_lots,pdf,BR-GK-DELIVERY,seed_master_data_and_settings.company_jinasena_agricultural_machinery,ask,,,pdf,,pdf,pdf,1,optional,optional,no,optional,1,,,,,
stock_picking_type_pos_orders_939,PoS Orders,0,899,,POS,Jinasena_MasterData_Stock.stock_location_stock_840,stock.stock_location_customers,outgoing,Jinasena_MasterData_Stock.stock_warehouse_branch_warehouse_girandurukotte,1,1,1,1,,1,at_confirm,0,0,2x7xprice,4x12_lots,pdf,,seed_master_data_and_settings.company_jinasena_agricultural_machinery,ask,,,pdf,,pdf,pdf,1,optional,optional,no,optional,1,,,,,
stock_picking_type_repairs_940,Repairs,0,901,,RO,Jinasena_MasterData_Stock.stock_location_stock_840,Jinasena_MasterData_Stock.stock_location_production_195,repair_operation,Jinasena_MasterData_Stock.stock_warehouse_branch_warehouse_girandurukotte,1,1,1,,,1,at_confirm,0,0,2x7xprice,4x12_lots,pdf,BR-GK-RO,seed_master_data_and_settings.company_jinasena_agricultural_machinery,ask,,,pdf,,pdf,pdf,1,optional,optional,no,optional,1,Jinasena_MasterData_Stock.stock_location_scrap_196,Jinasena_MasterData_Stock.stock_location_stock_840,,,
stock_picking_type_receipts_941,Receipts,0,902,,IN,,Jinasena_MasterData_Stock.stock_location_stock_848,incoming,Jinasena_MasterData_Stock.stock_warehouse_branch_warehouse_jaffna,1,1,,,,,at_confirm,0,0,2x7xprice,4x12_lots,pdf,BR-JF-RECEIPTS,seed_master_data_and_settings.company_jinasena_agricultural_machinery,ask,,,pdf,,pdf,pdf,1,optional,optional,no,optional,1,,,,,
stock_picking_type_internal_transfers_945,Internal Transfers,0,903,,INT,Jinasena_MasterData_Stock.stock_location_stock_848,Jinasena_MasterData_Stock.stock_location_stock_848,internal,Jinasena_MasterData_Stock.stock_warehouse_branch_warehouse_jaffna,1,,1,,,1,at_confirm,0,0,2x7xprice,4x12_lots,pdf,BR-JF-INTERNAL,seed_master_data_and_settings.company_jinasena_agricultural_machinery,ask,,,pdf,,pdf,pdf,1,optional,optional,no,optional,1,,,,,
stock_picking_type_delivery_orders_942,Delivery Orders,0,906,,OUT,Jinasena_MasterData_Stock.stock_location_stock_848,,outgoing,Jinasena_MasterData_Stock.stock_warehouse_branch_warehouse_jaffna,1,,1,1,,1,at_confirm,0,0,2x7xprice,4x12_lots,pdf,BR-JF-DELIVERY,seed_master_data_and_settings.company_jinasena_agricultural_machinery,ask,,,pdf,,pdf,pdf,1,optional,optional,no,optional,1,,,,,
stock_picking_type_pos_orders_949,PoS Orders,0,906,,POS,Jinasena_MasterData_Stock.stock_location_stock_848,stock.stock_location_customers,outgoing,Jinasena_MasterData_Stock.stock_warehouse_branch_warehouse_jaffna,1,1,1,1,,1,at_confirm,0,0,2x7xprice,4x12_lots,pdf,,seed_master_data_and_settings.company_jinasena_agricultural_machinery,ask,,,pdf,,pdf,pdf,1,optional,optional,no,optional,1,,,,,
stock_picking_type_repairs_950,Repairs,0,908,,RO,Jinasena_MasterData_Stock.stock_location_stock_848,Jinasena_MasterData_Stock.stock_location_production_195,repair_operation,Jinasena_MasterData_Stock.stock_warehouse_branch_warehouse_jaffna,1,1,1,,,1,at_confirm,0,0,2x7xprice,4x12_lots,pdf,BR-JF-RO,seed_master_data_and_settings.company_jinasena_agricultural_machinery,ask,,,pdf,,pdf,pdf,1,optional,optional,no,optional,1,Jinasena_MasterData_Stock.stock_location_scrap_196,Jinasena_MasterData_Stock.stock_location_stock_848,,,
stock_picking_type_receipts_951,Receipts,0,909,,IN,,Jinasena_MasterData_Stock.stock_location_stock_856,incoming,Jinasena_MasterData_Stock.stock_warehouse_branch_warehouse_kandy,1,1,,,,,at_confirm,0,0,2x7xprice,4x12_lots,pdf,BR-KA-RECEIPTS,seed_master_data_and_settings.company_jinasena_agricultural_machinery,ask,,,pdf,,pdf,pdf,1,optional,optional,no,optional,1,,,,,
stock_picking_type_internal_transfers_955,Internal Transfers,0,910,,INT,Jinasena_MasterData_Stock.stock_location_stock_856,Jinasena_MasterData_Stock.stock_location_stock_856,internal,Jinasena_MasterData_Stock.stock_warehouse_branch_warehouse_kandy,1,,1,,,1,at_confirm,0,0,2x7xprice,4x12_lots,pdf,BR-KA-INTERNAL,seed_master_data_and_settings.company_jinasena_agricultural_machinery,ask,,,pdf,,pdf,pdf,1,optional,optional,no,optional,1,,,,,
stock_picking_type_delivery_orders_952,Delivery Orders,0,913,,OUT,Jinasena_MasterData_Stock.stock_location_stock_856,,outgoing,Jinasena_MasterData_Stock.stock_warehouse_branch_warehouse_kandy,1,,1,1,,1,at_confirm,0,0,2x7xprice,4x12_lots,pdf,BR-KA-DELIVERY,seed_master_data_and_settings.company_jinasena_agricultural_machinery,ask,,,pdf,,pdf,pdf,1,optional,optional,no,optional,1,,,,,
stock_picking_type_pos_orders_959,PoS Orders,0,913,Jinasena_MasterData_Common.ir_sequence_branch_warehouse_kandy_picking_pos,POS,Jinasena_MasterData_Stock.stock_location_stock_856,stock.stock_location_customers,outgoing,Jinasena_MasterData_Stock.stock_warehouse_branch_warehouse_kandy,1,1,1,1,,1,at_confirm,0,0,2x7xprice,4x12_lots,pdf,,seed_master_data_and_settings.company_jinasena_agricultural_machinery,ask,,,pdf,,pdf,pdf,1,optional,optional,no,optional,1,,,,,
stock_picking_type_repairs_960,Repairs,0,915,,RO,Jinasena_MasterData_Stock.stock_location_stock_856,Jinasena_MasterData_Stock.stock_location_production_195,repair_operation,Jinasena_MasterData_Stock.stock_warehouse_branch_warehouse_kandy,1,1,1,,,1,at_confirm,0,0,2x7xprice,4x12_lots,pdf,BR-KA-RO,seed_master_data_and_settings.company_jinasena_agricultural_machinery,ask,,,pdf,,pdf,pdf,1,optional,optional,no,optional,1,Jinasena_MasterData_Stock.stock_location_scrap_196,Jinasena_MasterData_Stock.stock_location_stock_856,,,
stock_picking_type_receipts_961,Receipts,0,916,,IN,,Jinasena_MasterData_Stock.stock_location_stock_864,incoming,Jinasena_MasterData_Stock.stock_warehouse_branch_warehouse_kaduruwela,1,1,,,,,at_confirm,0,0,2x7xprice,4x12_lots,pdf,BR-KD-RECEIPTS,seed_master_data_and_settings.company_jinasena_agricultural_machinery,ask,,,pdf,,pdf,pdf,1,optional,optional,no,optional,1,,,,,
stock_picking_type_internal_transfers_965,Internal Transfers,0,917,,INT,Jinasena_MasterData_Stock.stock_location_stock_864,Jinasena_MasterData_Stock.stock_location_stock_864,internal,Jinasena_MasterData_Stock.stock_warehouse_branch_warehouse_kaduruwela,1,,1,,,1,at_confirm,0,0,2x7xprice,4x12_lots,pdf,BR-KD-INTERNAL,seed_master_data_and_settings.company_jinasena_agricultural_machinery,ask,,,pdf,,pdf,pdf,1,optional,optional,no,optional,1,,,,,
stock_picking_type_delivery_orders_962,Delivery Orders,0,920,,OUT,Jinasena_MasterData_Stock.stock_location_stock_864,,outgoing,Jinasena_MasterData_Stock.stock_warehouse_branch_warehouse_kaduruwela,1,,1,1,,1,at_confirm,0,0,2x7xprice,4x12_lots,pdf,BR-KD-DELIVERY,seed_master_data_and_settings.company_jinasena_agricultural_machinery,ask,,,pdf,,pdf,pdf,1,optional,optional,no,optional,1,,,,,
stock_picking_type_pos_orders_969,PoS Orders,0,920,,POS,Jinasena_MasterData_Stock.stock_location_stock_864,stock.stock_location_customers,outgoing,Jinasena_MasterData_Stock.stock_warehouse_branch_warehouse_kaduruwela,1,1,1,1,,1,at_confirm,0,0,2x7xprice,4x12_lots,pdf,,seed_master_data_and_settings.company_jinasena_agricultural_machinery,ask,,,pdf,,pdf,pdf,1,optional,optional,no,optional,1,,,,,
stock_picking_type_repairs_970,Repairs,0,922,,RO,Jinasena_MasterData_Stock.stock_location_stock_864,Jinasena_MasterData_Stock.stock_location_production_195,repair_operation,Jinasena_MasterData_Stock.stock_warehouse_branch_warehouse_kaduruwela,1,1,1,,,1,at_confirm,0,0,2x7xprice,4x12_lots,pdf,BR-KD-RO,seed_master_data_and_settings.company_jinasena_agricultural_machinery,ask,,,pdf,,pdf,pdf,1,optional,optional,no,optional,1,Jinasena_MasterData_Stock.stock_location_scrap_196,Jinasena_MasterData_Stock.stock_location_stock_864,,,
stock_picking_type_receipts_971,Receipts,0,923,,IN,,Jinasena_MasterData_Stock.stock_location_stock_872,incoming,Jinasena_MasterData_Stock.stock_warehouse_branch_warehouse_kurunegala,1,1,,,,,at_confirm,0,0,2x7xprice,4x12_lots,pdf,BR-KU-RECEIPTS,seed_master_data_and_settings.company_jinasena_agricultural_machinery,ask,,,pdf,,pdf,pdf,1,optional,optional,no,optional,1,,,,,
stock_picking_type_internal_transfers_975,Internal Transfers,0,924,,INT,Jinasena_MasterData_Stock.stock_location_stock_872,Jinasena_MasterData_Stock.stock_location_stock_872,internal,Jinasena_MasterData_Stock.stock_warehouse_branch_warehouse_kurunegala,1,,1,,,1,at_confirm,0,0,2x7xprice,4x12_lots,pdf,BR-KU-INTERNAL,seed_master_data_and_settings.company_jinasena_agricultural_machinery,ask,,,pdf,,pdf,pdf,1,optional,optional,no,optional,1,,,,,
stock_picking_type_delivery_orders_972,Delivery Orders,0,927,,OUT,Jinasena_MasterData_Stock.stock_location_stock_872,,outgoing,Jinasena_MasterData_Stock.stock_warehouse_branch_warehouse_kurunegala,1,,1,1,,1,at_confirm,0,0,2x7xprice,4x12_lots,pdf,BR-KU-DELIVERY,seed_master_data_and_settings.company_jinasena_agricultural_machinery,ask,,,pdf,,pdf,pdf,1,optional,optional,no,optional,1,,,,,
stock_picking_type_pos_orders_979,PoS Orders,0,927,,POS,Jinasena_MasterData_Stock.stock_location_stock_872,stock.stock_location_customers,outgoing,Jinasena_MasterData_Stock.stock_warehouse_branch_warehouse_kurunegala,1,1,1,1,,1,at_confirm,0,0,2x7xprice,4x12_lots,pdf,,seed_master_data_and_settings.company_jinasena_agricultural_machinery,ask,,,pdf,,pdf,pdf,1,optional,optional,no,optional,1,,,,,
stock_picking_type_repairs_980,Repairs,0,929,,RO,Jinasena_MasterData_Stock.stock_location_stock_872,Jinasena_MasterData_Stock.stock_location_production_195,repair_operation,Jinasena_MasterData_Stock.stock_warehouse_branch_warehouse_kurunegala,1,1,1,,,1,at_confirm,0,0,2x7xprice,4x12_lots,pdf,BR-KU-RO,seed_master_data_and_settings.company_jinasena_agricultural_machinery,ask,,,pdf,,pdf,pdf,1,optional,optional,no,optional,1,Jinasena_MasterData_Stock.stock_location_scrap_196,Jinasena_MasterData_Stock.stock_location_stock_872,,,
stock_picking_type_receipts_981,Receipts,0,930,,IN,,Jinasena_MasterData_Stock.stock_location_stock_880,incoming,Jinasena_MasterData_Stock.stock_warehouse_branch_warehouse_nuwara_eliya,1,1,,,,,at_confirm,0,0,2x7xprice,4x12_lots,pdf,BR-NE-RECEIPTS,seed_master_data_and_settings.company_jinasena_agricultural_machinery,ask,,,pdf,,pdf,pdf,1,optional,optional,no,optional,1,,,,,
stock_picking_type_internal_transfers_985,Internal Transfers,0,931,,INT,Jinasena_MasterData_Stock.stock_location_stock_880,Jinasena_MasterData_Stock.stock_location_stock_880,internal,Jinasena_MasterData_Stock.stock_warehouse_branch_warehouse_nuwara_eliya,1,,1,,,1,at_confirm,0,0,2x7xprice,4x12_lots,pdf,BR-NE-INTERNAL,seed_master_data_and_settings.company_jinasena_agricultural_machinery,ask,,,pdf,,pdf,pdf,1,optional,optional,no,optional,1,,,,,
stock_picking_type_delivery_orders_982,Delivery Orders,0,934,,OUT,Jinasena_MasterData_Stock.stock_location_stock_880,,outgoing,Jinasena_MasterData_Stock.stock_warehouse_branch_warehouse_nuwara_eliya,1,,1,1,,1,at_confirm,0,0,2x7xprice,4x12_lots,pdf,BR-NE-DELIVERY,seed_master_data_and_settings.company_jinasena_agricultural_machinery,ask,,,pdf,,pdf,pdf,1,optional,optional,no,optional,1,,,,,
stock_picking_type_pos_orders_989,PoS Orders,0,934,,POS,Jinasena_MasterData_Stock.stock_location_stock_880,stock.stock_location_customers,outgoing,Jinasena_MasterData_Stock.stock_warehouse_branch_warehouse_nuwara_eliya,1,1,1,1,,1,at_confirm,0,0,2x7xprice,4x12_lots,pdf,,seed_master_data_and_settings.company_jinasena_agricultural_machinery,ask,,,pdf,,pdf,pdf,1,optional,optional,no,optional,1,,,,,
stock_picking_type_repairs_990,Repairs,0,936,,RO,Jinasena_MasterData_Stock.stock_location_stock_880,Jinasena_MasterData_Stock.stock_location_production_195,repair_operation,Jinasena_MasterData_Stock.stock_warehouse_branch_warehouse_nuwara_eliya,1,1,1,,,1,at_confirm,0,0,2x7xprice,4x12_lots,pdf,BR-NE-RO,seed_master_data_and_settings.company_jinasena_agricultural_machinery,ask,,,pdf,,pdf,pdf,1,optional,optional,no,optional,1,Jinasena_MasterData_Stock.stock_location_scrap_196,Jinasena_MasterData_Stock.stock_location_stock_880,,,
stock_picking_type_receipts_991,Receipts,0,937,,IN,,Jinasena_MasterData_Stock.stock_location_stock_888,incoming,Jinasena_MasterData_Stock.stock_warehouse_branch_warehouse_thambuttegama,1,1,,,,,at_confirm,0,0,2x7xprice,4x12_lots,pdf,BR-TH-RECEIPTS,seed_master_data_and_settings.company_jinasena_agricultural_machinery,ask,,,pdf,,pdf,pdf,1,optional,optional,no,optional,1,,,,,
stock_picking_type_internal_transfers_995,Internal Transfers,0,938,,INT,Jinasena_MasterData_Stock.stock_location_stock_888,Jinasena_MasterData_Stock.stock_location_stock_888,internal,Jinasena_MasterData_Stock.stock_warehouse_branch_warehouse_thambuttegama,1,,1,,,1,at_confirm,0,0,2x7xprice,4x12_lots,pdf,BR-TH-INTERNAL,seed_master_data_and_settings.company_jinasena_agricultural_machinery,ask,,,pdf,,pdf,pdf,1,optional,optional,no,optional,1,,,,,
stock_picking_type_delivery_orders_992,Delivery Orders,0,941,,OUT,Jinasena_MasterData_Stock.stock_location_stock_888,,outgoing,Jinasena_MasterData_Stock.stock_warehouse_branch_warehouse_thambuttegama,1,,1,1,,1,at_confirm,0,0,2x7xprice,4x12_lots,pdf,BR-TH-DELIVERY,seed_master_data_and_settings.company_jinasena_agricultural_machinery,ask,,,pdf,,pdf,pdf,1,optional,optional,no,optional,1,,,,,
stock_picking_type_pos_orders_999,PoS Orders,0,941,,POS,Jinasena_MasterData_Stock.stock_location_stock_888,stock.stock_location_customers,outgoing,Jinasena_MasterData_Stock.stock_warehouse_branch_warehouse_thambuttegama,1,1,1,1,,1,at_confirm,0,0,2x7xprice,4x12_lots,pdf,,seed_master_data_and_settings.company_jinasena_agricultural_machinery,ask,,,pdf,,pdf,pdf,1,optional,optional,no,optional,1,,,,,
stock_picking_type_repairs_1000,Repairs,0,943,,RO,Jinasena_MasterData_Stock.stock_location_stock_888,Jinasena_MasterData_Stock.stock_location_production_195,repair_operation,Jinasena_MasterData_Stock.stock_warehouse_branch_warehouse_thambuttegama,1,1,1,,,1,at_confirm,0,0,2x7xprice,4x12_lots,pdf,BR-TH-RO,seed_master_data_and_settings.company_jinasena_agricultural_machinery,ask,,,pdf,,pdf,pdf,1,optional,optional,no,optional,1,Jinasena_MasterData_Stock.stock_location_scrap_196,Jinasena_MasterData_Stock.stock_location_stock_888,,,
stock_picking_type_receipts_1001,Receipts,0,944,,IN,,Jinasena_MasterData_Stock.stock_location_stock_896,incoming,Jinasena_MasterData_Stock.stock_warehouse_jam_scrap_warehouse,1,1,,,,,at_confirm,0,0,2x7xprice,4x12_lots,pdf,RP-SC-RECEIPTS,seed_master_data_and_settings.company_jinasena_agricultural_machinery,ask,,,pdf,,pdf,pdf,1,optional,optional,no,optional,1,,,,,
stock_picking_type_internal_transfers_1005,Internal Transfers,0,945,Jinasena_MasterData_Common.ir_sequence_jam_scrap_warehouse_sequence_internal,INT,Jinasena_MasterData_Stock.stock_location_stock_896,Jinasena_MasterData_Stock.stock_location_stock_896,internal,Jinasena_MasterData_Stock.stock_warehouse_jam_scrap_warehouse,1,,1,,,1,at_confirm,0,0,2x7xprice,4x12_lots,pdf,RP-SC-INTERNAL,seed_master_data_and_settings.company_jinasena_agricultural_machinery,ask,,,pdf,,pdf,pdf,1,optional,optional,no,optional,1,,,,,
stock_picking_type_delivery_orders_1002,Delivery Orders,0,948,,OUT,Jinasena_MasterData_Stock.stock_location_stock_896,,outgoing,Jinasena_MasterData_Stock.stock_warehouse_jam_scrap_warehouse,1,,1,1,,1,at_confirm,0,0,2x7xprice,4x12_lots,pdf,RP-SC-DELIVERY,seed_master_data_and_settings.company_jinasena_agricultural_machinery,ask,,,pdf,,pdf,pdf,1,optional,optional,no,optional,1,,,,,
stock_picking_type_pos_orders_1009,PoS Orders,0,948,,POS,Jinasena_MasterData_Stock.stock_location_stock_896,stock.stock_location_customers,outgoing,Jinasena_MasterData_Stock.stock_warehouse_jam_scrap_warehouse,1,1,1,1,,1,at_confirm,0,0,2x7xprice,4x12_lots,pdf,,seed_master_data_and_settings.company_jinasena_agricultural_machinery,ask,,,pdf,,pdf,pdf,1,optional,optional,no,optional,1,,,,,
stock_picking_type_repairs_1010,Repairs,0,950,,RO,Jinasena_MasterData_Stock.stock_location_stock_896,Jinasena_MasterData_Stock.stock_location_production_195,repair_operation,Jinasena_MasterData_Stock.stock_warehouse_jam_scrap_warehouse,1,1,1,,,1,at_confirm,0,0,2x7xprice,4x12_lots,pdf,RP-SC-RO,seed_master_data_and_settings.company_jinasena_agricultural_machinery,ask,,,pdf,,pdf,pdf,1,optional,optional,no,optional,1,Jinasena_MasterData_Stock.stock_location_scrap_196,Jinasena_MasterData_Stock.stock_location_stock_896,,,
stock_picking_type_receipts_1011,Receipts,0,951,,IN,,Jinasena_MasterData_Stock.stock_location_stock_920,incoming,Jinasena_MasterData_Stock.stock_warehouse_research_and_development_jam_factory_eka,1,1,,,,,at_confirm,0,0,2x7xprice,4x12_lots,pdf,RD-JM-RECEIPTS,seed_master_data_and_settings.company_jinasena_agricultural_machinery,ask,,,pdf,,pdf,pdf,1,optional,optional,no,optional,1,,,,,
stock_picking_type_internal_transfers_1015,Internal Transfers,0,952,,INT,Jinasena_MasterData_Stock.stock_location_stock_920,Jinasena_MasterData_Stock.stock_location_stock_920,internal,Jinasena_MasterData_Stock.stock_warehouse_research_and_development_jam_factory_eka,1,,1,,,1,at_confirm,0,0,2x7xprice,4x12_lots,pdf,RD-JM-INTERNAL,seed_master_data_and_settings.company_jinasena_agricultural_machinery,ask,,,pdf,,pdf,pdf,1,optional,optional,no,optional,1,,,,,
stock_picking_type_delivery_orders_1012,Delivery Orders,0,955,,OUT,Jinasena_MasterData_Stock.stock_location_stock_920,,outgoing,Jinasena_MasterData_Stock.stock_warehouse_research_and_development_jam_factory_eka,1,,1,1,,1,at_confirm,0,0,2x7xprice,4x12_lots,pdf,RD-JM-DELIVERY,seed_master_data_and_settings.company_jinasena_agricultural_machinery,ask,,,pdf,,pdf,pdf,1,optional,optional,no,optional,1,,,,,
stock_picking_type_pos_orders_1019,PoS Orders,0,955,,POS,Jinasena_MasterData_Stock.stock_location_stock_920,stock.stock_location_customers,outgoing,Jinasena_MasterData_Stock.stock_warehouse_research_and_development_jam_factory_eka,1,1,1,1,,1,at_confirm,0,0,2x7xprice,4x12_lots,pdf,,seed_master_data_and_settings.company_jinasena_agricultural_machinery,ask,,,pdf,,pdf,pdf,1,optional,optional,no,optional,1,,,,,
stock_picking_type_repairs_1020,Repairs,0,957,,RO,Jinasena_MasterData_Stock.stock_location_stock_920,Jinasena_MasterData_Stock.stock_location_production_195,repair_operation,Jinasena_MasterData_Stock.stock_warehouse_research_and_development_jam_factory_eka,1,1,1,,,1,at_confirm,0,0,2x7xprice,4x12_lots,pdf,RD-JM-RO,seed_master_data_and_settings.company_jinasena_agricultural_machinery,ask,,,pdf,,pdf,pdf,1,optional,optional,no,optional,1,Jinasena_MasterData_Stock.stock_location_scrap_196,Jinasena_MasterData_Stock.stock_location_stock_920,,,
stock_picking_type_receipts_1021,Receipts,0,958,,IN,,Jinasena_MasterData_Stock.stock_location_stock_928,incoming,Jinasena_MasterData_Stock.stock_warehouse_retail_counter_waste_managementx,1,1,,,,,at_confirm,0,0,2x7xprice,4x12_lots,pdf,RC-WX-RECEIPTS,seed_master_data_and_settings.company_jinasena_agricultural_machinery,ask,,,pdf,,pdf,pdf,1,optional,optional,no,optional,1,,,,,
stock_picking_type_internal_transfers_1025,Internal Transfers,0,959,,INT,Jinasena_MasterData_Stock.stock_location_stock_928,Jinasena_MasterData_Stock.stock_location_stock_928,internal,Jinasena_MasterData_Stock.stock_warehouse_retail_counter_waste_managementx,1,,1,,,1,at_confirm,0,0,2x7xprice,4x12_lots,pdf,RC-WX-INTERNAL,seed_master_data_and_settings.company_jinasena_agricultural_machinery,ask,,,pdf,,pdf,pdf,1,optional,optional,no,optional,1,,,,,
stock_picking_type_delivery_orders_1022,Delivery Orders,0,962,,OUT,Jinasena_MasterData_Stock.stock_location_stock_928,,outgoing,Jinasena_MasterData_Stock.stock_warehouse_retail_counter_waste_managementx,1,,1,1,,1,at_confirm,0,0,2x7xprice,4x12_lots,pdf,RC-WX-DELIVERY,seed_master_data_and_settings.company_jinasena_agricultural_machinery,ask,,,pdf,,pdf,pdf,1,optional,optional,no,optional,1,,,,,
stock_picking_type_pos_orders_1029,PoS Orders,0,962,,POS,Jinasena_MasterData_Stock.stock_location_stock_982,stock.stock_location_customers,outgoing,Jinasena_MasterData_Stock.stock_warehouse_retail_counter_waste_managementx,1,1,1,1,,1,at_confirm,0,0,2x7xprice,4x12_lots,pdf,,seed_master_data_and_settings.company_jinasena_agricultural_machinery,ask,,,pdf,,pdf,pdf,1,optional,optional,no,optional,1,,,,,
stock_picking_type_repairs_1030,Repairs,0,964,Jinasena_MasterData_Common.ir_sequence_retail_counter_waste_management_sequence_1263,RO,Jinasena_MasterData_Stock.stock_location_stock_928,Jinasena_MasterData_Stock.stock_location_production_195,repair_operation,Jinasena_MasterData_Stock.stock_warehouse_retail_counter_waste_managementx,1,1,1,,,1,at_confirm,0,0,2x7xprice,4x12_lots,pdf,RC-WX-RO,seed_master_data_and_settings.company_jinasena_agricultural_machinery,ask,,,pdf,,pdf,pdf,1,optional,optional,no,optional,1,Jinasena_MasterData_Stock.stock_location_scrap_196,Jinasena_MasterData_Stock.stock_location_stock_928,,,
stock_picking_type_receipts_1031,Receipts,0,965,Jinasena_MasterData_Common.ir_sequence_retail_counter_for_products_implements_a_1214,IN,,Jinasena_MasterData_Stock.stock_location_stock_936,incoming,Jinasena_MasterData_Stock.stock_warehouse_retail_counter_for_products_implements_a,1,1,,,,,at_confirm,0,0,2x7xprice,4x12_lots,pdf,RC-TM-RECEIPTS,seed_master_data_and_settings.company_jinasena_agricultural_machinery,ask,,,pdf,,pdf,pdf,1,optional,optional,no,optional,1,,,,,
stock_picking_type_internal_transfers_1035,Internal Transfers,0,966,,INT,Jinasena_MasterData_Stock.stock_location_stock_936,Jinasena_MasterData_Stock.stock_location_stock_936,internal,Jinasena_MasterData_Stock.stock_warehouse_retail_counter_for_products_implements_a,1,,1,,,1,at_confirm,0,0,2x7xprice,4x12_lots,pdf,RC-TM-INTERNAL,seed_master_data_and_settings.company_jinasena_agricultural_machinery,ask,,,pdf,,pdf,pdf,1,optional,optional,no,optional,1,,,,,
stock_picking_type_delivery_orders_1032,Delivery Orders,0,969,,OUT,Jinasena_MasterData_Stock.stock_location_stock_936,,outgoing,Jinasena_MasterData_Stock.stock_warehouse_retail_counter_for_products_implements_a,1,,1,1,,1,at_confirm,0,0,2x7xprice,4x12_lots,pdf,RC-TM-DELIVERY,seed_master_data_and_settings.company_jinasena_agricultural_machinery,ask,,,pdf,,pdf,pdf,1,optional,optional,no,optional,1,,,,,
stock_picking_type_pos_orders_1039,PoS Orders,0,969,Jinasena_MasterData_Common.ir_sequence_retail_counter_for_products_implements_a,POS,Jinasena_MasterData_Stock.stock_location_stock_936,stock.stock_location_customers,outgoing,Jinasena_MasterData_Stock.stock_warehouse_retail_counter_for_products_implements_a,1,1,1,1,,1,at_confirm,0,0,2x7xprice,4x12_lots,pdf,,seed_master_data_and_settings.company_jinasena_agricultural_machinery,ask,,,pdf,,pdf,pdf,1,optional,optional,no,optional,1,,,,,
stock_picking_type_repairs_1040,Repairs,0,971,,RO,Jinasena_MasterData_Stock.stock_location_stock_936,Jinasena_MasterData_Stock.stock_location_production_195,repair_operation,Jinasena_MasterData_Stock.stock_warehouse_retail_counter_for_products_implements_a,1,1,1,,,1,at_confirm,0,0,2x7xprice,4x12_lots,pdf,RC-TM-RO,seed_master_data_and_settings.company_jinasena_agricultural_machinery,ask,,,pdf,,pdf,pdf,1,optional,optional,no,optional,1,Jinasena_MasterData_Stock.stock_location_scrap_196,Jinasena_MasterData_Stock.stock_location_stock_936,,,
stock_picking_type_receipts_1041,Receipts,0,972,Jinasena_MasterData_Common.ir_sequence_jam_non_moving_warehouse_sequence_in,IN,,Jinasena_MasterData_Stock.stock_location_stock_944,incoming,Jinasena_MasterData_Stock.stock_warehouse_jam_non_moving_warehouse,1,1,,,,,at_confirm,0,0,2x7xprice,4x12_lots,pdf,JM-NM-RECEIPTS,seed_master_data_and_settings.company_jinasena_agricultural_machinery,ask,,,pdf,,pdf,pdf,1,optional,optional,no,optional,1,,,,,
stock_picking_type_internal_transfers_1045,Internal Transfers,0,973,Jinasena_MasterData_Common.ir_sequence_jam_non_moving_warehouse_sequence_intern,INT,Jinasena_MasterData_Stock.stock_location_stock_944,Jinasena_MasterData_Stock.stock_location_stock_944,internal,Jinasena_MasterData_Stock.stock_warehouse_jam_non_moving_warehouse,1,,1,,,1,at_confirm,0,0,2x7xprice,4x12_lots,pdf,JM-NM-INTERNAL,seed_master_data_and_settings.company_jinasena_agricultural_machinery,ask,,,pdf,,pdf,pdf,1,optional,optional,no,optional,1,,,,,
stock_picking_type_delivery_orders_1042,Delivery Orders,0,976,,OUT,Jinasena_MasterData_Stock.stock_location_stock_944,,outgoing,Jinasena_MasterData_Stock.stock_warehouse_jam_non_moving_warehouse,1,,1,1,,1,at_confirm,0,0,2x7xprice,4x12_lots,pdf,JM-NM-DELIVERY,seed_master_data_and_settings.company_jinasena_agricultural_machinery,ask,,,pdf,,pdf,pdf,1,optional,optional,no,optional,1,,,,,
stock_picking_type_pos_orders_1049,PoS Orders,0,976,,POS,Jinasena_MasterData_Stock.stock_location_stock_944,stock.stock_location_customers,outgoing,Jinasena_MasterData_Stock.stock_warehouse_jam_non_moving_warehouse,1,1,1,1,,1,at_confirm,0,0,2x7xprice,4x12_lots,pdf,,seed_master_data_and_settings.company_jinasena_agricultural_machinery,ask,,,pdf,,pdf,pdf,1,optional,optional,no,optional,1,,,,,
stock_picking_type_repairs_1050,Repairs,0,978,,RO,Jinasena_MasterData_Stock.stock_location_stock_944,Jinasena_MasterData_Stock.stock_location_production_195,repair_operation,Jinasena_MasterData_Stock.stock_warehouse_jam_non_moving_warehouse,1,1,1,,,1,at_confirm,0,0,2x7xprice,4x12_lots,pdf,JM-NM-RO,seed_master_data_and_settings.company_jinasena_agricultural_machinery,ask,,,pdf,,pdf,pdf,1,optional,optional,no,optional,1,Jinasena_MasterData_Stock.stock_location_scrap_196,Jinasena_MasterData_Stock.stock_location_stock_944,,,
stock_picking_type_receipts_1051,Receipts,0,979,,IN,,Jinasena_MasterData_Stock.stock_location_stock_952,incoming,Jinasena_MasterData_Stock.stock_warehouse_intransit_warehouse_jam,1,1,,,,,at_confirm,0,0,2x7xprice,4x12_lots,pdf,IW-JM-RECEIPTS,seed_master_data_and_settings.company_jinasena_agricultural_machinery,ask,,,pdf,,pdf,pdf,1,optional,optional,no,optional,1,,,,,
stock_picking_type_internal_transfers_1055,Internal Transfers,0,980,,INT,Jinasena_MasterData_Stock.stock_location_stock_952,Jinasena_MasterData_Stock.stock_location_stock_952,internal,Jinasena_MasterData_Stock.stock_warehouse_intransit_warehouse_jam,1,,1,,,1,at_confirm,0,0,2x7xprice,4x12_lots,pdf,IW-JM-INTERNAL,seed_master_data_and_settings.company_jinasena_agricultural_machinery,ask,,,pdf,,pdf,pdf,1,optional,optional,no,optional,1,,,,,
stock_picking_type_delivery_orders_1052,Delivery Orders,0,983,,OUT,Jinasena_MasterData_Stock.stock_location_stock_952,,outgoing,Jinasena_MasterData_Stock.stock_warehouse_intransit_warehouse_jam,1,,1,1,,1,at_confirm,0,0,2x7xprice,4x12_lots,pdf,IW-JM-DELIVERY,seed_master_data_and_settings.company_jinasena_agricultural_machinery,ask,,,pdf,,pdf,pdf,1,optional,optional,no,optional,1,,,,,
stock_picking_type_pos_orders_1059,PoS Orders,0,983,,POS,Jinasena_MasterData_Stock.stock_location_stock_952,stock.stock_location_customers,outgoing,Jinasena_MasterData_Stock.stock_warehouse_intransit_warehouse_jam,1,1,1,1,,1,at_confirm,0,0,2x7xprice,4x12_lots,pdf,,seed_master_data_and_settings.company_jinasena_agricultural_machinery,ask,,,pdf,,pdf,pdf,1,optional,optional,no,optional,1,,,,,
stock_picking_type_repairs_1060,Repairs,0,985,,RO,Jinasena_MasterData_Stock.stock_location_stock_952,Jinasena_MasterData_Stock.stock_location_production_195,repair_operation,Jinasena_MasterData_Stock.stock_warehouse_intransit_warehouse_jam,1,1,1,,,1,at_confirm,0,0,2x7xprice,4x12_lots,pdf,IW-JM-RO,seed_master_data_and_settings.company_jinasena_agricultural_machinery,ask,,,pdf,,pdf,pdf,1,optional,optional,no,optional,1,Jinasena_MasterData_Stock.stock_location_scrap_196,Jinasena_MasterData_Stock.stock_location_stock_952,,,
stock_picking_type_receipts_1061,Receipts,0,986,,IN,,Jinasena_MasterData_Stock.stock_location_stock_974,incoming,Jinasena_MasterData_Stock.stock_warehouse_intransit_warehouse_embilipitiya,1,1,,,,,at_confirm,0,0,2x7xprice,4x12_lots,pdf,IB-EM-RECEIPTS,seed_master_data_and_settings.company_jinasena_agricultural_machinery,ask,,,pdf,,pdf,pdf,1,optional,optional,no,optional,1,,,,,
stock_picking_type_internal_transfers_1065,Internal Transfers,0,987,,INT,Jinasena_MasterData_Stock.stock_location_stock_974,Jinasena_MasterData_Stock.stock_location_stock_974,internal,Jinasena_MasterData_Stock.stock_warehouse_intransit_warehouse_embilipitiya,1,,1,,,1,at_confirm,0,0,2x7xprice,4x12_lots,pdf,IB-EM-INTERNAL,seed_master_data_and_settings.company_jinasena_agricultural_machinery,ask,,,pdf,,pdf,pdf,1,optional,optional,no,optional,1,,,,,
stock_picking_type_delivery_orders_1062,Delivery Orders,0,990,,OUT,Jinasena_MasterData_Stock.stock_location_stock_974,,outgoing,Jinasena_MasterData_Stock.stock_warehouse_intransit_warehouse_embilipitiya,1,,1,1,,1,at_confirm,0,0,2x7xprice,4x12_lots,pdf,IB-EM-DELIVERY,seed_master_data_and_settings.company_jinasena_agricultural_machinery,ask,,,pdf,,pdf,pdf,1,optional,optional,no,optional,1,,,,,
stock_picking_type_pos_orders_1069,PoS Orders,0,990,,POS,Jinasena_MasterData_Stock.stock_location_stock_974,stock.stock_location_customers,outgoing,Jinasena_MasterData_Stock.stock_warehouse_intransit_warehouse_embilipitiya,1,1,1,1,,1,at_confirm,0,0,2x7xprice,4x12_lots,pdf,,seed_master_data_and_settings.company_jinasena_agricultural_machinery,ask,,,pdf,,pdf,pdf,1,optional,optional,no,optional,1,,,,,
stock_picking_type_repairs_1070,Repairs,0,992,,RO,Jinasena_MasterData_Stock.stock_location_stock_974,Jinasena_MasterData_Stock.stock_location_production_195,repair_operation,Jinasena_MasterData_Stock.stock_warehouse_intransit_warehouse_embilipitiya,1,1,1,,,1,at_confirm,0,0,2x7xprice,4x12_lots,pdf,IB-EM-RO,seed_master_data_and_settings.company_jinasena_agricultural_machinery,ask,,,pdf,,pdf,pdf,1,optional,optional,no,optional,1,Jinasena_MasterData_Stock.stock_location_scrap_196,Jinasena_MasterData_Stock.stock_location_stock_974,,,
stock_picking_type_receipts_1071,Receipts,0,993,,IN,,Jinasena_MasterData_Stock.stock_location_stock_982,incoming,Jinasena_MasterData_Stock.stock_warehouse_retail_counter_waste_management,1,1,,,,,at_confirm,0,0,2x7xprice,4x12_lots,pdf,RC-WM-RECEIPTS,seed_master_data_and_settings.company_jinasena_agricultural_machinery,ask,,,pdf,,pdf,pdf,1,optional,optional,no,optional,1,,,,,
stock_picking_type_internal_transfers_1075,Internal Transfers,0,994,,INT,Jinasena_MasterData_Stock.stock_location_stock_982,Jinasena_MasterData_Stock.stock_location_stock_982,internal,Jinasena_MasterData_Stock.stock_warehouse_retail_counter_waste_management,1,,1,,,1,at_confirm,0,0,2x7xprice,4x12_lots,pdf,RC-WM-INTERNAL,seed_master_data_and_settings.company_jinasena_agricultural_machinery,ask,,,pdf,,pdf,pdf,1,optional,optional,no,optional,1,,,,,
stock_picking_type_delivery_orders_1072,Delivery Orders,0,997,,OUT,Jinasena_MasterData_Stock.stock_location_stock_982,,outgoing,Jinasena_MasterData_Stock.stock_warehouse_retail_counter_waste_management,1,,1,1,,1,at_confirm,0,0,2x7xprice,4x12_lots,pdf,RC-WM-DELIVERY,seed_master_data_and_settings.company_jinasena_agricultural_machinery,ask,,,pdf,,pdf,pdf,1,optional,optional,mandatory,optional,1,,,,,
stock_picking_type_repairs_1079,Repairs,0,999,Jinasena_MasterData_Common.ir_sequence_retail_counter_waste_management_sequence_1263,RO,Jinasena_MasterData_Stock.stock_location_stock_982,Jinasena_MasterData_Stock.stock_location_production_195,repair_operation,Jinasena_MasterData_Stock.stock_warehouse_retail_counter_waste_management,1,1,1,,,1,at_confirm,0,0,2x7xprice,4x12_lots,pdf,RC-WM-RO,seed_master_data_and_settings.company_jinasena_agricultural_machinery,ask,,,pdf,,pdf,pdf,1,optional,optional,no,optional,1,Jinasena_MasterData_Stock.stock_location_scrap_196,Jinasena_MasterData_Stock.stock_location_stock_982,,,
stock_picking_type_receipts_1087,Receipts,0,1000,,IN,,Jinasena_MasterData_Stock.stock_location_stock_1006,incoming,Jinasena_MasterData_Stock.stock_warehouse_tender_warehouse_head_office,1,1,,,,,at_confirm,0,0,2x7xprice,4x12_lots,pdf,TD-HO-RECEIPTS,seed_master_data_and_settings.company_jinasena_agricultural_machinery,ask,,,pdf,,pdf,pdf,1,optional,optional,no,optional,1,,,,,
stock_picking_type_internal_transfers_1091,Internal Transfers,0,1001,,INT,Jinasena_MasterData_Stock.stock_location_stock_1006,Jinasena_MasterData_Stock.stock_location_stock_1006,internal,Jinasena_MasterData_Stock.stock_warehouse_tender_warehouse_head_office,1,,1,,,1,at_confirm,0,0,2x7xprice,4x12_lots,pdf,TD-HO-INTERNAL,seed_master_data_and_settings.company_jinasena_agricultural_machinery,ask,,,pdf,,pdf,pdf,1,optional,optional,no,optional,1,,,,,
stock_picking_type_delivery_orders_1088,Delivery Orders,0,1004,,OUT,Jinasena_MasterData_Stock.stock_location_stock_1006,,outgoing,Jinasena_MasterData_Stock.stock_warehouse_tender_warehouse_head_office,1,,1,1,,1,at_confirm,0,0,2x7xprice,4x12_lots,pdf,TD-HO-DELIVERY,seed_master_data_and_settings.company_jinasena_agricultural_machinery,ask,,,pdf,,pdf,pdf,1,optional,optional,no,optional,1,,,,,
stock_picking_type_pos_orders_1095,PoS Orders,0,1004,,POS,Jinasena_MasterData_Stock.stock_location_stock_1006,stock.stock_location_customers,outgoing,Jinasena_MasterData_Stock.stock_warehouse_tender_warehouse_head_office,1,1,1,1,,1,at_confirm,0,0,2x7xprice,4x12_lots,pdf,,seed_master_data_and_settings.company_jinasena_agricultural_machinery,ask,,,pdf,,pdf,pdf,1,optional,optional,no,optional,1,,,,,
stock_picking_type_repairs_1096,Repairs,0,1006,,RO,Jinasena_MasterData_Stock.stock_location_stock_1006,Jinasena_MasterData_Stock.stock_location_stock_511,repair_operation,Jinasena_MasterData_Stock.stock_warehouse_tender_warehouse_head_office,1,1,1,,,1,at_confirm,0,0,2x7xprice,4x12_lots,pdf,TD-HO-RO,seed_master_data_and_settings.company_jinasena_agricultural_machinery,ask,,,pdf,,pdf,pdf,1,optional,optional,no,optional,1,Jinasena_MasterData_Stock.stock_location_scrap_196,Jinasena_MasterData_Stock.stock_location_stock_1006,,,
stock_picking_type_manufacturing_1094,Manufacturing,0,1007,,MO,Jinasena_MasterData_Stock.stock_location_stock_1006,Jinasena_MasterData_Stock.stock_location_stock_1006,mrp_operation,Jinasena_MasterData_Stock.stock_warehouse_tender_warehouse_head_office,1,1,1,,,1,at_confirm,0,0,2x7xprice,4x12_lots,pdf,TD-HO-MANUFACTURING,seed_master_data_and_settings.company_jinasena_agricultural_machinery,ask,,,pdf,,pdf,pdf,1,optional,optional,no,optional,1,,,,,
stock_picking_type_movement_journals_in,Movement Journals - IN,11,0,Jinasena_MasterData_Common.ir_sequence_raw_material_main_warehouse_rp_ek_sequen_297,MJ/IN,Jinasena_MasterData_Stock.stock_location_mj,stock.stock_location_stock,incoming,Jinasena_MasterData_Stock.stock_warehouse_raw_material_main_warehouse_rp_ek,1,,1,,1,,at_confirm,0,0,2x7xprice,4x12_lots,pdf,,base.main_company,ask,,,pdf,,pdf,pdf,1,optional,optional,no,optional,1,,,,1,1
stock_picking_type_consignment_cg_customer,Consignment - CG -> Customer,0,0,Jinasena_MasterData_Common.ir_sequence_rc_tm_warehouse_for_colombo_sales_center_411,OUT,Jinasena_MasterData_Stock.stock_location_rc_tm_consignment_location,stock.stock_location_customers,outgoing,Jinasena_MasterData_Stock.stock_warehouse_rc_tm_warehouse_for_colombo_sales_center,1,,1,1,1,1,manual,0,0,2x7xprice,4x12_lots,pdf,,base.main_company,ask,,,pdf,,pdf,pdf,1,optional,optional,no,optional,1,,,,,
