id,name,active,group_propagation_option,action,sequence,company_id/id,location_dest_id/id,location_src_id/id,route_id/id,procure_method,picking_type_id/id,delay,propagate_carrier,warehouse_id/id,propagate_warehouse_id/id,auto
stock_rule_cw_cm_stock_customers,CW-CM: Stock → Customers,1,propagate,pull,20,,,Jinasena_MasterData_Stock.stock_location_stock_76,Jinasena_MasterData_Stock.stock_route_casting_warehouse_cw_cm_deliver_in_1_ste,make_to_stock,Jinasena_MasterData_Stock.stock_picking_type_delivery_orders,0,,Jinasena_MasterData_Stock.stock_warehouse_casting_warehouse_cw_cm,,manual
stock_rule_cw_cm_input_output,CW-CM: Input → Output,1,propagate,pull,20,,,,,make_to_order,Jinasena_MasterData_Stock.stock_picking_type_internal_transfers,0,,Jinasena_MasterData_Stock.stock_warehouse_casting_warehouse_cw_cm,,manual
stock_rule_cw_cm_output_customers,CW-CM: Output → Customers,1,propagate,pull,20,,,,,make_to_order,Jinasena_MasterData_Stock.stock_picking_type_delivery_orders,0,,Jinasena_MasterData_Stock.stock_warehouse_casting_warehouse_cw_cm,,manual
stock_rule_cw_cm_stock_customers_mto,CW-CM: Stock → Customers (MTO),1,propagate,pull,20,,,Jinasena_MasterData_Stock.stock_location_stock_76,,mts_else_mto,Jinasena_MasterData_Stock.stock_picking_type_delivery_orders,0,,Jinasena_MasterData_Stock.stock_warehouse_casting_warehouse_cw_cm,,manual
stock_rule_cw_cm_stock_production_mto,CW-CM: Stock → Production (MTO),1,propagate,pull,20,,Jinasena_MasterData_Stock.stock_location_production,Jinasena_MasterData_Stock.stock_location_stock_76,,mts_else_mto,Jinasena_MasterData_Stock.stock_picking_type_manufacturing,0,,Jinasena_MasterData_Stock.stock_warehouse_casting_warehouse_cw_cm,,manual
stock_rule_cw_cm_stock_buy,CW-CM: Stock (Buy),1,none,buy,20,,Jinasena_MasterData_Stock.stock_location_stock_76,,,make_to_stock,Jinasena_MasterData_Stock.stock_picking_type_receipts,0,,Jinasena_MasterData_Stock.stock_warehouse_casting_warehouse_cw_cm,,manual
stock_rule_mw_cm_stock_customers,MW-CM: Stock → Customers,1,propagate,pull,20,,,Jinasena_MasterData_Stock.stock_location_stock_84,Jinasena_MasterData_Stock.stock_route_main_warehouse_mw_cm_deliver_in_1_step_s,make_to_stock,Jinasena_MasterData_Stock.stock_picking_type_delivery_orders_83,0,,Jinasena_MasterData_Stock.stock_warehouse_main_warehouse_mw_cm,,manual
stock_rule_mw_cm_input_output,MW-CM: Input → Output,1,propagate,pull,20,,,,,make_to_order,Jinasena_MasterData_Stock.stock_picking_type_internal_transfers_86,0,,Jinasena_MasterData_Stock.stock_warehouse_main_warehouse_mw_cm,,manual
stock_rule_mw_cm_output_customers,MW-CM: Output → Customers,1,propagate,pull,20,,,,,make_to_order,Jinasena_MasterData_Stock.stock_picking_type_delivery_orders_83,0,,Jinasena_MasterData_Stock.stock_warehouse_main_warehouse_mw_cm,,manual
stock_rule_mw_cm_stock_customers_mto,MW-CM: Stock → Customers (MTO),1,propagate,pull,20,,,Jinasena_MasterData_Stock.stock_location_stock_84,,mts_else_mto,Jinasena_MasterData_Stock.stock_picking_type_delivery_orders_83,0,,Jinasena_MasterData_Stock.stock_warehouse_main_warehouse_mw_cm,,manual
stock_rule_mw_cm_stock_production_mto,MW-CM: Stock → Production (MTO),1,propagate,pull,20,,Jinasena_MasterData_Stock.stock_location_production,Jinasena_MasterData_Stock.stock_location_stock_116,,mts_else_mto,Jinasena_MasterData_Stock.stock_picking_type_manufacturing_89,0,,Jinasena_MasterData_Stock.stock_warehouse_main_warehouse_mw_cm,,manual
stock_rule_mw_cm_stock_buy,MW-CM: Stock (Buy),1,none,buy,20,,Jinasena_MasterData_Stock.stock_location_stock_84,,,make_to_stock,Jinasena_MasterData_Stock.stock_picking_type_receipts_82,0,,Jinasena_MasterData_Stock.stock_warehouse_main_warehouse_mw_cm,,manual
stock_rule_ow_ek_input_output,OW-EK: Input → Output,1,propagate,pull,20,,,,,make_to_order,Jinasena_MasterData_Stock.stock_picking_type_internal_transfers_95,0,,Jinasena_MasterData_Stock.stock_warehouse_oils_lubricants_warehouse_ow_ek,,manual
stock_rule_ow_ek_output_customers,OW-EK: Output → Customers,1,propagate,pull,20,,,,,make_to_order,Jinasena_MasterData_Stock.stock_picking_type_delivery_orders_92,0,,Jinasena_MasterData_Stock.stock_warehouse_oils_lubricants_warehouse_ow_ek,,manual
stock_rule_ow_ek_stock_customers_mto,OW-EK: Stock → Customers (MTO),1,propagate,pull,20,,,Jinasena_MasterData_Stock.stock_location_stock_92,,make_to_stock,Jinasena_MasterData_Stock.stock_picking_type_delivery_orders_92,0,,Jinasena_MasterData_Stock.stock_warehouse_oils_lubricants_warehouse_ow_ek,,manual
stock_rule_ow_ek_stock_production_mto,OW-EK: Stock → Production (MTO),1,propagate,pull,20,,Jinasena_MasterData_Stock.stock_location_production,Jinasena_MasterData_Stock.stock_location_stock_92,,mts_else_mto,Jinasena_MasterData_Stock.stock_picking_type_manufacturing_98,0,,Jinasena_MasterData_Stock.stock_warehouse_oils_lubricants_warehouse_ow_ek,,manual
stock_rule_ow_ek_stock_buy,OW-EK: Stock (Buy),1,none,buy,20,,Jinasena_MasterData_Stock.stock_location_stock_92,,,make_to_stock,Jinasena_MasterData_Stock.stock_picking_type_receipts_91,0,,Jinasena_MasterData_Stock.stock_warehouse_oils_lubricants_warehouse_ow_ek,,manual
stock_rule_mw_je_stock_customers,MW-JE: Stock → Customers,1,propagate,pull,20,,,Jinasena_MasterData_Stock.stock_location_stock_100,Jinasena_MasterData_Stock.stock_route_retail_sales_counter_sp_sp_rc_deliver_in,make_to_stock,Jinasena_MasterData_Stock.stock_picking_type_delivery_orders_101,0,,Jinasena_MasterData_Stock.stock_warehouse_retail_sales_counter_sp_sp_rc,,manual
stock_rule_mw_je_input_output,MW-JE: Input → Output,1,propagate,pull,20,,,,,make_to_order,Jinasena_MasterData_Stock.stock_picking_type_internal_transfers_104,0,,Jinasena_MasterData_Stock.stock_warehouse_retail_sales_counter_sp_sp_rc,,manual
stock_rule_mw_je_output_customers,MW-JE: Output → Customers,1,propagate,pull,20,,,,,make_to_order,Jinasena_MasterData_Stock.stock_picking_type_delivery_orders_101,0,,Jinasena_MasterData_Stock.stock_warehouse_retail_sales_counter_sp_sp_rc,,manual
stock_rule_sp_rc_stock_customers_mto,SP-RC: Stock → Customers (MTO),1,propagate,pull,20,,,Jinasena_MasterData_Stock.stock_location_stock_100,,mts_else_mto,Jinasena_MasterData_Stock.stock_picking_type_delivery_orders_101,0,,Jinasena_MasterData_Stock.stock_warehouse_retail_sales_counter_sp_sp_rc,,manual
stock_rule_sp_rc_stock_production_mto,SP-RC: Stock → Production (MTO),1,propagate,pull,20,,Jinasena_MasterData_Stock.stock_location_production,Jinasena_MasterData_Stock.stock_location_stock_100,,mts_else_mto,Jinasena_MasterData_Stock.stock_picking_type_manufacturing_107,0,,Jinasena_MasterData_Stock.stock_warehouse_retail_sales_counter_sp_sp_rc,,manual
stock_rule_sp_rc_stock_buy,SP-RC: Stock (Buy),1,none,buy,20,,Jinasena_MasterData_Stock.stock_location_stock_100,,,make_to_stock,Jinasena_MasterData_Stock.stock_picking_type_receipts_100,0,,Jinasena_MasterData_Stock.stock_warehouse_retail_sales_counter_sp_sp_rc,,manual
stock_rule_pw_je_stock_customers,PW-JE: Stock → Customers,1,propagate,pull,20,,,Jinasena_MasterData_Stock.stock_location_stock_116,Jinasena_MasterData_Stock.stock_route_production_warehouse_pw_je_deliver_in_1_,make_to_stock,Jinasena_MasterData_Stock.stock_picking_type_delivery_orders_119,0,,Jinasena_MasterData_Stock.stock_warehouse_production_warehouse_pw_je,,manual
stock_rule_pw_je_input_output,PW-JE: Input → Output,1,propagate,pull,20,,,,,make_to_order,Jinasena_MasterData_Stock.stock_picking_type_internal_transfers_122,0,,Jinasena_MasterData_Stock.stock_warehouse_production_warehouse_pw_je,,manual
stock_rule_pw_je_output_customers,PW-JE: Output → Customers,1,propagate,pull,20,,,,,make_to_order,Jinasena_MasterData_Stock.stock_picking_type_delivery_orders_119,0,,Jinasena_MasterData_Stock.stock_warehouse_production_warehouse_pw_je,,manual
stock_rule_pw_je_stock_customers_mto,PW-JE: Stock → Customers (MTO),1,propagate,pull,20,,,Jinasena_MasterData_Stock.stock_location_stock_116,,mts_else_mto,Jinasena_MasterData_Stock.stock_picking_type_delivery_orders_119,0,,Jinasena_MasterData_Stock.stock_warehouse_production_warehouse_pw_je,,manual
stock_rule_pw_je_stock_production_mto,PW-JE: Stock → Production (MTO),1,propagate,pull,20,,Jinasena_MasterData_Stock.stock_location_production,Jinasena_MasterData_Stock.stock_location_stock_116,,make_to_order,Jinasena_MasterData_Stock.stock_picking_type_manufacturing_125,0,,Jinasena_MasterData_Stock.stock_warehouse_production_warehouse_pw_je,,manual
stock_rule_pw_mw_stock_customers,PW-MW: Stock → Customers,1,propagate,pull,20,,,Jinasena_MasterData_Stock.stock_location_stock_124,Jinasena_MasterData_Stock.stock_route_production_warehouse_pw_mw_deliver_in_1_,make_to_stock,Jinasena_MasterData_Stock.stock_picking_type_delivery_orders_128,0,,Jinasena_MasterData_Stock.stock_warehouse_production_warehouse_pw_mw,,manual
stock_rule_pw_mw_input_output,PW-MW: Input → Output,1,propagate,pull,20,,,,,make_to_order,Jinasena_MasterData_Stock.stock_picking_type_internal_transfers_131,0,,Jinasena_MasterData_Stock.stock_warehouse_production_warehouse_pw_mw,,manual
stock_rule_pw_mw_output_customers,PW-MW: Output → Customers,1,propagate,pull,20,,,,,make_to_order,Jinasena_MasterData_Stock.stock_picking_type_delivery_orders_128,0,,Jinasena_MasterData_Stock.stock_warehouse_production_warehouse_pw_mw,,manual
stock_rule_pw_mw_stock_customers_mto,PW-MW: Stock → Customers (MTO),1,propagate,pull,20,,,Jinasena_MasterData_Stock.stock_location_stock_124,,mts_else_mto,Jinasena_MasterData_Stock.stock_picking_type_delivery_orders_128,0,,Jinasena_MasterData_Stock.stock_warehouse_production_warehouse_pw_mw,,manual
stock_rule_pw_mw_stock_production,PW-MW: Stock (Production),1,propagate,manufacture,20,,Jinasena_MasterData_Stock.stock_location_stock_124,,,make_to_order,Jinasena_MasterData_Stock.stock_picking_type_manufacturing_134,0,,Jinasena_MasterData_Stock.stock_warehouse_production_warehouse_pw_mw,,manual
stock_rule_pw_mw_stock_production_mto,PW-MW: Stock → Production (MTO),1,propagate,pull,20,,Jinasena_MasterData_Stock.stock_location_production,Jinasena_MasterData_Stock.stock_location_stock_124,,mts_else_mto,Jinasena_MasterData_Stock.stock_picking_type_manufacturing_134,0,,Jinasena_MasterData_Stock.stock_warehouse_production_warehouse_pw_mw,,manual
stock_rule_pw_e1_stock_customers_mto,PW-E1: Stock → Customers (MTO),1,propagate,pull,20,,,Jinasena_MasterData_Stock.stock_location_stock_132,,mts_else_mto,Jinasena_MasterData_Stock.stock_picking_type_delivery_orders_137,0,,Jinasena_MasterData_Stock.stock_warehouse_production_warehouse_pw_e1,,manual
stock_rule_cw_cm_stock_inter_warehouse_transit_mto,CW-CM: Stock → Inter-warehouse transit (MTO),1,propagate,pull,20,,Jinasena_MasterData_Stock.stock_location_inter_warehouse_transit,Jinasena_MasterData_Stock.stock_location_stock_76,,mts_else_mto,Jinasena_MasterData_Stock.stock_picking_type_delivery_orders,0,,Jinasena_MasterData_Stock.stock_warehouse_casting_warehouse_cw_cm,,manual
stock_rule_mw_cm_stock_inter_warehouse_transit_mto,MW-CM: Stock → Inter-warehouse transit (MTO),1,propagate,pull,20,,Jinasena_MasterData_Stock.stock_location_inter_warehouse_transit,Jinasena_MasterData_Stock.stock_location_stock_84,,mts_else_mto,Jinasena_MasterData_Stock.stock_picking_type_delivery_orders_83,0,,Jinasena_MasterData_Stock.stock_warehouse_main_warehouse_mw_cm,,manual
stock_rule_ow_ek_stock_inter_warehouse_transit_mto,OW-EK: Stock → Inter-warehouse transit (MTO),1,propagate,pull,20,,Jinasena_MasterData_Stock.stock_location_inter_warehouse_transit,Jinasena_MasterData_Stock.stock_location_stock_92,,mts_else_mto,Jinasena_MasterData_Stock.stock_picking_type_delivery_orders_92,0,,Jinasena_MasterData_Stock.stock_warehouse_oils_lubricants_warehouse_ow_ek,,manual
stock_rule_mw_je_stock_inter_warehouse_transit_mto,MW-JE: Stock → Inter-warehouse transit (MTO),1,propagate,pull,20,,Jinasena_MasterData_Stock.stock_location_inter_warehouse_transit,Jinasena_MasterData_Stock.stock_location_stock_100,,mts_else_mto,Jinasena_MasterData_Stock.stock_picking_type_delivery_orders_101,0,,Jinasena_MasterData_Stock.stock_warehouse_retail_sales_counter_sp_sp_rc,,manual
stock_rule_rp_ek_stock_customers,RP-EK: Stock → Customers,1,propagate,pull,20,,,Jinasena_MasterData_Stock.stock_location_stock_140,Jinasena_MasterData_Stock.stock_route_raw_material_main_warehouse_rp_ek_delive,make_to_stock,Jinasena_MasterData_Stock.stock_picking_type_delivery_orders_146,0,,Jinasena_MasterData_Stock.stock_warehouse_raw_material_main_warehouse_rp_ek,,manual
stock_rule_rp_ek_input_output,RP-EK: Input → Output,1,propagate,pull,20,,,,,make_to_order,Jinasena_MasterData_Stock.stock_picking_type_internal_transfers_149,0,,Jinasena_MasterData_Stock.stock_warehouse_raw_material_main_warehouse_rp_ek,,manual
stock_rule_rp_ek_output_customers,RP-EK: Output → Customers,1,propagate,pull,20,,,,,make_to_order,Jinasena_MasterData_Stock.stock_picking_type_delivery_orders_146,0,,Jinasena_MasterData_Stock.stock_warehouse_raw_material_main_warehouse_rp_ek,,manual
stock_rule_rp_ek_stock_customers_mto,RP-EK: Stock → Customers (MTO),1,propagate,pull,20,,,Jinasena_MasterData_Stock.stock_location_stock_140,,make_to_stock,Jinasena_MasterData_Stock.stock_picking_type_delivery_orders_146,0,,Jinasena_MasterData_Stock.stock_warehouse_raw_material_main_warehouse_rp_ek,,manual
stock_rule_rp_ek_stock_buy,RP-EK: Stock (Buy),1,propagate,buy,20,,Jinasena_MasterData_Stock.stock_location_stock_140,,,make_to_stock,Jinasena_MasterData_Stock.stock_picking_type_receipts_145,0,,Jinasena_MasterData_Stock.stock_warehouse_raw_material_main_warehouse_rp_ek,,manual
stock_rule_br_am_stock_customers,BR-AM: Stock → Customers,1,propagate,pull,20,,,Jinasena_MasterData_Stock.stock_location_stock,Jinasena_MasterData_Stock.stock_route_br_am_warehouse_for_ampara_sales_center__78,make_to_stock,Jinasena_MasterData_Stock.stock_picking_type_delivery_orders_155,0,,Jinasena_MasterData_Stock.stock_warehouse_br_am_warehouse_for_ampara_sales_center,,manual
stock_rule_br_am_input_output,BR-AM: Input → Output,1,propagate,pull,20,,,,,make_to_order,Jinasena_MasterData_Stock.stock_picking_type_internal_transfers_158,0,,Jinasena_MasterData_Stock.stock_warehouse_br_am_warehouse_for_ampara_sales_center,,manual
stock_rule_br_am_output_customers,BR-AM: Output → Customers,1,propagate,pull,20,,,,,make_to_order,Jinasena_MasterData_Stock.stock_picking_type_delivery_orders_155,0,,Jinasena_MasterData_Stock.stock_warehouse_br_am_warehouse_for_ampara_sales_center,,manual
stock_rule_br_am_stock_customers_mto,BR-AM: Stock → Customers (MTO),1,propagate,pull,20,,,Jinasena_MasterData_Stock.stock_location_stock,,make_to_order,Jinasena_MasterData_Stock.stock_picking_type_delivery_orders_155,0,,Jinasena_MasterData_Stock.stock_warehouse_br_am_warehouse_for_ampara_sales_center,,manual
stock_rule_br_am_stock_buy,BR-AM: Stock (Buy),1,propagate,buy,20,,Jinasena_MasterData_Stock.stock_location_stock,,,make_to_stock,Jinasena_MasterData_Stock.stock_picking_type_receipts_154,0,,Jinasena_MasterData_Stock.stock_warehouse_br_am_warehouse_for_ampara_sales_center,,manual
stock_rule_br_an_stock_customers,BR-AN: Stock → Customers,1,propagate,pull,20,,,Jinasena_MasterData_Stock.stock_location_stock_158,Jinasena_MasterData_Stock.stock_route_br_an_warehouse_for_anuradhapura_sales_c_82,make_to_stock,Jinasena_MasterData_Stock.stock_picking_type_delivery_orders_164,0,,Jinasena_MasterData_Stock.stock_warehouse_br_an_warehouse_for_anuradhapura_sales_c,,manual
stock_rule_br_an_input_output,BR-AN: Input → Output,1,propagate,pull,20,,,,,make_to_order,Jinasena_MasterData_Stock.stock_picking_type_internal_transfers_167,0,,Jinasena_MasterData_Stock.stock_warehouse_br_an_warehouse_for_anuradhapura_sales_c,,manual
stock_rule_br_an_output_customers,BR-AN: Output → Customers,1,propagate,pull,20,,,,,make_to_order,Jinasena_MasterData_Stock.stock_picking_type_delivery_orders_164,0,,Jinasena_MasterData_Stock.stock_warehouse_br_an_warehouse_for_anuradhapura_sales_c,,manual
stock_rule_br_an_stock_customers_mto,BR-AN: Stock → Customers (MTO),1,propagate,pull,20,,,Jinasena_MasterData_Stock.stock_location_stock_158,,make_to_stock,Jinasena_MasterData_Stock.stock_picking_type_delivery_orders_164,0,,Jinasena_MasterData_Stock.stock_warehouse_br_an_warehouse_for_anuradhapura_sales_c,,manual
stock_rule_br_an_stock_buy,BR-AN: Stock (Buy),1,none,buy,20,,Jinasena_MasterData_Stock.stock_location_stock_158,,,make_to_stock,Jinasena_MasterData_Stock.stock_picking_type_receipts_163,0,,Jinasena_MasterData_Stock.stock_warehouse_br_an_warehouse_for_anuradhapura_sales_c,,manual
stock_rule_rc_tm_stock_customers,RC-TM: Stock → Customers,1,propagate,pull,20,,,Jinasena_MasterData_Stock.stock_location_stock_167,Jinasena_MasterData_Stock.stock_route_rc_tm_warehouse_for_colombo_sales_center_86,make_to_stock,Jinasena_MasterData_Stock.stock_picking_type_delivery_orders_173,0,,Jinasena_MasterData_Stock.stock_warehouse_rc_tm_warehouse_for_colombo_sales_center,,manual
stock_rule_rc_tm_input_output,RC-TM: Input → Output,1,propagate,pull,20,,,,,make_to_order,Jinasena_MasterData_Stock.stock_picking_type_internal_transfers_176,0,,Jinasena_MasterData_Stock.stock_warehouse_rc_tm_warehouse_for_colombo_sales_center,,manual
stock_rule_rc_tm_output_customers,RC-TM: Output → Customers,1,propagate,pull,20,,,,,make_to_order,Jinasena_MasterData_Stock.stock_picking_type_delivery_orders_173,0,,Jinasena_MasterData_Stock.stock_warehouse_rc_tm_warehouse_for_colombo_sales_center,,manual
stock_rule_rc_tm_stock_customers_mto,RC-TM: Stock → Customers (MTO),1,propagate,pull,20,,,Jinasena_MasterData_Stock.stock_location_stock_167,,make_to_stock,Jinasena_MasterData_Stock.stock_picking_type_delivery_orders_173,0,,Jinasena_MasterData_Stock.stock_warehouse_rc_tm_warehouse_for_colombo_sales_center,,manual
stock_rule_rc_tm_stock_production_mto,RC-TM: Stock → Production (MTO),1,propagate,pull,20,,Jinasena_MasterData_Stock.stock_location_production,Jinasena_MasterData_Stock.stock_location_stock_167,,mts_else_mto,Jinasena_MasterData_Stock.stock_picking_type_manufacturing_179,0,,Jinasena_MasterData_Stock.stock_warehouse_rc_tm_warehouse_for_colombo_sales_center,,manual
stock_rule_rc_tm_stock_buy,RC-TM: Stock (Buy),1,none,buy,20,,Jinasena_MasterData_Stock.stock_location_stock_167,,,make_to_stock,Jinasena_MasterData_Stock.stock_picking_type_receipts_172,0,,Jinasena_MasterData_Stock.stock_warehouse_rc_tm_warehouse_for_colombo_sales_center,,manual
stock_rule_mw_je_stock_inter_warehouse_transit_mto_199,MW-JE: Stock → Inter-warehouse transit (MTO),1,propagate,pull,20,,Jinasena_MasterData_Stock.stock_location_inter_warehouse_transit,Jinasena_MasterData_Stock.stock_location_stock_100,,mts_else_mto,Jinasena_MasterData_Stock.stock_picking_type_delivery_orders_101,0,,Jinasena_MasterData_Stock.stock_warehouse_retail_sales_counter_sp_sp_rc,,manual
stock_rule_ow_ek_stock_inter_warehouse_transit_mto_205,OW-EK: Stock → Inter-warehouse transit (MTO),1,propagate,pull,20,,Jinasena_MasterData_Stock.stock_location_inter_warehouse_transit,Jinasena_MasterData_Stock.stock_location_stock_92,,mts_else_mto,Jinasena_MasterData_Stock.stock_picking_type_delivery_orders_92,0,,Jinasena_MasterData_Stock.stock_warehouse_oils_lubricants_warehouse_ow_ek,,manual
stock_rule_pw_mw_stock_inter_warehouse_transit_mto,PW-MW: Stock → Inter-warehouse transit (MTO),1,propagate,pull,20,,Jinasena_MasterData_Stock.stock_location_inter_warehouse_transit,Jinasena_MasterData_Stock.stock_location_stock_124,,mts_else_mto,Jinasena_MasterData_Stock.stock_picking_type_delivery_orders_128,0,,Jinasena_MasterData_Stock.stock_warehouse_production_warehouse_pw_mw,,manual
stock_rule_mw_ek_stock_customers,MW-EK: Stock → Customers,1,propagate,pull,20,,,Jinasena_MasterData_Stock.stock_location_stock_183,Jinasena_MasterData_Stock.stock_route_main_warehouse_mw_ek_deliver_in_1_step_s,make_to_stock,Jinasena_MasterData_Stock.stock_picking_type_delivery_orders_191,0,,Jinasena_MasterData_Stock.stock_warehouse_main_warehouse_mw_ek_22,,manual
stock_rule_mw_ek_input_output,MW-EK: Input → Output,1,propagate,pull,20,,,,,make_to_order,Jinasena_MasterData_Stock.stock_picking_type_internal_transfers_194,0,,Jinasena_MasterData_Stock.stock_warehouse_main_warehouse_mw_ek_22,,manual
stock_rule_mw_ek_output_customers,MW-EK: Output → Customers,1,propagate,pull,20,,,,,make_to_order,Jinasena_MasterData_Stock.stock_picking_type_delivery_orders_191,0,,Jinasena_MasterData_Stock.stock_warehouse_main_warehouse_mw_ek_22,,manual
stock_rule_mw_ek_stock_customers_mto,MW-EK: Stock → Customers (MTO),1,propagate,pull,20,,,Jinasena_MasterData_Stock.stock_location_stock_183,,make_to_stock,Jinasena_MasterData_Stock.stock_picking_type_delivery_orders_191,0,,Jinasena_MasterData_Stock.stock_warehouse_main_warehouse_mw_ek_22,,manual
stock_rule_mw_ek_stock_inter_warehouse_transit_mto,MW-EK: Stock → Inter-warehouse transit (MTO),1,propagate,pull,20,,Jinasena_MasterData_Stock.stock_location_inter_warehouse_transit,Jinasena_MasterData_Stock.stock_location_stock_183,,mts_else_mto,Jinasena_MasterData_Stock.stock_picking_type_delivery_orders_191,0,,Jinasena_MasterData_Stock.stock_warehouse_main_warehouse_mw_ek_22,,manual
stock_rule_pw_e1_stock_inter_warehouse_transit_mto,PW-E1: Stock → Inter-warehouse transit (MTO),1,propagate,pull,20,,Jinasena_MasterData_Stock.stock_location_inter_warehouse_transit,Jinasena_MasterData_Stock.stock_location_stock_132,,mts_else_mto,Jinasena_MasterData_Stock.stock_picking_type_delivery_orders_137,0,,Jinasena_MasterData_Stock.stock_warehouse_production_warehouse_pw_e1,,manual
stock_rule_mw_je_stock_inter_warehouse_transit_mto_236,MW-JE: Stock → Inter-warehouse transit (MTO),1,propagate,pull,20,,Jinasena_MasterData_Stock.stock_location_inter_warehouse_transit,Jinasena_MasterData_Stock.stock_location_stock_100,,mts_else_mto,Jinasena_MasterData_Stock.stock_picking_type_delivery_orders_101,0,,Jinasena_MasterData_Stock.stock_warehouse_retail_sales_counter_sp_sp_rc,,manual
stock_rule_rp_ek_stock_inter_warehouse_transit,RP-EK: Stock → Inter-warehouse transit,1,propagate,pull,20,,Jinasena_MasterData_Stock.stock_location_inter_warehouse_transit,Jinasena_MasterData_Stock.stock_location_stock_140,Jinasena_MasterData_Stock.stock_route_casting_warehouse_cw_cm_supply_product_f_105,make_to_order,Jinasena_MasterData_Stock.stock_picking_type_delivery_orders_146,0,,Jinasena_MasterData_Stock.stock_warehouse_raw_material_main_warehouse_rp_ek,,manual
stock_rule_cw_cm_inter_warehouse_transit_stock,CW-CM: Inter-warehouse transit → Stock,1,propagate,pull,20,,Jinasena_MasterData_Stock.stock_location_stock_76,Jinasena_MasterData_Stock.stock_location_inter_warehouse_transit,Jinasena_MasterData_Stock.stock_route_casting_warehouse_cw_cm_supply_product_f_105,make_to_order,Jinasena_MasterData_Stock.stock_picking_type_receipts,0,,Jinasena_MasterData_Stock.stock_warehouse_casting_warehouse_cw_cm,Jinasena_MasterData_Stock.stock_warehouse_raw_material_main_warehouse_rp_ek,manual
stock_rule_rp_ek_stock_inter_warehouse_transit_mto,RP-EK: Stock → Inter-warehouse transit (MTO),1,propagate,pull,20,,Jinasena_MasterData_Stock.stock_location_inter_warehouse_transit,Jinasena_MasterData_Stock.stock_location_stock_140,,make_to_order,Jinasena_MasterData_Stock.stock_picking_type_delivery_orders_146,0,,Jinasena_MasterData_Stock.stock_warehouse_raw_material_main_warehouse_rp_ek,,manual
stock_rule_mw_je_stock_inter_warehouse_transit_mto_258,MW-JE: Stock → Inter-warehouse transit (MTO),1,propagate,pull,20,,Jinasena_MasterData_Stock.stock_location_inter_warehouse_transit,Jinasena_MasterData_Stock.stock_location_stock_100,,mts_else_mto,Jinasena_MasterData_Stock.stock_picking_type_delivery_orders_101,0,,Jinasena_MasterData_Stock.stock_warehouse_retail_sales_counter_sp_sp_rc,,manual
stock_rule_cw_cm_stock_inter_warehouse_transit_mto_264,CW-CM: Stock → Inter-warehouse transit (MTO),1,propagate,pull,20,,Jinasena_MasterData_Stock.stock_location_inter_warehouse_transit,Jinasena_MasterData_Stock.stock_location_stock_76,,mts_else_mto,Jinasena_MasterData_Stock.stock_picking_type_delivery_orders,0,,Jinasena_MasterData_Stock.stock_warehouse_casting_warehouse_cw_cm,,manual
stock_rule_mw_jc_stock_customers,MW-JC: Stock → Customers,1,propagate,pull,20,,,Jinasena_MasterData_Stock.stock_location_stock_223,Jinasena_MasterData_Stock.stock_route_casting_department_mw_jc_deliver_in_1_st,make_to_stock,Jinasena_MasterData_Stock.stock_picking_type_delivery_orders_220,0,,Jinasena_MasterData_Stock.stock_warehouse_casting_department_mw_jc,,manual
stock_rule_mw_jc_input_output,MW-JC: Input → Output,1,propagate,pull,20,,,,,make_to_order,Jinasena_MasterData_Stock.stock_picking_type_internal_transfers_223,0,,Jinasena_MasterData_Stock.stock_warehouse_casting_department_mw_jc,,manual
stock_rule_mw_jc_output_customers,MW-JC: Output → Customers,1,propagate,pull,20,,,,,make_to_order,Jinasena_MasterData_Stock.stock_picking_type_delivery_orders_220,0,,Jinasena_MasterData_Stock.stock_warehouse_casting_department_mw_jc,,manual
stock_rule_mw_jc_stock_customers_mto,MW-JC: Stock → Customers (MTO),1,propagate,pull,20,,,Jinasena_MasterData_Stock.stock_location_stock_223,,mts_else_mto,Jinasena_MasterData_Stock.stock_picking_type_delivery_orders_220,0,,Jinasena_MasterData_Stock.stock_warehouse_casting_department_mw_jc,,manual
stock_rule_mw_jc_stock_production_mto,MW-JC: Stock → Production (MTO),1,propagate,pull,20,,Jinasena_MasterData_Stock.stock_location_production,Jinasena_MasterData_Stock.stock_location_stock_223,,make_to_stock,Jinasena_MasterData_Stock.stock_picking_type_manufacturing_226,0,,Jinasena_MasterData_Stock.stock_warehouse_casting_department_mw_jc,,manual
stock_rule_cw_cm_stock_inter_warehouse_transit_mto_293,CW-CM: Stock → Inter-warehouse transit (MTO),1,propagate,pull,20,,Jinasena_MasterData_Stock.stock_location_inter_warehouse_transit,Jinasena_MasterData_Stock.stock_location_stock_76,,mts_else_mto,Jinasena_MasterData_Stock.stock_picking_type_delivery_orders,0,,Jinasena_MasterData_Stock.stock_warehouse_casting_warehouse_cw_cm,,manual
stock_rule_cw_cm_stock_inter_warehouse_transit_mto_308,CW-CM: Stock → Inter-warehouse transit (MTO),1,propagate,pull,20,,Jinasena_MasterData_Stock.stock_location_inter_warehouse_transit,Jinasena_MasterData_Stock.stock_location_stock_76,,mts_else_mto,Jinasena_MasterData_Stock.stock_picking_type_delivery_orders,0,1,Jinasena_MasterData_Stock.stock_warehouse_casting_warehouse_cw_cm,,manual
stock_rule_mw_cm_stock_inter_warehouse_transit_mto_311,MW-CM: Stock → Inter-warehouse transit (MTO),1,propagate,pull,20,,Jinasena_MasterData_Stock.stock_location_inter_warehouse_transit,Jinasena_MasterData_Stock.stock_location_stock_84,,mts_else_mto,Jinasena_MasterData_Stock.stock_picking_type_delivery_orders_83,0,1,Jinasena_MasterData_Stock.stock_warehouse_main_warehouse_mw_cm,,manual
stock_rule_rp_cm_stock_customers,RP-CM: Stock → Customers,1,propagate,pull,20,,,Jinasena_MasterData_Stock.stock_location_stock_334,Jinasena_MasterData_Stock.stock_route_repairs_warehouse_rp_cm_deliver_in_1_ste,make_to_stock,Jinasena_MasterData_Stock.stock_picking_type_delivery_orders_248,0,1,Jinasena_MasterData_Stock.stock_warehouse_repairs_warehouse_rp_cm,,manual
stock_rule_rp_cm_input_output,RP-CM: Input → Output,1,propagate,pull,20,,,,,make_to_order,Jinasena_MasterData_Stock.stock_picking_type_internal_transfers_251,0,,Jinasena_MasterData_Stock.stock_warehouse_repairs_warehouse_rp_cm,,manual
stock_rule_rp_cm_output_customers,RP-CM: Output → Customers,1,propagate,pull,20,,,,,make_to_order,Jinasena_MasterData_Stock.stock_picking_type_delivery_orders_248,0,,Jinasena_MasterData_Stock.stock_warehouse_repairs_warehouse_rp_cm,,manual
stock_rule_rp_cm_stock_customers_mto,RP-CM: Stock → Customers (MTO),1,propagate,pull,20,,,Jinasena_MasterData_Stock.stock_location_stock_334,,make_to_order,Jinasena_MasterData_Stock.stock_picking_type_delivery_orders_248,0,1,Jinasena_MasterData_Stock.stock_warehouse_repairs_warehouse_rp_cm,,manual
stock_rule_rp_cm_stock_production_mto,RP-CM: Stock → Production (MTO),1,propagate,pull,20,,Jinasena_MasterData_Stock.stock_location_production,Jinasena_MasterData_Stock.stock_location_stock_334,,mts_else_mto,Jinasena_MasterData_Stock.stock_picking_type_manufacturing_255,0,,Jinasena_MasterData_Stock.stock_warehouse_repairs_warehouse_rp_cm,,manual
stock_rule_rp_cm_stock_buy,RP-CM: Stock (Buy),1,none,buy,20,,Jinasena_MasterData_Stock.stock_location_stock_334,,,make_to_stock,Jinasena_MasterData_Stock.stock_picking_type_receipts_247,0,,Jinasena_MasterData_Stock.stock_warehouse_repairs_warehouse_rp_cm,,manual
stock_rule_rp_ek_stock_inter_warehouse_transit_328,RP-EK: Stock → Inter-warehouse transit,1,propagate,pull,20,,Jinasena_MasterData_Stock.stock_location_inter_warehouse_transit,Jinasena_MasterData_Stock.stock_location_stock_140,Jinasena_MasterData_Stock.stock_route_rc_tm_warehouse_for_colombo_sales_center,make_to_order,Jinasena_MasterData_Stock.stock_picking_type_delivery_orders_146,0,,Jinasena_MasterData_Stock.stock_warehouse_raw_material_main_warehouse_rp_ek,,manual
stock_rule_rc_tm_inter_warehouse_transit_stock,RC-TM: Inter-warehouse transit → Stock,1,propagate,pull,20,,Jinasena_MasterData_Stock.stock_location_stock_167,Jinasena_MasterData_Stock.stock_location_inter_warehouse_transit,Jinasena_MasterData_Stock.stock_route_rc_tm_warehouse_for_colombo_sales_center,make_to_order,Jinasena_MasterData_Stock.stock_picking_type_receipts_172,0,,Jinasena_MasterData_Stock.stock_warehouse_rc_tm_warehouse_for_colombo_sales_center,Jinasena_MasterData_Stock.stock_warehouse_raw_material_main_warehouse_rp_ek,manual
stock_rule_mw_cm_stock_inter_warehouse_transit_mto_330,MW-CM: Stock → Inter-warehouse transit (MTO),1,propagate,pull,20,,Jinasena_MasterData_Stock.stock_location_inter_warehouse_transit,Jinasena_MasterData_Stock.stock_location_stock_84,,mts_else_mto,Jinasena_MasterData_Stock.stock_picking_type_delivery_orders_83,0,1,Jinasena_MasterData_Stock.stock_warehouse_main_warehouse_mw_cm,,manual
stock_rule_cw_cm_stock_inter_warehouse_transit_mto_333,CW-CM: Stock → Inter-warehouse transit (MTO),1,propagate,pull,20,,Jinasena_MasterData_Stock.stock_location_inter_warehouse_transit,Jinasena_MasterData_Stock.stock_location_stock_76,,mts_else_mto,Jinasena_MasterData_Stock.stock_picking_type_delivery_orders,0,1,Jinasena_MasterData_Stock.stock_warehouse_casting_warehouse_cw_cm,,manual
stock_rule_cw_cm_stock_inter_warehouse_transit,CW-CM: Stock → Inter-warehouse transit,1,propagate,pull,20,,Jinasena_MasterData_Stock.stock_location_inter_warehouse_transit,Jinasena_MasterData_Stock.stock_location_stock_76,Jinasena_MasterData_Stock.stock_route_casting_department_mw_jc_supply_product_,make_to_order,Jinasena_MasterData_Stock.stock_picking_type_delivery_orders,0,,Jinasena_MasterData_Stock.stock_warehouse_casting_warehouse_cw_cm,,manual
stock_rule_mw_jc_inter_warehouse_transit_stock,MW-JC: Inter-warehouse transit → Stock,1,propagate,pull,20,,Jinasena_MasterData_Stock.stock_location_stock_223,Jinasena_MasterData_Stock.stock_location_inter_warehouse_transit,Jinasena_MasterData_Stock.stock_route_casting_department_mw_jc_supply_product_,make_to_order,Jinasena_MasterData_Stock.stock_picking_type_receipts_219,0,,Jinasena_MasterData_Stock.stock_warehouse_casting_department_mw_jc,Jinasena_MasterData_Stock.stock_warehouse_casting_warehouse_cw_cm,manual
stock_rule_mw_cm_stock_inter_warehouse_transit_mto_336,MW-CM: Stock → Inter-warehouse transit (MTO),1,propagate,pull,20,,Jinasena_MasterData_Stock.stock_location_inter_warehouse_transit,Jinasena_MasterData_Stock.stock_location_stock_84,,mts_else_mto,Jinasena_MasterData_Stock.stock_picking_type_delivery_orders_83,0,1,Jinasena_MasterData_Stock.stock_warehouse_main_warehouse_mw_cm,,manual
stock_rule_rp_ek_stock_inter_warehouse_transit_343,RP-EK: Stock → Inter-warehouse transit,1,propagate,pull,20,,Jinasena_MasterData_Stock.stock_location_inter_warehouse_transit,Jinasena_MasterData_Stock.stock_location_stock_140,Jinasena_MasterData_Stock.stock_route_repairs_warehouse_rp_cm_supply_product_f_143,make_to_stock,Jinasena_MasterData_Stock.stock_picking_type_delivery_orders_146,0,,Jinasena_MasterData_Stock.stock_warehouse_raw_material_main_warehouse_rp_ek,,manual
stock_rule_rp_cm_inter_warehouse_transit_stock,RP-CM: Inter-warehouse transit → Stock,1,propagate,pull,20,,Jinasena_MasterData_Stock.stock_location_stock_334,Jinasena_MasterData_Stock.stock_location_inter_warehouse_transit,Jinasena_MasterData_Stock.stock_route_repairs_warehouse_rp_cm_supply_product_f_143,make_to_order,Jinasena_MasterData_Stock.stock_picking_type_receipts_247,0,,Jinasena_MasterData_Stock.stock_warehouse_repairs_warehouse_rp_cm,Jinasena_MasterData_Stock.stock_warehouse_raw_material_main_warehouse_rp_ek,manual
stock_rule_br_ek_stock_customers,BR-EK: Stock → Customers,1,propagate,pull,20,,,Jinasena_MasterData_Stock.stock_location_stock_353,Jinasena_MasterData_Stock.stock_route_br_ek_warehouse_for_ekala_sales_center_d,make_to_stock,Jinasena_MasterData_Stock.stock_picking_type_delivery_orders_260,0,1,Jinasena_MasterData_Stock.stock_warehouse_br_ek_warehouse_for_ekala_sales_center,,manual
stock_rule_br_ek_input_output,BR-EK: Input → Output,1,propagate,pull,20,,,,,make_to_order,Jinasena_MasterData_Stock.stock_picking_type_internal_transfers_263,0,,Jinasena_MasterData_Stock.stock_warehouse_br_ek_warehouse_for_ekala_sales_center,,manual
stock_rule_br_ek_output_customers,BR-EK: Output → Customers,1,propagate,pull,20,,,,,make_to_order,Jinasena_MasterData_Stock.stock_picking_type_delivery_orders_260,0,,Jinasena_MasterData_Stock.stock_warehouse_br_ek_warehouse_for_ekala_sales_center,,manual
stock_rule_br_ek_stock_customers_mto,BR-EK: Stock → Customers (MTO),1,propagate,pull,20,,,Jinasena_MasterData_Stock.stock_location_stock_353,,mts_else_mto,Jinasena_MasterData_Stock.stock_picking_type_delivery_orders_260,0,1,Jinasena_MasterData_Stock.stock_warehouse_br_ek_warehouse_for_ekala_sales_center,,manual
stock_rule_br_ek_stock_buy,BR-EK: Stock (Buy),1,none,buy,20,,Jinasena_MasterData_Stock.stock_location_stock_353,,,make_to_stock,Jinasena_MasterData_Stock.stock_picking_type_receipts_259,0,,Jinasena_MasterData_Stock.stock_warehouse_br_ek_warehouse_for_ekala_sales_center,,manual
stock_rule_rp_qu_stock_customers,RP-QU: Stock → Customers,1,propagate,pull,20,,,Jinasena_MasterData_Stock.stock_location_stock_361,Jinasena_MasterData_Stock.stock_route_quick_repairs_warehouse_rp_qu_deliver_in,make_to_stock,Jinasena_MasterData_Stock.stock_picking_type_delivery_orders_270,0,1,Jinasena_MasterData_Stock.stock_warehouse_quick_repairs_warehouse_rp_qu,,manual
stock_rule_rp_qu_input_output,RP-QU: Input → Output,1,propagate,pull,20,,,,,make_to_order,Jinasena_MasterData_Stock.stock_picking_type_internal_transfers_273,0,,Jinasena_MasterData_Stock.stock_warehouse_quick_repairs_warehouse_rp_qu,,manual
stock_rule_rp_qu_output_customers,RP-QU: Output → Customers,1,propagate,pull,20,,,,,make_to_order,Jinasena_MasterData_Stock.stock_picking_type_delivery_orders_270,0,,Jinasena_MasterData_Stock.stock_warehouse_quick_repairs_warehouse_rp_qu,,manual
stock_rule_rp_qu_stock_customers_mto,RP-QU: Stock → Customers (MTO),1,propagate,pull,20,,,Jinasena_MasterData_Stock.stock_location_stock_361,,mts_else_mto,Jinasena_MasterData_Stock.stock_picking_type_delivery_orders_270,0,1,Jinasena_MasterData_Stock.stock_warehouse_quick_repairs_warehouse_rp_qu,,manual
stock_rule_rp_qu_stock_production_mto,RP-QU: Stock → Production (MTO),1,propagate,pull,20,,Jinasena_MasterData_Stock.stock_location_production,Jinasena_MasterData_Stock.stock_location_stock_361,,mts_else_mto,Jinasena_MasterData_Stock.stock_picking_type_manufacturing_277,0,,Jinasena_MasterData_Stock.stock_warehouse_quick_repairs_warehouse_rp_qu,,manual
stock_rule_rp_qu_stock_buy,RP-QU: Stock (Buy),1,none,buy,20,,Jinasena_MasterData_Stock.stock_location_stock_361,,,make_to_stock,Jinasena_MasterData_Stock.stock_picking_type_receipts_269,0,,Jinasena_MasterData_Stock.stock_warehouse_quick_repairs_warehouse_rp_qu,,manual
stock_rule_cw_cm_stock_inter_warehouse_transit_mto_363,CW-CM: Stock → Inter-warehouse transit (MTO),1,propagate,pull,20,,Jinasena_MasterData_Stock.stock_location_inter_warehouse_transit,Jinasena_MasterData_Stock.stock_location_stock_76,,mts_else_mto,Jinasena_MasterData_Stock.stock_picking_type_delivery_orders,0,1,Jinasena_MasterData_Stock.stock_warehouse_casting_warehouse_cw_cm,,manual
stock_rule_pj_ei_stock_customers,PJ-EI: Stock → Customers,1,propagate,pull,20,,,Jinasena_MasterData_Stock.stock_location_stock_369,Jinasena_MasterData_Stock.stock_route_electrical_installation_projects_warehou_155,make_to_stock,Jinasena_MasterData_Stock.stock_picking_type_delivery_orders_280,0,1,Jinasena_MasterData_Stock.stock_warehouse_electrical_installation_projects_warehou,,manual
stock_rule_pj_ei_input_output,PJ-EI: Input → Output,1,propagate,pull,20,,,,,make_to_order,Jinasena_MasterData_Stock.stock_picking_type_internal_transfers_283,0,,Jinasena_MasterData_Stock.stock_warehouse_electrical_installation_projects_warehou,,manual
stock_rule_pj_ei_output_customers,PJ-EI: Output → Customers,1,propagate,pull,20,,,,,make_to_order,Jinasena_MasterData_Stock.stock_picking_type_delivery_orders_280,0,,Jinasena_MasterData_Stock.stock_warehouse_electrical_installation_projects_warehou,,manual
stock_rule_pj_ei_stock_customers_mto,PJ-EI: Stock → Customers (MTO),1,propagate,pull,20,,,Jinasena_MasterData_Stock.stock_location_stock_369,,make_to_order,Jinasena_MasterData_Stock.stock_picking_type_delivery_orders_280,0,1,Jinasena_MasterData_Stock.stock_warehouse_electrical_installation_projects_warehou,,manual
stock_rule_pj_ei_stock_buy,PJ-EI: Stock (Buy),1,none,buy,20,,Jinasena_MasterData_Stock.stock_location_stock_369,,,make_to_stock,Jinasena_MasterData_Stock.stock_picking_type_receipts_279,0,,Jinasena_MasterData_Stock.stock_warehouse_electrical_installation_projects_warehou,,manual
stock_rule_rp_ek_stock_inter_warehouse_transit_382,RP-EK: Stock → Inter-warehouse transit,1,propagate,pull,20,,Jinasena_MasterData_Stock.stock_location_inter_warehouse_transit,Jinasena_MasterData_Stock.stock_location_stock_140,Jinasena_MasterData_Stock.stock_route_electrical_installation_projects_warehou,make_to_stock,Jinasena_MasterData_Stock.stock_picking_type_delivery_orders_146,0,,Jinasena_MasterData_Stock.stock_warehouse_raw_material_main_warehouse_rp_ek,,manual
stock_rule_pj_ei_inter_warehouse_transit_stock,PJ-EI: Inter-warehouse transit → Stock,1,propagate,pull,20,,Jinasena_MasterData_Stock.stock_location_stock_369,Jinasena_MasterData_Stock.stock_location_inter_warehouse_transit,Jinasena_MasterData_Stock.stock_route_electrical_installation_projects_warehou,make_to_order,Jinasena_MasterData_Stock.stock_picking_type_receipts_279,0,,Jinasena_MasterData_Stock.stock_warehouse_electrical_installation_projects_warehou,Jinasena_MasterData_Stock.stock_warehouse_raw_material_main_warehouse_rp_ek,manual
stock_rule_mw_ek_stock_inter_warehouse_transit_mto_384,MW-EK: Stock → Inter-warehouse transit (MTO),1,propagate,pull,20,,Jinasena_MasterData_Stock.stock_location_inter_warehouse_transit,Jinasena_MasterData_Stock.stock_location_stock_183,,mts_else_mto,Jinasena_MasterData_Stock.stock_picking_type_delivery_orders_191,0,1,Jinasena_MasterData_Stock.stock_warehouse_main_warehouse_mw_ek_22,,manual
stock_rule_mw_ek_stock_inter_warehouse_transit,MW-EK: Stock → Inter-warehouse transit,1,propagate,pull,20,,Jinasena_MasterData_Stock.stock_location_inter_warehouse_transit,Jinasena_MasterData_Stock.stock_location_stock_183,Jinasena_MasterData_Stock.stock_route_electrical_installation_projects_warehou_160,make_to_stock,Jinasena_MasterData_Stock.stock_picking_type_delivery_orders_191,0,,Jinasena_MasterData_Stock.stock_warehouse_main_warehouse_mw_ek_22,,manual
stock_rule_pj_ei_inter_warehouse_transit_stock_386,PJ-EI: Inter-warehouse transit → Stock,1,propagate,pull,20,,Jinasena_MasterData_Stock.stock_location_stock_369,Jinasena_MasterData_Stock.stock_location_inter_warehouse_transit,Jinasena_MasterData_Stock.stock_route_electrical_installation_projects_warehou_160,make_to_order,Jinasena_MasterData_Stock.stock_picking_type_receipts_279,0,,Jinasena_MasterData_Stock.stock_warehouse_electrical_installation_projects_warehou,Jinasena_MasterData_Stock.stock_warehouse_main_warehouse_mw_ek_22,manual
stock_rule_pw_e1_stock_customers,PW-E1: Stock → Customers,1,propagate,pull,20,,,Jinasena_MasterData_Stock.stock_location_stock_132,Jinasena_MasterData_Stock.stock_route_production_warehouse_pw_e1_deliver_in_1_,make_to_stock,Jinasena_MasterData_Stock.stock_picking_type_delivery_orders_137,0,1,Jinasena_MasterData_Stock.stock_warehouse_production_warehouse_pw_e1,,manual
stock_rule_pw_e1_input_output,PW-E1: Input → Output,1,propagate,pull,20,,,,,make_to_order,Jinasena_MasterData_Stock.stock_picking_type_internal_transfers_140,0,,Jinasena_MasterData_Stock.stock_warehouse_production_warehouse_pw_e1,,manual
stock_rule_pw_e1_output_customers,PW-E1: Output → Customers,1,propagate,pull,20,,,,,make_to_order,Jinasena_MasterData_Stock.stock_picking_type_delivery_orders_137,0,,Jinasena_MasterData_Stock.stock_warehouse_production_warehouse_pw_e1,,manual
stock_rule_pw_e1_stock_production,PW-E1: Stock (Production),1,propagate,manufacture,20,,Jinasena_MasterData_Stock.stock_location_stock_132,,,make_to_order,Jinasena_MasterData_Stock.stock_picking_type_manufacturing_143,0,,Jinasena_MasterData_Stock.stock_warehouse_production_warehouse_pw_e1,,manual
stock_rule_pw_e1_stock_production_mto,PW-E1: Stock → Production (MTO),1,propagate,pull,20,,Jinasena_MasterData_Stock.stock_location_production,Jinasena_MasterData_Stock.stock_location_stock_132,,make_to_order,Jinasena_MasterData_Stock.stock_picking_type_manufacturing_143,0,,,,manual
stock_rule_pw_e1_stock_inter_warehouse_transit_mto_395,PW-E1: Stock → Inter-warehouse transit (MTO),1,propagate,pull,20,,Jinasena_MasterData_Stock.stock_location_inter_warehouse_transit,Jinasena_MasterData_Stock.stock_location_stock_132,,mts_else_mto,Jinasena_MasterData_Stock.stock_picking_type_delivery_orders_137,0,1,Jinasena_MasterData_Stock.stock_warehouse_production_warehouse_pw_e1,,manual
stock_rule_pw_e1_stock_inter_warehouse_transit,PW-E1: Stock → Inter-warehouse transit,1,propagate,pull,20,,Jinasena_MasterData_Stock.stock_location_inter_warehouse_transit,Jinasena_MasterData_Stock.stock_location_stock_132,Jinasena_MasterData_Stock.stock_route_br_am_warehouse_for_ampara_sales_center__165,make_to_stock,Jinasena_MasterData_Stock.stock_picking_type_delivery_orders_137,0,,Jinasena_MasterData_Stock.stock_warehouse_production_warehouse_pw_e1,,manual
stock_rule_br_am_inter_warehouse_transit_stock,BR-AM: Inter-warehouse transit → Stock,1,propagate,pull,20,,Jinasena_MasterData_Stock.stock_location_stock,Jinasena_MasterData_Stock.stock_location_inter_warehouse_transit,Jinasena_MasterData_Stock.stock_route_br_am_warehouse_for_ampara_sales_center__165,make_to_order,Jinasena_MasterData_Stock.stock_picking_type_receipts_154,0,,Jinasena_MasterData_Stock.stock_warehouse_br_am_warehouse_for_ampara_sales_center,Jinasena_MasterData_Stock.stock_warehouse_production_warehouse_pw_e1,manual
stock_rule_rp_ek_stock_inter_warehouse_transit_mto_398,RP-EK: Stock → Inter-warehouse transit (MTO),1,propagate,pull,20,,Jinasena_MasterData_Stock.stock_location_inter_warehouse_transit,Jinasena_MasterData_Stock.stock_location_stock_140,,mts_else_mto,Jinasena_MasterData_Stock.stock_picking_type_delivery_orders_146,0,1,Jinasena_MasterData_Stock.stock_warehouse_raw_material_main_warehouse_rp_ek,,manual
stock_rule_rp_ek_stock_inter_warehouse_transit_399,RP-EK: Stock → Inter-warehouse transit,1,propagate,pull,20,,Jinasena_MasterData_Stock.stock_location_inter_warehouse_transit,Jinasena_MasterData_Stock.stock_location_stock_140,Jinasena_MasterData_Stock.stock_route_br_am_warehouse_for_ampara_sales_center_,make_to_order,Jinasena_MasterData_Stock.stock_picking_type_delivery_orders_146,0,,Jinasena_MasterData_Stock.stock_warehouse_raw_material_main_warehouse_rp_ek,,manual
stock_rule_br_am_inter_warehouse_transit_stock_400,BR-AM: Inter-warehouse transit → Stock,1,propagate,pull,20,,Jinasena_MasterData_Stock.stock_location_stock,Jinasena_MasterData_Stock.stock_location_inter_warehouse_transit,Jinasena_MasterData_Stock.stock_route_br_am_warehouse_for_ampara_sales_center_,make_to_order,Jinasena_MasterData_Stock.stock_picking_type_receipts_154,0,,Jinasena_MasterData_Stock.stock_warehouse_br_am_warehouse_for_ampara_sales_center,Jinasena_MasterData_Stock.stock_warehouse_raw_material_main_warehouse_rp_ek,manual
stock_rule_cw_cm_stock_inter_warehouse_transit_mto_401,CW-CM: Stock → Inter-warehouse transit (MTO),1,propagate,pull,20,,Jinasena_MasterData_Stock.stock_location_inter_warehouse_transit,Jinasena_MasterData_Stock.stock_location_stock_76,,mts_else_mto,Jinasena_MasterData_Stock.stock_picking_type_delivery_orders,0,1,Jinasena_MasterData_Stock.stock_warehouse_casting_warehouse_cw_cm,,manual
stock_rule_cw_cm_stock_inter_warehouse_transit_402,CW-CM: Stock → Inter-warehouse transit,1,propagate,pull,20,,Jinasena_MasterData_Stock.stock_location_inter_warehouse_transit,Jinasena_MasterData_Stock.stock_location_stock_76,Jinasena_MasterData_Stock.stock_route_production_warehouse_pw_e1_supply_produc_167,make_to_order,Jinasena_MasterData_Stock.stock_picking_type_delivery_orders,0,,Jinasena_MasterData_Stock.stock_warehouse_casting_warehouse_cw_cm,,manual
stock_rule_pw_e1_inter_warehouse_transit_stock,PW-E1: Inter-warehouse transit → Stock,1,propagate,pull,20,,Jinasena_MasterData_Stock.stock_location_stock_132,Jinasena_MasterData_Stock.stock_location_inter_warehouse_transit,Jinasena_MasterData_Stock.stock_route_production_warehouse_pw_e1_supply_produc_167,make_to_order,Jinasena_MasterData_Stock.stock_picking_type_receipts_136,0,,Jinasena_MasterData_Stock.stock_warehouse_production_warehouse_pw_e1,Jinasena_MasterData_Stock.stock_warehouse_casting_warehouse_cw_cm,manual
stock_rule_mw_cm_stock_inter_warehouse_transit_mto_404,MW-CM: Stock → Inter-warehouse transit (MTO),1,propagate,pull,20,,Jinasena_MasterData_Stock.stock_location_inter_warehouse_transit,Jinasena_MasterData_Stock.stock_location_stock_84,,mts_else_mto,Jinasena_MasterData_Stock.stock_picking_type_delivery_orders_83,0,1,Jinasena_MasterData_Stock.stock_warehouse_main_warehouse_mw_cm,,manual
stock_rule_mw_cm_stock_inter_warehouse_transit,MW-CM: Stock → Inter-warehouse transit,1,propagate,pull,20,,Jinasena_MasterData_Stock.stock_location_inter_warehouse_transit,Jinasena_MasterData_Stock.stock_location_stock_84,Jinasena_MasterData_Stock.stock_route_production_warehouse_pw_e1_supply_produc,make_to_stock,Jinasena_MasterData_Stock.stock_picking_type_delivery_orders_83,0,,Jinasena_MasterData_Stock.stock_warehouse_main_warehouse_mw_cm,,manual
stock_rule_pw_e1_inter_warehouse_transit_stock_406,PW-E1: Inter-warehouse transit → Stock,1,propagate,pull,20,,Jinasena_MasterData_Stock.stock_location_stock_132,Jinasena_MasterData_Stock.stock_location_inter_warehouse_transit,Jinasena_MasterData_Stock.stock_route_production_warehouse_pw_e1_supply_produc,make_to_order,Jinasena_MasterData_Stock.stock_picking_type_receipts_136,0,,Jinasena_MasterData_Stock.stock_warehouse_production_warehouse_pw_e1,Jinasena_MasterData_Stock.stock_warehouse_main_warehouse_mw_cm,manual
stock_rule_ow_ek_stock_inter_warehouse_transit_mto_407,OW-EK: Stock → Inter-warehouse transit (MTO),1,propagate,pull,20,,Jinasena_MasterData_Stock.stock_location_inter_warehouse_transit,Jinasena_MasterData_Stock.stock_location_stock_92,,mts_else_mto,Jinasena_MasterData_Stock.stock_picking_type_delivery_orders_92,0,1,Jinasena_MasterData_Stock.stock_warehouse_oils_lubricants_warehouse_ow_ek,,manual
stock_rule_ow_ek_stock_inter_warehouse_transit,OW-EK: Stock → Inter-warehouse transit,1,propagate,pull,20,,Jinasena_MasterData_Stock.stock_location_inter_warehouse_transit,Jinasena_MasterData_Stock.stock_location_stock_92,Jinasena_MasterData_Stock.stock_route_production_warehouse_pw_e1_supply_produc_169,make_to_order,Jinasena_MasterData_Stock.stock_picking_type_delivery_orders_92,0,,Jinasena_MasterData_Stock.stock_warehouse_oils_lubricants_warehouse_ow_ek,,manual
stock_rule_pw_e1_inter_warehouse_transit_stock_409,PW-E1: Inter-warehouse transit → Stock,1,propagate,pull,20,,Jinasena_MasterData_Stock.stock_location_stock_132,Jinasena_MasterData_Stock.stock_location_inter_warehouse_transit,Jinasena_MasterData_Stock.stock_route_production_warehouse_pw_e1_supply_produc_169,make_to_order,Jinasena_MasterData_Stock.stock_picking_type_receipts_136,0,,Jinasena_MasterData_Stock.stock_warehouse_production_warehouse_pw_e1,Jinasena_MasterData_Stock.stock_warehouse_oils_lubricants_warehouse_ow_ek,manual
stock_rule_mw_je_stock_inter_warehouse_transit_mto_410,MW-JE: Stock → Inter-warehouse transit (MTO),1,propagate,pull,20,,Jinasena_MasterData_Stock.stock_location_inter_warehouse_transit,Jinasena_MasterData_Stock.stock_location_stock_100,,mts_else_mto,Jinasena_MasterData_Stock.stock_picking_type_delivery_orders_101,0,1,Jinasena_MasterData_Stock.stock_warehouse_retail_sales_counter_sp_sp_rc,,manual
stock_rule_mw_je_stock_inter_warehouse_transit,MW-JE: Stock → Inter-warehouse transit,1,propagate,pull,20,,Jinasena_MasterData_Stock.stock_location_inter_warehouse_transit,Jinasena_MasterData_Stock.stock_location_stock_444,Jinasena_MasterData_Stock.stock_route_production_warehouse_pw_e1_supply_produc_170,make_to_order,Jinasena_MasterData_Stock.stock_picking_type_delivery_orders_384,0,,Jinasena_MasterData_Stock.stock_warehouse_retail_sales_counter_sp_sp_rc,,manual
stock_rule_pw_e1_inter_warehouse_transit_stock_412,PW-E1: Inter-warehouse transit → Stock,1,propagate,pull,20,,Jinasena_MasterData_Stock.stock_location_stock_132,Jinasena_MasterData_Stock.stock_location_inter_warehouse_transit,Jinasena_MasterData_Stock.stock_route_production_warehouse_pw_e1_supply_produc_170,make_to_order,Jinasena_MasterData_Stock.stock_picking_type_receipts_136,0,,Jinasena_MasterData_Stock.stock_warehouse_production_warehouse_pw_e1,Jinasena_MasterData_Stock.stock_warehouse_retail_sales_counter_sp_sp_rc,manual
stock_rule_rp_ek_stock_inter_warehouse_transit_mto_413,RP-EK: Stock → Inter-warehouse transit (MTO),1,propagate,pull,20,,Jinasena_MasterData_Stock.stock_location_inter_warehouse_transit,Jinasena_MasterData_Stock.stock_location_stock_140,,mts_else_mto,Jinasena_MasterData_Stock.stock_picking_type_delivery_orders_146,0,1,Jinasena_MasterData_Stock.stock_warehouse_raw_material_main_warehouse_rp_ek,,manual
stock_rule_rp_ek_stock_inter_warehouse_transit_414,RP-EK: Stock → Inter-warehouse transit,1,propagate,pull,20,,Jinasena_MasterData_Stock.stock_location_inter_warehouse_transit,Jinasena_MasterData_Stock.stock_location_stock_140,Jinasena_MasterData_Stock.stock_route_production_warehouse_pw_e1_supply_produc_171,make_to_stock,Jinasena_MasterData_Stock.stock_picking_type_delivery_orders_146,0,,Jinasena_MasterData_Stock.stock_warehouse_raw_material_main_warehouse_rp_ek,,manual
stock_rule_pw_e1_inter_warehouse_transit_stock_415,PW-E1: Inter-warehouse transit → Stock,1,propagate,pull,20,,Jinasena_MasterData_Stock.stock_location_stock_132,Jinasena_MasterData_Stock.stock_location_inter_warehouse_transit,Jinasena_MasterData_Stock.stock_route_production_warehouse_pw_e1_supply_produc_171,make_to_order,Jinasena_MasterData_Stock.stock_picking_type_receipts_136,0,,Jinasena_MasterData_Stock.stock_warehouse_production_warehouse_pw_e1,Jinasena_MasterData_Stock.stock_warehouse_raw_material_main_warehouse_rp_ek,manual
stock_rule_pw_je_stock_inter_warehouse_transit_mto,PW-JE: Stock → Inter-warehouse transit (MTO),1,propagate,pull,20,,Jinasena_MasterData_Stock.stock_location_inter_warehouse_transit,Jinasena_MasterData_Stock.stock_location_stock_116,,mts_else_mto,Jinasena_MasterData_Stock.stock_picking_type_delivery_orders_119,0,1,Jinasena_MasterData_Stock.stock_warehouse_production_warehouse_pw_je,,manual
stock_rule_pw_je_stock_inter_warehouse_transit,PW-JE: Stock → Inter-warehouse transit,1,propagate,pull,20,,Jinasena_MasterData_Stock.stock_location_inter_warehouse_transit,Jinasena_MasterData_Stock.stock_location_stock_116,Jinasena_MasterData_Stock.stock_route_production_warehouse_pw_e1_supply_produc_172,make_to_order,Jinasena_MasterData_Stock.stock_picking_type_delivery_orders_119,0,,Jinasena_MasterData_Stock.stock_warehouse_production_warehouse_pw_je,,manual
stock_rule_pw_e1_inter_warehouse_transit_stock_418,PW-E1: Inter-warehouse transit → Stock,1,propagate,pull,20,,Jinasena_MasterData_Stock.stock_location_stock_132,Jinasena_MasterData_Stock.stock_location_inter_warehouse_transit,Jinasena_MasterData_Stock.stock_route_production_warehouse_pw_e1_supply_produc_172,make_to_order,Jinasena_MasterData_Stock.stock_picking_type_receipts_136,0,,Jinasena_MasterData_Stock.stock_warehouse_production_warehouse_pw_e1,Jinasena_MasterData_Stock.stock_warehouse_production_warehouse_pw_je,manual
stock_rule_cw_cm_stock_subcontracting_location,CW-CM: Stock → Subcontracting Location,1,propagate,pull,20,,Jinasena_MasterData_Stock.stock_location_subcontracting_location_387,Jinasena_MasterData_Stock.stock_location_stock_76,,make_to_stock,,0,,Jinasena_MasterData_Stock.stock_warehouse_casting_warehouse_cw_cm,,manual
stock_rule_mw_cm_stock_subcontracting_location,MW-CM: Stock → Subcontracting Location,1,propagate,pull,20,,Jinasena_MasterData_Stock.stock_location_subcontracting_location_387,Jinasena_MasterData_Stock.stock_location_stock_84,Jinasena_MasterData_Stock.stock_route_main_warehouse_mw_cm_resupply_subcontrac,make_to_stock,,0,,Jinasena_MasterData_Stock.stock_warehouse_main_warehouse_mw_cm,,manual
stock_rule_mw_cm_stock_subcontracting_location_mto,MW-CM: Stock → Subcontracting Location (MTO),1,propagate,pull,20,,Jinasena_MasterData_Stock.stock_location_subcontracting_location_387,Jinasena_MasterData_Stock.stock_location_stock_84,,make_to_order,,0,,Jinasena_MasterData_Stock.stock_warehouse_main_warehouse_mw_cm,,manual
stock_rule_ow_ek_stock_customers,OW-EK: Stock → Customers,1,propagate,pull,20,,,Jinasena_MasterData_Stock.stock_location_stock_92,Jinasena_MasterData_Stock.stock_route_oils_lubricants_warehouse_ow_ek_deliver_,make_to_stock,Jinasena_MasterData_Stock.stock_picking_type_delivery_orders_92,0,1,Jinasena_MasterData_Stock.stock_warehouse_oils_lubricants_warehouse_ow_ek,,manual
stock_rule_ow_ek_stock_subcontracting_location,OW-EK: Stock → Subcontracting Location,1,propagate,pull,20,,Jinasena_MasterData_Stock.stock_location_subcontracting_location_387,Jinasena_MasterData_Stock.stock_location_stock_92,Jinasena_MasterData_Stock.stock_route_oils_lubricants_warehouse_ow_ek_resupply,make_to_stock,,0,,Jinasena_MasterData_Stock.stock_warehouse_oils_lubricants_warehouse_ow_ek,,manual
stock_rule_ow_ek_stock_subcontracting_location_mto,OW-EK: Stock → Subcontracting Location (MTO),1,propagate,pull,20,,Jinasena_MasterData_Stock.stock_location_subcontracting_location_387,Jinasena_MasterData_Stock.stock_location_stock_92,,make_to_order,,0,,Jinasena_MasterData_Stock.stock_warehouse_oils_lubricants_warehouse_ow_ek,,manual
stock_rule_mw_je_stock_subcontracting_location,MW-JE: Stock → Subcontracting Location,1,propagate,pull,20,,Jinasena_MasterData_Stock.stock_location_subcontracting_location_387,Jinasena_MasterData_Stock.stock_location_stock_100,Jinasena_MasterData_Stock.stock_route_main_warehouse_mw_je_resupply_subcontrac,make_to_stock,,0,,Jinasena_MasterData_Stock.stock_warehouse_retail_sales_counter_sp_sp_rc,,manual
stock_rule_mw_je_stock_subcontracting_location_mto,MW-JE: Stock → Subcontracting Location (MTO),1,propagate,pull,20,,Jinasena_MasterData_Stock.stock_location_subcontracting_location_387,Jinasena_MasterData_Stock.stock_location_stock_100,,make_to_order,,0,,Jinasena_MasterData_Stock.stock_warehouse_retail_sales_counter_sp_sp_rc,,manual
stock_rule_pw_je_stock_subcontracting_location,PW-JE: Stock → Subcontracting Location,1,propagate,pull,20,,Jinasena_MasterData_Stock.stock_location_subcontracting_location_387,Jinasena_MasterData_Stock.stock_location_stock_116,Jinasena_MasterData_Stock.stock_route_production_warehouse_pw_je_resupply_subc,make_to_stock,,0,,Jinasena_MasterData_Stock.stock_warehouse_production_warehouse_pw_je,,manual
stock_rule_pw_je_stock_subcontracting_location_mto,PW-JE: Stock → Subcontracting Location (MTO),1,propagate,pull,20,,Jinasena_MasterData_Stock.stock_location_subcontracting_location_387,Jinasena_MasterData_Stock.stock_location_stock_116,,make_to_order,,0,,Jinasena_MasterData_Stock.stock_warehouse_production_warehouse_pw_je,,manual
stock_rule_pw_mw_stock_subcontracting_location,PW-MW: Stock → Subcontracting Location,1,propagate,pull,20,,Jinasena_MasterData_Stock.stock_location_subcontracting_location_387,Jinasena_MasterData_Stock.stock_location_stock_124,Jinasena_MasterData_Stock.stock_route_production_warehouse_pw_mw_resupply_subc,make_to_stock,,0,,Jinasena_MasterData_Stock.stock_warehouse_production_warehouse_pw_mw,,manual
stock_rule_pw_mw_stock_subcontracting_location_mto,PW-MW: Stock → Subcontracting Location (MTO),1,propagate,pull,20,,Jinasena_MasterData_Stock.stock_location_subcontracting_location_387,Jinasena_MasterData_Stock.stock_location_stock_124,,make_to_order,,0,,Jinasena_MasterData_Stock.stock_warehouse_production_warehouse_pw_mw,,manual
stock_rule_pw_e1_stock_subcontracting_location,PW-E1: Stock → Subcontracting Location,1,propagate,pull,20,,Jinasena_MasterData_Stock.stock_location_subcontracting_location_387,Jinasena_MasterData_Stock.stock_location_stock_132,,make_to_stock,,0,,Jinasena_MasterData_Stock.stock_warehouse_production_warehouse_pw_e1,,manual
stock_rule_rp_ek_stock_subcontracting_location,RP-EK: Stock → Subcontracting Location,1,propagate,pull,20,,Jinasena_MasterData_Stock.stock_location_subcontracting_location_387,Jinasena_MasterData_Stock.stock_location_stock_140,,make_to_order,,0,,Jinasena_MasterData_Stock.stock_warehouse_raw_material_main_warehouse_rp_ek,,manual
stock_rule_br_am_stock_subcontracting_location,BR-AM: Stock → Subcontracting Location,1,propagate,pull,20,,Jinasena_MasterData_Stock.stock_location_subcontracting_location_387,Jinasena_MasterData_Stock.stock_location_stock,Jinasena_MasterData_Stock.stock_route_br_am_warehouse_for_ampara_sales_center__189,make_to_stock,,0,,Jinasena_MasterData_Stock.stock_warehouse_br_am_warehouse_for_ampara_sales_center,,manual
stock_rule_br_am_stock_subcontracting_location_mto,BR-AM: Stock → Subcontracting Location (MTO),1,propagate,pull,20,,Jinasena_MasterData_Stock.stock_location_subcontracting_location_387,Jinasena_MasterData_Stock.stock_location_stock,,make_to_order,,0,,Jinasena_MasterData_Stock.stock_warehouse_br_am_warehouse_for_ampara_sales_center,,manual
stock_rule_br_an_stock_subcontracting_location,BR-AN: Stock → Subcontracting Location,1,propagate,pull,20,,Jinasena_MasterData_Stock.stock_location_subcontracting_location_387,Jinasena_MasterData_Stock.stock_location_stock_158,Jinasena_MasterData_Stock.stock_route_br_an_warehouse_for_anuradhapura_sales_c_190,make_to_stock,,0,,Jinasena_MasterData_Stock.stock_warehouse_br_an_warehouse_for_anuradhapura_sales_c,,manual
stock_rule_br_an_stock_subcontracting_location_mto,BR-AN: Stock → Subcontracting Location (MTO),1,propagate,pull,20,,Jinasena_MasterData_Stock.stock_location_subcontracting_location_387,Jinasena_MasterData_Stock.stock_location_stock_158,,make_to_order,,0,,Jinasena_MasterData_Stock.stock_warehouse_br_an_warehouse_for_anuradhapura_sales_c,,manual
stock_rule_rc_tm_stock_subcontracting_location,RC-TM: Stock → Subcontracting Location,1,propagate,pull,20,,Jinasena_MasterData_Stock.stock_location_subcontracting_location_387,Jinasena_MasterData_Stock.stock_location_stock_167,Jinasena_MasterData_Stock.stock_route_rc_tm_warehouse_for_colombo_sales_center_191,make_to_stock,,0,,Jinasena_MasterData_Stock.stock_warehouse_rc_tm_warehouse_for_colombo_sales_center,,manual
stock_rule_rc_tm_stock_subcontracting_location_mto,RC-TM: Stock → Subcontracting Location (MTO),1,propagate,pull,20,,Jinasena_MasterData_Stock.stock_location_subcontracting_location_387,Jinasena_MasterData_Stock.stock_location_stock_167,,make_to_order,,0,,Jinasena_MasterData_Stock.stock_warehouse_rc_tm_warehouse_for_colombo_sales_center,,manual
stock_rule_mw_ek_stock_subcontracting_location,MW-EK: Stock → Subcontracting Location,1,propagate,pull,20,,Jinasena_MasterData_Stock.stock_location_subcontracting_location_387,Jinasena_MasterData_Stock.stock_location_stock_183,Jinasena_MasterData_Stock.stock_route_main_warehouse_mw_ek_resupply_subcontrac,make_to_stock,,0,,Jinasena_MasterData_Stock.stock_warehouse_main_warehouse_mw_ek_22,,manual
stock_rule_mw_ek_stock_subcontracting_location_mto,MW-EK: Stock → Subcontracting Location (MTO),1,propagate,pull,20,,Jinasena_MasterData_Stock.stock_location_subcontracting_location_387,Jinasena_MasterData_Stock.stock_location_stock_183,,make_to_order,,0,,Jinasena_MasterData_Stock.stock_warehouse_main_warehouse_mw_ek_22,,manual
stock_rule_mw_jc_stock_subcontracting_location,MW-JC: Stock → Subcontracting Location,1,propagate,pull,20,,Jinasena_MasterData_Stock.stock_location_subcontracting_location_387,Jinasena_MasterData_Stock.stock_location_stock_223,Jinasena_MasterData_Stock.stock_route_casting_department_mw_jc_resupply_subcon,make_to_stock,,0,,Jinasena_MasterData_Stock.stock_warehouse_casting_department_mw_jc,,manual
stock_rule_mw_jc_stock_subcontracting_location_mto,MW-JC: Stock → Subcontracting Location (MTO),1,propagate,pull,20,,Jinasena_MasterData_Stock.stock_location_subcontracting_location_387,Jinasena_MasterData_Stock.stock_location_stock_223,,make_to_order,,0,,Jinasena_MasterData_Stock.stock_warehouse_casting_department_mw_jc,,manual
stock_rule_rp_cm_stock_subcontracting_location,RP-CM: Stock → Subcontracting Location,1,propagate,pull,20,,Jinasena_MasterData_Stock.stock_location_subcontracting_location_387,Jinasena_MasterData_Stock.stock_location_stock_334,Jinasena_MasterData_Stock.stock_route_repairs_warehouse_rp_cm_resupply_subcont,make_to_stock,,0,,Jinasena_MasterData_Stock.stock_warehouse_repairs_warehouse_rp_cm,,manual
stock_rule_rp_cm_stock_subcontracting_location_mto,RP-CM: Stock → Subcontracting Location (MTO),1,propagate,pull,20,,Jinasena_MasterData_Stock.stock_location_subcontracting_location_387,Jinasena_MasterData_Stock.stock_location_stock_334,,make_to_order,,0,,Jinasena_MasterData_Stock.stock_warehouse_repairs_warehouse_rp_cm,,manual
stock_rule_br_ek_stock_subcontracting_location,BR-EK: Stock → Subcontracting Location,1,propagate,pull,20,,Jinasena_MasterData_Stock.stock_location_subcontracting_location_387,Jinasena_MasterData_Stock.stock_location_stock_353,Jinasena_MasterData_Stock.stock_route_br_ek_warehouse_for_ekala_sales_center_r_199,make_to_stock,,0,,Jinasena_MasterData_Stock.stock_warehouse_br_ek_warehouse_for_ekala_sales_center,,manual
stock_rule_br_ek_stock_subcontracting_location_mto,BR-EK: Stock → Subcontracting Location (MTO),1,propagate,pull,20,,Jinasena_MasterData_Stock.stock_location_subcontracting_location_387,Jinasena_MasterData_Stock.stock_location_stock_353,,make_to_order,,0,,Jinasena_MasterData_Stock.stock_warehouse_br_ek_warehouse_for_ekala_sales_center,,manual
stock_rule_rp_qu_stock_subcontracting_location,RP-QU: Stock → Subcontracting Location,1,propagate,pull,20,,Jinasena_MasterData_Stock.stock_location_subcontracting_location_387,Jinasena_MasterData_Stock.stock_location_stock_361,Jinasena_MasterData_Stock.stock_route_quick_repairs_warehouse_rp_qu_resupply_s,make_to_stock,,0,,Jinasena_MasterData_Stock.stock_warehouse_quick_repairs_warehouse_rp_qu,,manual
stock_rule_rp_qu_stock_subcontracting_location_mto,RP-QU: Stock → Subcontracting Location (MTO),1,propagate,pull,20,,Jinasena_MasterData_Stock.stock_location_subcontracting_location_387,Jinasena_MasterData_Stock.stock_location_stock_361,,make_to_order,,0,,Jinasena_MasterData_Stock.stock_warehouse_quick_repairs_warehouse_rp_qu,,manual
stock_rule_pj_ei_stock_subcontracting_location,PJ-EI: Stock → Subcontracting Location,1,propagate,pull,20,,Jinasena_MasterData_Stock.stock_location_subcontracting_location_387,Jinasena_MasterData_Stock.stock_location_stock_369,Jinasena_MasterData_Stock.stock_route_electrical_installation_projects_warehou_201,make_to_stock,,0,,Jinasena_MasterData_Stock.stock_warehouse_electrical_installation_projects_warehou,,manual
stock_rule_pj_ei_stock_subcontracting_location_mto,PJ-EI: Stock → Subcontracting Location (MTO),1,propagate,pull,20,,Jinasena_MasterData_Stock.stock_location_subcontracting_location_387,Jinasena_MasterData_Stock.stock_location_stock_369,,make_to_order,,0,,Jinasena_MasterData_Stock.stock_warehouse_electrical_installation_projects_warehou,,manual
stock_rule_mw_ek_stock_inter_warehouse_transit_mto_526,MW-EK: Stock → Inter-warehouse transit (MTO),1,propagate,pull,20,,Jinasena_MasterData_Stock.stock_location_inter_warehouse_transit,Jinasena_MasterData_Stock.stock_location_stock_183,,mts_else_mto,Jinasena_MasterData_Stock.stock_picking_type_delivery_orders_191,0,1,Jinasena_MasterData_Stock.stock_warehouse_main_warehouse_mw_ek_22,,manual
stock_rule_mw_ek_stock_inter_warehouse_transit_527,MW-EK: Stock → Inter-warehouse transit,1,propagate,pull,20,,Jinasena_MasterData_Stock.stock_location_inter_warehouse_transit,Jinasena_MasterData_Stock.stock_location_stock_183,Jinasena_MasterData_Stock.stock_route_jinasena_pvt_ltd_supply_product_from_mai,make_to_stock,Jinasena_MasterData_Stock.stock_picking_type_delivery_orders_191,0,,Jinasena_MasterData_Stock.stock_warehouse_main_warehouse_mw_ek_22,,manual
stock_rule_mw_ek_stock_inter_warehouse_transit_mto_529,MW-EK: Stock → Inter-warehouse transit (MTO),1,propagate,pull,20,,Jinasena_MasterData_Stock.stock_location_inter_warehouse_transit,Jinasena_MasterData_Stock.stock_location_stock_183,,mts_else_mto,Jinasena_MasterData_Stock.stock_picking_type_delivery_orders_191,0,1,Jinasena_MasterData_Stock.stock_warehouse_main_warehouse_mw_ek_22,,manual
stock_rule_mw_ek_stock_inter_warehouse_transit_530,MW-EK: Stock → Inter-warehouse transit,1,propagate,pull,20,,Jinasena_MasterData_Stock.stock_location_inter_warehouse_transit,Jinasena_MasterData_Stock.stock_location_stock_183,Jinasena_MasterData_Stock.stock_route_br_am_warehouse_for_ampara_sales_center__203,make_to_order,Jinasena_MasterData_Stock.stock_picking_type_delivery_orders_191,0,,Jinasena_MasterData_Stock.stock_warehouse_main_warehouse_mw_ek_22,,manual
stock_rule_br_am_inter_warehouse_transit_stock_531,BR-AM: Inter-warehouse transit → Stock,1,propagate,pull,20,,Jinasena_MasterData_Stock.stock_location_stock,Jinasena_MasterData_Stock.stock_location_inter_warehouse_transit,Jinasena_MasterData_Stock.stock_route_br_am_warehouse_for_ampara_sales_center__203,make_to_order,Jinasena_MasterData_Stock.stock_picking_type_receipts_154,0,,Jinasena_MasterData_Stock.stock_warehouse_br_am_warehouse_for_ampara_sales_center,Jinasena_MasterData_Stock.stock_warehouse_main_warehouse_mw_ek_22,manual
stock_rule_cw_cm_stock_inter_warehouse_transit_mto_532,CW-CM: Stock → Inter-warehouse transit (MTO),1,propagate,pull,20,,Jinasena_MasterData_Stock.stock_location_inter_warehouse_transit,Jinasena_MasterData_Stock.stock_location_stock_76,,mts_else_mto,Jinasena_MasterData_Stock.stock_picking_type_delivery_orders,0,1,Jinasena_MasterData_Stock.stock_warehouse_casting_warehouse_cw_cm,,manual
stock_rule_cw_cm_stock_inter_warehouse_transit_533,CW-CM: Stock → Inter-warehouse transit,1,propagate,pull,20,,Jinasena_MasterData_Stock.stock_location_inter_warehouse_transit,Jinasena_MasterData_Stock.stock_location_stock_76,Jinasena_MasterData_Stock.stock_route_repairs_warehouse_rp_cm_supply_product_f,make_to_stock,Jinasena_MasterData_Stock.stock_picking_type_delivery_orders,0,,Jinasena_MasterData_Stock.stock_warehouse_casting_warehouse_cw_cm,,manual
stock_rule_rp_cm_inter_warehouse_transit_stock_534,RP-CM: Inter-warehouse transit → Stock,1,propagate,pull,20,,Jinasena_MasterData_Stock.stock_location_stock_334,Jinasena_MasterData_Stock.stock_location_inter_warehouse_transit,Jinasena_MasterData_Stock.stock_route_repairs_warehouse_rp_cm_supply_product_f,make_to_order,Jinasena_MasterData_Stock.stock_picking_type_receipts_247,0,,Jinasena_MasterData_Stock.stock_warehouse_repairs_warehouse_rp_cm,Jinasena_MasterData_Stock.stock_warehouse_casting_warehouse_cw_cm,manual
stock_rule_mw_cm_stock_inter_warehouse_transit_mto_535,MW-CM: Stock → Inter-warehouse transit (MTO),1,propagate,pull,20,,Jinasena_MasterData_Stock.stock_location_inter_warehouse_transit,Jinasena_MasterData_Stock.stock_location_stock_84,,mts_else_mto,Jinasena_MasterData_Stock.stock_picking_type_delivery_orders_83,0,1,Jinasena_MasterData_Stock.stock_warehouse_main_warehouse_mw_cm,,manual
stock_rule_mw_cm_stock_inter_warehouse_transit_536,MW-CM: Stock → Inter-warehouse transit,1,propagate,pull,20,,Jinasena_MasterData_Stock.stock_location_inter_warehouse_transit,Jinasena_MasterData_Stock.stock_location_stock_84,Jinasena_MasterData_Stock.stock_route_repairs_warehouse_rp_cm_supply_product_f_205,make_to_stock,Jinasena_MasterData_Stock.stock_picking_type_delivery_orders_83,0,,Jinasena_MasterData_Stock.stock_warehouse_main_warehouse_mw_cm,,manual
stock_rule_rp_cm_inter_warehouse_transit_stock_537,RP-CM: Inter-warehouse transit → Stock,1,propagate,pull,20,,Jinasena_MasterData_Stock.stock_location_stock_334,Jinasena_MasterData_Stock.stock_location_inter_warehouse_transit,Jinasena_MasterData_Stock.stock_route_repairs_warehouse_rp_cm_supply_product_f_205,make_to_order,Jinasena_MasterData_Stock.stock_picking_type_receipts_247,0,,Jinasena_MasterData_Stock.stock_warehouse_repairs_warehouse_rp_cm,Jinasena_MasterData_Stock.stock_warehouse_main_warehouse_mw_cm,manual
stock_rule_ow_ek_stock_inter_warehouse_transit_mto_538,OW-EK: Stock → Inter-warehouse transit (MTO),1,propagate,pull,20,,Jinasena_MasterData_Stock.stock_location_inter_warehouse_transit,Jinasena_MasterData_Stock.stock_location_stock_92,,mts_else_mto,Jinasena_MasterData_Stock.stock_picking_type_delivery_orders_92,0,1,Jinasena_MasterData_Stock.stock_warehouse_oils_lubricants_warehouse_ow_ek,,manual
stock_rule_ow_ek_stock_inter_warehouse_transit_539,OW-EK: Stock → Inter-warehouse transit,1,propagate,pull,20,,Jinasena_MasterData_Stock.stock_location_inter_warehouse_transit,Jinasena_MasterData_Stock.stock_location_stock_92,Jinasena_MasterData_Stock.stock_route_repairs_warehouse_rp_cm_supply_product_f_206,make_to_stock,Jinasena_MasterData_Stock.stock_picking_type_delivery_orders_92,0,,Jinasena_MasterData_Stock.stock_warehouse_oils_lubricants_warehouse_ow_ek,,manual
stock_rule_rp_cm_inter_warehouse_transit_stock_540,RP-CM: Inter-warehouse transit → Stock,1,propagate,pull,20,,Jinasena_MasterData_Stock.stock_location_stock_334,Jinasena_MasterData_Stock.stock_location_inter_warehouse_transit,Jinasena_MasterData_Stock.stock_route_repairs_warehouse_rp_cm_supply_product_f_206,make_to_order,Jinasena_MasterData_Stock.stock_picking_type_receipts_247,0,,Jinasena_MasterData_Stock.stock_warehouse_repairs_warehouse_rp_cm,Jinasena_MasterData_Stock.stock_warehouse_oils_lubricants_warehouse_ow_ek,manual
stock_rule_transfer_to_customer,Transfer to Customer,1,propagate,pull,20,,,Jinasena_MasterData_Stock.stock_location_rc_tm_consignment_location,Jinasena_MasterData_Stock.stock_route_rc_tm_consignment,make_to_order,Jinasena_MasterData_Stock.stock_picking_type_consignment_cg_customer,0,,,,manual
stock_rule_transfer_to_consignment_location,Transfer to Consignment Location,1,propagate,pull,20,,Jinasena_MasterData_Stock.stock_location_rc_tm_consignment_location,Jinasena_MasterData_Stock.stock_location_stock_167,Jinasena_MasterData_Stock.stock_route_rc_tm_consignment,make_to_stock,Jinasena_MasterData_Stock.stock_picking_type_consignment_wh_cg,0,,,,manual
stock_rule_ow_ek_stock_inter_warehouse_transit_mto_568,OW-EK: Stock → Inter-warehouse transit (MTO),1,propagate,pull,20,,Jinasena_MasterData_Stock.stock_location_inter_warehouse_transit,Jinasena_MasterData_Stock.stock_location_stock_92,,mts_else_mto,Jinasena_MasterData_Stock.stock_picking_type_delivery_orders_92,0,1,Jinasena_MasterData_Stock.stock_warehouse_oils_lubricants_warehouse_ow_ek,,manual
stock_rule_rp_ek_stock_inter_warehouse_transit_mto_571,RP-EK: Stock → Inter-warehouse transit (MTO),1,propagate,pull,20,,Jinasena_MasterData_Stock.stock_location_inter_warehouse_transit,Jinasena_MasterData_Stock.stock_location_stock_140,,mts_else_mto,Jinasena_MasterData_Stock.stock_picking_type_delivery_orders_146,0,1,Jinasena_MasterData_Stock.stock_warehouse_raw_material_main_warehouse_rp_ek,,manual
stock_rule_rp_ek_stock_inter_warehouse_transit_mto_574,RP-EK: Stock → Inter-warehouse transit (MTO),1,propagate,pull,20,,Jinasena_MasterData_Stock.stock_location_inter_warehouse_transit,Jinasena_MasterData_Stock.stock_location_stock_140,,mts_else_mto,Jinasena_MasterData_Stock.stock_picking_type_delivery_orders_146,0,1,Jinasena_MasterData_Stock.stock_warehouse_raw_material_main_warehouse_rp_ek,,manual
stock_rule_sp_rc_stock_inter_warehouse_transit_mto,SP-RC: Stock → Inter-warehouse transit (MTO),1,propagate,pull,20,,Jinasena_MasterData_Stock.stock_location_inter_warehouse_transit,Jinasena_MasterData_Stock.stock_location_stock_100,,mts_else_mto,Jinasena_MasterData_Stock.stock_picking_type_delivery_orders_101,0,1,Jinasena_MasterData_Stock.stock_warehouse_retail_sales_counter_sp_sp_rc,,manual
stock_rule_sp_rc_stock_inter_warehouse_transit,SP-RC: Stock → Inter-warehouse transit,1,propagate,pull,20,,Jinasena_MasterData_Stock.stock_location_inter_warehouse_transit,Jinasena_MasterData_Stock.stock_location_stock_100,Jinasena_MasterData_Stock.stock_route_quick_repairs_warehouse_rp_qu_supply_pro,make_to_stock,Jinasena_MasterData_Stock.stock_picking_type_delivery_orders_101,0,,Jinasena_MasterData_Stock.stock_warehouse_retail_sales_counter_sp_sp_rc,,manual
stock_rule_rp_qu_inter_warehouse_transit_stock,RP-QU: Inter-warehouse transit → Stock,1,propagate,pull,20,,Jinasena_MasterData_Stock.stock_location_stock_361,Jinasena_MasterData_Stock.stock_location_inter_warehouse_transit,Jinasena_MasterData_Stock.stock_route_quick_repairs_warehouse_rp_qu_supply_pro,make_to_order,Jinasena_MasterData_Stock.stock_picking_type_receipts_269,0,,Jinasena_MasterData_Stock.stock_warehouse_quick_repairs_warehouse_rp_qu,Jinasena_MasterData_Stock.stock_warehouse_retail_sales_counter_sp_sp_rc,manual
stock_rule_mw_je_stock_customers_580,MW-JE: Stock → Customers,1,propagate,pull,20,,,Jinasena_MasterData_Stock.stock_location_stock_444,Jinasena_MasterData_Stock.stock_route_main_warehouse_raw_material_for_motors_m_225,make_to_stock,Jinasena_MasterData_Stock.stock_picking_type_delivery_orders_384,0,1,Jinasena_MasterData_Stock.stock_warehouse_main_warehouse_raw_material_for_motors_m,,manual
stock_rule_mw_je_input_output_581,MW-JE: Input → Output,1,propagate,pull,20,,,,,make_to_order,Jinasena_MasterData_Stock.stock_picking_type_internal_transfers_387,0,,Jinasena_MasterData_Stock.stock_warehouse_main_warehouse_raw_material_for_motors_m,,manual
stock_rule_mw_je_output_customers_582,MW-JE: Output → Customers,1,propagate,pull,20,,,,,make_to_order,Jinasena_MasterData_Stock.stock_picking_type_delivery_orders_384,0,,Jinasena_MasterData_Stock.stock_warehouse_main_warehouse_raw_material_for_motors_m,,manual
stock_rule_mw_je_stock_customers_mto,MW-JE: Stock → Customers (MTO),1,propagate,pull,20,,,Jinasena_MasterData_Stock.stock_location_stock_444,,mts_else_mto,Jinasena_MasterData_Stock.stock_picking_type_delivery_orders_384,0,1,Jinasena_MasterData_Stock.stock_warehouse_main_warehouse_raw_material_for_motors_m,,manual
stock_rule_mw_je_stock_production_mto,MW-JE: Stock → Production (MTO),1,propagate,pull,20,,Jinasena_MasterData_Stock.stock_location_production,Jinasena_MasterData_Stock.stock_location_stock_444,,make_to_order,Jinasena_MasterData_Stock.stock_picking_type_manufacturing_391,0,,Jinasena_MasterData_Stock.stock_warehouse_main_warehouse_raw_material_for_motors_m,,manual
stock_rule_mw_je_stock_buy,MW-JE: Stock (Buy),1,none,buy,20,,Jinasena_MasterData_Stock.stock_location_stock_444,,,make_to_stock,Jinasena_MasterData_Stock.stock_picking_type_receipts_383,0,,Jinasena_MasterData_Stock.stock_warehouse_main_warehouse_raw_material_for_motors_m,,manual
stock_rule_mw_je_stock_inter_warehouse_transit_mto_589,MW-JE: Stock → Inter-warehouse transit (MTO),1,propagate,pull,20,,Jinasena_MasterData_Stock.stock_location_inter_warehouse_transit,Jinasena_MasterData_Stock.stock_location_stock_444,,mts_else_mto,Jinasena_MasterData_Stock.stock_picking_type_delivery_orders_384,0,1,Jinasena_MasterData_Stock.stock_warehouse_main_warehouse_raw_material_for_motors_m,,manual
stock_rule_mw_je_stock_inter_warehouse_transit_590,MW-JE: Stock → Inter-warehouse transit,1,propagate,pull,20,,Jinasena_MasterData_Stock.stock_location_inter_warehouse_transit,Jinasena_MasterData_Stock.stock_location_stock_444,Jinasena_MasterData_Stock.stock_route_production_warehouse_pw_je_supply_produc_228,make_to_order,Jinasena_MasterData_Stock.stock_picking_type_delivery_orders_384,0,,Jinasena_MasterData_Stock.stock_warehouse_main_warehouse_raw_material_for_motors_m,,manual
stock_rule_pw_je_inter_warehouse_transit_stock,PW-JE: Inter-warehouse transit → Stock,1,propagate,pull,20,,Jinasena_MasterData_Stock.stock_location_stock_116,Jinasena_MasterData_Stock.stock_location_inter_warehouse_transit,Jinasena_MasterData_Stock.stock_route_production_warehouse_pw_je_supply_produc_228,make_to_order,Jinasena_MasterData_Stock.stock_picking_type_receipts_118,0,,Jinasena_MasterData_Stock.stock_warehouse_production_warehouse_pw_je,Jinasena_MasterData_Stock.stock_warehouse_main_warehouse_raw_material_for_motors_m,manual
stock_rule_pw_mw_stock_inter_warehouse_transit_mto_593,PW-MW: Stock → Inter-warehouse transit (MTO),1,propagate,pull,20,,Jinasena_MasterData_Stock.stock_location_inter_warehouse_transit,Jinasena_MasterData_Stock.stock_location_stock_124,,mts_else_mto,Jinasena_MasterData_Stock.stock_picking_type_delivery_orders_128,0,1,Jinasena_MasterData_Stock.stock_warehouse_production_warehouse_pw_mw,,manual
stock_rule_pw_mw_stock_inter_warehouse_transit,PW-MW: Stock → Inter-warehouse transit,1,propagate,pull,20,,Jinasena_MasterData_Stock.stock_location_inter_warehouse_transit,Jinasena_MasterData_Stock.stock_location_stock_124,Jinasena_MasterData_Stock.stock_route_production_warehouse_pw_je_supply_produc_229,make_to_order,Jinasena_MasterData_Stock.stock_picking_type_delivery_orders_128,0,,Jinasena_MasterData_Stock.stock_warehouse_production_warehouse_pw_mw,,manual
stock_rule_pw_je_inter_warehouse_transit_stock_595,PW-JE: Inter-warehouse transit → Stock,1,propagate,pull,20,,Jinasena_MasterData_Stock.stock_location_stock_116,Jinasena_MasterData_Stock.stock_location_inter_warehouse_transit,Jinasena_MasterData_Stock.stock_route_production_warehouse_pw_je_supply_produc_229,make_to_order,Jinasena_MasterData_Stock.stock_picking_type_receipts_118,0,,Jinasena_MasterData_Stock.stock_warehouse_production_warehouse_pw_je,Jinasena_MasterData_Stock.stock_warehouse_production_warehouse_pw_mw,manual
stock_rule_rp_ek_stock_inter_warehouse_transit_mto_596,RP-EK: Stock → Inter-warehouse transit (MTO),1,propagate,pull,20,,Jinasena_MasterData_Stock.stock_location_inter_warehouse_transit,Jinasena_MasterData_Stock.stock_location_stock_140,,mts_else_mto,Jinasena_MasterData_Stock.stock_picking_type_delivery_orders_146,0,1,Jinasena_MasterData_Stock.stock_warehouse_raw_material_main_warehouse_rp_ek,,manual
stock_rule_mw_ek_stock_inter_warehouse_transit_mto_599,MW-EK: Stock → Inter-warehouse transit (MTO),1,propagate,pull,20,,Jinasena_MasterData_Stock.stock_location_inter_warehouse_transit,Jinasena_MasterData_Stock.stock_location_stock_183,,mts_else_mto,Jinasena_MasterData_Stock.stock_picking_type_delivery_orders_191,0,1,Jinasena_MasterData_Stock.stock_warehouse_main_warehouse_mw_ek_22,,manual
stock_rule_mw_ek_stock_inter_warehouse_transit_600,MW-EK: Stock → Inter-warehouse transit,1,propagate,pull,20,,Jinasena_MasterData_Stock.stock_location_inter_warehouse_transit,Jinasena_MasterData_Stock.stock_location_stock_183,Jinasena_MasterData_Stock.stock_route_casting_department_mw_jc_supply_product__231,make_to_order,Jinasena_MasterData_Stock.stock_picking_type_delivery_orders_191,0,,Jinasena_MasterData_Stock.stock_warehouse_main_warehouse_mw_ek_22,,manual
stock_rule_mw_jc_inter_warehouse_transit_stock_601,MW-JC: Inter-warehouse transit → Stock,1,propagate,pull,20,,Jinasena_MasterData_Stock.stock_location_stock_223,Jinasena_MasterData_Stock.stock_location_inter_warehouse_transit,Jinasena_MasterData_Stock.stock_route_casting_department_mw_jc_supply_product__231,make_to_order,Jinasena_MasterData_Stock.stock_picking_type_receipts_219,0,,Jinasena_MasterData_Stock.stock_warehouse_casting_department_mw_jc,Jinasena_MasterData_Stock.stock_warehouse_main_warehouse_mw_ek_22,manual
stock_rule_mw_jc_stock_inter_warehouse_transit_mto,MW-JC: Stock → Inter-warehouse transit (MTO),1,propagate,pull,20,,Jinasena_MasterData_Stock.stock_location_inter_warehouse_transit,Jinasena_MasterData_Stock.stock_location_stock_223,,mts_else_mto,Jinasena_MasterData_Stock.stock_picking_type_delivery_orders_220,0,1,Jinasena_MasterData_Stock.stock_warehouse_casting_department_mw_jc,,manual
stock_rule_pw_e1_stock_inter_warehouse_transit_mto_614,PW-E1: Stock → Inter-warehouse transit (MTO),1,propagate,pull,20,,Jinasena_MasterData_Stock.stock_location_inter_warehouse_transit,Jinasena_MasterData_Stock.stock_location_stock_132,,mts_else_mto,Jinasena_MasterData_Stock.stock_picking_type_delivery_orders_137,0,1,Jinasena_MasterData_Stock.stock_warehouse_production_warehouse_pw_e1,,manual
stock_rule_pw_e1_stock_inter_warehouse_transit_615,PW-E1: Stock → Inter-warehouse transit,1,propagate,pull,20,,Jinasena_MasterData_Stock.stock_location_inter_warehouse_transit,Jinasena_MasterData_Stock.stock_location_stock_132,Jinasena_MasterData_Stock.stock_route_production_warehouse_pw_je_supply_produc_240,make_to_order,Jinasena_MasterData_Stock.stock_picking_type_delivery_orders_137,0,,Jinasena_MasterData_Stock.stock_warehouse_production_warehouse_pw_e1,,manual
stock_rule_pw_je_inter_warehouse_transit_stock_616,PW-JE: Inter-warehouse transit → Stock,1,propagate,pull,20,,Jinasena_MasterData_Stock.stock_location_stock_116,Jinasena_MasterData_Stock.stock_location_inter_warehouse_transit,Jinasena_MasterData_Stock.stock_route_production_warehouse_pw_je_supply_produc_240,make_to_order,Jinasena_MasterData_Stock.stock_picking_type_receipts_118,0,,Jinasena_MasterData_Stock.stock_warehouse_production_warehouse_pw_je,Jinasena_MasterData_Stock.stock_warehouse_production_warehouse_pw_e1,manual
stock_rule_cw_cm_stock_inter_warehouse_transit_mto_617,CW-CM: Stock → Inter-warehouse transit (MTO),1,propagate,pull,20,,Jinasena_MasterData_Stock.stock_location_inter_warehouse_transit,Jinasena_MasterData_Stock.stock_location_stock_76,,mts_else_mto,Jinasena_MasterData_Stock.stock_picking_type_delivery_orders,0,1,Jinasena_MasterData_Stock.stock_warehouse_casting_warehouse_cw_cm,,manual
stock_rule_mw_ek_stock_inter_warehouse_transit_mto_620,MW-EK: Stock → Inter-warehouse transit (MTO),1,propagate,pull,20,,Jinasena_MasterData_Stock.stock_location_inter_warehouse_transit,Jinasena_MasterData_Stock.stock_location_stock_183,,mts_else_mto,Jinasena_MasterData_Stock.stock_picking_type_delivery_orders_191,0,1,Jinasena_MasterData_Stock.stock_warehouse_main_warehouse_mw_ek_22,,manual
stock_rule_mw_jc_stock_inter_warehouse_transit_mto_624,MW-JC: Stock → Inter-warehouse transit (MTO),1,propagate,pull,20,,Jinasena_MasterData_Stock.stock_location_inter_warehouse_transit,Jinasena_MasterData_Stock.stock_location_stock_223,,mts_else_mto,Jinasena_MasterData_Stock.stock_picking_type_delivery_orders_220,0,1,Jinasena_MasterData_Stock.stock_warehouse_casting_department_mw_jc,,manual
stock_rule_mw_jc_stock_inter_warehouse_transit,MW-JC: Stock → Inter-warehouse transit,1,propagate,pull,20,,Jinasena_MasterData_Stock.stock_location_inter_warehouse_transit,Jinasena_MasterData_Stock.stock_location_stock_223,Jinasena_MasterData_Stock.stock_route_casting_warehouse_cw_cm_supply_product_f,make_to_order,Jinasena_MasterData_Stock.stock_picking_type_delivery_orders_220,0,,Jinasena_MasterData_Stock.stock_warehouse_casting_department_mw_jc,,manual
stock_rule_cw_cm_inter_warehouse_transit_stock_626,CW-CM: Inter-warehouse transit → Stock,1,propagate,pull,20,,Jinasena_MasterData_Stock.stock_location_stock_76,Jinasena_MasterData_Stock.stock_location_inter_warehouse_transit,Jinasena_MasterData_Stock.stock_route_casting_warehouse_cw_cm_supply_product_f,make_to_order,Jinasena_MasterData_Stock.stock_picking_type_receipts,0,,Jinasena_MasterData_Stock.stock_warehouse_casting_warehouse_cw_cm,Jinasena_MasterData_Stock.stock_warehouse_casting_department_mw_jc,manual
stock_rule_sp_rc_stock_subcontracting_location,SP-RC: Stock → Subcontracting Location,1,propagate,pull,20,,,Jinasena_MasterData_Stock.stock_location_stock_100,Jinasena_MasterData_Stock.stock_route_retail_sales_counter_sp_sp_rc_resupply_s,make_to_stock,,0,,Jinasena_MasterData_Stock.stock_warehouse_retail_sales_counter_sp_sp_rc,,manual
stock_rule_sp_rc_stock_subcontracting_location_mto,SP-RC: Stock → Subcontracting Location (MTO),1,propagate,pull,20,,,Jinasena_MasterData_Stock.stock_location_stock_100,,make_to_order,,0,,Jinasena_MasterData_Stock.stock_warehouse_retail_sales_counter_sp_sp_rc,,manual
stock_rule_cw_cm_stock_subcontracting_location_660,CW-CM: Stock → Subcontracting Location,1,propagate,pull,20,,,Jinasena_MasterData_Stock.stock_location_stock_76,Jinasena_MasterData_Stock.stock_route_casting_warehouse_cw_cm_resupply_subcont,make_to_stock,,0,,Jinasena_MasterData_Stock.stock_warehouse_casting_warehouse_cw_cm,,manual
stock_rule_cw_cm_stock_subcontracting_location_mto,CW-CM: Stock → Subcontracting Location (MTO),1,propagate,pull,20,,,Jinasena_MasterData_Stock.stock_location_stock_76,,make_to_order,,0,,Jinasena_MasterData_Stock.stock_warehouse_casting_warehouse_cw_cm,,manual
stock_rule_mw_cm_stock_subcontracting_location_663,MW-CM: Stock → Subcontracting Location,1,propagate,pull,20,,,Jinasena_MasterData_Stock.stock_location_stock_84,Jinasena_MasterData_Stock.stock_route_main_warehouse_mw_cm_resupply_subcontrac_269,make_to_stock,,0,,Jinasena_MasterData_Stock.stock_warehouse_main_warehouse_mw_cm,,manual
stock_rule_mw_cm_stock_subcontracting_location_mto_664,MW-CM: Stock → Subcontracting Location (MTO),1,propagate,pull,20,,,Jinasena_MasterData_Stock.stock_location_stock_84,,make_to_order,,0,,Jinasena_MasterData_Stock.stock_warehouse_main_warehouse_mw_cm,,manual
stock_rule_ow_ek_stock_subcontracting_location_666,OW-EK: Stock → Subcontracting Location,1,propagate,pull,20,,,Jinasena_MasterData_Stock.stock_location_stock_92,Jinasena_MasterData_Stock.stock_route_oils_lubricants_warehouse_ow_ek_resupply_270,make_to_stock,,0,,Jinasena_MasterData_Stock.stock_warehouse_oils_lubricants_warehouse_ow_ek,,manual
stock_rule_ow_ek_stock_subcontracting_location_mto_667,OW-EK: Stock → Subcontracting Location (MTO),1,propagate,pull,20,,,Jinasena_MasterData_Stock.stock_location_stock_92,,make_to_order,,0,,Jinasena_MasterData_Stock.stock_warehouse_oils_lubricants_warehouse_ow_ek,,manual
stock_rule_pw_je_stock_subcontracting_location_672,PW-JE: Stock → Subcontracting Location,1,propagate,pull,20,,,Jinasena_MasterData_Stock.stock_location_stock_116,,make_to_stock,,0,,Jinasena_MasterData_Stock.stock_warehouse_production_warehouse_pw_je,,manual
stock_rule_pw_mw_stock_subcontracting_location_675,PW-MW: Stock → Subcontracting Location,1,propagate,pull,20,,,Jinasena_MasterData_Stock.stock_location_stock_124,,make_to_stock,,0,,Jinasena_MasterData_Stock.stock_warehouse_production_warehouse_pw_mw,,manual
stock_rule_rp_ek_stock_subcontracting_location_678,RP-EK: Stock → Subcontracting Location,1,propagate,pull,20,,,Jinasena_MasterData_Stock.stock_location_stock_140,,make_to_stock,,0,,Jinasena_MasterData_Stock.stock_warehouse_raw_material_main_warehouse_rp_ek,,manual
stock_rule_pw_e1_stock_subcontracting_location_681,PW-E1: Stock → Subcontracting Location,1,propagate,pull,20,,,Jinasena_MasterData_Stock.stock_location_stock_132,,make_to_stock,,0,,Jinasena_MasterData_Stock.stock_warehouse_production_warehouse_pw_e1,,manual
stock_rule_br_am_stock_subcontracting_location_684,BR-AM: Stock → Subcontracting Location,1,propagate,pull,20,,,Jinasena_MasterData_Stock.stock_location_stock,Jinasena_MasterData_Stock.stock_route_br_am_warehouse_for_ampara_sales_center__276,make_to_stock,,0,,Jinasena_MasterData_Stock.stock_warehouse_br_am_warehouse_for_ampara_sales_center,,manual
stock_rule_br_am_stock_subcontracting_location_mto_685,BR-AM: Stock → Subcontracting Location (MTO),1,propagate,pull,20,,,Jinasena_MasterData_Stock.stock_location_stock,,make_to_order,,0,,Jinasena_MasterData_Stock.stock_warehouse_br_am_warehouse_for_ampara_sales_center,,manual
stock_rule_mw_je_stock_subcontracting_location_690,MW-JE: Stock → Subcontracting Location,1,propagate,pull,20,,,Jinasena_MasterData_Stock.stock_location_stock_444,Jinasena_MasterData_Stock.stock_route_main_warehouse_raw_material_for_motors_m_278,make_to_stock,,0,,Jinasena_MasterData_Stock.stock_warehouse_main_warehouse_raw_material_for_motors_m,,manual
stock_rule_mw_je_stock_subcontracting_location_mto_691,MW-JE: Stock → Subcontracting Location (MTO),1,propagate,pull,20,,,Jinasena_MasterData_Stock.stock_location_stock_444,,make_to_order,,0,,Jinasena_MasterData_Stock.stock_warehouse_main_warehouse_raw_material_for_motors_m,,manual
stock_rule_br_an_stock_subcontracting_location_701,BR-AN: Stock → Subcontracting Location,1,propagate,pull,20,,,Jinasena_MasterData_Stock.stock_location_stock_158,Jinasena_MasterData_Stock.stock_route_br_an_warehouse_for_anuradhapura_sales_c_281,make_to_stock,,0,,Jinasena_MasterData_Stock.stock_warehouse_br_an_warehouse_for_anuradhapura_sales_c,,manual
stock_rule_br_an_stock_subcontracting_location_mto_702,BR-AN: Stock → Subcontracting Location (MTO),1,propagate,pull,20,,,Jinasena_MasterData_Stock.stock_location_stock_158,,make_to_order,,0,,Jinasena_MasterData_Stock.stock_warehouse_br_an_warehouse_for_anuradhapura_sales_c,,manual
stock_rule_rc_tm_stock_subcontracting_location_704,RC-TM: Stock → Subcontracting Location,1,propagate,pull,20,,,Jinasena_MasterData_Stock.stock_location_stock_167,Jinasena_MasterData_Stock.stock_route_rc_tm_warehouse_for_colombo_sales_center_282,make_to_stock,,0,,Jinasena_MasterData_Stock.stock_warehouse_rc_tm_warehouse_for_colombo_sales_center,,manual
stock_rule_rc_tm_stock_subcontracting_location_mto_706,RC-TM: Stock → Subcontracting Location (MTO),1,propagate,pull,20,,,Jinasena_MasterData_Stock.stock_location_stock_167,,make_to_order,,0,,Jinasena_MasterData_Stock.stock_warehouse_rc_tm_warehouse_for_colombo_sales_center,,manual
stock_rule_mw_ek_stock_subcontracting_location_711,MW-EK: Stock → Subcontracting Location,1,propagate,pull,20,,,Jinasena_MasterData_Stock.stock_location_stock_183,Jinasena_MasterData_Stock.stock_route_main_warehouse_mw_ek_resupply_subcontrac_284,make_to_stock,,0,,Jinasena_MasterData_Stock.stock_warehouse_main_warehouse_mw_ek_22,,manual
stock_rule_mw_ek_stock_subcontracting_location_mto_712,MW-EK: Stock → Subcontracting Location (MTO),1,propagate,pull,20,,,Jinasena_MasterData_Stock.stock_location_stock_183,,make_to_order,,0,,Jinasena_MasterData_Stock.stock_warehouse_main_warehouse_mw_ek_22,,manual
stock_rule_mw_jc_stock_subcontracting_location_718,MW-JC: Stock → Subcontracting Location,1,propagate,pull,20,,,Jinasena_MasterData_Stock.stock_location_stock_223,Jinasena_MasterData_Stock.stock_route_casting_department_mw_jc_resupply_subcon_286,make_to_stock,,0,,Jinasena_MasterData_Stock.stock_warehouse_casting_department_mw_jc,,manual
stock_rule_mw_jc_stock_subcontracting_location_mto_719,MW-JC: Stock → Subcontracting Location (MTO),1,propagate,pull,20,,,Jinasena_MasterData_Stock.stock_location_stock_223,,make_to_order,,0,,Jinasena_MasterData_Stock.stock_warehouse_casting_department_mw_jc,,manual
stock_rule_rp_cm_stock_subcontracting_location_724,RP-CM: Stock → Subcontracting Location,1,propagate,pull,20,,,Jinasena_MasterData_Stock.stock_location_stock_334,Jinasena_MasterData_Stock.stock_route_repairs_warehouse_rp_cm_resupply_subcont_288,make_to_stock,,0,,Jinasena_MasterData_Stock.stock_warehouse_repairs_warehouse_rp_cm,,manual
stock_rule_rp_cm_stock_subcontracting_location_mto_725,RP-CM: Stock → Subcontracting Location (MTO),1,propagate,pull,20,,,Jinasena_MasterData_Stock.stock_location_stock_334,,make_to_order,,0,,Jinasena_MasterData_Stock.stock_warehouse_repairs_warehouse_rp_cm,,manual
stock_rule_br_ek_stock_subcontracting_location_727,BR-EK: Stock → Subcontracting Location,1,propagate,pull,20,,,Jinasena_MasterData_Stock.stock_location_stock_353,Jinasena_MasterData_Stock.stock_route_br_ek_warehouse_for_ekala_sales_center_r_289,make_to_stock,,0,,Jinasena_MasterData_Stock.stock_warehouse_br_ek_warehouse_for_ekala_sales_center,,manual
stock_rule_br_ek_stock_subcontracting_location_mto_728,BR-EK: Stock → Subcontracting Location (MTO),1,propagate,pull,20,,,Jinasena_MasterData_Stock.stock_location_stock_353,,make_to_order,,0,,Jinasena_MasterData_Stock.stock_warehouse_br_ek_warehouse_for_ekala_sales_center,,manual
stock_rule_rp_qu_stock_subcontracting_location_730,RP-QU: Stock → Subcontracting Location,1,propagate,pull,20,,,Jinasena_MasterData_Stock.stock_location_stock_361,Jinasena_MasterData_Stock.stock_route_quick_repairs_warehouse_rp_qu_resupply_s_290,make_to_stock,,0,,Jinasena_MasterData_Stock.stock_warehouse_quick_repairs_warehouse_rp_qu,,manual
stock_rule_rp_qu_stock_subcontracting_location_mto_731,RP-QU: Stock → Subcontracting Location (MTO),1,propagate,pull,20,,,Jinasena_MasterData_Stock.stock_location_stock_361,,make_to_order,,0,,Jinasena_MasterData_Stock.stock_warehouse_quick_repairs_warehouse_rp_qu,,manual
stock_rule_pj_ei_stock_subcontracting_location_733,PJ-EI: Stock → Subcontracting Location,1,propagate,pull,20,,,Jinasena_MasterData_Stock.stock_location_stock_369,Jinasena_MasterData_Stock.stock_route_electrical_installation_projects_warehou_291,make_to_stock,,0,,Jinasena_MasterData_Stock.stock_warehouse_electrical_installation_projects_warehou,,manual
stock_rule_pj_ei_stock_subcontracting_location_mto_734,PJ-EI: Stock → Subcontracting Location (MTO),1,propagate,pull,20,,,Jinasena_MasterData_Stock.stock_location_stock_369,,make_to_order,,0,,Jinasena_MasterData_Stock.stock_warehouse_electrical_installation_projects_warehou,,manual
stock_rule_rp_jm_stock_customers,RP-JM: Stock → Customers,1,propagate,pull,20,Jinasena_MasterData_Common.res_company_jinasena_agricultural_machinery_pvt_ltd,,Jinasena_MasterData_Stock.stock_location_stock_519,Jinasena_MasterData_Stock.stock_route_repairs_warehouse_jam_ekala_deliver_in_1,make_to_stock,Jinasena_MasterData_Stock.stock_picking_type_delivery_orders_510,0,1,Jinasena_MasterData_Stock.stock_warehouse_repairs_warehouse_rp_jm,,manual
stock_rule_rp_jm_input_output,RP-JM: Input → Output,1,propagate,pull,20,Jinasena_MasterData_Common.res_company_jinasena_agricultural_machinery_pvt_ltd,,,,make_to_order,Jinasena_MasterData_Stock.stock_picking_type_internal_transfers_513,0,,Jinasena_MasterData_Stock.stock_warehouse_repairs_warehouse_rp_jm,,manual
stock_rule_rp_jm_output_customers,RP-JM: Output → Customers,1,propagate,pull,20,Jinasena_MasterData_Common.res_company_jinasena_agricultural_machinery_pvt_ltd,,,,make_to_order,Jinasena_MasterData_Stock.stock_picking_type_delivery_orders_510,0,,Jinasena_MasterData_Stock.stock_warehouse_repairs_warehouse_rp_jm,,manual
stock_rule_rp_jm_stock_customers_mto,RP-JM: Stock → Customers (MTO),1,propagate,pull,20,Jinasena_MasterData_Common.res_company_jinasena_agricultural_machinery_pvt_ltd,,Jinasena_MasterData_Stock.stock_location_stock_519,,make_to_order,Jinasena_MasterData_Stock.stock_picking_type_delivery_orders_510,0,1,Jinasena_MasterData_Stock.stock_warehouse_repairs_warehouse_rp_jm,,manual
stock_rule_rp_jm_stock_production_mto,RP-JM: Stock → Production (MTO),1,propagate,pull,20,Jinasena_MasterData_Common.res_company_jinasena_agricultural_machinery_pvt_ltd,Jinasena_MasterData_Stock.stock_location_production_195,Jinasena_MasterData_Stock.stock_location_stock_519,,make_to_order,Jinasena_MasterData_Stock.stock_picking_type_manufacturing_517,0,,Jinasena_MasterData_Stock.stock_warehouse_repairs_warehouse_rp_jm,,manual
stock_rule_br_ek_stock_customers_799,BR-EK: Stock → Customers,1,propagate,pull,20,Jinasena_MasterData_Common.res_company_jinasena_agricultural_machinery_pvt_ltd,,Jinasena_MasterData_Stock.stock_location_stock_527,Jinasena_MasterData_Stock.stock_route_branch_warehouse_ekala_deliver_in_1_step,make_to_stock,Jinasena_MasterData_Stock.stock_picking_type_delivery_orders_522,0,1,Jinasena_MasterData_Stock.stock_warehouse_branch_warehouse_ekala_br_ek,,manual
stock_rule_br_ek_input_output_800,BR-EK: Input → Output,1,propagate,pull,20,Jinasena_MasterData_Common.res_company_jinasena_agricultural_machinery_pvt_ltd,,,,make_to_order,Jinasena_MasterData_Stock.stock_picking_type_internal_transfers_525,0,,Jinasena_MasterData_Stock.stock_warehouse_branch_warehouse_ekala_br_ek,,manual
stock_rule_br_ek_output_customers_801,BR-EK: Output → Customers,1,propagate,pull,20,Jinasena_MasterData_Common.res_company_jinasena_agricultural_machinery_pvt_ltd,,,,make_to_order,Jinasena_MasterData_Stock.stock_picking_type_delivery_orders_522,0,,Jinasena_MasterData_Stock.stock_warehouse_branch_warehouse_ekala_br_ek,,manual
stock_rule_br_ek_stock_customers_mto_803,BR-EK: Stock → Customers (MTO),1,propagate,pull,20,Jinasena_MasterData_Common.res_company_jinasena_agricultural_machinery_pvt_ltd,,Jinasena_MasterData_Stock.stock_location_stock_527,,make_to_stock,Jinasena_MasterData_Stock.stock_picking_type_delivery_orders_522,0,1,Jinasena_MasterData_Stock.stock_warehouse_branch_warehouse_ekala_br_ek,,manual
stock_rule_cw_cm_stock_inter_warehouse_transit_mto_1094,CW-CM: Stock → Inter-warehouse transit (MTO),1,propagate,pull,20,,Jinasena_MasterData_Stock.stock_location_inter_warehouse_transit,Jinasena_MasterData_Stock.stock_location_stock_76,,mts_else_mto,Jinasena_MasterData_Stock.stock_picking_type_delivery_orders,0,1,Jinasena_MasterData_Stock.stock_warehouse_casting_warehouse_cw_cm,,manual
stock_rule_cw_cm_stock_inter_warehouse_transit_1095,CW-CM: Stock → Inter-warehouse transit,1,propagate,pull,20,,Jinasena_MasterData_Stock.stock_location_inter_warehouse_transit,Jinasena_MasterData_Stock.stock_location_stock_76,Jinasena_MasterData_Stock.stock_route_br_am_warehouse_for_ampara_sales_center__434,make_to_stock,Jinasena_MasterData_Stock.stock_picking_type_delivery_orders,0,,Jinasena_MasterData_Stock.stock_warehouse_casting_warehouse_cw_cm,,manual
stock_rule_br_am_inter_warehouse_transit_stock_1096,BR-AM: Inter-warehouse transit → Stock,1,propagate,pull,20,,Jinasena_MasterData_Stock.stock_location_stock,Jinasena_MasterData_Stock.stock_location_inter_warehouse_transit,Jinasena_MasterData_Stock.stock_route_br_am_warehouse_for_ampara_sales_center__434,make_to_order,Jinasena_MasterData_Stock.stock_picking_type_receipts_154,0,,Jinasena_MasterData_Stock.stock_warehouse_br_am_warehouse_for_ampara_sales_center,Jinasena_MasterData_Stock.stock_warehouse_casting_warehouse_cw_cm,manual
stock_rule_rp_jm_inter_warehouse_transit_stock,RP-JM: Inter-warehouse transit → Stock,1,propagate,pull,20,Jinasena_MasterData_Common.res_company_jinasena_agricultural_machinery_pvt_ltd,Jinasena_MasterData_Stock.stock_location_stock_519,Jinasena_MasterData_Stock.stock_location_inter_warehouse_transit_193,Jinasena_MasterData_Stock.stock_route_repairs_warehouse_rp_jm_supply_product_f_440,make_to_order,Jinasena_MasterData_Stock.stock_picking_type_receipts_509,0,,Jinasena_MasterData_Stock.stock_warehouse_repairs_warehouse_rp_jm,,manual
stock_rule_pw_jm_stock_customers,PW-JM: Stock → Customers,1,propagate,pull,20,Jinasena_MasterData_Common.res_company_jinasena_agricultural_machinery_pvt_ltd,,Jinasena_MasterData_Stock.stock_location_stock_511,Jinasena_MasterData_Stock.stock_route_production_warehouse_pw_jm_deliver_in_1_,make_to_stock,Jinasena_MasterData_Stock.stock_picking_type_delivery_orders_498,0,1,Jinasena_MasterData_Stock.stock_warehouse_production_warehouse_pw_jm,,manual
stock_rule_pw_jm_input_output,PW-JM: Input → Output,1,propagate,pull,20,Jinasena_MasterData_Common.res_company_jinasena_agricultural_machinery_pvt_ltd,,,,make_to_order,Jinasena_MasterData_Stock.stock_picking_type_internal_transfers_501,0,,Jinasena_MasterData_Stock.stock_warehouse_production_warehouse_pw_jm,,manual
stock_rule_pw_jm_output_customers,PW-JM: Output → Customers,1,propagate,pull,20,Jinasena_MasterData_Common.res_company_jinasena_agricultural_machinery_pvt_ltd,,,,make_to_order,Jinasena_MasterData_Stock.stock_picking_type_delivery_orders_498,0,,Jinasena_MasterData_Stock.stock_warehouse_production_warehouse_pw_jm,,manual
stock_rule_pw_jm_stock_customers_mto,PW-JM: Stock → Customers (MTO),1,propagate,pull,20,Jinasena_MasterData_Common.res_company_jinasena_agricultural_machinery_pvt_ltd,,Jinasena_MasterData_Stock.stock_location_stock_511,,mts_else_mto,Jinasena_MasterData_Stock.stock_picking_type_delivery_orders_498,0,1,Jinasena_MasterData_Stock.stock_warehouse_production_warehouse_pw_jm,,manual
stock_rule_pw_jm_stock_production,PW-JM: Stock (Production),1,propagate,manufacture,20,Jinasena_MasterData_Common.res_company_jinasena_agricultural_machinery_pvt_ltd,Jinasena_MasterData_Stock.stock_location_stock_511,,,make_to_order,Jinasena_MasterData_Stock.stock_picking_type_manufacturing_505,0,,Jinasena_MasterData_Stock.stock_warehouse_production_warehouse_pw_jm,,manual
stock_rule_pw_jm_stock_production_mto,PW-JM: Stock → Production (MTO),1,propagate,pull,20,Jinasena_MasterData_Common.res_company_jinasena_agricultural_machinery_pvt_ltd,Jinasena_MasterData_Stock.stock_location_production_195,Jinasena_MasterData_Stock.stock_location_stock_511,,make_to_order,Jinasena_MasterData_Stock.stock_picking_type_manufacturing_505,0,,Jinasena_MasterData_Stock.stock_warehouse_production_warehouse_pw_jm,,manual
stock_rule_jm_ek_stock_customers,JM-EK: Stock → Customers,1,propagate,pull,20,Jinasena_MasterData_Common.res_company_jinasena_agricultural_machinery_pvt_ltd,,Jinasena_MasterData_Stock.stock_location_stock_735,Jinasena_MasterData_Stock.stock_route_jam_warehouse_ekala_jm_ek_deliver_in_1_s,make_to_stock,Jinasena_MasterData_Stock.stock_picking_type_delivery_orders_753,0,1,Jinasena_MasterData_Stock.stock_warehouse_jam_warehouse_ekala_jm_ek,,manual
stock_rule_jm_ek_input_output,JM-EK: Input → Output,1,propagate,pull,20,Jinasena_MasterData_Common.res_company_jinasena_agricultural_machinery_pvt_ltd,,,,make_to_order,Jinasena_MasterData_Stock.stock_picking_type_internal_transfers_756,0,,Jinasena_MasterData_Stock.stock_warehouse_jam_warehouse_ekala_jm_ek,,manual
stock_rule_jm_ek_output_customers,JM-EK: Output → Customers,1,propagate,pull,20,Jinasena_MasterData_Common.res_company_jinasena_agricultural_machinery_pvt_ltd,,,,make_to_order,Jinasena_MasterData_Stock.stock_picking_type_delivery_orders_753,0,,Jinasena_MasterData_Stock.stock_warehouse_jam_warehouse_ekala_jm_ek,,manual
stock_rule_jm_ek_stock_subcontracting_location,JM-EK: Stock → Subcontracting Location,1,propagate,pull,20,Jinasena_MasterData_Common.res_company_jinasena_agricultural_machinery_pvt_ltd,,Jinasena_MasterData_Stock.stock_location_stock_735,Jinasena_MasterData_Stock.stock_route_jam_warehouse_ekala_jm_ek_resupply_subco,make_to_stock,,0,,Jinasena_MasterData_Stock.stock_warehouse_jam_warehouse_ekala_jm_ek,,manual
stock_rule_jm_ek_stock_customers_mto,JM-EK: Stock → Customers (MTO),1,propagate,pull,20,Jinasena_MasterData_Common.res_company_jinasena_agricultural_machinery_pvt_ltd,,Jinasena_MasterData_Stock.stock_location_stock_735,,mts_else_mto,Jinasena_MasterData_Stock.stock_picking_type_delivery_orders_753,0,1,Jinasena_MasterData_Stock.stock_warehouse_jam_warehouse_ekala_jm_ek,,manual
stock_rule_jm_ek_stock_production,JM-EK: Stock (Production),1,propagate,manufacture,20,Jinasena_MasterData_Common.res_company_jinasena_agricultural_machinery_pvt_ltd,Jinasena_MasterData_Stock.stock_location_stock_735,,,make_to_order,Jinasena_MasterData_Stock.stock_picking_type_manufacturing_760,0,,Jinasena_MasterData_Stock.stock_warehouse_jam_warehouse_ekala_jm_ek,,manual
stock_rule_jm_ek_stock_production_mto,JM-EK: Stock → Production (MTO),1,propagate,pull,20,Jinasena_MasterData_Common.res_company_jinasena_agricultural_machinery_pvt_ltd,Jinasena_MasterData_Stock.stock_location_production_195,Jinasena_MasterData_Stock.stock_location_stock_735,,make_to_stock,Jinasena_MasterData_Stock.stock_picking_type_manufacturing_760,0,,Jinasena_MasterData_Stock.stock_warehouse_jam_warehouse_ekala_jm_ek,,manual
stock_rule_jm_ek_stock_subcontracting_location_mto,JM-EK: Stock → Subcontracting Location (MTO),1,propagate,pull,20,Jinasena_MasterData_Common.res_company_jinasena_agricultural_machinery_pvt_ltd,,Jinasena_MasterData_Stock.stock_location_stock_735,,make_to_order,,0,,Jinasena_MasterData_Stock.stock_warehouse_jam_warehouse_ekala_jm_ek,,manual
stock_rule_jm_ek_stock_buy,JM-EK: Stock (Buy),1,none,buy,20,Jinasena_MasterData_Common.res_company_jinasena_agricultural_machinery_pvt_ltd,Jinasena_MasterData_Stock.stock_location_stock_735,,,make_to_stock,Jinasena_MasterData_Stock.stock_picking_type_receipts_752,0,,Jinasena_MasterData_Stock.stock_warehouse_jam_warehouse_ekala_jm_ek,,manual
stock_rule_jm_ek_stock_inter_warehouse_transit_mto,JM-EK: Stock → Inter-warehouse transit (MTO),1,propagate,pull,20,Jinasena_MasterData_Common.res_company_jinasena_agricultural_machinery_pvt_ltd,Jinasena_MasterData_Stock.stock_location_inter_warehouse_transit_193,Jinasena_MasterData_Stock.stock_location_stock_735,,make_to_stock,Jinasena_MasterData_Stock.stock_picking_type_delivery_orders_753,0,1,Jinasena_MasterData_Stock.stock_warehouse_jam_warehouse_ekala_jm_ek,,manual
stock_rule_pw_mw_stock_inter_warehouse_transit_mto_1211,PW-MW: Stock → Inter-warehouse transit (MTO),1,propagate,pull,20,,Jinasena_MasterData_Stock.stock_location_inter_warehouse_transit,Jinasena_MasterData_Stock.stock_location_stock_124,,mts_else_mto,Jinasena_MasterData_Stock.stock_picking_type_delivery_orders_128,0,1,Jinasena_MasterData_Stock.stock_warehouse_production_warehouse_pw_mw,,manual
stock_rule_pw_ma_stock_customers,PW-MA: Stock → Customers,1,propagate,pull,20,,,Jinasena_MasterData_Stock.stock_location_stock_751,Jinasena_MasterData_Stock.stock_route_production_warehouse_for_machining_and_a_474,make_to_stock,Jinasena_MasterData_Stock.stock_picking_type_delivery_orders_777,0,1,Jinasena_MasterData_Stock.stock_warehouse_production_warehouse_for_machining_and_a,,manual
stock_rule_pw_ma_input_output,PW-MA: Input → Output,1,propagate,pull,20,,,,,make_to_order,Jinasena_MasterData_Stock.stock_picking_type_internal_transfers_780,0,,Jinasena_MasterData_Stock.stock_warehouse_production_warehouse_for_machining_and_a,,manual
stock_rule_pw_ma_output_customers,PW-MA: Output → Customers,1,propagate,pull,20,,,,,make_to_order,Jinasena_MasterData_Stock.stock_picking_type_delivery_orders_777,0,,Jinasena_MasterData_Stock.stock_warehouse_production_warehouse_for_machining_and_a,,manual
stock_rule_pw_ma_stock_subcontracting_location,PW-MA: Stock → Subcontracting Location,1,propagate,pull,20,,,Jinasena_MasterData_Stock.stock_location_stock_751,,make_to_stock,,0,,Jinasena_MasterData_Stock.stock_warehouse_production_warehouse_for_machining_and_a,,manual
stock_rule_pw_ma_stock_customers_mto,PW-MA: Stock → Customers (MTO),1,propagate,pull,20,,,Jinasena_MasterData_Stock.stock_location_stock_751,,mts_else_mto,Jinasena_MasterData_Stock.stock_picking_type_delivery_orders_777,0,1,Jinasena_MasterData_Stock.stock_warehouse_production_warehouse_for_machining_and_a,,manual
stock_rule_pw_ma_stock_production,PW-MA: Stock (Production),1,propagate,manufacture,20,,Jinasena_MasterData_Stock.stock_location_stock_751,,,make_to_order,Jinasena_MasterData_Stock.stock_picking_type_manufacturing_784,0,,Jinasena_MasterData_Stock.stock_warehouse_production_warehouse_for_machining_and_a,,manual
stock_rule_pw_ma_stock_production_mto,PW-MA: Stock → Production (MTO),1,propagate,pull,20,,Jinasena_MasterData_Stock.stock_location_production,Jinasena_MasterData_Stock.stock_location_stock_751,,mts_else_mto,Jinasena_MasterData_Stock.stock_picking_type_manufacturing_784,0,,Jinasena_MasterData_Stock.stock_warehouse_production_warehouse_for_machining_and_a,,manual
stock_rule_pw_mw_stock_inter_warehouse_transit_mto_1226,PW-MW: Stock → Inter-warehouse transit (MTO),1,propagate,pull,20,,Jinasena_MasterData_Stock.stock_location_inter_warehouse_transit,Jinasena_MasterData_Stock.stock_location_stock_124,,mts_else_mto,Jinasena_MasterData_Stock.stock_picking_type_delivery_orders_128,0,1,Jinasena_MasterData_Stock.stock_warehouse_production_warehouse_pw_mw,,manual
stock_rule_pw_mw_stock_inter_warehouse_transit_1227,PW-MW: Stock → Inter-warehouse transit,1,propagate,pull,20,,Jinasena_MasterData_Stock.stock_location_inter_warehouse_transit,Jinasena_MasterData_Stock.stock_location_stock_124,Jinasena_MasterData_Stock.stock_route_production_warehouse_for_machining_and_a_478,make_to_order,Jinasena_MasterData_Stock.stock_picking_type_delivery_orders_128,0,,Jinasena_MasterData_Stock.stock_warehouse_production_warehouse_pw_mw,,manual
stock_rule_pw_ma_inter_warehouse_transit_stock,PW-MA: Inter-warehouse transit → Stock,1,propagate,pull,20,,Jinasena_MasterData_Stock.stock_location_stock_751,Jinasena_MasterData_Stock.stock_location_inter_warehouse_transit,Jinasena_MasterData_Stock.stock_route_production_warehouse_for_machining_and_a_478,make_to_order,Jinasena_MasterData_Stock.stock_picking_type_receipts_776,0,,Jinasena_MasterData_Stock.stock_warehouse_production_warehouse_for_machining_and_a,Jinasena_MasterData_Stock.stock_warehouse_production_warehouse_pw_mw,manual
stock_rule_pl_ek_stock_customers,PL-EK: Stock → Customers,1,propagate,pull,20,,,Jinasena_MasterData_Stock.stock_location_stock_759,Jinasena_MasterData_Stock.stock_route_plastic_warehouse_pl_ek_deliver_in_1_ste,make_to_stock,Jinasena_MasterData_Stock.stock_picking_type_delivery_orders_789,0,1,Jinasena_MasterData_Stock.stock_warehouse_plastic_warehouse_pl_ek,,manual
stock_rule_pl_ek_input_output,PL-EK: Input → Output,1,propagate,pull,20,,,,,make_to_order,Jinasena_MasterData_Stock.stock_picking_type_internal_transfers_792,0,,Jinasena_MasterData_Stock.stock_warehouse_plastic_warehouse_pl_ek,,manual
stock_rule_pl_ek_output_customers,PL-EK: Output → Customers,1,propagate,pull,20,,,,,make_to_order,Jinasena_MasterData_Stock.stock_picking_type_delivery_orders_789,0,,Jinasena_MasterData_Stock.stock_warehouse_plastic_warehouse_pl_ek,,manual
stock_rule_pl_ek_stock_customers_mto,PL-EK: Stock → Customers (MTO),1,propagate,pull,20,,,Jinasena_MasterData_Stock.stock_location_stock_759,,mts_else_mto,Jinasena_MasterData_Stock.stock_picking_type_delivery_orders_789,0,1,Jinasena_MasterData_Stock.stock_warehouse_plastic_warehouse_pl_ek,,manual
stock_rule_pl_ek_stock_production,PL-EK: Stock (Production),1,propagate,manufacture,20,,Jinasena_MasterData_Stock.stock_location_stock_759,,,make_to_order,Jinasena_MasterData_Stock.stock_picking_type_manufacturing_796,0,,Jinasena_MasterData_Stock.stock_warehouse_plastic_warehouse_pl_ek,,manual
stock_rule_pl_ek_stock_production_mto,PL-EK: Stock → Production (MTO),1,propagate,pull,20,,Jinasena_MasterData_Stock.stock_location_production,Jinasena_MasterData_Stock.stock_location_stock_759,,mts_else_mto,Jinasena_MasterData_Stock.stock_picking_type_manufacturing_796,0,,Jinasena_MasterData_Stock.stock_warehouse_plastic_warehouse_pl_ek,,manual
stock_rule_pl_ek_stock_buy,PL-EK: Stock (Buy),1,none,buy,20,,Jinasena_MasterData_Stock.stock_location_stock_759,,,make_to_stock,Jinasena_MasterData_Stock.stock_picking_type_receipts_788,0,,Jinasena_MasterData_Stock.stock_warehouse_plastic_warehouse_pl_ek,,manual
stock_rule_pl_ek_stock_inter_warehouse_transit_mto,PL-EK: Stock → Inter-warehouse transit (MTO),1,propagate,pull,20,,Jinasena_MasterData_Stock.stock_location_inter_warehouse_transit,Jinasena_MasterData_Stock.stock_location_stock_759,,mts_else_mto,Jinasena_MasterData_Stock.stock_picking_type_delivery_orders_789,0,1,Jinasena_MasterData_Stock.stock_warehouse_plastic_warehouse_pl_ek,,manual
stock_rule_pl_ek_stock_inter_warehouse_transit,PL-EK: Stock → Inter-warehouse transit,1,propagate,pull,20,,Jinasena_MasterData_Stock.stock_location_inter_warehouse_transit,Jinasena_MasterData_Stock.stock_location_stock_759,Jinasena_MasterData_Stock.stock_route_raw_material_main_warehouse_rp_ek_supply_484,make_to_order,Jinasena_MasterData_Stock.stock_picking_type_delivery_orders_789,0,,Jinasena_MasterData_Stock.stock_warehouse_plastic_warehouse_pl_ek,,manual
stock_rule_rp_ek_inter_warehouse_transit_stock,RP-EK: Inter-warehouse transit → Stock,1,propagate,pull,20,,Jinasena_MasterData_Stock.stock_location_stock_140,Jinasena_MasterData_Stock.stock_location_inter_warehouse_transit,Jinasena_MasterData_Stock.stock_route_raw_material_main_warehouse_rp_ek_supply_484,make_to_order,Jinasena_MasterData_Stock.stock_picking_type_receipts_145,0,,Jinasena_MasterData_Stock.stock_warehouse_raw_material_main_warehouse_rp_ek,Jinasena_MasterData_Stock.stock_warehouse_plastic_warehouse_pl_ek,manual
stock_rule_cw_cm_stock_inter_warehouse_transit_mto_1245,CW-CM: Stock → Inter-warehouse transit (MTO),1,propagate,pull,20,,Jinasena_MasterData_Stock.stock_location_inter_warehouse_transit,Jinasena_MasterData_Stock.stock_location_stock_76,,mts_else_mto,Jinasena_MasterData_Stock.stock_picking_type_delivery_orders,0,1,Jinasena_MasterData_Stock.stock_warehouse_casting_warehouse_cw_cm,,manual
stock_rule_cw_cm_stock_inter_warehouse_transit_1246,CW-CM: Stock → Inter-warehouse transit,1,propagate,pull,20,,Jinasena_MasterData_Stock.stock_location_inter_warehouse_transit,Jinasena_MasterData_Stock.stock_location_stock_76,Jinasena_MasterData_Stock.stock_route_production_warehouse_for_machining_and_a_488,make_to_order,Jinasena_MasterData_Stock.stock_picking_type_delivery_orders,0,,Jinasena_MasterData_Stock.stock_warehouse_casting_warehouse_cw_cm,,manual
stock_rule_pw_ma_inter_warehouse_transit_stock_1247,PW-MA: Inter-warehouse transit → Stock,1,propagate,pull,20,,Jinasena_MasterData_Stock.stock_location_stock_751,Jinasena_MasterData_Stock.stock_location_inter_warehouse_transit,Jinasena_MasterData_Stock.stock_route_production_warehouse_for_machining_and_a_488,make_to_order,Jinasena_MasterData_Stock.stock_picking_type_receipts_776,0,,Jinasena_MasterData_Stock.stock_warehouse_production_warehouse_for_machining_and_a,Jinasena_MasterData_Stock.stock_warehouse_casting_warehouse_cw_cm,manual
stock_rule_pw_ma_stock_inter_warehouse_transit_mto,PW-MA: Stock → Inter-warehouse transit (MTO),1,propagate,pull,20,,Jinasena_MasterData_Stock.stock_location_inter_warehouse_transit,Jinasena_MasterData_Stock.stock_location_stock_751,,mts_else_mto,Jinasena_MasterData_Stock.stock_picking_type_delivery_orders_777,0,1,Jinasena_MasterData_Stock.stock_warehouse_production_warehouse_for_machining_and_a,,manual
stock_rule_pw_ma_stock_inter_warehouse_transit,PW-MA: Stock → Inter-warehouse transit,1,propagate,pull,20,,Jinasena_MasterData_Stock.stock_location_inter_warehouse_transit,Jinasena_MasterData_Stock.stock_location_stock_751,Jinasena_MasterData_Stock.stock_route_production_warehouse_pw_e1_supply_produc_489,make_to_order,Jinasena_MasterData_Stock.stock_picking_type_delivery_orders_777,0,,Jinasena_MasterData_Stock.stock_warehouse_production_warehouse_for_machining_and_a,,manual
stock_rule_pw_e1_inter_warehouse_transit_stock_1250,PW-E1: Inter-warehouse transit → Stock,1,propagate,pull,20,,Jinasena_MasterData_Stock.stock_location_stock_132,Jinasena_MasterData_Stock.stock_location_inter_warehouse_transit,Jinasena_MasterData_Stock.stock_route_production_warehouse_pw_e1_supply_produc_489,make_to_order,Jinasena_MasterData_Stock.stock_picking_type_receipts_136,0,,Jinasena_MasterData_Stock.stock_warehouse_production_warehouse_pw_e1,Jinasena_MasterData_Stock.stock_warehouse_production_warehouse_for_machining_and_a,manual
stock_rule_pw_je_stock_production,PW-JE: Stock (Production),1,propagate,manufacture,20,,Jinasena_MasterData_Stock.stock_location_stock_116,,,make_to_order,Jinasena_MasterData_Stock.stock_picking_type_manufacturing_125,0,,Jinasena_MasterData_Stock.stock_warehouse_production_warehouse_pw_je,,manual
stock_rule_pw_ma_stock_inter_warehouse_transit_mto_1252,PW-MA: Stock → Inter-warehouse transit (MTO),1,propagate,pull,20,,Jinasena_MasterData_Stock.stock_location_inter_warehouse_transit,Jinasena_MasterData_Stock.stock_location_stock_751,,mts_else_mto,Jinasena_MasterData_Stock.stock_picking_type_delivery_orders_777,0,1,Jinasena_MasterData_Stock.stock_warehouse_production_warehouse_for_machining_and_a,,manual
stock_rule_pw_ma_stock_inter_warehouse_transit_1253,PW-MA: Stock → Inter-warehouse transit,1,propagate,pull,20,,Jinasena_MasterData_Stock.stock_location_inter_warehouse_transit,Jinasena_MasterData_Stock.stock_location_stock_751,Jinasena_MasterData_Stock.stock_route_production_warehouse_pw_je_supply_produc_490,make_to_order,Jinasena_MasterData_Stock.stock_picking_type_delivery_orders_777,0,,Jinasena_MasterData_Stock.stock_warehouse_production_warehouse_for_machining_and_a,,manual
stock_rule_pw_je_inter_warehouse_transit_stock_1254,PW-JE: Inter-warehouse transit → Stock,1,propagate,pull,20,,Jinasena_MasterData_Stock.stock_location_stock_116,Jinasena_MasterData_Stock.stock_location_inter_warehouse_transit,Jinasena_MasterData_Stock.stock_route_production_warehouse_pw_je_supply_produc_490,make_to_order,Jinasena_MasterData_Stock.stock_picking_type_receipts_118,0,,Jinasena_MasterData_Stock.stock_warehouse_production_warehouse_pw_je,Jinasena_MasterData_Stock.stock_warehouse_production_warehouse_for_machining_and_a,manual
stock_rule_pl_ek_stock_inter_warehouse_transit_mto_1255,PL-EK: Stock → Inter-warehouse transit (MTO),1,propagate,pull,20,,Jinasena_MasterData_Stock.stock_location_inter_warehouse_transit,Jinasena_MasterData_Stock.stock_location_stock_759,,mts_else_mto,Jinasena_MasterData_Stock.stock_picking_type_delivery_orders_789,0,1,Jinasena_MasterData_Stock.stock_warehouse_plastic_warehouse_pl_ek,,manual
stock_rule_pl_ek_stock_inter_warehouse_transit_1256,PL-EK: Stock → Inter-warehouse transit,1,propagate,pull,20,,Jinasena_MasterData_Stock.stock_location_inter_warehouse_transit,Jinasena_MasterData_Stock.stock_location_stock_759,Jinasena_MasterData_Stock.stock_route_production_warehouse_for_machining_and_a_491,make_to_order,Jinasena_MasterData_Stock.stock_picking_type_delivery_orders_789,0,,Jinasena_MasterData_Stock.stock_warehouse_plastic_warehouse_pl_ek,,manual
stock_rule_pw_ma_inter_warehouse_transit_stock_1257,PW-MA: Inter-warehouse transit → Stock,1,propagate,pull,20,,Jinasena_MasterData_Stock.stock_location_stock_751,Jinasena_MasterData_Stock.stock_location_inter_warehouse_transit,Jinasena_MasterData_Stock.stock_route_production_warehouse_for_machining_and_a_491,make_to_order,Jinasena_MasterData_Stock.stock_picking_type_receipts_776,0,,Jinasena_MasterData_Stock.stock_warehouse_production_warehouse_for_machining_and_a,Jinasena_MasterData_Stock.stock_warehouse_plastic_warehouse_pl_ek,manual
stock_rule_pl_ek_stock_inter_warehouse_transit_mto_1258,PL-EK: Stock → Inter-warehouse transit (MTO),1,propagate,pull,20,,Jinasena_MasterData_Stock.stock_location_inter_warehouse_transit,Jinasena_MasterData_Stock.stock_location_stock_759,,mts_else_mto,Jinasena_MasterData_Stock.stock_picking_type_delivery_orders_789,0,1,Jinasena_MasterData_Stock.stock_warehouse_plastic_warehouse_pl_ek,,manual
stock_rule_pl_ek_stock_inter_warehouse_transit_1259,PL-EK: Stock → Inter-warehouse transit,1,propagate,pull,20,,Jinasena_MasterData_Stock.stock_location_inter_warehouse_transit,Jinasena_MasterData_Stock.stock_location_stock_759,Jinasena_MasterData_Stock.stock_route_production_warehouse_pw_je_supply_produc,make_to_order,Jinasena_MasterData_Stock.stock_picking_type_delivery_orders_789,0,,Jinasena_MasterData_Stock.stock_warehouse_plastic_warehouse_pl_ek,,manual
stock_rule_pw_je_inter_warehouse_transit_stock_1260,PW-JE: Inter-warehouse transit → Stock,1,propagate,pull,20,,Jinasena_MasterData_Stock.stock_location_stock_116,Jinasena_MasterData_Stock.stock_location_inter_warehouse_transit,Jinasena_MasterData_Stock.stock_route_production_warehouse_pw_je_supply_produc,make_to_order,Jinasena_MasterData_Stock.stock_picking_type_receipts_118,0,,Jinasena_MasterData_Stock.stock_warehouse_production_warehouse_pw_je,Jinasena_MasterData_Stock.stock_warehouse_plastic_warehouse_pl_ek,manual
stock_rule_mw_jc_stock_inter_warehouse_transit_mto_1261,MW-JC: Stock → Inter-warehouse transit (MTO),1,propagate,pull,20,,Jinasena_MasterData_Stock.stock_location_inter_warehouse_transit,Jinasena_MasterData_Stock.stock_location_stock_223,,mts_else_mto,Jinasena_MasterData_Stock.stock_picking_type_delivery_orders_220,0,1,Jinasena_MasterData_Stock.stock_warehouse_casting_department_mw_jc,,manual
stock_rule_mw_jc_stock_inter_warehouse_transit_1262,MW-JC: Stock → Inter-warehouse transit,1,propagate,pull,20,,Jinasena_MasterData_Stock.stock_location_inter_warehouse_transit,Jinasena_MasterData_Stock.stock_location_stock_223,Jinasena_MasterData_Stock.stock_route_production_warehouse_for_machining_and_a,make_to_stock,Jinasena_MasterData_Stock.stock_picking_type_delivery_orders_220,0,,Jinasena_MasterData_Stock.stock_warehouse_casting_department_mw_jc,,manual
stock_rule_pw_ma_inter_warehouse_transit_stock_1263,PW-MA: Inter-warehouse transit → Stock,1,propagate,pull,20,,Jinasena_MasterData_Stock.stock_location_stock_751,Jinasena_MasterData_Stock.stock_location_inter_warehouse_transit,Jinasena_MasterData_Stock.stock_route_production_warehouse_for_machining_and_a,make_to_order,Jinasena_MasterData_Stock.stock_picking_type_receipts_776,0,,Jinasena_MasterData_Stock.stock_warehouse_production_warehouse_for_machining_and_a,Jinasena_MasterData_Stock.stock_warehouse_casting_department_mw_jc,manual
stock_rule_mw_ek_stock_inter_warehouse_transit_mto_1271,MW-EK: Stock → Inter-warehouse transit (MTO),1,propagate,pull,20,,Jinasena_MasterData_Stock.stock_location_inter_warehouse_transit,Jinasena_MasterData_Stock.stock_location_stock_183,,mts_else_mto,Jinasena_MasterData_Stock.stock_picking_type_delivery_orders_191,0,1,Jinasena_MasterData_Stock.stock_warehouse_main_warehouse_mw_ek_22,,manual
stock_rule_mw_ek_stock_inter_warehouse_transit_1272,MW-EK: Stock → Inter-warehouse transit,1,propagate,pull,20,,Jinasena_MasterData_Stock.stock_location_inter_warehouse_transit,Jinasena_MasterData_Stock.stock_location_stock_183,Jinasena_MasterData_Stock.stock_route_plastic_warehouse_pl_ek_supply_product_f,make_to_order,Jinasena_MasterData_Stock.stock_picking_type_delivery_orders_191,0,,Jinasena_MasterData_Stock.stock_warehouse_main_warehouse_mw_ek_22,,manual
stock_rule_pl_ek_inter_warehouse_transit_stock,PL-EK: Inter-warehouse transit → Stock,1,propagate,pull,20,,Jinasena_MasterData_Stock.stock_location_stock_759,Jinasena_MasterData_Stock.stock_location_inter_warehouse_transit,Jinasena_MasterData_Stock.stock_route_plastic_warehouse_pl_ek_supply_product_f,make_to_order,Jinasena_MasterData_Stock.stock_picking_type_receipts_788,0,,Jinasena_MasterData_Stock.stock_warehouse_plastic_warehouse_pl_ek,Jinasena_MasterData_Stock.stock_warehouse_main_warehouse_mw_ek_22,manual
stock_rule_pw_e1_stock_inter_warehouse_transit_mto_1275,PW-E1: Stock → Inter-warehouse transit (MTO),1,propagate,pull,20,,Jinasena_MasterData_Stock.stock_location_inter_warehouse_transit,Jinasena_MasterData_Stock.stock_location_stock_132,,mts_else_mto,Jinasena_MasterData_Stock.stock_picking_type_delivery_orders_137,0,1,Jinasena_MasterData_Stock.stock_warehouse_production_warehouse_pw_e1,,manual
stock_rule_pw_e1_stock_inter_warehouse_transit_1276,PW-E1: Stock → Inter-warehouse transit,1,propagate,pull,20,,Jinasena_MasterData_Stock.stock_location_inter_warehouse_transit,Jinasena_MasterData_Stock.stock_location_stock_132,Jinasena_MasterData_Stock.stock_route_main_warehouse_mw_ek_supply_product_from,make_to_stock,Jinasena_MasterData_Stock.stock_picking_type_delivery_orders_137,0,,Jinasena_MasterData_Stock.stock_warehouse_production_warehouse_pw_e1,,manual
stock_rule_mw_ek_inter_warehouse_transit_stock,MW-EK: Inter-warehouse transit → Stock,1,propagate,pull,20,,Jinasena_MasterData_Stock.stock_location_stock_183,Jinasena_MasterData_Stock.stock_location_inter_warehouse_transit,Jinasena_MasterData_Stock.stock_route_main_warehouse_mw_ek_supply_product_from,make_to_order,Jinasena_MasterData_Stock.stock_picking_type_receipts_190,0,,Jinasena_MasterData_Stock.stock_warehouse_main_warehouse_mw_ek_22,Jinasena_MasterData_Stock.stock_warehouse_production_warehouse_pw_e1,manual
stock_rule_pw_ma_stock_inter_warehouse_transit_mto_1278,PW-MA: Stock → Inter-warehouse transit (MTO),1,propagate,pull,20,,Jinasena_MasterData_Stock.stock_location_inter_warehouse_transit,Jinasena_MasterData_Stock.stock_location_stock_751,,mts_else_mto,Jinasena_MasterData_Stock.stock_picking_type_delivery_orders_777,0,1,Jinasena_MasterData_Stock.stock_warehouse_production_warehouse_for_machining_and_a,,manual
stock_rule_pw_ma_stock_inter_warehouse_transit_1279,PW-MA: Stock → Inter-warehouse transit,1,propagate,pull,20,,Jinasena_MasterData_Stock.stock_location_inter_warehouse_transit,Jinasena_MasterData_Stock.stock_location_stock_751,Jinasena_MasterData_Stock.stock_route_raw_material_main_warehouse_rp_ek_supply,make_to_order,Jinasena_MasterData_Stock.stock_picking_type_delivery_orders_777,0,,Jinasena_MasterData_Stock.stock_warehouse_production_warehouse_for_machining_and_a,,manual
stock_rule_rp_ek_inter_warehouse_transit_stock_1280,RP-EK: Inter-warehouse transit → Stock,1,propagate,pull,20,,Jinasena_MasterData_Stock.stock_location_stock_140,Jinasena_MasterData_Stock.stock_location_inter_warehouse_transit,Jinasena_MasterData_Stock.stock_route_raw_material_main_warehouse_rp_ek_supply,make_to_order,Jinasena_MasterData_Stock.stock_picking_type_receipts_145,0,,Jinasena_MasterData_Stock.stock_warehouse_raw_material_main_warehouse_rp_ek,Jinasena_MasterData_Stock.stock_warehouse_production_warehouse_for_machining_and_a,manual
stock_rule_br_am_stock_customers_1282,BR-AM: Stock → Customers,1,propagate,pull,20,Jinasena_MasterData_Common.res_company_jinasena_agricultural_machinery_pvt_ltd,,Jinasena_MasterData_Stock.stock_location_stock_768,Jinasena_MasterData_Stock.stock_route_branch_warehouse_ampara_deliver_in_1_ste,make_to_stock,Jinasena_MasterData_Stock.stock_picking_type_delivery_orders_842,0,1,Jinasena_MasterData_Stock.stock_warehouse_branch_warehouse_ampara,,manual
stock_rule_br_am_input_output_1283,BR-AM: Input → Output,1,propagate,pull,20,Jinasena_MasterData_Common.res_company_jinasena_agricultural_machinery_pvt_ltd,,,,make_to_order,Jinasena_MasterData_Stock.stock_picking_type_internal_transfers_845,0,,Jinasena_MasterData_Stock.stock_warehouse_branch_warehouse_ampara,,manual
stock_rule_br_am_output_customers_1284,BR-AM: Output → Customers,1,propagate,pull,20,Jinasena_MasterData_Common.res_company_jinasena_agricultural_machinery_pvt_ltd,,,,make_to_order,Jinasena_MasterData_Stock.stock_picking_type_delivery_orders_842,0,,Jinasena_MasterData_Stock.stock_warehouse_branch_warehouse_ampara,,manual
stock_rule_br_am_stock_customers_mto_1285,BR-AM: Stock → Customers (MTO),1,propagate,pull,20,Jinasena_MasterData_Common.res_company_jinasena_agricultural_machinery_pvt_ltd,,Jinasena_MasterData_Stock.stock_location_stock_768,,mts_else_mto,Jinasena_MasterData_Stock.stock_picking_type_delivery_orders_842,0,1,Jinasena_MasterData_Stock.stock_warehouse_branch_warehouse_ampara,,manual
stock_rule_br_am_stock_buy_1290,BR-AM: Stock (Buy),1,none,buy,20,Jinasena_MasterData_Common.res_company_jinasena_agricultural_machinery_pvt_ltd,Jinasena_MasterData_Stock.stock_location_stock_768,,,make_to_stock,Jinasena_MasterData_Stock.stock_picking_type_receipts_841,0,,Jinasena_MasterData_Stock.stock_warehouse_branch_warehouse_ampara,,manual
stock_rule_br_an_stock_customers_1291,BR-AN: Stock → Customers,1,propagate,pull,20,Jinasena_MasterData_Common.res_company_jinasena_agricultural_machinery_pvt_ltd,,Jinasena_MasterData_Stock.stock_location_stock_776,Jinasena_MasterData_Stock.stock_route_branch_warehouse_anuradhapura_deliver_in,make_to_stock,Jinasena_MasterData_Stock.stock_picking_type_delivery_orders_852,0,1,Jinasena_MasterData_Stock.stock_warehouse_branch_warehouse_anuradhapura,,manual
stock_rule_br_an_input_output_1292,BR-AN: Input → Output,1,propagate,pull,20,Jinasena_MasterData_Common.res_company_jinasena_agricultural_machinery_pvt_ltd,,,,make_to_order,Jinasena_MasterData_Stock.stock_picking_type_internal_transfers_855,0,,Jinasena_MasterData_Stock.stock_warehouse_branch_warehouse_anuradhapura,,manual
stock_rule_br_an_output_customers_1293,BR-AN: Output → Customers,1,propagate,pull,20,Jinasena_MasterData_Common.res_company_jinasena_agricultural_machinery_pvt_ltd,,,,make_to_order,Jinasena_MasterData_Stock.stock_picking_type_delivery_orders_852,0,,Jinasena_MasterData_Stock.stock_warehouse_branch_warehouse_anuradhapura,,manual
stock_rule_br_an_stock_customers_mto_1294,BR-AN: Stock → Customers (MTO),1,propagate,pull,20,Jinasena_MasterData_Common.res_company_jinasena_agricultural_machinery_pvt_ltd,,Jinasena_MasterData_Stock.stock_location_stock_776,,mts_else_mto,Jinasena_MasterData_Stock.stock_picking_type_delivery_orders_852,0,1,Jinasena_MasterData_Stock.stock_warehouse_branch_warehouse_anuradhapura,,manual
stock_rule_br_an_stock_buy_1299,BR-AN: Stock (Buy),1,none,buy,20,Jinasena_MasterData_Common.res_company_jinasena_agricultural_machinery_pvt_ltd,Jinasena_MasterData_Stock.stock_location_stock_776,,,make_to_stock,Jinasena_MasterData_Stock.stock_picking_type_receipts_851,0,,Jinasena_MasterData_Stock.stock_warehouse_branch_warehouse_anuradhapura,,manual
stock_rule_br_av_stock_customers,BR-AV: Stock → Customers,1,propagate,pull,20,Jinasena_MasterData_Common.res_company_jinasena_agricultural_machinery_pvt_ltd,,Jinasena_MasterData_Stock.stock_location_stock_784,Jinasena_MasterData_Stock.stock_route_branch_warehouse_avissawella_deliver_in_,make_to_stock,Jinasena_MasterData_Stock.stock_picking_type_delivery_orders_862,0,1,Jinasena_MasterData_Stock.stock_warehouse_branch_warehouse_avissawella,,manual
stock_rule_br_av_input_output,BR-AV: Input → Output,1,propagate,pull,20,Jinasena_MasterData_Common.res_company_jinasena_agricultural_machinery_pvt_ltd,,,,make_to_order,Jinasena_MasterData_Stock.stock_picking_type_internal_transfers_865,0,,Jinasena_MasterData_Stock.stock_warehouse_branch_warehouse_avissawella,,manual
stock_rule_br_av_output_customers,BR-AV: Output → Customers,1,propagate,pull,20,Jinasena_MasterData_Common.res_company_jinasena_agricultural_machinery_pvt_ltd,,,,make_to_order,Jinasena_MasterData_Stock.stock_picking_type_delivery_orders_862,0,,Jinasena_MasterData_Stock.stock_warehouse_branch_warehouse_avissawella,,manual
stock_rule_br_av_stock_customers_mto,BR-AV: Stock → Customers (MTO),1,propagate,pull,20,Jinasena_MasterData_Common.res_company_jinasena_agricultural_machinery_pvt_ltd,,Jinasena_MasterData_Stock.stock_location_stock_784,,mts_else_mto,Jinasena_MasterData_Stock.stock_picking_type_delivery_orders_862,0,1,Jinasena_MasterData_Stock.stock_warehouse_branch_warehouse_avissawella,,manual
stock_rule_br_av_stock_buy,BR-AV: Stock (Buy),1,none,buy,20,Jinasena_MasterData_Common.res_company_jinasena_agricultural_machinery_pvt_ltd,Jinasena_MasterData_Stock.stock_location_stock_784,,,make_to_stock,Jinasena_MasterData_Stock.stock_picking_type_receipts_861,0,,Jinasena_MasterData_Stock.stock_warehouse_branch_warehouse_avissawella,,manual
stock_rule_br_ba_stock_customers,BR-BA: Stock → Customers,1,propagate,pull,20,Jinasena_MasterData_Common.res_company_jinasena_agricultural_machinery_pvt_ltd,,Jinasena_MasterData_Stock.stock_location_stock_792,Jinasena_MasterData_Stock.stock_route_branch_warehouse_bandarawela_deliver_in_,make_to_stock,Jinasena_MasterData_Stock.stock_picking_type_delivery_orders_872,0,1,Jinasena_MasterData_Stock.stock_warehouse_branch_warehouse_bandarawela,,manual
stock_rule_br_ba_input_output,BR-BA: Input → Output,1,propagate,pull,20,Jinasena_MasterData_Common.res_company_jinasena_agricultural_machinery_pvt_ltd,,,,make_to_order,Jinasena_MasterData_Stock.stock_picking_type_internal_transfers_875,0,,Jinasena_MasterData_Stock.stock_warehouse_branch_warehouse_bandarawela,,manual
stock_rule_br_ba_output_customers,BR-BA: Output → Customers,1,propagate,pull,20,Jinasena_MasterData_Common.res_company_jinasena_agricultural_machinery_pvt_ltd,,,,make_to_order,Jinasena_MasterData_Stock.stock_picking_type_delivery_orders_872,0,,Jinasena_MasterData_Stock.stock_warehouse_branch_warehouse_bandarawela,,manual
stock_rule_br_ba_stock_customers_mto,BR-BA: Stock → Customers (MTO),1,propagate,pull,20,Jinasena_MasterData_Common.res_company_jinasena_agricultural_machinery_pvt_ltd,,Jinasena_MasterData_Stock.stock_location_stock_792,,mts_else_mto,Jinasena_MasterData_Stock.stock_picking_type_delivery_orders_872,0,1,Jinasena_MasterData_Stock.stock_warehouse_branch_warehouse_bandarawela,,manual
stock_rule_br_ba_stock_buy,BR-BA: Stock (Buy),1,none,buy,20,Jinasena_MasterData_Common.res_company_jinasena_agricultural_machinery_pvt_ltd,Jinasena_MasterData_Stock.stock_location_stock_792,,,make_to_stock,Jinasena_MasterData_Stock.stock_picking_type_receipts_871,0,,Jinasena_MasterData_Stock.stock_warehouse_branch_warehouse_bandarawela,,manual
stock_rule_br_be_stock_customers,BR-BE: Stock → Customers,1,propagate,pull,20,Jinasena_MasterData_Common.res_company_jinasena_agricultural_machinery_pvt_ltd,,Jinasena_MasterData_Stock.stock_location_stock_800,Jinasena_MasterData_Stock.stock_route_branch_warehouse_beruwela_deliver_in_1_s,make_to_stock,Jinasena_MasterData_Stock.stock_picking_type_delivery_orders_882,0,1,Jinasena_MasterData_Stock.stock_warehouse_branch_warehouse_beruwela,,manual
stock_rule_br_be_input_output,BR-BE: Input → Output,1,propagate,pull,20,Jinasena_MasterData_Common.res_company_jinasena_agricultural_machinery_pvt_ltd,,,,make_to_order,Jinasena_MasterData_Stock.stock_picking_type_internal_transfers_885,0,,Jinasena_MasterData_Stock.stock_warehouse_branch_warehouse_beruwela,,manual
stock_rule_br_be_output_customers,BR-BE: Output → Customers,1,propagate,pull,20,Jinasena_MasterData_Common.res_company_jinasena_agricultural_machinery_pvt_ltd,,,,make_to_order,Jinasena_MasterData_Stock.stock_picking_type_delivery_orders_882,0,,Jinasena_MasterData_Stock.stock_warehouse_branch_warehouse_beruwela,,manual
stock_rule_br_be_stock_customers_mto,BR-BE: Stock → Customers (MTO),1,propagate,pull,20,Jinasena_MasterData_Common.res_company_jinasena_agricultural_machinery_pvt_ltd,,Jinasena_MasterData_Stock.stock_location_stock_800,,mts_else_mto,Jinasena_MasterData_Stock.stock_picking_type_delivery_orders_882,0,1,Jinasena_MasterData_Stock.stock_warehouse_branch_warehouse_beruwela,,manual
stock_rule_br_be_stock_buy,BR-BE: Stock (Buy),1,none,buy,20,Jinasena_MasterData_Common.res_company_jinasena_agricultural_machinery_pvt_ltd,Jinasena_MasterData_Stock.stock_location_stock_800,,,make_to_stock,Jinasena_MasterData_Stock.stock_picking_type_receipts_881,0,,Jinasena_MasterData_Stock.stock_warehouse_branch_warehouse_beruwela,,manual
stock_rule_br_bu_stock_customers,BR-BU: Stock → Customers,1,propagate,pull,20,Jinasena_MasterData_Common.res_company_jinasena_agricultural_machinery_pvt_ltd,,Jinasena_MasterData_Stock.stock_location_stock_808,Jinasena_MasterData_Stock.stock_route_branch_warehouse_buttala_deliver_in_1_st,make_to_stock,Jinasena_MasterData_Stock.stock_picking_type_delivery_orders_892,0,1,Jinasena_MasterData_Stock.stock_warehouse_branch_warehouse_buttala,,manual
stock_rule_br_bu_input_output,BR-BU: Input → Output,1,propagate,pull,20,Jinasena_MasterData_Common.res_company_jinasena_agricultural_machinery_pvt_ltd,,,,make_to_order,Jinasena_MasterData_Stock.stock_picking_type_internal_transfers_895,0,,Jinasena_MasterData_Stock.stock_warehouse_branch_warehouse_buttala,,manual
stock_rule_br_bu_output_customers,BR-BU: Output → Customers,1,propagate,pull,20,Jinasena_MasterData_Common.res_company_jinasena_agricultural_machinery_pvt_ltd,,,,make_to_order,Jinasena_MasterData_Stock.stock_picking_type_delivery_orders_892,0,,Jinasena_MasterData_Stock.stock_warehouse_branch_warehouse_buttala,,manual
stock_rule_br_bu_stock_customers_mto,BR-BU: Stock → Customers (MTO),1,propagate,pull,20,Jinasena_MasterData_Common.res_company_jinasena_agricultural_machinery_pvt_ltd,,Jinasena_MasterData_Stock.stock_location_stock_808,,mts_else_mto,Jinasena_MasterData_Stock.stock_picking_type_delivery_orders_892,0,1,Jinasena_MasterData_Stock.stock_warehouse_branch_warehouse_buttala,,manual
stock_rule_br_bu_stock_buy,BR-BU: Stock (Buy),1,none,buy,20,Jinasena_MasterData_Common.res_company_jinasena_agricultural_machinery_pvt_ltd,Jinasena_MasterData_Stock.stock_location_stock_808,,,make_to_stock,Jinasena_MasterData_Stock.stock_picking_type_receipts_891,0,,Jinasena_MasterData_Stock.stock_warehouse_branch_warehouse_buttala,,manual
stock_rule_br_da_stock_customers,BR-DA: Stock → Customers,1,propagate,pull,20,Jinasena_MasterData_Common.res_company_jinasena_agricultural_machinery_pvt_ltd,,Jinasena_MasterData_Stock.stock_location_stock_816,Jinasena_MasterData_Stock.stock_route_branch_warehouse_dambulla_deliver_in_1_s,make_to_stock,Jinasena_MasterData_Stock.stock_picking_type_delivery_orders_902,0,1,Jinasena_MasterData_Stock.stock_warehouse_branch_warehouse_dambulla,,manual
stock_rule_br_da_input_output,BR-DA: Input → Output,1,propagate,pull,20,Jinasena_MasterData_Common.res_company_jinasena_agricultural_machinery_pvt_ltd,,,,make_to_order,Jinasena_MasterData_Stock.stock_picking_type_internal_transfers_905,0,,Jinasena_MasterData_Stock.stock_warehouse_branch_warehouse_dambulla,,manual
stock_rule_br_da_output_customers,BR-DA: Output → Customers,1,propagate,pull,20,Jinasena_MasterData_Common.res_company_jinasena_agricultural_machinery_pvt_ltd,,,,make_to_order,Jinasena_MasterData_Stock.stock_picking_type_delivery_orders_902,0,,Jinasena_MasterData_Stock.stock_warehouse_branch_warehouse_dambulla,,manual
stock_rule_br_da_stock_customers_mto,BR-DA: Stock → Customers (MTO),1,propagate,pull,20,Jinasena_MasterData_Common.res_company_jinasena_agricultural_machinery_pvt_ltd,,Jinasena_MasterData_Stock.stock_location_stock_816,,mts_else_mto,Jinasena_MasterData_Stock.stock_picking_type_delivery_orders_902,0,1,Jinasena_MasterData_Stock.stock_warehouse_branch_warehouse_dambulla,,manual
stock_rule_br_da_stock_buy,BR-DA: Stock (Buy),1,none,buy,20,Jinasena_MasterData_Common.res_company_jinasena_agricultural_machinery_pvt_ltd,Jinasena_MasterData_Stock.stock_location_stock_816,,,make_to_stock,Jinasena_MasterData_Stock.stock_picking_type_receipts_901,0,,Jinasena_MasterData_Stock.stock_warehouse_branch_warehouse_dambulla,,manual
stock_rule_br_em_stock_customers,BR-EM: Stock → Customers,1,propagate,pull,20,Jinasena_MasterData_Common.res_company_jinasena_agricultural_machinery_pvt_ltd,,Jinasena_MasterData_Stock.stock_location_stock_824,Jinasena_MasterData_Stock.stock_route_branch_warehouse_embilipitiya_deliver_in,make_to_stock,Jinasena_MasterData_Stock.stock_picking_type_delivery_orders_912,0,1,Jinasena_MasterData_Stock.stock_warehouse_branch_warehouse_embilipitiya,,manual
stock_rule_br_em_input_output,BR-EM: Input → Output,1,propagate,pull,20,Jinasena_MasterData_Common.res_company_jinasena_agricultural_machinery_pvt_ltd,,,,make_to_order,Jinasena_MasterData_Stock.stock_picking_type_internal_transfers_915,0,,Jinasena_MasterData_Stock.stock_warehouse_branch_warehouse_embilipitiya,,manual
stock_rule_br_em_output_customers,BR-EM: Output → Customers,1,propagate,pull,20,Jinasena_MasterData_Common.res_company_jinasena_agricultural_machinery_pvt_ltd,,,,make_to_order,Jinasena_MasterData_Stock.stock_picking_type_delivery_orders_912,0,,Jinasena_MasterData_Stock.stock_warehouse_branch_warehouse_embilipitiya,,manual
stock_rule_br_em_stock_customers_mto,BR-EM: Stock → Customers (MTO),1,propagate,pull,20,Jinasena_MasterData_Common.res_company_jinasena_agricultural_machinery_pvt_ltd,,Jinasena_MasterData_Stock.stock_location_stock_824,,mts_else_mto,Jinasena_MasterData_Stock.stock_picking_type_delivery_orders_912,0,1,Jinasena_MasterData_Stock.stock_warehouse_branch_warehouse_embilipitiya,,manual
stock_rule_br_em_stock_buy,BR-EM: Stock (Buy),1,none,buy,20,Jinasena_MasterData_Common.res_company_jinasena_agricultural_machinery_pvt_ltd,Jinasena_MasterData_Stock.stock_location_stock_824,,,make_to_stock,Jinasena_MasterData_Stock.stock_picking_type_receipts_911,0,,Jinasena_MasterData_Stock.stock_warehouse_branch_warehouse_embilipitiya,,manual
stock_rule_br_ga_stock_customers,BR-GA: Stock → Customers,1,propagate,pull,20,Jinasena_MasterData_Common.res_company_jinasena_agricultural_machinery_pvt_ltd,,Jinasena_MasterData_Stock.stock_location_stock_832,Jinasena_MasterData_Stock.stock_route_branch_warehouse_galle_deliver_in_1_step,make_to_stock,Jinasena_MasterData_Stock.stock_picking_type_delivery_orders_922,0,1,Jinasena_MasterData_Stock.stock_warehouse_branch_warehouse_galle,,manual
stock_rule_br_ga_input_output,BR-GA: Input → Output,1,propagate,pull,20,Jinasena_MasterData_Common.res_company_jinasena_agricultural_machinery_pvt_ltd,,,,make_to_order,Jinasena_MasterData_Stock.stock_picking_type_internal_transfers_925,0,,Jinasena_MasterData_Stock.stock_warehouse_branch_warehouse_galle,,manual
stock_rule_br_ga_output_customers,BR-GA: Output → Customers,1,propagate,pull,20,Jinasena_MasterData_Common.res_company_jinasena_agricultural_machinery_pvt_ltd,,,,make_to_order,Jinasena_MasterData_Stock.stock_picking_type_delivery_orders_922,0,,Jinasena_MasterData_Stock.stock_warehouse_branch_warehouse_galle,,manual
stock_rule_br_ga_stock_customers_mto,BR-GA: Stock → Customers (MTO),1,propagate,pull,20,Jinasena_MasterData_Common.res_company_jinasena_agricultural_machinery_pvt_ltd,,Jinasena_MasterData_Stock.stock_location_stock_832,,mts_else_mto,Jinasena_MasterData_Stock.stock_picking_type_delivery_orders_922,0,1,Jinasena_MasterData_Stock.stock_warehouse_branch_warehouse_galle,,manual
stock_rule_br_ga_stock_buy,BR-GA: Stock (Buy),1,none,buy,20,Jinasena_MasterData_Common.res_company_jinasena_agricultural_machinery_pvt_ltd,Jinasena_MasterData_Stock.stock_location_stock_832,,,make_to_stock,Jinasena_MasterData_Stock.stock_picking_type_receipts_921,0,,Jinasena_MasterData_Stock.stock_warehouse_branch_warehouse_galle,,manual
stock_rule_br_gk_stock_customers,BR-GK: Stock → Customers,1,propagate,pull,20,Jinasena_MasterData_Common.res_company_jinasena_agricultural_machinery_pvt_ltd,,Jinasena_MasterData_Stock.stock_location_stock_840,Jinasena_MasterData_Stock.stock_route_branch_warehouse_girandurukotte_deliver_,make_to_stock,Jinasena_MasterData_Stock.stock_picking_type_delivery_orders_932,0,1,Jinasena_MasterData_Stock.stock_warehouse_branch_warehouse_girandurukotte,,manual
stock_rule_br_gk_input_output,BR-GK: Input → Output,1,propagate,pull,20,Jinasena_MasterData_Common.res_company_jinasena_agricultural_machinery_pvt_ltd,,,,make_to_order,Jinasena_MasterData_Stock.stock_picking_type_internal_transfers_935,0,,Jinasena_MasterData_Stock.stock_warehouse_branch_warehouse_girandurukotte,,manual
stock_rule_br_gk_output_customers,BR-GK: Output → Customers,1,propagate,pull,20,Jinasena_MasterData_Common.res_company_jinasena_agricultural_machinery_pvt_ltd,,,,make_to_order,Jinasena_MasterData_Stock.stock_picking_type_delivery_orders_932,0,,Jinasena_MasterData_Stock.stock_warehouse_branch_warehouse_girandurukotte,,manual
stock_rule_br_gk_stock_customers_mto,BR-GK: Stock → Customers (MTO),1,propagate,pull,20,Jinasena_MasterData_Common.res_company_jinasena_agricultural_machinery_pvt_ltd,,Jinasena_MasterData_Stock.stock_location_stock_840,,mts_else_mto,Jinasena_MasterData_Stock.stock_picking_type_delivery_orders_932,0,1,Jinasena_MasterData_Stock.stock_warehouse_branch_warehouse_girandurukotte,,manual
stock_rule_br_gk_stock_buy,BR-GK: Stock (Buy),1,none,buy,20,Jinasena_MasterData_Common.res_company_jinasena_agricultural_machinery_pvt_ltd,Jinasena_MasterData_Stock.stock_location_stock_840,,,make_to_stock,Jinasena_MasterData_Stock.stock_picking_type_receipts_931,0,,Jinasena_MasterData_Stock.stock_warehouse_branch_warehouse_girandurukotte,,manual
stock_rule_br_jf_stock_customers,BR-JF: Stock → Customers,1,propagate,pull,20,Jinasena_MasterData_Common.res_company_jinasena_agricultural_machinery_pvt_ltd,,Jinasena_MasterData_Stock.stock_location_stock_848,Jinasena_MasterData_Stock.stock_route_branch_warehouse_jaffna_deliver_in_1_ste,make_to_stock,Jinasena_MasterData_Stock.stock_picking_type_delivery_orders_942,0,1,Jinasena_MasterData_Stock.stock_warehouse_branch_warehouse_jaffna,,manual
stock_rule_br_jf_input_output,BR-JF: Input → Output,1,propagate,pull,20,Jinasena_MasterData_Common.res_company_jinasena_agricultural_machinery_pvt_ltd,,,,make_to_order,Jinasena_MasterData_Stock.stock_picking_type_internal_transfers_945,0,,Jinasena_MasterData_Stock.stock_warehouse_branch_warehouse_jaffna,,manual
stock_rule_br_jf_output_customers,BR-JF: Output → Customers,1,propagate,pull,20,Jinasena_MasterData_Common.res_company_jinasena_agricultural_machinery_pvt_ltd,,,,make_to_order,Jinasena_MasterData_Stock.stock_picking_type_delivery_orders_942,0,,Jinasena_MasterData_Stock.stock_warehouse_branch_warehouse_jaffna,,manual
stock_rule_br_jf_stock_customers_mto,BR-JF: Stock → Customers (MTO),1,propagate,pull,20,Jinasena_MasterData_Common.res_company_jinasena_agricultural_machinery_pvt_ltd,,Jinasena_MasterData_Stock.stock_location_stock_848,,mts_else_mto,Jinasena_MasterData_Stock.stock_picking_type_delivery_orders_942,0,1,Jinasena_MasterData_Stock.stock_warehouse_branch_warehouse_jaffna,,manual
stock_rule_br_jf_stock_buy,BR-JF: Stock (Buy),1,none,buy,20,Jinasena_MasterData_Common.res_company_jinasena_agricultural_machinery_pvt_ltd,Jinasena_MasterData_Stock.stock_location_stock_848,,,make_to_stock,Jinasena_MasterData_Stock.stock_picking_type_receipts_941,0,,Jinasena_MasterData_Stock.stock_warehouse_branch_warehouse_jaffna,,manual
stock_rule_br_ka_stock_customers,BR-KA: Stock → Customers,1,propagate,pull,20,Jinasena_MasterData_Common.res_company_jinasena_agricultural_machinery_pvt_ltd,,Jinasena_MasterData_Stock.stock_location_stock_856,Jinasena_MasterData_Stock.stock_route_branch_warehouse_kandy_deliver_in_1_step,make_to_stock,Jinasena_MasterData_Stock.stock_picking_type_delivery_orders_952,0,1,Jinasena_MasterData_Stock.stock_warehouse_branch_warehouse_kandy,,manual
stock_rule_br_ka_input_output,BR-KA: Input → Output,1,propagate,pull,20,Jinasena_MasterData_Common.res_company_jinasena_agricultural_machinery_pvt_ltd,,,,make_to_order,Jinasena_MasterData_Stock.stock_picking_type_internal_transfers_955,0,,Jinasena_MasterData_Stock.stock_warehouse_branch_warehouse_kandy,,manual
stock_rule_br_ka_output_customers,BR-KA: Output → Customers,1,propagate,pull,20,Jinasena_MasterData_Common.res_company_jinasena_agricultural_machinery_pvt_ltd,,,,make_to_order,Jinasena_MasterData_Stock.stock_picking_type_delivery_orders_952,0,,Jinasena_MasterData_Stock.stock_warehouse_branch_warehouse_kandy,,manual
stock_rule_br_ka_stock_customers_mto,BR-KA: Stock → Customers (MTO),1,propagate,pull,20,Jinasena_MasterData_Common.res_company_jinasena_agricultural_machinery_pvt_ltd,,Jinasena_MasterData_Stock.stock_location_stock_856,,mts_else_mto,Jinasena_MasterData_Stock.stock_picking_type_delivery_orders_952,0,1,Jinasena_MasterData_Stock.stock_warehouse_branch_warehouse_kandy,,manual
stock_rule_br_ka_stock_buy,BR-KA: Stock (Buy),1,none,buy,20,Jinasena_MasterData_Common.res_company_jinasena_agricultural_machinery_pvt_ltd,Jinasena_MasterData_Stock.stock_location_stock_856,,,make_to_stock,Jinasena_MasterData_Stock.stock_picking_type_receipts_951,0,,Jinasena_MasterData_Stock.stock_warehouse_branch_warehouse_kandy,,manual
stock_rule_br_kd_stock_customers,BR-KD: Stock → Customers,1,propagate,pull,20,Jinasena_MasterData_Common.res_company_jinasena_agricultural_machinery_pvt_ltd,,Jinasena_MasterData_Stock.stock_location_stock_864,Jinasena_MasterData_Stock.stock_route_branch_warehouse_kaduruwela_deliver_in_1,make_to_stock,Jinasena_MasterData_Stock.stock_picking_type_delivery_orders_962,0,1,Jinasena_MasterData_Stock.stock_warehouse_branch_warehouse_kaduruwela,,manual
stock_rule_br_kd_input_output,BR-KD: Input → Output,1,propagate,pull,20,Jinasena_MasterData_Common.res_company_jinasena_agricultural_machinery_pvt_ltd,,,,make_to_order,Jinasena_MasterData_Stock.stock_picking_type_internal_transfers_965,0,,Jinasena_MasterData_Stock.stock_warehouse_branch_warehouse_kaduruwela,,manual
stock_rule_br_kd_output_customers,BR-KD: Output → Customers,1,propagate,pull,20,Jinasena_MasterData_Common.res_company_jinasena_agricultural_machinery_pvt_ltd,,,,make_to_order,Jinasena_MasterData_Stock.stock_picking_type_delivery_orders_962,0,,Jinasena_MasterData_Stock.stock_warehouse_branch_warehouse_kaduruwela,,manual
stock_rule_br_kd_stock_customers_mto,BR-KD: Stock → Customers (MTO),1,propagate,pull,20,Jinasena_MasterData_Common.res_company_jinasena_agricultural_machinery_pvt_ltd,,Jinasena_MasterData_Stock.stock_location_stock_864,,mts_else_mto,Jinasena_MasterData_Stock.stock_picking_type_delivery_orders_962,0,1,Jinasena_MasterData_Stock.stock_warehouse_branch_warehouse_kaduruwela,,manual
stock_rule_br_kd_stock_buy,BR-KD: Stock (Buy),1,none,buy,20,Jinasena_MasterData_Common.res_company_jinasena_agricultural_machinery_pvt_ltd,Jinasena_MasterData_Stock.stock_location_stock_864,,,make_to_stock,Jinasena_MasterData_Stock.stock_picking_type_receipts_961,0,,Jinasena_MasterData_Stock.stock_warehouse_branch_warehouse_kaduruwela,,manual
stock_rule_br_ku_stock_customers,BR-KU: Stock → Customers,1,propagate,pull,20,Jinasena_MasterData_Common.res_company_jinasena_agricultural_machinery_pvt_ltd,,Jinasena_MasterData_Stock.stock_location_stock_872,Jinasena_MasterData_Stock.stock_route_branch_warehouse_kurunegala_deliver_in_1,make_to_stock,Jinasena_MasterData_Stock.stock_picking_type_delivery_orders_972,0,1,Jinasena_MasterData_Stock.stock_warehouse_branch_warehouse_kurunegala,,manual
stock_rule_br_ku_input_output,BR-KU: Input → Output,1,propagate,pull,20,Jinasena_MasterData_Common.res_company_jinasena_agricultural_machinery_pvt_ltd,,,,make_to_order,Jinasena_MasterData_Stock.stock_picking_type_internal_transfers_975,0,,Jinasena_MasterData_Stock.stock_warehouse_branch_warehouse_kurunegala,,manual
stock_rule_br_ku_output_customers,BR-KU: Output → Customers,1,propagate,pull,20,Jinasena_MasterData_Common.res_company_jinasena_agricultural_machinery_pvt_ltd,,,,make_to_order,Jinasena_MasterData_Stock.stock_picking_type_delivery_orders_972,0,,Jinasena_MasterData_Stock.stock_warehouse_branch_warehouse_kurunegala,,manual
stock_rule_br_ku_stock_customers_mto,BR-KU: Stock → Customers (MTO),1,propagate,pull,20,Jinasena_MasterData_Common.res_company_jinasena_agricultural_machinery_pvt_ltd,,Jinasena_MasterData_Stock.stock_location_stock_872,,mts_else_mto,Jinasena_MasterData_Stock.stock_picking_type_delivery_orders_972,0,1,Jinasena_MasterData_Stock.stock_warehouse_branch_warehouse_kurunegala,,manual
stock_rule_br_ku_stock_buy,BR-KU: Stock (Buy),1,none,buy,20,Jinasena_MasterData_Common.res_company_jinasena_agricultural_machinery_pvt_ltd,Jinasena_MasterData_Stock.stock_location_stock_872,,,make_to_stock,Jinasena_MasterData_Stock.stock_picking_type_receipts_971,0,,Jinasena_MasterData_Stock.stock_warehouse_branch_warehouse_kurunegala,,manual
stock_rule_br_ne_stock_customers,BR-NE: Stock → Customers,1,propagate,pull,20,Jinasena_MasterData_Common.res_company_jinasena_agricultural_machinery_pvt_ltd,,Jinasena_MasterData_Stock.stock_location_stock_880,Jinasena_MasterData_Stock.stock_route_branch_warehouse_nuwara_eliya_deliver_in,make_to_stock,Jinasena_MasterData_Stock.stock_picking_type_delivery_orders_982,0,1,Jinasena_MasterData_Stock.stock_warehouse_branch_warehouse_nuwara_eliya,,manual
stock_rule_br_ne_input_output,BR-NE: Input → Output,1,propagate,pull,20,Jinasena_MasterData_Common.res_company_jinasena_agricultural_machinery_pvt_ltd,,,,make_to_order,Jinasena_MasterData_Stock.stock_picking_type_internal_transfers_985,0,,Jinasena_MasterData_Stock.stock_warehouse_branch_warehouse_nuwara_eliya,,manual
stock_rule_br_ne_output_customers,BR-NE: Output → Customers,1,propagate,pull,20,Jinasena_MasterData_Common.res_company_jinasena_agricultural_machinery_pvt_ltd,,,,make_to_order,Jinasena_MasterData_Stock.stock_picking_type_delivery_orders_982,0,,Jinasena_MasterData_Stock.stock_warehouse_branch_warehouse_nuwara_eliya,,manual
stock_rule_br_ne_stock_customers_mto,BR-NE: Stock → Customers (MTO),1,propagate,pull,20,Jinasena_MasterData_Common.res_company_jinasena_agricultural_machinery_pvt_ltd,,Jinasena_MasterData_Stock.stock_location_stock_880,,mts_else_mto,Jinasena_MasterData_Stock.stock_picking_type_delivery_orders_982,0,1,Jinasena_MasterData_Stock.stock_warehouse_branch_warehouse_nuwara_eliya,,manual
stock_rule_br_ne_stock_buy,BR-NE: Stock (Buy),1,none,buy,20,Jinasena_MasterData_Common.res_company_jinasena_agricultural_machinery_pvt_ltd,Jinasena_MasterData_Stock.stock_location_stock_880,,,make_to_stock,Jinasena_MasterData_Stock.stock_picking_type_receipts_981,0,,Jinasena_MasterData_Stock.stock_warehouse_branch_warehouse_nuwara_eliya,,manual
stock_rule_br_th_stock_customers,BR-TH: Stock → Customers,1,propagate,pull,20,Jinasena_MasterData_Common.res_company_jinasena_agricultural_machinery_pvt_ltd,,Jinasena_MasterData_Stock.stock_location_stock_888,Jinasena_MasterData_Stock.stock_route_branch_warehouse_thambuttegama_deliver_i,make_to_stock,Jinasena_MasterData_Stock.stock_picking_type_delivery_orders_992,0,1,Jinasena_MasterData_Stock.stock_warehouse_branch_warehouse_thambuttegama,,manual
stock_rule_br_th_input_output,BR-TH: Input → Output,1,propagate,pull,20,Jinasena_MasterData_Common.res_company_jinasena_agricultural_machinery_pvt_ltd,,,,make_to_order,Jinasena_MasterData_Stock.stock_picking_type_internal_transfers_995,0,,Jinasena_MasterData_Stock.stock_warehouse_branch_warehouse_thambuttegama,,manual
stock_rule_br_th_output_customers,BR-TH: Output → Customers,1,propagate,pull,20,Jinasena_MasterData_Common.res_company_jinasena_agricultural_machinery_pvt_ltd,,,,make_to_order,Jinasena_MasterData_Stock.stock_picking_type_delivery_orders_992,0,,Jinasena_MasterData_Stock.stock_warehouse_branch_warehouse_thambuttegama,,manual
stock_rule_br_th_stock_customers_mto,BR-TH: Stock → Customers (MTO),1,propagate,pull,20,Jinasena_MasterData_Common.res_company_jinasena_agricultural_machinery_pvt_ltd,,Jinasena_MasterData_Stock.stock_location_stock_888,,mts_else_mto,Jinasena_MasterData_Stock.stock_picking_type_delivery_orders_992,0,1,Jinasena_MasterData_Stock.stock_warehouse_branch_warehouse_thambuttegama,,manual
stock_rule_br_th_stock_buy,BR-TH: Stock (Buy),1,none,buy,20,Jinasena_MasterData_Common.res_company_jinasena_agricultural_machinery_pvt_ltd,Jinasena_MasterData_Stock.stock_location_stock_888,,,make_to_stock,Jinasena_MasterData_Stock.stock_picking_type_receipts_991,0,,Jinasena_MasterData_Stock.stock_warehouse_branch_warehouse_thambuttegama,,manual
stock_rule_rp_sc_stock_customers,RP-SC: Stock → Customers,1,propagate,pull,20,Jinasena_MasterData_Common.res_company_jinasena_agricultural_machinery_pvt_ltd,,Jinasena_MasterData_Stock.stock_location_stock_896,Jinasena_MasterData_Stock.stock_route_jam_scrap_warehouse_deliver_in_1_step_sh,make_to_stock,Jinasena_MasterData_Stock.stock_picking_type_delivery_orders_1002,0,1,Jinasena_MasterData_Stock.stock_warehouse_jam_scrap_warehouse,,manual
stock_rule_rp_sc_input_output,RP-SC: Input → Output,1,propagate,pull,20,Jinasena_MasterData_Common.res_company_jinasena_agricultural_machinery_pvt_ltd,,,,make_to_order,Jinasena_MasterData_Stock.stock_picking_type_internal_transfers_1005,0,,Jinasena_MasterData_Stock.stock_warehouse_jam_scrap_warehouse,,manual
stock_rule_rp_sc_output_customers,RP-SC: Output → Customers,1,propagate,pull,20,Jinasena_MasterData_Common.res_company_jinasena_agricultural_machinery_pvt_ltd,,,,make_to_order,Jinasena_MasterData_Stock.stock_picking_type_delivery_orders_1002,0,,Jinasena_MasterData_Stock.stock_warehouse_jam_scrap_warehouse,,manual
stock_rule_rp_sc_stock_customers_mto,RP-SC: Stock → Customers (MTO),1,propagate,pull,20,Jinasena_MasterData_Common.res_company_jinasena_agricultural_machinery_pvt_ltd,,Jinasena_MasterData_Stock.stock_location_stock_896,,mts_else_mto,Jinasena_MasterData_Stock.stock_picking_type_delivery_orders_1002,0,1,Jinasena_MasterData_Stock.stock_warehouse_jam_scrap_warehouse,,manual
stock_rule_rp_sc_stock_buy,RP-SC: Stock (Buy),1,none,buy,20,Jinasena_MasterData_Common.res_company_jinasena_agricultural_machinery_pvt_ltd,Jinasena_MasterData_Stock.stock_location_stock_896,,,make_to_stock,Jinasena_MasterData_Stock.stock_picking_type_receipts_1001,0,,Jinasena_MasterData_Stock.stock_warehouse_jam_scrap_warehouse,,manual
stock_rule_rd_jm_stock_customers,RD-JM: Stock → Customers,1,propagate,pull,20,Jinasena_MasterData_Common.res_company_jinasena_agricultural_machinery_pvt_ltd,,Jinasena_MasterData_Stock.stock_location_stock_920,Jinasena_MasterData_Stock.stock_route_research_and_development_jam_factory_eka_571,make_to_stock,Jinasena_MasterData_Stock.stock_picking_type_delivery_orders_1012,0,1,Jinasena_MasterData_Stock.stock_warehouse_research_and_development_jam_factory_eka,,manual
stock_rule_rd_jm_input_output,RD-JM: Input → Output,1,propagate,pull,20,Jinasena_MasterData_Common.res_company_jinasena_agricultural_machinery_pvt_ltd,,,,make_to_order,Jinasena_MasterData_Stock.stock_picking_type_internal_transfers_1015,0,,Jinasena_MasterData_Stock.stock_warehouse_research_and_development_jam_factory_eka,,manual
stock_rule_rd_jm_output_customers,RD-JM: Output → Customers,1,propagate,pull,20,Jinasena_MasterData_Common.res_company_jinasena_agricultural_machinery_pvt_ltd,,,,make_to_order,Jinasena_MasterData_Stock.stock_picking_type_delivery_orders_1012,0,,Jinasena_MasterData_Stock.stock_warehouse_research_and_development_jam_factory_eka,,manual
stock_rule_rd_jm_stock_customers_mto,RD-JM: Stock → Customers (MTO),1,propagate,pull,20,Jinasena_MasterData_Common.res_company_jinasena_agricultural_machinery_pvt_ltd,,Jinasena_MasterData_Stock.stock_location_stock_920,,mts_else_mto,Jinasena_MasterData_Stock.stock_picking_type_delivery_orders_1012,0,1,Jinasena_MasterData_Stock.stock_warehouse_research_and_development_jam_factory_eka,,manual
stock_rule_rd_jm_stock_buy,RD-JM: Stock (Buy),1,none,buy,20,Jinasena_MasterData_Common.res_company_jinasena_agricultural_machinery_pvt_ltd,Jinasena_MasterData_Stock.stock_location_stock_920,,,make_to_stock,Jinasena_MasterData_Stock.stock_picking_type_receipts_1011,0,,Jinasena_MasterData_Stock.stock_warehouse_research_and_development_jam_factory_eka,,manual
stock_rule_rc_tm_stock_customers_1453,RC-TM: Stock → Customers,1,propagate,pull,20,Jinasena_MasterData_Common.res_company_jinasena_agricultural_machinery_pvt_ltd,,Jinasena_MasterData_Stock.stock_location_stock_936,Jinasena_MasterData_Stock.stock_route_retail_counter_for_products_implements_a_579,make_to_stock,Jinasena_MasterData_Stock.stock_picking_type_delivery_orders_1032,0,1,Jinasena_MasterData_Stock.stock_warehouse_retail_counter_for_products_implements_a,,manual
stock_rule_rc_tm_input_output_1454,RC-TM: Input → Output,1,propagate,pull,20,Jinasena_MasterData_Common.res_company_jinasena_agricultural_machinery_pvt_ltd,,,,make_to_order,Jinasena_MasterData_Stock.stock_picking_type_internal_transfers_1035,0,,Jinasena_MasterData_Stock.stock_warehouse_retail_counter_for_products_implements_a,,manual
stock_rule_rc_tm_output_customers_1455,RC-TM: Output → Customers,1,propagate,pull,20,Jinasena_MasterData_Common.res_company_jinasena_agricultural_machinery_pvt_ltd,,,,make_to_order,Jinasena_MasterData_Stock.stock_picking_type_delivery_orders_1032,0,,Jinasena_MasterData_Stock.stock_warehouse_retail_counter_for_products_implements_a,,manual
stock_rule_rc_tm_stock_customers_mto_1456,RC-TM: Stock → Customers (MTO),1,propagate,pull,20,Jinasena_MasterData_Common.res_company_jinasena_agricultural_machinery_pvt_ltd,,Jinasena_MasterData_Stock.stock_location_stock_936,,mts_else_mto,Jinasena_MasterData_Stock.stock_picking_type_delivery_orders_1032,0,1,Jinasena_MasterData_Stock.stock_warehouse_retail_counter_for_products_implements_a,,manual
stock_rule_rc_tm_stock_buy_1461,RC-TM: Stock (Buy),1,none,buy,20,Jinasena_MasterData_Common.res_company_jinasena_agricultural_machinery_pvt_ltd,Jinasena_MasterData_Stock.stock_location_stock_936,,,make_to_stock,Jinasena_MasterData_Stock.stock_picking_type_receipts_1031,0,,Jinasena_MasterData_Stock.stock_warehouse_retail_counter_for_products_implements_a,,manual
stock_rule_jm_nm_stock_customers,JM-NM: Stock → Customers,1,propagate,pull,20,Jinasena_MasterData_Common.res_company_jinasena_agricultural_machinery_pvt_ltd,,Jinasena_MasterData_Stock.stock_location_stock_944,Jinasena_MasterData_Stock.stock_route_jam_non_moving_warehouse_deliver_in_1_st,make_to_stock,Jinasena_MasterData_Stock.stock_picking_type_delivery_orders_1042,0,1,Jinasena_MasterData_Stock.stock_warehouse_jam_non_moving_warehouse,,manual
stock_rule_jm_nm_input_output,JM-NM: Input → Output,1,propagate,pull,20,Jinasena_MasterData_Common.res_company_jinasena_agricultural_machinery_pvt_ltd,,,,make_to_order,Jinasena_MasterData_Stock.stock_picking_type_internal_transfers_1045,0,,Jinasena_MasterData_Stock.stock_warehouse_jam_non_moving_warehouse,,manual
stock_rule_jm_nm_output_customers,JM-NM: Output → Customers,1,propagate,pull,20,Jinasena_MasterData_Common.res_company_jinasena_agricultural_machinery_pvt_ltd,,,,make_to_order,Jinasena_MasterData_Stock.stock_picking_type_delivery_orders_1042,0,,Jinasena_MasterData_Stock.stock_warehouse_jam_non_moving_warehouse,,manual
stock_rule_jm_nm_stock_customers_mto,JM-NM: Stock → Customers (MTO),1,propagate,pull,20,Jinasena_MasterData_Common.res_company_jinasena_agricultural_machinery_pvt_ltd,,Jinasena_MasterData_Stock.stock_location_stock_944,,mts_else_mto,Jinasena_MasterData_Stock.stock_picking_type_delivery_orders_1042,0,1,Jinasena_MasterData_Stock.stock_warehouse_jam_non_moving_warehouse,,manual
stock_rule_jm_nm_stock_buy,JM-NM: Stock (Buy),1,none,buy,20,Jinasena_MasterData_Common.res_company_jinasena_agricultural_machinery_pvt_ltd,Jinasena_MasterData_Stock.stock_location_stock_944,,,make_to_stock,Jinasena_MasterData_Stock.stock_picking_type_receipts_1041,0,,Jinasena_MasterData_Stock.stock_warehouse_jam_non_moving_warehouse,,manual
stock_rule_iw_jm_stock_customers,IW-JM: Stock → Customers,1,propagate,pull,20,Jinasena_MasterData_Common.res_company_jinasena_agricultural_machinery_pvt_ltd,,Jinasena_MasterData_Stock.stock_location_stock_952,Jinasena_MasterData_Stock.stock_route_intransit_warehouse_jam_deliver_in_1_ste,make_to_stock,Jinasena_MasterData_Stock.stock_picking_type_delivery_orders_1052,0,1,Jinasena_MasterData_Stock.stock_warehouse_intransit_warehouse_jam,,manual
stock_rule_iw_jm_input_output,IW-JM: Input → Output,1,propagate,pull,20,Jinasena_MasterData_Common.res_company_jinasena_agricultural_machinery_pvt_ltd,,,,make_to_order,Jinasena_MasterData_Stock.stock_picking_type_internal_transfers_1055,0,,Jinasena_MasterData_Stock.stock_warehouse_intransit_warehouse_jam,,manual
stock_rule_iw_jm_output_customers,IW-JM: Output → Customers,1,propagate,pull,20,Jinasena_MasterData_Common.res_company_jinasena_agricultural_machinery_pvt_ltd,,,,make_to_order,Jinasena_MasterData_Stock.stock_picking_type_delivery_orders_1052,0,,Jinasena_MasterData_Stock.stock_warehouse_intransit_warehouse_jam,,manual
stock_rule_iw_jm_stock_customers_mto,IW-JM: Stock → Customers (MTO),1,propagate,pull,20,Jinasena_MasterData_Common.res_company_jinasena_agricultural_machinery_pvt_ltd,,Jinasena_MasterData_Stock.stock_location_stock_952,,mts_else_mto,Jinasena_MasterData_Stock.stock_picking_type_delivery_orders_1052,0,1,Jinasena_MasterData_Stock.stock_warehouse_intransit_warehouse_jam,,manual
stock_rule_iw_jm_stock_buy,IW-JM: Stock (Buy),1,none,buy,20,Jinasena_MasterData_Common.res_company_jinasena_agricultural_machinery_pvt_ltd,Jinasena_MasterData_Stock.stock_location_stock_952,,,make_to_stock,Jinasena_MasterData_Stock.stock_picking_type_receipts_1051,0,,Jinasena_MasterData_Stock.stock_warehouse_intransit_warehouse_jam,,manual
stock_rule_ib_em_stock_customers,IB-EM: Stock → Customers,1,propagate,pull,20,Jinasena_MasterData_Common.res_company_jinasena_agricultural_machinery_pvt_ltd,,Jinasena_MasterData_Stock.stock_location_stock_974,Jinasena_MasterData_Stock.stock_route_intransit_warehouse_embilipitiya_deliver,make_to_stock,Jinasena_MasterData_Stock.stock_picking_type_delivery_orders_1062,0,1,Jinasena_MasterData_Stock.stock_warehouse_intransit_warehouse_embilipitiya,,manual
stock_rule_ib_em_input_output,IB-EM: Input → Output,1,propagate,pull,20,Jinasena_MasterData_Common.res_company_jinasena_agricultural_machinery_pvt_ltd,,,,make_to_order,Jinasena_MasterData_Stock.stock_picking_type_internal_transfers_1065,0,,Jinasena_MasterData_Stock.stock_warehouse_intransit_warehouse_embilipitiya,,manual
stock_rule_ib_em_output_customers,IB-EM: Output → Customers,1,propagate,pull,20,Jinasena_MasterData_Common.res_company_jinasena_agricultural_machinery_pvt_ltd,,,,make_to_order,Jinasena_MasterData_Stock.stock_picking_type_delivery_orders_1062,0,,Jinasena_MasterData_Stock.stock_warehouse_intransit_warehouse_embilipitiya,,manual
stock_rule_ib_em_stock_customers_mto,IB-EM: Stock → Customers (MTO),1,propagate,pull,20,Jinasena_MasterData_Common.res_company_jinasena_agricultural_machinery_pvt_ltd,,Jinasena_MasterData_Stock.stock_location_stock_974,,mts_else_mto,Jinasena_MasterData_Stock.stock_picking_type_delivery_orders_1062,0,1,Jinasena_MasterData_Stock.stock_warehouse_intransit_warehouse_embilipitiya,,manual
stock_rule_ib_em_stock_buy,IB-EM: Stock (Buy),1,none,buy,20,Jinasena_MasterData_Common.res_company_jinasena_agricultural_machinery_pvt_ltd,Jinasena_MasterData_Stock.stock_location_stock_974,,,make_to_stock,Jinasena_MasterData_Stock.stock_picking_type_receipts_1061,0,,Jinasena_MasterData_Stock.stock_warehouse_intransit_warehouse_embilipitiya,,manual
stock_rule_copy_stock_customers,COPY: Stock → Customers,1,propagate,pull,20,Jinasena_MasterData_Common.res_company_jinasena_agricultural_machinery_pvt_ltd,,Jinasena_MasterData_Stock.stock_location_stock_982,Jinasena_MasterData_Stock.stock_route_retail_counter_waste_management_deliver_,make_to_stock,Jinasena_MasterData_Stock.stock_picking_type_delivery_orders_1072,0,1,Jinasena_MasterData_Stock.stock_warehouse_retail_counter_waste_management,,manual
stock_rule_copy_input_output,COPY: Input → Output,1,propagate,pull,20,Jinasena_MasterData_Common.res_company_jinasena_agricultural_machinery_pvt_ltd,,,,make_to_order,Jinasena_MasterData_Stock.stock_picking_type_internal_transfers_1075,0,,Jinasena_MasterData_Stock.stock_warehouse_retail_counter_waste_management,,manual
stock_rule_copy_output_customers,COPY: Output → Customers,1,propagate,pull,20,Jinasena_MasterData_Common.res_company_jinasena_agricultural_machinery_pvt_ltd,,,,make_to_order,Jinasena_MasterData_Stock.stock_picking_type_delivery_orders_1072,0,,Jinasena_MasterData_Stock.stock_warehouse_retail_counter_waste_management,,manual
stock_rule_rc_wm_stock_customers_mto,RC-WM: Stock → Customers (MTO),1,propagate,pull,20,Jinasena_MasterData_Common.res_company_jinasena_agricultural_machinery_pvt_ltd,,Jinasena_MasterData_Stock.stock_location_stock_982,,mts_else_mto,Jinasena_MasterData_Stock.stock_picking_type_delivery_orders_1072,0,1,Jinasena_MasterData_Stock.stock_warehouse_retail_counter_waste_management,,manual
stock_rule_td_ho_stock_customers,TD-HO: Stock → Customers,1,propagate,pull,20,Jinasena_MasterData_Common.res_company_jinasena_agricultural_machinery_pvt_ltd,,Jinasena_MasterData_Stock.stock_location_stock_1006,Jinasena_MasterData_Stock.stock_route_tender_warehouse_head_office_deliver_in_,make_to_stock,Jinasena_MasterData_Stock.stock_picking_type_delivery_orders_1088,0,1,Jinasena_MasterData_Stock.stock_warehouse_tender_warehouse_head_office,,manual
stock_rule_td_ho_input_output,TD-HO: Input → Output,1,propagate,pull,20,Jinasena_MasterData_Common.res_company_jinasena_agricultural_machinery_pvt_ltd,,,,make_to_order,Jinasena_MasterData_Stock.stock_picking_type_internal_transfers_1091,0,,Jinasena_MasterData_Stock.stock_warehouse_tender_warehouse_head_office,,manual
stock_rule_td_ho_output_customers,TD-HO: Output → Customers,1,propagate,pull,20,Jinasena_MasterData_Common.res_company_jinasena_agricultural_machinery_pvt_ltd,,,,make_to_order,Jinasena_MasterData_Stock.stock_picking_type_delivery_orders_1088,0,,Jinasena_MasterData_Stock.stock_warehouse_tender_warehouse_head_office,,manual
stock_rule_td_ho_stock_customers_mto,TD-HO: Stock → Customers (MTO),1,propagate,pull,20,Jinasena_MasterData_Common.res_company_jinasena_agricultural_machinery_pvt_ltd,,Jinasena_MasterData_Stock.stock_location_stock_1006,,mts_else_mto,Jinasena_MasterData_Stock.stock_picking_type_delivery_orders_1088,0,1,Jinasena_MasterData_Stock.stock_warehouse_tender_warehouse_head_office,,manual
stock_rule_td_ho_stock_production,TD-HO: Stock (Production),1,propagate,manufacture,20,Jinasena_MasterData_Common.res_company_jinasena_agricultural_machinery_pvt_ltd,Jinasena_MasterData_Stock.stock_location_stock_1006,,,make_to_order,Jinasena_MasterData_Stock.stock_picking_type_manufacturing_1094,0,,Jinasena_MasterData_Stock.stock_warehouse_tender_warehouse_head_office,,manual
stock_rule_td_ho_stock_stock_mto,TD-HO: Stock → Stock (MTO),1,propagate,pull,20,Jinasena_MasterData_Common.res_company_jinasena_agricultural_machinery_pvt_ltd,Jinasena_MasterData_Stock.stock_location_stock_511,Jinasena_MasterData_Stock.stock_location_stock_1006,,mts_else_mto,Jinasena_MasterData_Stock.stock_picking_type_manufacturing_1094,0,,Jinasena_MasterData_Stock.stock_warehouse_tender_warehouse_head_office,,manual
stock_rule_td_ho_stock_buy,TD-HO: Stock (Buy),1,none,buy,20,Jinasena_MasterData_Common.res_company_jinasena_agricultural_machinery_pvt_ltd,Jinasena_MasterData_Stock.stock_location_stock_1006,,,make_to_stock,Jinasena_MasterData_Stock.stock_picking_type_receipts_1087,0,,Jinasena_MasterData_Stock.stock_warehouse_tender_warehouse_head_office,,manual
stock_rule_jm_ek_stock_inter_warehouse_transit_mto_1507,JM-EK: Stock → Inter-warehouse transit (MTO),1,propagate,pull,20,Jinasena_MasterData_Common.res_company_jinasena_agricultural_machinery_pvt_ltd,Jinasena_MasterData_Stock.stock_location_inter_warehouse_transit_193,Jinasena_MasterData_Stock.stock_location_stock_735,,mts_else_mto,Jinasena_MasterData_Stock.stock_picking_type_delivery_orders_753,0,1,Jinasena_MasterData_Stock.stock_warehouse_jam_warehouse_ekala_jm_ek,,manual
stock_rule_jm_ek_stock_inter_warehouse_transit,JM-EK: Stock → Inter-warehouse transit,1,propagate,pull,20,Jinasena_MasterData_Common.res_company_jinasena_agricultural_machinery_pvt_ltd,Jinasena_MasterData_Stock.stock_location_inter_warehouse_transit_193,Jinasena_MasterData_Stock.stock_location_stock_735,Jinasena_MasterData_Stock.stock_route_repairs_warehouse_rp_jm_supply_product_f,make_to_stock,Jinasena_MasterData_Stock.stock_picking_type_delivery_orders_753,0,,Jinasena_MasterData_Stock.stock_warehouse_jam_warehouse_ekala_jm_ek,,manual
stock_rule_rp_jm_inter_warehouse_transit_stock_1509,RP-JM: Inter-warehouse transit → Stock,1,propagate,pull,20,Jinasena_MasterData_Common.res_company_jinasena_agricultural_machinery_pvt_ltd,Jinasena_MasterData_Stock.stock_location_stock_519,Jinasena_MasterData_Stock.stock_location_inter_warehouse_transit_193,Jinasena_MasterData_Stock.stock_route_repairs_warehouse_rp_jm_supply_product_f,make_to_order,Jinasena_MasterData_Stock.stock_picking_type_receipts_509,0,,Jinasena_MasterData_Stock.stock_warehouse_repairs_warehouse_rp_jm,Jinasena_MasterData_Stock.stock_warehouse_jam_warehouse_ekala_jm_ek,manual
stock_rule_br_ek_stock_inter_warehouse_transit_mto,BR-EK: Stock → Inter-warehouse transit (MTO),1,propagate,pull,20,Jinasena_MasterData_Common.res_company_jinasena_agricultural_machinery_pvt_ltd,Jinasena_MasterData_Stock.stock_location_inter_warehouse_transit_193,Jinasena_MasterData_Stock.stock_location_stock_527,,mts_else_mto,Jinasena_MasterData_Stock.stock_picking_type_delivery_orders_522,0,1,Jinasena_MasterData_Stock.stock_warehouse_branch_warehouse_ekala_br_ek,,manual
stock_rule_inter_warehouse_transit,Inter Warehouse Transit,1,propagate,push,21,Jinasena_MasterData_Common.res_company_jinasena_agricultural_machinery_pvt_ltd,Jinasena_MasterData_Stock.stock_location_stock_511,Jinasena_MasterData_Stock.stock_location_transit_666,Jinasena_MasterData_Stock.stock_route_inter_warehouse_transit,make_to_stock,Jinasena_MasterData_Stock.stock_picking_type_internal_transfers_501,0,,,,manual
stock_rule_manufacture_1,Manufacture_1,1,propagate,manufacture,21,,Jinasena_MasterData_Stock.stock_location_stock_140,Jinasena_MasterData_Stock.stock_location_stock_759,Jinasena_MasterData_Stock.stock_route_manufacture_1,make_to_stock,Jinasena_MasterData_Stock.stock_picking_type_manufacturing_796,0,,,,manual
stock_rule_inter_warehouse_transit_1102,Inter Warehouse Transit,1,propagate,push,22,Jinasena_MasterData_Common.res_company_jinasena_agricultural_machinery_pvt_ltd,Jinasena_MasterData_Stock.stock_location_stock_527,Jinasena_MasterData_Stock.stock_location_transit,Jinasena_MasterData_Stock.stock_route_inter_warehouse_transit,make_to_stock,Jinasena_MasterData_Stock.stock_picking_type_internal_transfers_525,0,,,,manual
stock_rule_manufacture_1_1266,Manufacture_1,1,propagate,manufacture,22,,Jinasena_MasterData_Stock.stock_location_stock_183,Jinasena_MasterData_Stock.stock_location_stock_132,Jinasena_MasterData_Stock.stock_route_manufacture_1,make_to_stock,Jinasena_MasterData_Stock.stock_picking_type_manufacturing_143,0,,,,manual
stock_rule_to_br_ek_stock,To BR-EK/Stock,1,propagate,push,23,,Jinasena_MasterData_Stock.stock_location_stock_353,,Jinasena_MasterData_Stock.stock_route_transit_to_stock,make_to_stock,Jinasena_MasterData_Stock.stock_picking_type_internal_transfers_263,0,,,,manual
stock_rule_manufacture_1_1267,Manufacture_1,1,propagate,manufacture,23,,Jinasena_MasterData_Stock.stock_location_stock_76,Jinasena_MasterData_Stock.stock_location_stock_223,Jinasena_MasterData_Stock.stock_route_manufacture_1,make_to_stock,Jinasena_MasterData_Stock.stock_picking_type_manufacturing_226,0,,,,manual
stock_rule_puch_to_cw_cm_stock,Puch to CW-CM/STOCK,1,propagate,push,24,,Jinasena_MasterData_Stock.stock_location_stock_76,,Jinasena_MasterData_Stock.stock_route_transit_to_stock,make_to_stock,Jinasena_MasterData_Stock.stock_picking_type_internal_transfers,0,,,,manual
stock_rule_mw_jc_stock_production,MW-JC: Stock (Production),1,propagate,manufacture,24,,Jinasena_MasterData_Stock.stock_location_stock_223,,,make_to_stock,Jinasena_MasterData_Stock.stock_picking_type_manufacturing_226,0,,,,manual
stock_rule_manufacture_1_1268,Manufacture_1,1,propagate,manufacture,24,,Jinasena_MasterData_Stock.stock_location_stock_84,Jinasena_MasterData_Stock.stock_location_stock_116,Jinasena_MasterData_Stock.stock_route_manufacture_1,make_to_stock,Jinasena_MasterData_Stock.stock_picking_type_manufacturing_125,0,,,,manual
stock_rule_cw_cm_stock,CW-CM/STOCK,1,propagate,push,25,,Jinasena_MasterData_Stock.stock_location_stock_76,Jinasena_MasterData_Stock.stock_location_stock_158,Jinasena_MasterData_Stock.stock_route_transit_to_stock,make_to_stock,Jinasena_MasterData_Stock.stock_picking_type_internal_transfers,0,,,,manual
stock_rule_manufacture,Manufacture,1,propagate,manufacture,25,,Jinasena_MasterData_Stock.stock_location_stock_140,Jinasena_MasterData_Stock.stock_location_stock_751,,make_to_stock,Jinasena_MasterData_Stock.stock_picking_type_manufacturing_784,0,,,,manual
stock_rule_rp_ek_stock,RP-EK/STOCK,1,propagate,push,26,,Jinasena_MasterData_Stock.stock_location_stock_140,Jinasena_MasterData_Stock.stock_location_finishgood_480,Jinasena_MasterData_Stock.stock_route_transit_to_stock,make_to_stock,Jinasena_MasterData_Stock.stock_picking_type_internal_transfers_149,0,,,,manual
stock_rule_manufacture_1270,Manufacture,1,propagate,manufacture,26,,Jinasena_MasterData_Stock.stock_location_stock_76,Jinasena_MasterData_Stock.stock_location_stock_751,,make_to_stock,Jinasena_MasterData_Stock.stock_picking_type_manufacturing_784,0,,,,manual
stock_rule_rp_ek,RP-EK,1,propagate,push,27,,Jinasena_MasterData_Stock.stock_location_stock_140,Jinasena_MasterData_Stock.stock_location_finishgood_480,Jinasena_MasterData_Stock.stock_route_finishgood_to_stock,make_to_stock,Jinasena_MasterData_Stock.stock_picking_type_internal_transfers_149,0,,,,manual
stock_rule_mw_ek,MW-EK,1,propagate,push,28,,Jinasena_MasterData_Stock.stock_location_stock_183,Jinasena_MasterData_Stock.stock_location_finishgood,Jinasena_MasterData_Stock.stock_route_finishgood_to_stock,make_to_stock,Jinasena_MasterData_Stock.stock_picking_type_internal_transfers_194,0,,,,manual
